priref,lref,soort,url
2741,12,digital file,https://media.rkd.nl/iiif/12/full/max/0/default.jpg
2741,10,BD/Digital Collection,https://media.rkd.nl/iiif/10/full/max/0/default.jpg
3048,10400060,digital file,https://media.rkd.nl/iiif/10400060/full/max/0/default.jpg
5052,32,digital image,https://media.rkd.nl/iiif/32/full/max/0/default.jpg
5053,33,digital image,https://media.rkd.nl/iiif/33/full/max/0/default.jpg
5060,34,digital image,https://media.rkd.nl/iiif/34/full/max/0/default.jpg
5062,35,digital image,https://media.rkd.nl/iiif/35/full/max/0/default.jpg
5180,36,digital image,https://media.rkd.nl/iiif/36/full/max/0/default.jpg
5182,37,digital image,https://media.rkd.nl/iiif/37/full/max/0/default.jpg
7766,38,digital image,https://media.rkd.nl/iiif/38/full/max/0/default.jpg
10393,39,digital image,https://media.rkd.nl/iiif/39/full/max/0/default.jpg
10629,40,digital image,https://media.rkd.nl/iiif/40/full/max/0/default.jpg
11868,41,digital image,https://media.rkd.nl/iiif/41/full/max/0/default.jpg
12353,42,digital image,https://media.rkd.nl/iiif/42/full/max/0/default.jpg
12354,43,digital image,https://media.rkd.nl/iiif/43/full/max/0/default.jpg
12425,44,digital image,https://media.rkd.nl/iiif/44/full/max/0/default.jpg
15104,10712456,digital image,https://media.rkd.nl/iiif/10712456/full/max/0/default.jpg
15109,10712457,digital image,https://media.rkd.nl/iiif/10712457/full/max/0/default.jpg
15410,45,digital image,https://media.rkd.nl/iiif/45/full/max/0/default.jpg
16285,46,digital image,https://media.rkd.nl/iiif/46/full/max/0/default.jpg
22201,10418150,digital file,https://media.rkd.nl/iiif/10418150/full/max/0/default.jpg
29690,10405881,digital file,https://media.rkd.nl/iiif/10405881/full/max/0/default.jpg
29822,10405798,digital color photograph,https://media.rkd.nl/iiif/10405798/full/max/0/default.jpg
34844,10405310,digital file,https://media.rkd.nl/iiif/10405310/full/max/0/default.jpg
65849,10704856,digital image,https://media.rkd.nl/iiif/10704856/full/max/0/default.jpg
65913,10564367,digital image,https://media.rkd.nl/iiif/10564367/full/max/0/default.jpg
65913,10564369,digital image,https://media.rkd.nl/iiif/10564369/full/max/0/default.jpg
65913,10564371,digital image,https://media.rkd.nl/iiif/10564371/full/max/0/default.jpg
65913,10564373,digital image,https://media.rkd.nl/iiif/10564373/full/max/0/default.jpg
100194,9146162,ektachrome,https://media.rkd.nl/iiif/9146162/full/max/0/default.jpg
100647,9146166,ektachrome,https://media.rkd.nl/iiif/9146166/full/max/0/default.jpg
104028,11118887,digital image,https://media.rkd.nl/iiif/11118887/full/max/0/default.jpg
111034,9147847,old black-and-white photograph,https://media.rkd.nl/iiif/9147847/full/max/0/default.jpg
111035,9147846,back-side (of image),https://media.rkd.nl/iiif/9147846/full/max/0/default.jpg
115515,9289558,BD/RKD/1842 - IB/Nassau,https://media.rkd.nl/iiif/9289558/full/max/0/default.jpg
125524,9289561,slide (photo),https://media.rkd.nl/iiif/9289561/full/max/0/default.jpg
127399,10869795,digital image,https://media.rkd.nl/iiif/10869795/full/max/0/default.jpg
127422,9331761,black and white photograph,https://media.rkd.nl/iiif/9331761/full/max/0/default.jpg
136184,9289574,slide (photo),https://media.rkd.nl/iiif/9289574/full/max/0/default.jpg
144622,9273125,color photograph,https://media.rkd.nl/iiif/9273125/full/max/0/default.jpg
163528,10765486,photograph,https://media.rkd.nl/iiif/10765486/full/max/0/default.jpg
165909,10765911,black and white photograph,https://media.rkd.nl/iiif/10765911/full/max/0/default.jpg
168848,10766626,photograph,https://media.rkd.nl/iiif/10766626/full/max/0/default.jpg
170744,9289550,black and white photograph,https://media.rkd.nl/iiif/9289550/full/max/0/default.jpg
172590,10765407,original photograph,https://media.rkd.nl/iiif/10765407/full/max/0/default.jpg
174667,10765842,original photograph,https://media.rkd.nl/iiif/10765842/full/max/0/default.jpg
177041,10769066,original photograph,https://media.rkd.nl/iiif/10769066/full/max/0/default.jpg
178208,10763472,original photograph,https://media.rkd.nl/iiif/10763472/full/max/0/default.jpg
178209,10763473,original photograph,https://media.rkd.nl/iiif/10763473/full/max/0/default.jpg
178211,10763474,original photograph,https://media.rkd.nl/iiif/10763474/full/max/0/default.jpg
178212,10763475,original photograph,https://media.rkd.nl/iiif/10763475/full/max/0/default.jpg
178213,10763476,original photograph,https://media.rkd.nl/iiif/10763476/full/max/0/default.jpg
178215,10763477,original photograph,https://media.rkd.nl/iiif/10763477/full/max/0/default.jpg
178217,10763478,original photograph,https://media.rkd.nl/iiif/10763478/full/max/0/default.jpg
179183,10766489,original photograph,https://media.rkd.nl/iiif/10766489/full/max/0/default.jpg
179257,10766694,original photograph,https://media.rkd.nl/iiif/10766694/full/max/0/default.jpg
179350,10768575,original photograph,https://media.rkd.nl/iiif/10768575/full/max/0/default.jpg
179981,10766187,digital image,https://media.rkd.nl/iiif/10766187/full/max/0/default.jpg
180384,10765876,original photograph,https://media.rkd.nl/iiif/10765876/full/max/0/default.jpg
180389,10768643,original photograph,https://media.rkd.nl/iiif/10768643/full/max/0/default.jpg
180512,10766448,original photograph,https://media.rkd.nl/iiif/10766448/full/max/0/default.jpg
181098,10765807,original photograph,https://media.rkd.nl/iiif/10765807/full/max/0/default.jpg
181134,10765722,original photograph,https://media.rkd.nl/iiif/10765722/full/max/0/default.jpg
181378,9164382,BD/RKD/1842 - IB/Nassau,https://media.rkd.nl/iiif/9164382/full/max/0/default.jpg
182173,10765956,original photograph,https://media.rkd.nl/iiif/10765956/full/max/0/default.jpg
202395,10399625,digital file,https://media.rkd.nl/iiif/10399625/full/max/0/default.jpg
202397,10670775,digital image,https://media.rkd.nl/iiif/10670775/full/max/0/default.jpg
241940,10638696,BD/Digital Collection,https://media.rkd.nl/iiif/10638696/full/max/0/default.jpg
241971,10638736,digital color photograph,https://media.rkd.nl/iiif/10638736/full/max/0/default.jpg
241972,10638738,digital color photograph,https://media.rkd.nl/iiif/10638738/full/max/0/default.jpg
241978,10638741,digital color photograph,https://media.rkd.nl/iiif/10638741/full/max/0/default.jpg
241979,10638743,digital color photograph,https://media.rkd.nl/iiif/10638743/full/max/0/default.jpg
241980,10638744,digital color photograph,https://media.rkd.nl/iiif/10638744/full/max/0/default.jpg
241981,10638745,digital color photograph,https://media.rkd.nl/iiif/10638745/full/max/0/default.jpg
241984,10638748,digital color photograph,https://media.rkd.nl/iiif/10638748/full/max/0/default.jpg
241988,10716992,digital image,https://media.rkd.nl/iiif/10716992/full/max/0/default.jpg
241988,10716993,digital image,https://media.rkd.nl/iiif/10716993/full/max/0/default.jpg
241988,10638747,BD/Digital Collection,https://media.rkd.nl/iiif/10638747/full/max/0/default.jpg
241992,9322202,digital image,https://media.rkd.nl/iiif/9322202/full/max/0/default.jpg
241999,10638757,digital color photograph,https://media.rkd.nl/iiif/10638757/full/max/0/default.jpg
242001,10638755,black and white photograph,https://media.rkd.nl/iiif/10638755/full/max/0/default.jpg
242004,10638752,digital image,https://media.rkd.nl/iiif/10638752/full/max/0/default.jpg
242007,10638759,digital color photograph,https://media.rkd.nl/iiif/10638759/full/max/0/default.jpg
242010,10638763,color photograph,https://media.rkd.nl/iiif/10638763/full/max/0/default.jpg
242012,9322201,digital image,https://media.rkd.nl/iiif/9322201/full/max/0/default.jpg
242018,10638767,digital color photograph,https://media.rkd.nl/iiif/10638767/full/max/0/default.jpg
242022,10638769,digital color photograph,https://media.rkd.nl/iiif/10638769/full/max/0/default.jpg
242024,10638770,digital color photograph,https://media.rkd.nl/iiif/10638770/full/max/0/default.jpg
242025,9331119,digital color photograph,https://media.rkd.nl/iiif/9331119/full/max/0/default.jpg
242034,10638778,digital color photograph,https://media.rkd.nl/iiif/10638778/full/max/0/default.jpg
242039,10638782,digital image,https://media.rkd.nl/iiif/10638782/full/max/0/default.jpg
242041,10638784,digital color photograph,https://media.rkd.nl/iiif/10638784/full/max/0/default.jpg
242044,10638786,digital color photograph,https://media.rkd.nl/iiif/10638786/full/max/0/default.jpg
242047,9317207,black and white photograph,https://media.rkd.nl/iiif/9317207/full/max/0/default.jpg
242050,10638792,digital color photograph,https://media.rkd.nl/iiif/10638792/full/max/0/default.jpg
242055,10638797,digital color photograph,https://media.rkd.nl/iiif/10638797/full/max/0/default.jpg
242056,10899095,digital image,https://media.rkd.nl/iiif/10899095/full/max/0/default.jpg
242058,10638799,digital color photograph,https://media.rkd.nl/iiif/10638799/full/max/0/default.jpg
242059,9317208,black and white photograph,https://media.rkd.nl/iiif/9317208/full/max/0/default.jpg
242064,9317209,black and white photograph,https://media.rkd.nl/iiif/9317209/full/max/0/default.jpg
242070,10638808,digital image,https://media.rkd.nl/iiif/10638808/full/max/0/default.jpg
242078,10638813,BD/Digital Collection,https://media.rkd.nl/iiif/10638813/full/max/0/default.jpg
242100,10638825,BD/Digital Collection,https://media.rkd.nl/iiif/10638825/full/max/0/default.jpg
242110,10638833,digital color photograph,https://media.rkd.nl/iiif/10638833/full/max/0/default.jpg
242114,10638837,digital color photograph,https://media.rkd.nl/iiif/10638837/full/max/0/default.jpg
242117,10638841,digital color photograph,https://media.rkd.nl/iiif/10638841/full/max/0/default.jpg
242118,10638842,digital color photograph,https://media.rkd.nl/iiif/10638842/full/max/0/default.jpg
242119,10638843,digital color photograph,https://media.rkd.nl/iiif/10638843/full/max/0/default.jpg
242123,10638844,digital color photograph,https://media.rkd.nl/iiif/10638844/full/max/0/default.jpg
242126,10638846,digital color photograph,https://media.rkd.nl/iiif/10638846/full/max/0/default.jpg
242130,10638848,digital color photograph,https://media.rkd.nl/iiif/10638848/full/max/0/default.jpg
242131,10638850,digital color photograph,https://media.rkd.nl/iiif/10638850/full/max/0/default.jpg
242133,10640782,digital color photograph,https://media.rkd.nl/iiif/10640782/full/max/0/default.jpg
242133,10899099,digital color photograph,https://media.rkd.nl/iiif/10899099/full/max/0/default.jpg
242137,10638851,digital color photograph,https://media.rkd.nl/iiif/10638851/full/max/0/default.jpg
242162,10638870,BD/Digital Collection,https://media.rkd.nl/iiif/10638870/full/max/0/default.jpg
242176,9335257,black and white photograph,https://media.rkd.nl/iiif/9335257/full/max/0/default.jpg
242187,11097801,digital file,https://media.rkd.nl/iiif/11097801/full/max/0/default.jpg
242187,10638977,BD/RKD/0956 - BUI/Paintings and Drawings/Scandinavia,https://media.rkd.nl/iiif/10638977/full/max/0/default.jpg
242188,10638981,BD/RKD/0926 - BUI/Paintings and Drawings/Germany - Austria 2,https://media.rkd.nl/iiif/10638981/full/max/0/default.jpg
247687,9334099,black and white photograph,https://media.rkd.nl/iiif/9334099/full/max/0/default.jpg
247694,10643666,BD/Digital Collection,https://media.rkd.nl/iiif/10643666/full/max/0/default.jpg
247700,10204695,digital color photograph,https://media.rkd.nl/iiif/10204695/full/max/0/default.jpg
247708,10643677,black-and-white reproduction,https://media.rkd.nl/iiif/10643677/full/max/0/default.jpg
247734,10204699,digital color photograph,https://media.rkd.nl/iiif/10204699/full/max/0/default.jpg
247737,10204701,digital color photograph,https://media.rkd.nl/iiif/10204701/full/max/0/default.jpg
247739,10204766,digital color photograph,https://media.rkd.nl/iiif/10204766/full/max/0/default.jpg
261692,10853360,digital image,https://media.rkd.nl/iiif/10853360/full/max/0/default.jpg
261874,10655543,digital image,https://media.rkd.nl/iiif/10655543/full/max/0/default.jpg
262438,10790743,digital image,https://media.rkd.nl/iiif/10790743/full/max/0/default.jpg
262440,10205633,digital color photograph,https://media.rkd.nl/iiif/10205633/full/max/0/default.jpg
262442,10205631,digital color photograph,https://media.rkd.nl/iiif/10205631/full/max/0/default.jpg
262444,10205629,digital color photograph,https://media.rkd.nl/iiif/10205629/full/max/0/default.jpg
262449,9317831,digital color photograph,https://media.rkd.nl/iiif/9317831/full/max/0/default.jpg
262451,9317836,digital color photograph,https://media.rkd.nl/iiif/9317836/full/max/0/default.jpg
262453,9317829,digital color photograph,https://media.rkd.nl/iiif/9317829/full/max/0/default.jpg
262457,10205625,digital color photograph,https://media.rkd.nl/iiif/10205625/full/max/0/default.jpg
262459,10205639,digital color photograph,https://media.rkd.nl/iiif/10205639/full/max/0/default.jpg
262470,9317806,digital color photograph,https://media.rkd.nl/iiif/9317806/full/max/0/default.jpg
262472,9317808,digital color photograph,https://media.rkd.nl/iiif/9317808/full/max/0/default.jpg
262472,9317807,digital color photograph,https://media.rkd.nl/iiif/9317807/full/max/0/default.jpg
262473,10655979,digital image,https://media.rkd.nl/iiif/10655979/full/max/0/default.jpg
262491,10655994,digital color photograph,https://media.rkd.nl/iiif/10655994/full/max/0/default.jpg
262498,10205641,digital color photograph,https://media.rkd.nl/iiif/10205641/full/max/0/default.jpg
262503,10656005,digital image,https://media.rkd.nl/iiif/10656005/full/max/0/default.jpg
262507,10656010,digital image,https://media.rkd.nl/iiif/10656010/full/max/0/default.jpg
262552,10656030,digital image,https://media.rkd.nl/iiif/10656030/full/max/0/default.jpg
262552,10205673,black and white photograph,https://media.rkd.nl/iiif/10205673/full/max/0/default.jpg
262560,10656041,color reproduction,https://media.rkd.nl/iiif/10656041/full/max/0/default.jpg
262565,10671987,digital image,https://media.rkd.nl/iiif/10671987/full/max/0/default.jpg
262565,10656046,color reproduction,https://media.rkd.nl/iiif/10656046/full/max/0/default.jpg
262571,10656053,color reproduction,https://media.rkd.nl/iiif/10656053/full/max/0/default.jpg
262572,10656054,digital image,https://media.rkd.nl/iiif/10656054/full/max/0/default.jpg
262576,10656061,black and white photograph,https://media.rkd.nl/iiif/10656061/full/max/0/default.jpg
262581,10205637,digital color photograph,https://media.rkd.nl/iiif/10205637/full/max/0/default.jpg
262582,10656073,digital color photograph,https://media.rkd.nl/iiif/10656073/full/max/0/default.jpg
262583,10205645,digital color photograph,https://media.rkd.nl/iiif/10205645/full/max/0/default.jpg
262589,10205647,digital color photograph,https://media.rkd.nl/iiif/10205647/full/max/0/default.jpg
262591,10205612,digital color photograph,https://media.rkd.nl/iiif/10205612/full/max/0/default.jpg
262595,10656095,digital image,https://media.rkd.nl/iiif/10656095/full/max/0/default.jpg
262597,10205618,digital color photograph,https://media.rkd.nl/iiif/10205618/full/max/0/default.jpg
262599,10205650,digital color photograph,https://media.rkd.nl/iiif/10205650/full/max/0/default.jpg
262601,10205654,digital color photograph,https://media.rkd.nl/iiif/10205654/full/max/0/default.jpg
262602,10205652,digital color photograph,https://media.rkd.nl/iiif/10205652/full/max/0/default.jpg
262607,10656104,digital image,https://media.rkd.nl/iiif/10656104/full/max/0/default.jpg
262634,10656137,digital image,https://media.rkd.nl/iiif/10656137/full/max/0/default.jpg
262640,10205656,digital color photograph,https://media.rkd.nl/iiif/10205656/full/max/0/default.jpg
262641,10205658,digital color photograph,https://media.rkd.nl/iiif/10205658/full/max/0/default.jpg
262642,10205660,digital color photograph,https://media.rkd.nl/iiif/10205660/full/max/0/default.jpg
262645,10656153,digital image,https://media.rkd.nl/iiif/10656153/full/max/0/default.jpg
262646,10656154,digital image,https://media.rkd.nl/iiif/10656154/full/max/0/default.jpg
262650,10205662,digital color photograph,https://media.rkd.nl/iiif/10205662/full/max/0/default.jpg
262656,10656163,digital image,https://media.rkd.nl/iiif/10656163/full/max/0/default.jpg
262680,10661100,digital color photograph,https://media.rkd.nl/iiif/10661100/full/max/0/default.jpg
262686,10789952,color reproduction,https://media.rkd.nl/iiif/10789952/full/max/0/default.jpg
262831,10656244,digital image,https://media.rkd.nl/iiif/10656244/full/max/0/default.jpg
262846,10656263,digital image,https://media.rkd.nl/iiif/10656263/full/max/0/default.jpg
262857,10656273,digital image,https://media.rkd.nl/iiif/10656273/full/max/0/default.jpg
262863,10656279,digital image,https://media.rkd.nl/iiif/10656279/full/max/0/default.jpg
262951,10348629,digital black-and-white photograph,https://media.rkd.nl/iiif/10348629/full/max/0/default.jpg
262986,10288564,black and white photograph,https://media.rkd.nl/iiif/10288564/full/max/0/default.jpg
262993,10656405,digital image,https://media.rkd.nl/iiif/10656405/full/max/0/default.jpg
262999,10656412,digital image,https://media.rkd.nl/iiif/10656412/full/max/0/default.jpg
263000,10674154,digital image,https://media.rkd.nl/iiif/10674154/full/max/0/default.jpg
263007,10656417,color reproduction,https://media.rkd.nl/iiif/10656417/full/max/0/default.jpg
263025,10348645,digital image,https://media.rkd.nl/iiif/10348645/full/max/0/default.jpg
263041,10656439,digital image,https://media.rkd.nl/iiif/10656439/full/max/0/default.jpg
263078,10656468,digital image,https://media.rkd.nl/iiif/10656468/full/max/0/default.jpg
263098,10656518,digital image,https://media.rkd.nl/iiif/10656518/full/max/0/default.jpg
263108,10789966,color reproduction,https://media.rkd.nl/iiif/10789966/full/max/0/default.jpg
263139,10292214,digital color photograph,https://media.rkd.nl/iiif/10292214/full/max/0/default.jpg
263171,10656624,digital image,https://media.rkd.nl/iiif/10656624/full/max/0/default.jpg
263214,10656667,digital image,https://media.rkd.nl/iiif/10656667/full/max/0/default.jpg
263216,10656668,digital image,https://media.rkd.nl/iiif/10656668/full/max/0/default.jpg
263224,10656675,color reproduction,https://media.rkd.nl/iiif/10656675/full/max/0/default.jpg
263248,10656686,digital black-and-white photograph,https://media.rkd.nl/iiif/10656686/full/max/0/default.jpg
263250,10349016,digital black-and-white photograph,https://media.rkd.nl/iiif/10349016/full/max/0/default.jpg
263250,10656692,digital black-and-white photograph,https://media.rkd.nl/iiif/10656692/full/max/0/default.jpg
263255,10349015,digital black-and-white photograph,https://media.rkd.nl/iiif/10349015/full/max/0/default.jpg
263255,10656693,digital black-and-white photograph,https://media.rkd.nl/iiif/10656693/full/max/0/default.jpg
263279,10656711,digital image,https://media.rkd.nl/iiif/10656711/full/max/0/default.jpg
263294,10656725,digital image,https://media.rkd.nl/iiif/10656725/full/max/0/default.jpg
263302,10660691,digital image,https://media.rkd.nl/iiif/10660691/full/max/0/default.jpg
263306,10660692,digital image,https://media.rkd.nl/iiif/10660692/full/max/0/default.jpg
263309,10660695,digital image,https://media.rkd.nl/iiif/10660695/full/max/0/default.jpg
263328,10656756,color reproduction,https://media.rkd.nl/iiif/10656756/full/max/0/default.jpg
263338,10292229,digital color photograph,https://media.rkd.nl/iiif/10292229/full/max/0/default.jpg
263340,10292231,digital color photograph,https://media.rkd.nl/iiif/10292231/full/max/0/default.jpg
263341,10656764,digital image,https://media.rkd.nl/iiif/10656764/full/max/0/default.jpg
263346,10656767,digital image,https://media.rkd.nl/iiif/10656767/full/max/0/default.jpg
263346,10656769,digital image,https://media.rkd.nl/iiif/10656769/full/max/0/default.jpg
263346,10656770,digital image,https://media.rkd.nl/iiif/10656770/full/max/0/default.jpg
263347,10656771,digital image,https://media.rkd.nl/iiif/10656771/full/max/0/default.jpg
263347,10656772,digital image,https://media.rkd.nl/iiif/10656772/full/max/0/default.jpg
263358,10894293,digital image,https://media.rkd.nl/iiif/10894293/full/max/0/default.jpg
263373,10656793,digital image,https://media.rkd.nl/iiif/10656793/full/max/0/default.jpg
263402,10656827,digital image,https://media.rkd.nl/iiif/10656827/full/max/0/default.jpg
263404,10656829,digital color photograph,https://media.rkd.nl/iiif/10656829/full/max/0/default.jpg
263404,10656830,digital color photograph,https://media.rkd.nl/iiif/10656830/full/max/0/default.jpg
263404,10656831,digital color photograph,https://media.rkd.nl/iiif/10656831/full/max/0/default.jpg
263414,10656839,color reproduction,https://media.rkd.nl/iiif/10656839/full/max/0/default.jpg
263416,10656842,color reproduction,https://media.rkd.nl/iiif/10656842/full/max/0/default.jpg
263417,10656843,color reproduction,https://media.rkd.nl/iiif/10656843/full/max/0/default.jpg
263418,10656844,color reproduction,https://media.rkd.nl/iiif/10656844/full/max/0/default.jpg
263421,10656850,color reproduction,https://media.rkd.nl/iiif/10656850/full/max/0/default.jpg
263492,10348707,digital image,https://media.rkd.nl/iiif/10348707/full/max/0/default.jpg
263508,10348705,digital color photograph,https://media.rkd.nl/iiif/10348705/full/max/0/default.jpg
263512,10348704,digital image,https://media.rkd.nl/iiif/10348704/full/max/0/default.jpg
263523,10322425,digital image,https://media.rkd.nl/iiif/10322425/full/max/0/default.jpg
263562,10656946,digital image,https://media.rkd.nl/iiif/10656946/full/max/0/default.jpg
263565,10656947,digital image,https://media.rkd.nl/iiif/10656947/full/max/0/default.jpg
263570,10322448,digital image,https://media.rkd.nl/iiif/10322448/full/max/0/default.jpg
263578,10321917,digital image,https://media.rkd.nl/iiif/10321917/full/max/0/default.jpg
263583,10656951,black and white photograph,https://media.rkd.nl/iiif/10656951/full/max/0/default.jpg
263588,10348669,digital image,https://media.rkd.nl/iiif/10348669/full/max/0/default.jpg
263607,10656993,digital color photograph,https://media.rkd.nl/iiif/10656993/full/max/0/default.jpg
263632,10657008,digital image,https://media.rkd.nl/iiif/10657008/full/max/0/default.jpg
263636,10288703,color reproduction,https://media.rkd.nl/iiif/10288703/full/max/0/default.jpg
263639,10348674,digital image,https://media.rkd.nl/iiif/10348674/full/max/0/default.jpg
263649,10348676,digital image,https://media.rkd.nl/iiif/10348676/full/max/0/default.jpg
263663,10348677,digital image,https://media.rkd.nl/iiif/10348677/full/max/0/default.jpg
263674,10348682,digital image,https://media.rkd.nl/iiif/10348682/full/max/0/default.jpg
263676,10657031,digital image,https://media.rkd.nl/iiif/10657031/full/max/0/default.jpg
263729,10348684,digital image,https://media.rkd.nl/iiif/10348684/full/max/0/default.jpg
263730,10348685,digital image,https://media.rkd.nl/iiif/10348685/full/max/0/default.jpg
263731,10348687,digital image,https://media.rkd.nl/iiif/10348687/full/max/0/default.jpg
263743,10348692,digital image,https://media.rkd.nl/iiif/10348692/full/max/0/default.jpg
263747,10348697,digital image,https://media.rkd.nl/iiif/10348697/full/max/0/default.jpg
263787,10348695,digital image,https://media.rkd.nl/iiif/10348695/full/max/0/default.jpg
263817,10657063,digital image,https://media.rkd.nl/iiif/10657063/full/max/0/default.jpg
263839,10657081,digital image,https://media.rkd.nl/iiif/10657081/full/max/0/default.jpg
263925,10657162,black and white photograph,https://media.rkd.nl/iiif/10657162/full/max/0/default.jpg
263930,10349021,digital black-and-white photograph,https://media.rkd.nl/iiif/10349021/full/max/0/default.jpg
263937,10348700,digital image,https://media.rkd.nl/iiif/10348700/full/max/0/default.jpg
263943,10348703,digital image,https://media.rkd.nl/iiif/10348703/full/max/0/default.jpg
263968,10322607,digital image,https://media.rkd.nl/iiif/10322607/full/max/0/default.jpg
264045,10657366,digital image,https://media.rkd.nl/iiif/10657366/full/max/0/default.jpg
264055,10657377,digital image,https://media.rkd.nl/iiif/10657377/full/max/0/default.jpg
264058,10905262,BD/Digital Collection,https://media.rkd.nl/iiif/10905262/full/max/0/default.jpg
264073,10657396,digital image,https://media.rkd.nl/iiif/10657396/full/max/0/default.jpg
264074,10657395,color reproduction,https://media.rkd.nl/iiif/10657395/full/max/0/default.jpg
264098,10349025,digital black-and-white photograph,https://media.rkd.nl/iiif/10349025/full/max/0/default.jpg
264100,10349024,digital color photograph,https://media.rkd.nl/iiif/10349024/full/max/0/default.jpg
264104,10349018,digital black-and-white photograph,https://media.rkd.nl/iiif/10349018/full/max/0/default.jpg
264106,10349019,digital black-and-white photograph,https://media.rkd.nl/iiif/10349019/full/max/0/default.jpg
264107,10349020,digital black-and-white photograph,https://media.rkd.nl/iiif/10349020/full/max/0/default.jpg
264120,9175584,black and white photograph,https://media.rkd.nl/iiif/9175584/full/max/0/default.jpg
264134,10657451,digital image,https://media.rkd.nl/iiif/10657451/full/max/0/default.jpg
264157,10657612,black-and-white reproduction,https://media.rkd.nl/iiif/10657612/full/max/0/default.jpg
264157,10657613,black-and-white reproduction,https://media.rkd.nl/iiif/10657613/full/max/0/default.jpg
264172,10657484,digital image,https://media.rkd.nl/iiif/10657484/full/max/0/default.jpg
264206,10657547,reproduction (derivative object),https://media.rkd.nl/iiif/10657547/full/max/0/default.jpg
264209,9122793,color photograph,https://media.rkd.nl/iiif/9122793/full/max/0/default.jpg
264226,10205593,digital color photograph,https://media.rkd.nl/iiif/10205593/full/max/0/default.jpg
264226,10205594,digital color photograph,https://media.rkd.nl/iiif/10205594/full/max/0/default.jpg
264226,10205595,digital color photograph,https://media.rkd.nl/iiif/10205595/full/max/0/default.jpg
264229,10321901,digital image,https://media.rkd.nl/iiif/10321901/full/max/0/default.jpg
264237,10657570,digital image,https://media.rkd.nl/iiif/10657570/full/max/0/default.jpg
264258,10657603,black and white photograph,https://media.rkd.nl/iiif/10657603/full/max/0/default.jpg
264268,10657609,reproduction (derivative object),https://media.rkd.nl/iiif/10657609/full/max/0/default.jpg
264271,10657615,digital image,https://media.rkd.nl/iiif/10657615/full/max/0/default.jpg
264286,10657649,digital image,https://media.rkd.nl/iiif/10657649/full/max/0/default.jpg
264294,10656978,digital image,https://media.rkd.nl/iiif/10656978/full/max/0/default.jpg
264294,10660933,color reproduction,https://media.rkd.nl/iiif/10660933/full/max/0/default.jpg
264305,10657665,black and white photograph,https://media.rkd.nl/iiif/10657665/full/max/0/default.jpg
264336,10657216,digital image,https://media.rkd.nl/iiif/10657216/full/max/0/default.jpg
264340,10657188,digital image,https://media.rkd.nl/iiif/10657188/full/max/0/default.jpg
264342,10657700,digital image,https://media.rkd.nl/iiif/10657700/full/max/0/default.jpg
264354,10657711,digital color photograph,https://media.rkd.nl/iiif/10657711/full/max/0/default.jpg
264354,10657712,digital color photograph,https://media.rkd.nl/iiif/10657712/full/max/0/default.jpg
264354,10657713,digital color photograph,https://media.rkd.nl/iiif/10657713/full/max/0/default.jpg
264382,10657726,digital image,https://media.rkd.nl/iiif/10657726/full/max/0/default.jpg
264392,10657727,digital image,https://media.rkd.nl/iiif/10657727/full/max/0/default.jpg
264395,9122723,color photograph,https://media.rkd.nl/iiif/9122723/full/max/0/default.jpg
264396,9122727,color photograph,https://media.rkd.nl/iiif/9122727/full/max/0/default.jpg
264402,10657750,digital image,https://media.rkd.nl/iiif/10657750/full/max/0/default.jpg
264407,10657753,digital image,https://media.rkd.nl/iiif/10657753/full/max/0/default.jpg
264413,10657755,digital image,https://media.rkd.nl/iiif/10657755/full/max/0/default.jpg
264436,10205685,digital color photograph,https://media.rkd.nl/iiif/10205685/full/max/0/default.jpg
264440,10205687,digital color photograph,https://media.rkd.nl/iiif/10205687/full/max/0/default.jpg
264441,10205689,digital color photograph,https://media.rkd.nl/iiif/10205689/full/max/0/default.jpg
264444,10657793,digital image,https://media.rkd.nl/iiif/10657793/full/max/0/default.jpg
264491,10292240,digital color photograph,https://media.rkd.nl/iiif/10292240/full/max/0/default.jpg
264492,10292242,digital color photograph,https://media.rkd.nl/iiif/10292242/full/max/0/default.jpg
264516,10205695,digital color photograph,https://media.rkd.nl/iiif/10205695/full/max/0/default.jpg
264517,10205697,digital color photograph,https://media.rkd.nl/iiif/10205697/full/max/0/default.jpg
264518,10205699,digital color photograph,https://media.rkd.nl/iiif/10205699/full/max/0/default.jpg
264521,10657843,digital image,https://media.rkd.nl/iiif/10657843/full/max/0/default.jpg
264535,10657845,digital image,https://media.rkd.nl/iiif/10657845/full/max/0/default.jpg
264547,10292247,black and white photograph,https://media.rkd.nl/iiif/10292247/full/max/0/default.jpg
264552,10348706,digital color photograph,https://media.rkd.nl/iiif/10348706/full/max/0/default.jpg
264553,10205700,digital color photograph,https://media.rkd.nl/iiif/10205700/full/max/0/default.jpg
264553,10205701,digital color photograph,https://media.rkd.nl/iiif/10205701/full/max/0/default.jpg
264566,10205704,digital color photograph,https://media.rkd.nl/iiif/10205704/full/max/0/default.jpg
264569,10205710,digital color photograph,https://media.rkd.nl/iiif/10205710/full/max/0/default.jpg
264575,10657889,digital image,https://media.rkd.nl/iiif/10657889/full/max/0/default.jpg
264576,10205712,digital color photograph,https://media.rkd.nl/iiif/10205712/full/max/0/default.jpg
264578,10205714,digital color photograph,https://media.rkd.nl/iiif/10205714/full/max/0/default.jpg
264580,10205716,digital color photograph,https://media.rkd.nl/iiif/10205716/full/max/0/default.jpg
264585,10657901,digital image,https://media.rkd.nl/iiif/10657901/full/max/0/default.jpg
264586,10657904,digital image,https://media.rkd.nl/iiif/10657904/full/max/0/default.jpg
264620,10657261,digital image,https://media.rkd.nl/iiif/10657261/full/max/0/default.jpg
264641,10657958,digital image,https://media.rkd.nl/iiif/10657958/full/max/0/default.jpg
264654,10657971,digital image,https://media.rkd.nl/iiif/10657971/full/max/0/default.jpg
264655,10657970,black and white photograph,https://media.rkd.nl/iiif/10657970/full/max/0/default.jpg
264657,10657974,digital image,https://media.rkd.nl/iiif/10657974/full/max/0/default.jpg
264660,10657975,digital image,https://media.rkd.nl/iiif/10657975/full/max/0/default.jpg
264690,9318447,digital color photograph,https://media.rkd.nl/iiif/9318447/full/max/0/default.jpg
264738,10790008,color reproduction,https://media.rkd.nl/iiif/10790008/full/max/0/default.jpg
264740,10790009,color reproduction,https://media.rkd.nl/iiif/10790009/full/max/0/default.jpg
264748,10658055,digital image,https://media.rkd.nl/iiif/10658055/full/max/0/default.jpg
264748,10658136,digital image,https://media.rkd.nl/iiif/10658136/full/max/0/default.jpg
264766,10658067,digital image,https://media.rkd.nl/iiif/10658067/full/max/0/default.jpg
264792,10658107,digital image,https://media.rkd.nl/iiif/10658107/full/max/0/default.jpg
264792,9293787,brown photograph,https://media.rkd.nl/iiif/9293787/full/max/0/default.jpg
264792,9293788,brown photograph,https://media.rkd.nl/iiif/9293788/full/max/0/default.jpg
264799,10658117,digital image,https://media.rkd.nl/iiif/10658117/full/max/0/default.jpg
264823,10658139,digital image,https://media.rkd.nl/iiif/10658139/full/max/0/default.jpg
264840,10790012,color reproduction,https://media.rkd.nl/iiif/10790012/full/max/0/default.jpg
264851,10658184,digital image,https://media.rkd.nl/iiif/10658184/full/max/0/default.jpg
264854,10658186,digital image,https://media.rkd.nl/iiif/10658186/full/max/0/default.jpg
264855,10658185,digital color photograph,https://media.rkd.nl/iiif/10658185/full/max/0/default.jpg
264857,10658188,digital image,https://media.rkd.nl/iiif/10658188/full/max/0/default.jpg
264865,10658196,digital image,https://media.rkd.nl/iiif/10658196/full/max/0/default.jpg
264870,10205718,digital color photograph,https://media.rkd.nl/iiif/10205718/full/max/0/default.jpg
264874,10205720,digital color photograph,https://media.rkd.nl/iiif/10205720/full/max/0/default.jpg
264877,10205722,digital color photograph,https://media.rkd.nl/iiif/10205722/full/max/0/default.jpg
264878,10205724,digital color photograph,https://media.rkd.nl/iiif/10205724/full/max/0/default.jpg
264887,10205730,digital color photograph,https://media.rkd.nl/iiif/10205730/full/max/0/default.jpg
264888,10205732,digital color photograph,https://media.rkd.nl/iiif/10205732/full/max/0/default.jpg
264891,10205734,digital color photograph,https://media.rkd.nl/iiif/10205734/full/max/0/default.jpg
264892,10205736,digital color photograph,https://media.rkd.nl/iiif/10205736/full/max/0/default.jpg
264908,10292256,black and white photograph,https://media.rkd.nl/iiif/10292256/full/max/0/default.jpg
264912,10658231,color reproduction,https://media.rkd.nl/iiif/10658231/full/max/0/default.jpg
264912,10658331,color reproduction,https://media.rkd.nl/iiif/10658331/full/max/0/default.jpg
264917,10658244,color reproduction,https://media.rkd.nl/iiif/10658244/full/max/0/default.jpg
264917,10658440,color reproduction,https://media.rkd.nl/iiif/10658440/full/max/0/default.jpg
264917,10658405,black-and-white reproduction,https://media.rkd.nl/iiif/10658405/full/max/0/default.jpg
264918,10658408,black-and-white reproduction,https://media.rkd.nl/iiif/10658408/full/max/0/default.jpg
264918,10658246,digital color photograph,https://media.rkd.nl/iiif/10658246/full/max/0/default.jpg
264920,10205738,digital color photograph,https://media.rkd.nl/iiif/10205738/full/max/0/default.jpg
264921,10205742,digital color photograph,https://media.rkd.nl/iiif/10205742/full/max/0/default.jpg
264922,10205744,digital color photograph,https://media.rkd.nl/iiif/10205744/full/max/0/default.jpg
264924,10205740,digital color photograph,https://media.rkd.nl/iiif/10205740/full/max/0/default.jpg
264925,10658249,black and white photograph,https://media.rkd.nl/iiif/10658249/full/max/0/default.jpg
264929,10658260,digital color photograph,https://media.rkd.nl/iiif/10658260/full/max/0/default.jpg
264955,10292261,black and white photograph,https://media.rkd.nl/iiif/10292261/full/max/0/default.jpg
264963,9317871,digital color photograph,https://media.rkd.nl/iiif/9317871/full/max/0/default.jpg
264963,9317886,digital color photograph,https://media.rkd.nl/iiif/9317886/full/max/0/default.jpg
264969,10658291,black-and-white reproduction,https://media.rkd.nl/iiif/10658291/full/max/0/default.jpg
264971,10790016,color reproduction,https://media.rkd.nl/iiif/10790016/full/max/0/default.jpg
264975,9317677,digital image,https://media.rkd.nl/iiif/9317677/full/max/0/default.jpg
264977,9317594,digital image,https://media.rkd.nl/iiif/9317594/full/max/0/default.jpg
264988,9317453,digital image,https://media.rkd.nl/iiif/9317453/full/max/0/default.jpg
264991,9317531,digital image,https://media.rkd.nl/iiif/9317531/full/max/0/default.jpg
265002,9317446,digital image,https://media.rkd.nl/iiif/9317446/full/max/0/default.jpg
265012,9317666,digital image,https://media.rkd.nl/iiif/9317666/full/max/0/default.jpg
265017,9317399,digital image,https://media.rkd.nl/iiif/9317399/full/max/0/default.jpg
265023,9317539,digital image,https://media.rkd.nl/iiif/9317539/full/max/0/default.jpg
265026,9317537,digital image,https://media.rkd.nl/iiif/9317537/full/max/0/default.jpg
265037,9317330,digital image,https://media.rkd.nl/iiif/9317330/full/max/0/default.jpg
265041,9317403,digital image,https://media.rkd.nl/iiif/9317403/full/max/0/default.jpg
265043,9317409,digital image,https://media.rkd.nl/iiif/9317409/full/max/0/default.jpg
265047,9317520,digital image,https://media.rkd.nl/iiif/9317520/full/max/0/default.jpg
265073,9317655,digital image,https://media.rkd.nl/iiif/9317655/full/max/0/default.jpg
265078,9317601,digital image,https://media.rkd.nl/iiif/9317601/full/max/0/default.jpg
265082,9317671,digital image,https://media.rkd.nl/iiif/9317671/full/max/0/default.jpg
265086,9317342,digital image,https://media.rkd.nl/iiif/9317342/full/max/0/default.jpg
265091,9317314,digital image,https://media.rkd.nl/iiif/9317314/full/max/0/default.jpg
265122,10349123,digital black-and-white photograph,https://media.rkd.nl/iiif/10349123/full/max/0/default.jpg
265123,10658317,digital color photograph,https://media.rkd.nl/iiif/10658317/full/max/0/default.jpg
265125,10658321,digital image,https://media.rkd.nl/iiif/10658321/full/max/0/default.jpg
265129,10349125,digital black-and-white photograph,https://media.rkd.nl/iiif/10349125/full/max/0/default.jpg
265131,10790017,digital image,https://media.rkd.nl/iiif/10790017/full/max/0/default.jpg
265135,10205750,digital color photograph,https://media.rkd.nl/iiif/10205750/full/max/0/default.jpg
265136,10205752,digital color photograph,https://media.rkd.nl/iiif/10205752/full/max/0/default.jpg
265139,10658332,color reproduction,https://media.rkd.nl/iiif/10658332/full/max/0/default.jpg
265139,10658333,black-and-white reproduction,https://media.rkd.nl/iiif/10658333/full/max/0/default.jpg
265151,10658335,color reproduction,https://media.rkd.nl/iiif/10658335/full/max/0/default.jpg
265152,10658337,black-and-white reproduction,https://media.rkd.nl/iiif/10658337/full/max/0/default.jpg
265153,10658338,color reproduction,https://media.rkd.nl/iiif/10658338/full/max/0/default.jpg
265154,10658330,digital image,https://media.rkd.nl/iiif/10658330/full/max/0/default.jpg
265155,10658340,color reproduction,https://media.rkd.nl/iiif/10658340/full/max/0/default.jpg
265156,10658339,black-and-white reproduction,https://media.rkd.nl/iiif/10658339/full/max/0/default.jpg
265157,10658341,color reproduction,https://media.rkd.nl/iiif/10658341/full/max/0/default.jpg
265171,10658346,color reproduction,https://media.rkd.nl/iiif/10658346/full/max/0/default.jpg
265174,10658349,color reproduction,https://media.rkd.nl/iiif/10658349/full/max/0/default.jpg
265175,10658350,color reproduction,https://media.rkd.nl/iiif/10658350/full/max/0/default.jpg
265179,10658353,color reproduction,https://media.rkd.nl/iiif/10658353/full/max/0/default.jpg
265183,10658359,digital image,https://media.rkd.nl/iiif/10658359/full/max/0/default.jpg
265184,10658360,color reproduction,https://media.rkd.nl/iiif/10658360/full/max/0/default.jpg
265185,10658361,color reproduction,https://media.rkd.nl/iiif/10658361/full/max/0/default.jpg
265189,10658365,color reproduction,https://media.rkd.nl/iiif/10658365/full/max/0/default.jpg
265193,10658371,digital image,https://media.rkd.nl/iiif/10658371/full/max/0/default.jpg
265224,10658415,digital color photograph,https://media.rkd.nl/iiif/10658415/full/max/0/default.jpg
265236,10349092,unknown,https://media.rkd.nl/iiif/10349092/full/max/0/default.jpg
265236,10292274,photo after reproduction,https://media.rkd.nl/iiif/10292274/full/max/0/default.jpg
265241,10349093,unknown,https://media.rkd.nl/iiif/10349093/full/max/0/default.jpg
265241,10292277,photo after reproduction,https://media.rkd.nl/iiif/10292277/full/max/0/default.jpg
265243,10658400,digital color photograph,https://media.rkd.nl/iiif/10658400/full/max/0/default.jpg
265243,10658399,digital color photograph,https://media.rkd.nl/iiif/10658399/full/max/0/default.jpg
265245,10658397,digital color photograph,https://media.rkd.nl/iiif/10658397/full/max/0/default.jpg
265253,10322420,digital image,https://media.rkd.nl/iiif/10322420/full/max/0/default.jpg
265256,10304984,digital image,https://media.rkd.nl/iiif/10304984/full/max/0/default.jpg
265257,10304983,digital image,https://media.rkd.nl/iiif/10304983/full/max/0/default.jpg
265260,10658764,digital image,https://media.rkd.nl/iiif/10658764/full/max/0/default.jpg
265266,10657209,digital image,https://media.rkd.nl/iiif/10657209/full/max/0/default.jpg
265273,10660713,digital image,https://media.rkd.nl/iiif/10660713/full/max/0/default.jpg
265305,10658472,black and white photograph,https://media.rkd.nl/iiif/10658472/full/max/0/default.jpg
265312,10658493,digital image,https://media.rkd.nl/iiif/10658493/full/max/0/default.jpg
265328,10292285,black and white photograph,https://media.rkd.nl/iiif/10292285/full/max/0/default.jpg
265329,10658528,black and white photograph,https://media.rkd.nl/iiif/10658528/full/max/0/default.jpg
265339,10658546,black and white photograph,https://media.rkd.nl/iiif/10658546/full/max/0/default.jpg
265341,10658548,digital image,https://media.rkd.nl/iiif/10658548/full/max/0/default.jpg
265345,10292286,black and white photograph,https://media.rkd.nl/iiif/10292286/full/max/0/default.jpg
265372,10658575,black and white photograph,https://media.rkd.nl/iiif/10658575/full/max/0/default.jpg
265374,10658577,digital color photograph,https://media.rkd.nl/iiif/10658577/full/max/0/default.jpg
265376,10292292,black and white photograph,https://media.rkd.nl/iiif/10292292/full/max/0/default.jpg
265379,10288524,black and white photograph,https://media.rkd.nl/iiif/10288524/full/max/0/default.jpg
265381,10658588,digital image,https://media.rkd.nl/iiif/10658588/full/max/0/default.jpg
265381,10658589,digital image,https://media.rkd.nl/iiif/10658589/full/max/0/default.jpg
265382,10288525,black and white photograph,https://media.rkd.nl/iiif/10288525/full/max/0/default.jpg
265384,10288527,black and white photograph,https://media.rkd.nl/iiif/10288527/full/max/0/default.jpg
265401,10658600,digital color photograph,https://media.rkd.nl/iiif/10658600/full/max/0/default.jpg
265403,10658602,digital image,https://media.rkd.nl/iiif/10658602/full/max/0/default.jpg
265403,10658601,digital image,https://media.rkd.nl/iiif/10658601/full/max/0/default.jpg
265405,10663073,digital image,https://media.rkd.nl/iiif/10663073/full/max/0/default.jpg
265405,10658604,black-and-white reproduction,https://media.rkd.nl/iiif/10658604/full/max/0/default.jpg
265407,10292296,black and white photograph,https://media.rkd.nl/iiif/10292296/full/max/0/default.jpg
265408,10658607,digital color photograph,https://media.rkd.nl/iiif/10658607/full/max/0/default.jpg
265412,10288528,black and white photograph,https://media.rkd.nl/iiif/10288528/full/max/0/default.jpg
265414,10288508,black and white photograph,https://media.rkd.nl/iiif/10288508/full/max/0/default.jpg
265415,10658621,black and white photograph,https://media.rkd.nl/iiif/10658621/full/max/0/default.jpg
265432,10713670,BD/Digital Collection,https://media.rkd.nl/iiif/10713670/full/max/0/default.jpg
265432,10292299,black and white photograph,https://media.rkd.nl/iiif/10292299/full/max/0/default.jpg
265439,10658637,digital image,https://media.rkd.nl/iiif/10658637/full/max/0/default.jpg
265442,10658643,digital image,https://media.rkd.nl/iiif/10658643/full/max/0/default.jpg
265472,10288509,black and white photograph,https://media.rkd.nl/iiif/10288509/full/max/0/default.jpg
265474,10288506,black and white photograph,https://media.rkd.nl/iiif/10288506/full/max/0/default.jpg
265475,10288507,black and white photograph,https://media.rkd.nl/iiif/10288507/full/max/0/default.jpg
265482,10288502,black and white photograph,https://media.rkd.nl/iiif/10288502/full/max/0/default.jpg
265493,10288504,black and white photograph,https://media.rkd.nl/iiif/10288504/full/max/0/default.jpg
265511,10204540,black and white photograph,https://media.rkd.nl/iiif/10204540/full/max/0/default.jpg
265524,10288512,black and white photograph,https://media.rkd.nl/iiif/10288512/full/max/0/default.jpg
265530,10657242,digital image,https://media.rkd.nl/iiif/10657242/full/max/0/default.jpg
265536,10288515,black and white photograph,https://media.rkd.nl/iiif/10288515/full/max/0/default.jpg
265548,10288516,black and white photograph,https://media.rkd.nl/iiif/10288516/full/max/0/default.jpg
265550,10288514,black and white photograph,https://media.rkd.nl/iiif/10288514/full/max/0/default.jpg
265576,10657214,digital image,https://media.rkd.nl/iiif/10657214/full/max/0/default.jpg
265585,10288518,black and white photograph,https://media.rkd.nl/iiif/10288518/full/max/0/default.jpg
265595,10288519,black and white photograph,https://media.rkd.nl/iiif/10288519/full/max/0/default.jpg
265606,10288520,black and white photograph,https://media.rkd.nl/iiif/10288520/full/max/0/default.jpg
265648,10305053,digital image,https://media.rkd.nl/iiif/10305053/full/max/0/default.jpg
265661,10658795,color reproduction,https://media.rkd.nl/iiif/10658795/full/max/0/default.jpg
265666,10288521,black and white photograph,https://media.rkd.nl/iiif/10288521/full/max/0/default.jpg
265667,10288522,black and white photograph,https://media.rkd.nl/iiif/10288522/full/max/0/default.jpg
265668,10288513,black and white photograph,https://media.rkd.nl/iiif/10288513/full/max/0/default.jpg
265669,10658800,digital color photograph,https://media.rkd.nl/iiif/10658800/full/max/0/default.jpg
265675,10658805,color reproduction,https://media.rkd.nl/iiif/10658805/full/max/0/default.jpg
265678,10658806,color reproduction,https://media.rkd.nl/iiif/10658806/full/max/0/default.jpg
265684,10658810,black-and-white reproduction,https://media.rkd.nl/iiif/10658810/full/max/0/default.jpg
265684,10658812,digital image,https://media.rkd.nl/iiif/10658812/full/max/0/default.jpg
265687,10658814,black-and-white reproduction,https://media.rkd.nl/iiif/10658814/full/max/0/default.jpg
265687,10658816,digital image,https://media.rkd.nl/iiif/10658816/full/max/0/default.jpg
265690,10790027,black-and-white reproduction,https://media.rkd.nl/iiif/10790027/full/max/0/default.jpg
265695,10658829,black-and-white reproduction,https://media.rkd.nl/iiif/10658829/full/max/0/default.jpg
265698,10658808,black and white photograph,https://media.rkd.nl/iiif/10658808/full/max/0/default.jpg
265698,10658813,black and white photograph,https://media.rkd.nl/iiif/10658813/full/max/0/default.jpg
265700,10658840,color reproduction,https://media.rkd.nl/iiif/10658840/full/max/0/default.jpg
265701,10658853,digital image,https://media.rkd.nl/iiif/10658853/full/max/0/default.jpg
265701,10658855,digital image,https://media.rkd.nl/iiif/10658855/full/max/0/default.jpg
265705,10292313,black and white photograph,https://media.rkd.nl/iiif/10292313/full/max/0/default.jpg
265707,10658857,black-and-white reproduction,https://media.rkd.nl/iiif/10658857/full/max/0/default.jpg
265708,9317852,black and white photograph,https://media.rkd.nl/iiif/9317852/full/max/0/default.jpg
265709,10658860,digital image,https://media.rkd.nl/iiif/10658860/full/max/0/default.jpg
265712,10658862,digital color photograph,https://media.rkd.nl/iiif/10658862/full/max/0/default.jpg
265716,9317853,black and white photograph,https://media.rkd.nl/iiif/9317853/full/max/0/default.jpg
265722,10292315,black and white photograph,https://media.rkd.nl/iiif/10292315/full/max/0/default.jpg
265723,10658880,digital image,https://media.rkd.nl/iiif/10658880/full/max/0/default.jpg
265726,10658881,black and white photograph,https://media.rkd.nl/iiif/10658881/full/max/0/default.jpg
265726,10658883,black and white photograph,https://media.rkd.nl/iiif/10658883/full/max/0/default.jpg
265727,10658885,black-and-white reproduction,https://media.rkd.nl/iiif/10658885/full/max/0/default.jpg
265741,10658915,digital image,https://media.rkd.nl/iiif/10658915/full/max/0/default.jpg
265742,10658917,color reproduction,https://media.rkd.nl/iiif/10658917/full/max/0/default.jpg
265745,10658920,color reproduction,https://media.rkd.nl/iiif/10658920/full/max/0/default.jpg
265748,10658922,digital image,https://media.rkd.nl/iiif/10658922/full/max/0/default.jpg
265768,10658949,digital image,https://media.rkd.nl/iiif/10658949/full/max/0/default.jpg
265774,10658967,digital color photograph,https://media.rkd.nl/iiif/10658967/full/max/0/default.jpg
265788,10349143,digital black-and-white photograph,https://media.rkd.nl/iiif/10349143/full/max/0/default.jpg
265796,10349140,digital black-and-white photograph,https://media.rkd.nl/iiif/10349140/full/max/0/default.jpg
265797,10349136,digital black-and-white photograph,https://media.rkd.nl/iiif/10349136/full/max/0/default.jpg
265800,10349132,digital black-and-white photograph,https://media.rkd.nl/iiif/10349132/full/max/0/default.jpg
265803,10658987,digital image,https://media.rkd.nl/iiif/10658987/full/max/0/default.jpg
265806,10349130,digital black-and-white photograph,https://media.rkd.nl/iiif/10349130/full/max/0/default.jpg
265807,10349129,digital black-and-white photograph,https://media.rkd.nl/iiif/10349129/full/max/0/default.jpg
265808,10349128,digital black-and-white photograph,https://media.rkd.nl/iiif/10349128/full/max/0/default.jpg
265810,10349137,digital black-and-white photograph,https://media.rkd.nl/iiif/10349137/full/max/0/default.jpg
265841,10656981,digital image,https://media.rkd.nl/iiif/10656981/full/max/0/default.jpg
265850,10349135,digital black-and-white photograph,https://media.rkd.nl/iiif/10349135/full/max/0/default.jpg
265851,10349139,digital black-and-white photograph,https://media.rkd.nl/iiif/10349139/full/max/0/default.jpg
265852,10657190,digital image,https://media.rkd.nl/iiif/10657190/full/max/0/default.jpg
265854,10349138,digital black-and-white photograph,https://media.rkd.nl/iiif/10349138/full/max/0/default.jpg
265867,10659049,black-and-white reproduction,https://media.rkd.nl/iiif/10659049/full/max/0/default.jpg
265868,10659052,black-and-white reproduction,https://media.rkd.nl/iiif/10659052/full/max/0/default.jpg
265869,10659054,black-and-white reproduction,https://media.rkd.nl/iiif/10659054/full/max/0/default.jpg
265870,10659057,digital image,https://media.rkd.nl/iiif/10659057/full/max/0/default.jpg
265872,10659059,black-and-white reproduction,https://media.rkd.nl/iiif/10659059/full/max/0/default.jpg
265921,10659129,digital image,https://media.rkd.nl/iiif/10659129/full/max/0/default.jpg
265923,10661338,digital image,https://media.rkd.nl/iiif/10661338/full/max/0/default.jpg
265923,10661339,digital image,https://media.rkd.nl/iiif/10661339/full/max/0/default.jpg
265923,10661340,digital image,https://media.rkd.nl/iiif/10661340/full/max/0/default.jpg
265923,10661341,digital image,https://media.rkd.nl/iiif/10661341/full/max/0/default.jpg
265923,10661345,digital image,https://media.rkd.nl/iiif/10661345/full/max/0/default.jpg
265923,10661346,digital image,https://media.rkd.nl/iiif/10661346/full/max/0/default.jpg
265923,10661347,digital image,https://media.rkd.nl/iiif/10661347/full/max/0/default.jpg
265923,10661348,digital image,https://media.rkd.nl/iiif/10661348/full/max/0/default.jpg
265923,10661349,digital image,https://media.rkd.nl/iiif/10661349/full/max/0/default.jpg
265923,10659131,digital image,https://media.rkd.nl/iiif/10659131/full/max/0/default.jpg
265925,10659118,digital image,https://media.rkd.nl/iiif/10659118/full/max/0/default.jpg
265932,10659149,digital image,https://media.rkd.nl/iiif/10659149/full/max/0/default.jpg
265960,10659193,digital color photograph,https://media.rkd.nl/iiif/10659193/full/max/0/default.jpg
265960,10659194,digital color photograph,https://media.rkd.nl/iiif/10659194/full/max/0/default.jpg
265964,9331418,black and white photograph,https://media.rkd.nl/iiif/9331418/full/max/0/default.jpg
265967,9332280,black and white photograph,https://media.rkd.nl/iiif/9332280/full/max/0/default.jpg
265972,10352438,slide (photo),https://media.rkd.nl/iiif/10352438/full/max/0/default.jpg
266023,10659231,digital image,https://media.rkd.nl/iiif/10659231/full/max/0/default.jpg
266024,10657271,digital image,https://media.rkd.nl/iiif/10657271/full/max/0/default.jpg
266024,10670944,digital color photograph,https://media.rkd.nl/iiif/10670944/full/max/0/default.jpg
266060,10674579,digital image,https://media.rkd.nl/iiif/10674579/full/max/0/default.jpg
266073,10659266,digital image,https://media.rkd.nl/iiif/10659266/full/max/0/default.jpg
266080,10659247,digital image,https://media.rkd.nl/iiif/10659247/full/max/0/default.jpg
266080,10659244,digital image,https://media.rkd.nl/iiif/10659244/full/max/0/default.jpg
266081,10659271,digital image,https://media.rkd.nl/iiif/10659271/full/max/0/default.jpg
266085,10205788,digital color photograph,https://media.rkd.nl/iiif/10205788/full/max/0/default.jpg
266091,10205791,digital color photograph,https://media.rkd.nl/iiif/10205791/full/max/0/default.jpg
266097,10205795,digital color photograph,https://media.rkd.nl/iiif/10205795/full/max/0/default.jpg
266102,10205780,digital color photograph,https://media.rkd.nl/iiif/10205780/full/max/0/default.jpg
266123,10205776,digital color photograph,https://media.rkd.nl/iiif/10205776/full/max/0/default.jpg
266125,10205772,digital color photograph,https://media.rkd.nl/iiif/10205772/full/max/0/default.jpg
266126,10205770,digital color photograph,https://media.rkd.nl/iiif/10205770/full/max/0/default.jpg
266128,10205797,digital color photograph,https://media.rkd.nl/iiif/10205797/full/max/0/default.jpg
266129,10205774,digital color photograph,https://media.rkd.nl/iiif/10205774/full/max/0/default.jpg
266132,10205799,digital color photograph,https://media.rkd.nl/iiif/10205799/full/max/0/default.jpg
266133,10205781,digital color photograph,https://media.rkd.nl/iiif/10205781/full/max/0/default.jpg
266134,10205801,digital color photograph,https://media.rkd.nl/iiif/10205801/full/max/0/default.jpg
266162,10205803,digital color photograph,https://media.rkd.nl/iiif/10205803/full/max/0/default.jpg
266187,10659351,digital color photograph,https://media.rkd.nl/iiif/10659351/full/max/0/default.jpg
266188,10322616,digital image,https://media.rkd.nl/iiif/10322616/full/max/0/default.jpg
266189,10659352,digital image,https://media.rkd.nl/iiif/10659352/full/max/0/default.jpg
266190,10322611,digital image,https://media.rkd.nl/iiif/10322611/full/max/0/default.jpg
266208,10205359,digital color photograph,https://media.rkd.nl/iiif/10205359/full/max/0/default.jpg
266210,10205356,digital color photograph,https://media.rkd.nl/iiif/10205356/full/max/0/default.jpg
266210,10205357,digital color photograph,https://media.rkd.nl/iiif/10205357/full/max/0/default.jpg
266211,10205354,digital color photograph,https://media.rkd.nl/iiif/10205354/full/max/0/default.jpg
266211,10205355,digital color photograph,https://media.rkd.nl/iiif/10205355/full/max/0/default.jpg
266236,10659385,digital image,https://media.rkd.nl/iiif/10659385/full/max/0/default.jpg
266237,10659386,digital image,https://media.rkd.nl/iiif/10659386/full/max/0/default.jpg
266239,10790040,digital image,https://media.rkd.nl/iiif/10790040/full/max/0/default.jpg
266243,10790043,digital image,https://media.rkd.nl/iiif/10790043/full/max/0/default.jpg
266281,10659474,digital image,https://media.rkd.nl/iiif/10659474/full/max/0/default.jpg
266285,10876798,BD/Digital Collection,https://media.rkd.nl/iiif/10876798/full/max/0/default.jpg
266287,10659475,black-and-white reproduction,https://media.rkd.nl/iiif/10659475/full/max/0/default.jpg
266305,10292330,black and white photograph,https://media.rkd.nl/iiif/10292330/full/max/0/default.jpg
266339,10659509,digital image,https://media.rkd.nl/iiif/10659509/full/max/0/default.jpg
266358,10659514,digital image,https://media.rkd.nl/iiif/10659514/full/max/0/default.jpg
266360,10659522,digital image,https://media.rkd.nl/iiif/10659522/full/max/0/default.jpg
266364,10659529,digital image,https://media.rkd.nl/iiif/10659529/full/max/0/default.jpg
266368,10659530,digital image,https://media.rkd.nl/iiif/10659530/full/max/0/default.jpg
266464,10659588,digital image,https://media.rkd.nl/iiif/10659588/full/max/0/default.jpg
266470,10659591,digital image,https://media.rkd.nl/iiif/10659591/full/max/0/default.jpg
266472,10659592,digital image,https://media.rkd.nl/iiif/10659592/full/max/0/default.jpg
266473,10676336,digital color photograph,https://media.rkd.nl/iiif/10676336/full/max/0/default.jpg
266502,10659607,digital image,https://media.rkd.nl/iiif/10659607/full/max/0/default.jpg
266503,10676329,digital color photograph,https://media.rkd.nl/iiif/10676329/full/max/0/default.jpg
266504,9318476,digital image,https://media.rkd.nl/iiif/9318476/full/max/0/default.jpg
266544,10659619,digital image,https://media.rkd.nl/iiif/10659619/full/max/0/default.jpg
266545,10348719,digital image,https://media.rkd.nl/iiif/10348719/full/max/0/default.jpg
266546,10292343,black and white photograph,https://media.rkd.nl/iiif/10292343/full/max/0/default.jpg
266571,10322606,digital image,https://media.rkd.nl/iiif/10322606/full/max/0/default.jpg
266607,10659649,digital image,https://media.rkd.nl/iiif/10659649/full/max/0/default.jpg
266608,10322600,digital image,https://media.rkd.nl/iiif/10322600/full/max/0/default.jpg
266609,10322601,digital image,https://media.rkd.nl/iiif/10322601/full/max/0/default.jpg
266618,10659652,digital image,https://media.rkd.nl/iiif/10659652/full/max/0/default.jpg
266622,10659654,digital image,https://media.rkd.nl/iiif/10659654/full/max/0/default.jpg
266661,9330521,digital color photograph,https://media.rkd.nl/iiif/9330521/full/max/0/default.jpg
266664,10292356,black-and-white reproduction,https://media.rkd.nl/iiif/10292356/full/max/0/default.jpg
266675,10292357,black-and-white reproduction,https://media.rkd.nl/iiif/10292357/full/max/0/default.jpg
266705,10302838,black and white photograph,https://media.rkd.nl/iiif/10302838/full/max/0/default.jpg
266708,10302830,black and white photograph,https://media.rkd.nl/iiif/10302830/full/max/0/default.jpg
266735,10292359,black and white photograph,https://media.rkd.nl/iiif/10292359/full/max/0/default.jpg
266745,10292361,black and white photograph,https://media.rkd.nl/iiif/10292361/full/max/0/default.jpg
266751,9236649,digital black-and-white photograph,https://media.rkd.nl/iiif/9236649/full/max/0/default.jpg
266764,10302833,black and white photograph,https://media.rkd.nl/iiif/10302833/full/max/0/default.jpg
266765,10659735,digital image,https://media.rkd.nl/iiif/10659735/full/max/0/default.jpg
266766,10302834,black and white photograph,https://media.rkd.nl/iiif/10302834/full/max/0/default.jpg
266772,9332286,black and white photograph,https://media.rkd.nl/iiif/9332286/full/max/0/default.jpg
266774,10659754,digital image,https://media.rkd.nl/iiif/10659754/full/max/0/default.jpg
266788,10659760,digital image,https://media.rkd.nl/iiif/10659760/full/max/0/default.jpg
266800,10659763,digital image,https://media.rkd.nl/iiif/10659763/full/max/0/default.jpg
266801,10659765,black and white photograph,https://media.rkd.nl/iiif/10659765/full/max/0/default.jpg
266809,9332283,black and white photograph,https://media.rkd.nl/iiif/9332283/full/max/0/default.jpg
266815,9332284,black and white photograph,https://media.rkd.nl/iiif/9332284/full/max/0/default.jpg
266827,10665513,black and white photograph,https://media.rkd.nl/iiif/10665513/full/max/0/default.jpg
266827,10292363,black and white photograph,https://media.rkd.nl/iiif/10292363/full/max/0/default.jpg
266828,10659775,digital color photograph,https://media.rkd.nl/iiif/10659775/full/max/0/default.jpg
266829,10659776,digital color photograph,https://media.rkd.nl/iiif/10659776/full/max/0/default.jpg
266848,9332317,black and white photograph,https://media.rkd.nl/iiif/9332317/full/max/0/default.jpg
266851,9332299,BD/RKD/1640 - MHK/The Netherlands/Artist's Portraits,https://media.rkd.nl/iiif/9332299/full/max/0/default.jpg
266854,9332287,black and white photograph,https://media.rkd.nl/iiif/9332287/full/max/0/default.jpg
266871,10659800,black-and-white reproduction,https://media.rkd.nl/iiif/10659800/full/max/0/default.jpg
266883,9332310,black and white photograph,https://media.rkd.nl/iiif/9332310/full/max/0/default.jpg
266889,9331412,black and white photograph,https://media.rkd.nl/iiif/9331412/full/max/0/default.jpg
266901,10659433,digital image,https://media.rkd.nl/iiif/10659433/full/max/0/default.jpg
266903,10659810,digital image,https://media.rkd.nl/iiif/10659810/full/max/0/default.jpg
266904,9332278,black and white photograph,https://media.rkd.nl/iiif/9332278/full/max/0/default.jpg
266911,10659698,digital image,https://media.rkd.nl/iiif/10659698/full/max/0/default.jpg
266914,10292366,black and white photograph,https://media.rkd.nl/iiif/10292366/full/max/0/default.jpg
266918,10659697,digital image,https://media.rkd.nl/iiif/10659697/full/max/0/default.jpg
266925,10659818,color reproduction,https://media.rkd.nl/iiif/10659818/full/max/0/default.jpg
266946,9331415,color photograph,https://media.rkd.nl/iiif/9331415/full/max/0/default.jpg
266983,10292377,black and white photograph,https://media.rkd.nl/iiif/10292377/full/max/0/default.jpg
266993,10302935,digital image,https://media.rkd.nl/iiif/10302935/full/max/0/default.jpg
266994,10302933,digital image,https://media.rkd.nl/iiif/10302933/full/max/0/default.jpg
267023,10302870,digital image,https://media.rkd.nl/iiif/10302870/full/max/0/default.jpg
267042,10302913,digital image,https://media.rkd.nl/iiif/10302913/full/max/0/default.jpg
267070,10302916,digital image,https://media.rkd.nl/iiif/10302916/full/max/0/default.jpg
267076,9318078,digital image,https://media.rkd.nl/iiif/9318078/full/max/0/default.jpg
267078,10659870,black-and-white reproduction,https://media.rkd.nl/iiif/10659870/full/max/0/default.jpg
267084,9318454,reproduction (derivative object),https://media.rkd.nl/iiif/9318454/full/max/0/default.jpg
267097,10659895,color reproduction,https://media.rkd.nl/iiif/10659895/full/max/0/default.jpg
267105,10292384,black and white photograph,https://media.rkd.nl/iiif/10292384/full/max/0/default.jpg
267109,9332289,black and white photograph,https://media.rkd.nl/iiif/9332289/full/max/0/default.jpg
267113,9332271,black and white photograph,https://media.rkd.nl/iiif/9332271/full/max/0/default.jpg
267114,9331420,black and white photograph,https://media.rkd.nl/iiif/9331420/full/max/0/default.jpg
267118,9332311,black and white photograph,https://media.rkd.nl/iiif/9332311/full/max/0/default.jpg
267119,9332294,black and white photograph,https://media.rkd.nl/iiif/9332294/full/max/0/default.jpg
267122,9332288,black and white photograph,https://media.rkd.nl/iiif/9332288/full/max/0/default.jpg
267123,10292387,black and white photograph,https://media.rkd.nl/iiif/10292387/full/max/0/default.jpg
267127,10292388,black and white photograph,https://media.rkd.nl/iiif/10292388/full/max/0/default.jpg
267129,10323028,digital image,https://media.rkd.nl/iiif/10323028/full/max/0/default.jpg
267138,10292389,black and white photograph,https://media.rkd.nl/iiif/10292389/full/max/0/default.jpg
267140,10302698,black and white photograph,https://media.rkd.nl/iiif/10302698/full/max/0/default.jpg
267152,10302696,black and white photograph,https://media.rkd.nl/iiif/10302696/full/max/0/default.jpg
267153,10302695,black and white photograph,https://media.rkd.nl/iiif/10302695/full/max/0/default.jpg
267156,10659960,digital image,https://media.rkd.nl/iiif/10659960/full/max/0/default.jpg
267165,9318464,digital image,https://media.rkd.nl/iiif/9318464/full/max/0/default.jpg
267165,9318465,digital image,https://media.rkd.nl/iiif/9318465/full/max/0/default.jpg
267169,10323041,digital image,https://media.rkd.nl/iiif/10323041/full/max/0/default.jpg
267198,10659977,digital color photograph,https://media.rkd.nl/iiif/10659977/full/max/0/default.jpg
267198,10659974,digital color photograph,https://media.rkd.nl/iiif/10659974/full/max/0/default.jpg
267198,10659975,digital color photograph,https://media.rkd.nl/iiif/10659975/full/max/0/default.jpg
267200,10659978,digital color photograph,https://media.rkd.nl/iiif/10659978/full/max/0/default.jpg
267200,10659979,digital color photograph,https://media.rkd.nl/iiif/10659979/full/max/0/default.jpg
267205,10659994,digital color photograph,https://media.rkd.nl/iiif/10659994/full/max/0/default.jpg
267205,10659995,digital color photograph,https://media.rkd.nl/iiif/10659995/full/max/0/default.jpg
267207,10660001,digital color photograph,https://media.rkd.nl/iiif/10660001/full/max/0/default.jpg
267207,10659999,digital color photograph,https://media.rkd.nl/iiif/10659999/full/max/0/default.jpg
267212,10660049,digital image,https://media.rkd.nl/iiif/10660049/full/max/0/default.jpg
267217,10302700,black and white photograph,https://media.rkd.nl/iiif/10302700/full/max/0/default.jpg
267219,9332321,black and white photograph,https://media.rkd.nl/iiif/9332321/full/max/0/default.jpg
267226,9332320,black and white photograph,https://media.rkd.nl/iiif/9332320/full/max/0/default.jpg
267239,9332318,black and white photograph,https://media.rkd.nl/iiif/9332318/full/max/0/default.jpg
267240,9332313,black and white photograph,https://media.rkd.nl/iiif/9332313/full/max/0/default.jpg
267243,9332309,black and white photograph,https://media.rkd.nl/iiif/9332309/full/max/0/default.jpg
267245,9332308,black and white photograph,https://media.rkd.nl/iiif/9332308/full/max/0/default.jpg
267247,9332307,black and white photograph,https://media.rkd.nl/iiif/9332307/full/max/0/default.jpg
267253,9332298,black and white photograph,https://media.rkd.nl/iiif/9332298/full/max/0/default.jpg
267257,9332296,black and white photograph,https://media.rkd.nl/iiif/9332296/full/max/0/default.jpg
267261,9318098,digital color photograph,https://media.rkd.nl/iiif/9318098/full/max/0/default.jpg
267263,10660100,digital image,https://media.rkd.nl/iiif/10660100/full/max/0/default.jpg
267266,10660104,digital black-and-white photograph,https://media.rkd.nl/iiif/10660104/full/max/0/default.jpg
267309,10660143,digital image,https://media.rkd.nl/iiif/10660143/full/max/0/default.jpg
267314,10660149,digital color photograph,https://media.rkd.nl/iiif/10660149/full/max/0/default.jpg
267320,9331410,black and white photograph,https://media.rkd.nl/iiif/9331410/full/max/0/default.jpg
267327,9332304,black and white photograph,https://media.rkd.nl/iiif/9332304/full/max/0/default.jpg
267328,9331411,black and white photograph,https://media.rkd.nl/iiif/9331411/full/max/0/default.jpg
267330,9332323,black and white photograph,https://media.rkd.nl/iiif/9332323/full/max/0/default.jpg
267332,9332322,black and white photograph,https://media.rkd.nl/iiif/9332322/full/max/0/default.jpg
267336,9332297,black and white photograph,https://media.rkd.nl/iiif/9332297/full/max/0/default.jpg
267342,9331417,black and white photograph,https://media.rkd.nl/iiif/9331417/full/max/0/default.jpg
267353,9332315,black and white photograph,https://media.rkd.nl/iiif/9332315/full/max/0/default.jpg
267354,9332316,black and white photograph,https://media.rkd.nl/iiif/9332316/full/max/0/default.jpg
267358,9332314,black and white photograph,https://media.rkd.nl/iiif/9332314/full/max/0/default.jpg
267360,9332306,black and white photograph,https://media.rkd.nl/iiif/9332306/full/max/0/default.jpg
267381,10659989,digital image,https://media.rkd.nl/iiif/10659989/full/max/0/default.jpg
267382,10659990,digital image,https://media.rkd.nl/iiif/10659990/full/max/0/default.jpg
267382,10659991,digital image,https://media.rkd.nl/iiif/10659991/full/max/0/default.jpg
267383,10659985,digital image,https://media.rkd.nl/iiif/10659985/full/max/0/default.jpg
267383,10659982,digital image,https://media.rkd.nl/iiif/10659982/full/max/0/default.jpg
267386,10660013,digital image,https://media.rkd.nl/iiif/10660013/full/max/0/default.jpg
267386,10660014,digital image,https://media.rkd.nl/iiif/10660014/full/max/0/default.jpg
267387,10660020,digital image,https://media.rkd.nl/iiif/10660020/full/max/0/default.jpg
267387,10660017,digital image,https://media.rkd.nl/iiif/10660017/full/max/0/default.jpg
267387,10660018,digital image,https://media.rkd.nl/iiif/10660018/full/max/0/default.jpg
267389,10660009,digital image,https://media.rkd.nl/iiif/10660009/full/max/0/default.jpg
267393,10660002,digital image,https://media.rkd.nl/iiif/10660002/full/max/0/default.jpg
267393,10660003,digital image,https://media.rkd.nl/iiif/10660003/full/max/0/default.jpg
267393,10660004,digital image,https://media.rkd.nl/iiif/10660004/full/max/0/default.jpg
267398,10660005,digital image,https://media.rkd.nl/iiif/10660005/full/max/0/default.jpg
267399,10663524,black-and-white reproduction,https://media.rkd.nl/iiif/10663524/full/max/0/default.jpg
267401,10660023,digital image,https://media.rkd.nl/iiif/10660023/full/max/0/default.jpg
267401,10660024,digital image,https://media.rkd.nl/iiif/10660024/full/max/0/default.jpg
267401,10660021,digital image,https://media.rkd.nl/iiif/10660021/full/max/0/default.jpg
267401,10660022,digital image,https://media.rkd.nl/iiif/10660022/full/max/0/default.jpg
267416,9332305,black and white photograph,https://media.rkd.nl/iiif/9332305/full/max/0/default.jpg
267421,10663511,black-and-white reproduction,https://media.rkd.nl/iiif/10663511/full/max/0/default.jpg
267427,9332303,black and white photograph,https://media.rkd.nl/iiif/9332303/full/max/0/default.jpg
267433,10660032,digital image,https://media.rkd.nl/iiif/10660032/full/max/0/default.jpg
267433,10660029,digital image,https://media.rkd.nl/iiif/10660029/full/max/0/default.jpg
267435,10660234,digital image,https://media.rkd.nl/iiif/10660234/full/max/0/default.jpg
267439,10660241,digital image,https://media.rkd.nl/iiif/10660241/full/max/0/default.jpg
267449,10292392,black and white photograph,https://media.rkd.nl/iiif/10292392/full/max/0/default.jpg
267450,10660252,digital image,https://media.rkd.nl/iiif/10660252/full/max/0/default.jpg
267467,10660268,digital image,https://media.rkd.nl/iiif/10660268/full/max/0/default.jpg
267492,9332291,black and white photograph,https://media.rkd.nl/iiif/9332291/full/max/0/default.jpg
267495,9317847,black and white photograph,https://media.rkd.nl/iiif/9317847/full/max/0/default.jpg
267495,9317848,black and white photograph,https://media.rkd.nl/iiif/9317848/full/max/0/default.jpg
267496,9317849,brown photograph,https://media.rkd.nl/iiif/9317849/full/max/0/default.jpg
267496,9317850,brown photograph,https://media.rkd.nl/iiif/9317850/full/max/0/default.jpg
267497,10302826,black and white photograph,https://media.rkd.nl/iiif/10302826/full/max/0/default.jpg
267502,10288566,black and white photograph,https://media.rkd.nl/iiif/10288566/full/max/0/default.jpg
267505,10288570,black and white photograph,https://media.rkd.nl/iiif/10288570/full/max/0/default.jpg
267507,10288568,black and white photograph,https://media.rkd.nl/iiif/10288568/full/max/0/default.jpg
267509,10660310,digital image,https://media.rkd.nl/iiif/10660310/full/max/0/default.jpg
267548,9318321,digital image,https://media.rkd.nl/iiif/9318321/full/max/0/default.jpg
267549,9318322,digital image,https://media.rkd.nl/iiif/9318322/full/max/0/default.jpg
267552,9318325,digital image,https://media.rkd.nl/iiif/9318325/full/max/0/default.jpg
267554,9318327,digital image,https://media.rkd.nl/iiif/9318327/full/max/0/default.jpg
267558,9318331,digital image,https://media.rkd.nl/iiif/9318331/full/max/0/default.jpg
267570,9318343,digital image,https://media.rkd.nl/iiif/9318343/full/max/0/default.jpg
267573,9318346,digital image,https://media.rkd.nl/iiif/9318346/full/max/0/default.jpg
267575,9318348,digital image,https://media.rkd.nl/iiif/9318348/full/max/0/default.jpg
267576,9318349,digital image,https://media.rkd.nl/iiif/9318349/full/max/0/default.jpg
267577,9318350,digital image,https://media.rkd.nl/iiif/9318350/full/max/0/default.jpg
267585,9318358,digital image,https://media.rkd.nl/iiif/9318358/full/max/0/default.jpg
267587,9318360,digital image,https://media.rkd.nl/iiif/9318360/full/max/0/default.jpg
267588,9318361,digital image,https://media.rkd.nl/iiif/9318361/full/max/0/default.jpg
267626,9318399,digital image,https://media.rkd.nl/iiif/9318399/full/max/0/default.jpg
267628,9318401,digital image,https://media.rkd.nl/iiif/9318401/full/max/0/default.jpg
267638,9318411,digital image,https://media.rkd.nl/iiif/9318411/full/max/0/default.jpg
267641,9318414,digital image,https://media.rkd.nl/iiif/9318414/full/max/0/default.jpg
267642,9318415,digital image,https://media.rkd.nl/iiif/9318415/full/max/0/default.jpg
267644,9318417,digital image,https://media.rkd.nl/iiif/9318417/full/max/0/default.jpg
267652,9318425,digital image,https://media.rkd.nl/iiif/9318425/full/max/0/default.jpg
267653,9318426,digital image,https://media.rkd.nl/iiif/9318426/full/max/0/default.jpg
267665,9318438,digital image,https://media.rkd.nl/iiif/9318438/full/max/0/default.jpg
267666,9318439,digital image,https://media.rkd.nl/iiif/9318439/full/max/0/default.jpg
267670,9318443,digital image,https://media.rkd.nl/iiif/9318443/full/max/0/default.jpg
267673,10302943,digital image,https://media.rkd.nl/iiif/10302943/full/max/0/default.jpg
267674,10302944,digital image,https://media.rkd.nl/iiif/10302944/full/max/0/default.jpg
267692,10302962,digital image,https://media.rkd.nl/iiif/10302962/full/max/0/default.jpg
267705,10302975,digital image,https://media.rkd.nl/iiif/10302975/full/max/0/default.jpg
267710,10302980,digital image,https://media.rkd.nl/iiif/10302980/full/max/0/default.jpg
267711,10302981,digital image,https://media.rkd.nl/iiif/10302981/full/max/0/default.jpg
267718,10302988,digital image,https://media.rkd.nl/iiif/10302988/full/max/0/default.jpg
267721,10302991,digital image,https://media.rkd.nl/iiif/10302991/full/max/0/default.jpg
267723,10302993,digital image,https://media.rkd.nl/iiif/10302993/full/max/0/default.jpg
267726,10302996,digital image,https://media.rkd.nl/iiif/10302996/full/max/0/default.jpg
267727,10302997,digital image,https://media.rkd.nl/iiif/10302997/full/max/0/default.jpg
267731,10303001,digital image,https://media.rkd.nl/iiif/10303001/full/max/0/default.jpg
267782,10303051,digital image,https://media.rkd.nl/iiif/10303051/full/max/0/default.jpg
267802,10303070,digital image,https://media.rkd.nl/iiif/10303070/full/max/0/default.jpg
267838,10660351,digital image,https://media.rkd.nl/iiif/10660351/full/max/0/default.jpg
267842,10303097,digital image,https://media.rkd.nl/iiif/10303097/full/max/0/default.jpg
267843,10303098,digital image,https://media.rkd.nl/iiif/10303098/full/max/0/default.jpg
267849,10303104,digital image,https://media.rkd.nl/iiif/10303104/full/max/0/default.jpg
267850,10303105,digital image,https://media.rkd.nl/iiif/10303105/full/max/0/default.jpg
267851,10303106,digital image,https://media.rkd.nl/iiif/10303106/full/max/0/default.jpg
267852,10303107,digital image,https://media.rkd.nl/iiif/10303107/full/max/0/default.jpg
267862,10303116,digital image,https://media.rkd.nl/iiif/10303116/full/max/0/default.jpg
267866,10303120,digital image,https://media.rkd.nl/iiif/10303120/full/max/0/default.jpg
267870,10303124,digital image,https://media.rkd.nl/iiif/10303124/full/max/0/default.jpg
267874,10303128,digital image,https://media.rkd.nl/iiif/10303128/full/max/0/default.jpg
267887,10660364,digital image,https://media.rkd.nl/iiif/10660364/full/max/0/default.jpg
267925,10660409,digital image,https://media.rkd.nl/iiif/10660409/full/max/0/default.jpg
267925,10722586,photograph,https://media.rkd.nl/iiif/10722586/full/max/0/default.jpg
267926,10717916,digital image,https://media.rkd.nl/iiif/10717916/full/max/0/default.jpg
267926,10660411,digital image,https://media.rkd.nl/iiif/10660411/full/max/0/default.jpg
267926,10722587,photograph,https://media.rkd.nl/iiif/10722587/full/max/0/default.jpg
267935,10292393,black and white photograph,https://media.rkd.nl/iiif/10292393/full/max/0/default.jpg
267947,10352219,digital color photograph,https://media.rkd.nl/iiif/10352219/full/max/0/default.jpg
267951,10292397,black and white photograph,https://media.rkd.nl/iiif/10292397/full/max/0/default.jpg
267981,10660483,digital color photograph,https://media.rkd.nl/iiif/10660483/full/max/0/default.jpg
267981,10660484,digital color photograph,https://media.rkd.nl/iiif/10660484/full/max/0/default.jpg
268017,10790056,digital color photograph,https://media.rkd.nl/iiif/10790056/full/max/0/default.jpg
268028,10352218,digital color photograph,https://media.rkd.nl/iiif/10352218/full/max/0/default.jpg
268135,10302905,digital image,https://media.rkd.nl/iiif/10302905/full/max/0/default.jpg
268141,10660600,black-and-white reproduction,https://media.rkd.nl/iiif/10660600/full/max/0/default.jpg
268146,10660602,digital image,https://media.rkd.nl/iiif/10660602/full/max/0/default.jpg
268213,10660647,digital image,https://media.rkd.nl/iiif/10660647/full/max/0/default.jpg
268217,10660383,digital image,https://media.rkd.nl/iiif/10660383/full/max/0/default.jpg
268241,10660658,black and white photograph,https://media.rkd.nl/iiif/10660658/full/max/0/default.jpg
268256,10660669,color reproduction,https://media.rkd.nl/iiif/10660669/full/max/0/default.jpg
268260,10660666,digital image,https://media.rkd.nl/iiif/10660666/full/max/0/default.jpg
268277,10349165,digital color photograph,https://media.rkd.nl/iiif/10349165/full/max/0/default.jpg
268282,10349166,digital color photograph,https://media.rkd.nl/iiif/10349166/full/max/0/default.jpg
268284,10660687,digital image,https://media.rkd.nl/iiif/10660687/full/max/0/default.jpg
268293,10349168,digital color photograph,https://media.rkd.nl/iiif/10349168/full/max/0/default.jpg
268295,10349167,digital color photograph,https://media.rkd.nl/iiif/10349167/full/max/0/default.jpg
268309,10349155,digital color photograph,https://media.rkd.nl/iiif/10349155/full/max/0/default.jpg
268310,10349156,digital color photograph,https://media.rkd.nl/iiif/10349156/full/max/0/default.jpg
268314,10349159,digital color photograph,https://media.rkd.nl/iiif/10349159/full/max/0/default.jpg
268315,10349160,digital color photograph,https://media.rkd.nl/iiif/10349160/full/max/0/default.jpg
268316,10349161,digital color photograph,https://media.rkd.nl/iiif/10349161/full/max/0/default.jpg
268326,10349169,digital color photograph,https://media.rkd.nl/iiif/10349169/full/max/0/default.jpg
268330,10349170,digital color photograph,https://media.rkd.nl/iiif/10349170/full/max/0/default.jpg
268334,10349172,digital color photograph,https://media.rkd.nl/iiif/10349172/full/max/0/default.jpg
268336,10349173,digital color photograph,https://media.rkd.nl/iiif/10349173/full/max/0/default.jpg
268337,10349174,digital color photograph,https://media.rkd.nl/iiif/10349174/full/max/0/default.jpg
268338,10349175,digital color photograph,https://media.rkd.nl/iiif/10349175/full/max/0/default.jpg
268405,10790060,digital image,https://media.rkd.nl/iiif/10790060/full/max/0/default.jpg
268411,10349204,digital color photograph,https://media.rkd.nl/iiif/10349204/full/max/0/default.jpg
268413,10349205,digital color photograph,https://media.rkd.nl/iiif/10349205/full/max/0/default.jpg
268414,10349206,digital color photograph,https://media.rkd.nl/iiif/10349206/full/max/0/default.jpg
268415,10349207,digital color photograph,https://media.rkd.nl/iiif/10349207/full/max/0/default.jpg
268419,10349190,digital color photograph,https://media.rkd.nl/iiif/10349190/full/max/0/default.jpg
268425,10349192,digital color photograph,https://media.rkd.nl/iiif/10349192/full/max/0/default.jpg
268426,10349193,digital color photograph,https://media.rkd.nl/iiif/10349193/full/max/0/default.jpg
268427,10349194,digital color photograph,https://media.rkd.nl/iiif/10349194/full/max/0/default.jpg
268431,10349196,digital color photograph,https://media.rkd.nl/iiif/10349196/full/max/0/default.jpg
268439,10349184,digital color photograph,https://media.rkd.nl/iiif/10349184/full/max/0/default.jpg
268440,10349185,digital color photograph,https://media.rkd.nl/iiif/10349185/full/max/0/default.jpg
268441,10349186,digital color photograph,https://media.rkd.nl/iiif/10349186/full/max/0/default.jpg
268442,10349187,digital color photograph,https://media.rkd.nl/iiif/10349187/full/max/0/default.jpg
268445,10349189,digital color photograph,https://media.rkd.nl/iiif/10349189/full/max/0/default.jpg
268447,10349197,digital color photograph,https://media.rkd.nl/iiif/10349197/full/max/0/default.jpg
268449,10349199,digital color photograph,https://media.rkd.nl/iiif/10349199/full/max/0/default.jpg
268450,10349200,digital color photograph,https://media.rkd.nl/iiif/10349200/full/max/0/default.jpg
268451,10349201,digital color photograph,https://media.rkd.nl/iiif/10349201/full/max/0/default.jpg
268455,10349203,digital color photograph,https://media.rkd.nl/iiif/10349203/full/max/0/default.jpg
268463,10349182,digital color photograph,https://media.rkd.nl/iiif/10349182/full/max/0/default.jpg
268465,10349177,digital color photograph,https://media.rkd.nl/iiif/10349177/full/max/0/default.jpg
268466,10349178,digital color photograph,https://media.rkd.nl/iiif/10349178/full/max/0/default.jpg
268468,10349179,digital color photograph,https://media.rkd.nl/iiif/10349179/full/max/0/default.jpg
268469,10349180,digital color photograph,https://media.rkd.nl/iiif/10349180/full/max/0/default.jpg
268470,10349181,digital color photograph,https://media.rkd.nl/iiif/10349181/full/max/0/default.jpg
268481,10660811,black and white photograph,https://media.rkd.nl/iiif/10660811/full/max/0/default.jpg
268493,10660814,digital image,https://media.rkd.nl/iiif/10660814/full/max/0/default.jpg
268506,10349145,digital black-and-white photograph,https://media.rkd.nl/iiif/10349145/full/max/0/default.jpg
268511,10349146,digital black-and-white photograph,https://media.rkd.nl/iiif/10349146/full/max/0/default.jpg
268518,10349148,digital black-and-white photograph,https://media.rkd.nl/iiif/10349148/full/max/0/default.jpg
268526,10349150,digital black-and-white photograph,https://media.rkd.nl/iiif/10349150/full/max/0/default.jpg
268530,10349152,digital black-and-white photograph,https://media.rkd.nl/iiif/10349152/full/max/0/default.jpg
268532,10349153,digital black-and-white photograph,https://media.rkd.nl/iiif/10349153/full/max/0/default.jpg
268533,10349154,digital black-and-white photograph,https://media.rkd.nl/iiif/10349154/full/max/0/default.jpg
268550,10661247,digital image,https://media.rkd.nl/iiif/10661247/full/max/0/default.jpg
268551,10790072,digital image,https://media.rkd.nl/iiif/10790072/full/max/0/default.jpg
268562,10660854,digital image,https://media.rkd.nl/iiif/10660854/full/max/0/default.jpg
268568,10660855,digital image,https://media.rkd.nl/iiif/10660855/full/max/0/default.jpg
268569,10661722,digital image,https://media.rkd.nl/iiif/10661722/full/max/0/default.jpg
268569,10790073,digital image,https://media.rkd.nl/iiif/10790073/full/max/0/default.jpg
268577,10790074,digital image,https://media.rkd.nl/iiif/10790074/full/max/0/default.jpg
268585,10790077,digital image,https://media.rkd.nl/iiif/10790077/full/max/0/default.jpg
268586,10322436,digital image,https://media.rkd.nl/iiif/10322436/full/max/0/default.jpg
268587,10672190,digital image,https://media.rkd.nl/iiif/10672190/full/max/0/default.jpg
268587,10660858,digital image,https://media.rkd.nl/iiif/10660858/full/max/0/default.jpg
268600,10660878,color reproduction,https://media.rkd.nl/iiif/10660878/full/max/0/default.jpg
268612,10292405,brown photograph,https://media.rkd.nl/iiif/10292405/full/max/0/default.jpg
268613,10660882,color reproduction,https://media.rkd.nl/iiif/10660882/full/max/0/default.jpg
268651,10660911,digital image,https://media.rkd.nl/iiif/10660911/full/max/0/default.jpg
268651,10660912,digital image,https://media.rkd.nl/iiif/10660912/full/max/0/default.jpg
268683,10660955,digital image,https://media.rkd.nl/iiif/10660955/full/max/0/default.jpg
268683,10660956,digital image,https://media.rkd.nl/iiif/10660956/full/max/0/default.jpg
268687,10790094,digital image,https://media.rkd.nl/iiif/10790094/full/max/0/default.jpg
268687,10790095,digital image,https://media.rkd.nl/iiif/10790095/full/max/0/default.jpg
268691,10322183,digital image,https://media.rkd.nl/iiif/10322183/full/max/0/default.jpg
268694,10322196,digital image,https://media.rkd.nl/iiif/10322196/full/max/0/default.jpg
268738,10292410,black-and-white reproduction,https://media.rkd.nl/iiif/10292410/full/max/0/default.jpg
268740,10661020,digital color photograph,https://media.rkd.nl/iiif/10661020/full/max/0/default.jpg
268742,10670457,digital image,https://media.rkd.nl/iiif/10670457/full/max/0/default.jpg
268742,10790097,digital image,https://media.rkd.nl/iiif/10790097/full/max/0/default.jpg
268748,10790099,digital image,https://media.rkd.nl/iiif/10790099/full/max/0/default.jpg
268843,10663863,digital image,https://media.rkd.nl/iiif/10663863/full/max/0/default.jpg
268870,10322604,digital image,https://media.rkd.nl/iiif/10322604/full/max/0/default.jpg
268873,10292416,black and white photograph,https://media.rkd.nl/iiif/10292416/full/max/0/default.jpg
268899,10292421,black and white photograph,https://media.rkd.nl/iiif/10292421/full/max/0/default.jpg
268900,10666291,digital image,https://media.rkd.nl/iiif/10666291/full/max/0/default.jpg
268910,10306760,digital image,https://media.rkd.nl/iiif/10306760/full/max/0/default.jpg
268910,10292422,black and white photograph,https://media.rkd.nl/iiif/10292422/full/max/0/default.jpg
268912,10306762,digital image,https://media.rkd.nl/iiif/10306762/full/max/0/default.jpg
268912,10292423,black and white photograph,https://media.rkd.nl/iiif/10292423/full/max/0/default.jpg
268935,10349227,digital color photograph,https://media.rkd.nl/iiif/10349227/full/max/0/default.jpg
268936,10349228,digital color photograph,https://media.rkd.nl/iiif/10349228/full/max/0/default.jpg
268938,10349229,digital color photograph,https://media.rkd.nl/iiif/10349229/full/max/0/default.jpg
268940,10349230,digital color photograph,https://media.rkd.nl/iiif/10349230/full/max/0/default.jpg
268941,10349231,digital color photograph,https://media.rkd.nl/iiif/10349231/full/max/0/default.jpg
268960,10349214,digital color photograph,https://media.rkd.nl/iiif/10349214/full/max/0/default.jpg
268970,10661230,color reproduction,https://media.rkd.nl/iiif/10661230/full/max/0/default.jpg
268972,10663540,black-and-white reproduction,https://media.rkd.nl/iiif/10663540/full/max/0/default.jpg
268986,10661250,digital image,https://media.rkd.nl/iiif/10661250/full/max/0/default.jpg
268986,10661251,digital image,https://media.rkd.nl/iiif/10661251/full/max/0/default.jpg
268996,10321866,digital image,https://media.rkd.nl/iiif/10321866/full/max/0/default.jpg
269001,10661264,digital image,https://media.rkd.nl/iiif/10661264/full/max/0/default.jpg
269002,10661271,digital image,https://media.rkd.nl/iiif/10661271/full/max/0/default.jpg
269003,10661272,digital color photograph,https://media.rkd.nl/iiif/10661272/full/max/0/default.jpg
269009,10661276,digital image,https://media.rkd.nl/iiif/10661276/full/max/0/default.jpg
269012,10790115,digital image,https://media.rkd.nl/iiif/10790115/full/max/0/default.jpg
269013,10790117,digital image,https://media.rkd.nl/iiif/10790117/full/max/0/default.jpg
269017,10291570,black and white photograph,https://media.rkd.nl/iiif/10291570/full/max/0/default.jpg
269031,10291571,black and white photograph,https://media.rkd.nl/iiif/10291571/full/max/0/default.jpg
269054,10349260,digital color photograph,https://media.rkd.nl/iiif/10349260/full/max/0/default.jpg
269065,10291572,black and white photograph,https://media.rkd.nl/iiif/10291572/full/max/0/default.jpg
269069,10661334,digital image,https://media.rkd.nl/iiif/10661334/full/max/0/default.jpg
269070,10349215,digital color photograph,https://media.rkd.nl/iiif/10349215/full/max/0/default.jpg
269071,10349216,digital color photograph,https://media.rkd.nl/iiif/10349216/full/max/0/default.jpg
269072,10349217,digital color photograph,https://media.rkd.nl/iiif/10349217/full/max/0/default.jpg
269089,10349240,digital color photograph,https://media.rkd.nl/iiif/10349240/full/max/0/default.jpg
269107,10349242,digital color photograph,https://media.rkd.nl/iiif/10349242/full/max/0/default.jpg
269108,10349243,digital color photograph,https://media.rkd.nl/iiif/10349243/full/max/0/default.jpg
269111,10349245,digital color photograph,https://media.rkd.nl/iiif/10349245/full/max/0/default.jpg
269120,10661380,digital image,https://media.rkd.nl/iiif/10661380/full/max/0/default.jpg
269124,10349223,digital color photograph,https://media.rkd.nl/iiif/10349223/full/max/0/default.jpg
269126,10349224,digital color photograph,https://media.rkd.nl/iiif/10349224/full/max/0/default.jpg
269127,10349218,digital color photograph,https://media.rkd.nl/iiif/10349218/full/max/0/default.jpg
269130,10349220,digital color photograph,https://media.rkd.nl/iiif/10349220/full/max/0/default.jpg
269137,10349253,digital color photograph,https://media.rkd.nl/iiif/10349253/full/max/0/default.jpg
269139,10349254,digital color photograph,https://media.rkd.nl/iiif/10349254/full/max/0/default.jpg
269141,10349255,digital color photograph,https://media.rkd.nl/iiif/10349255/full/max/0/default.jpg
269142,10349256,digital color photograph,https://media.rkd.nl/iiif/10349256/full/max/0/default.jpg
269144,10349258,digital color photograph,https://media.rkd.nl/iiif/10349258/full/max/0/default.jpg
269201,10661436,brown photograph,https://media.rkd.nl/iiif/10661436/full/max/0/default.jpg
269210,9318126,brown photograph,https://media.rkd.nl/iiif/9318126/full/max/0/default.jpg
269215,10291579,black and white photograph,https://media.rkd.nl/iiif/10291579/full/max/0/default.jpg
269219,10292429,digital image,https://media.rkd.nl/iiif/10292429/full/max/0/default.jpg
269225,9309291,digital color photograph,https://media.rkd.nl/iiif/9309291/full/max/0/default.jpg
269257,9309288,digital color photograph,https://media.rkd.nl/iiif/9309288/full/max/0/default.jpg
269258,10661498,digital image,https://media.rkd.nl/iiif/10661498/full/max/0/default.jpg
269265,9309249,digital color photograph,https://media.rkd.nl/iiif/9309249/full/max/0/default.jpg
269281,10291582,black and white photograph,https://media.rkd.nl/iiif/10291582/full/max/0/default.jpg
269286,10291583,black and white photograph,https://media.rkd.nl/iiif/10291583/full/max/0/default.jpg
269291,9318172,brown photograph,https://media.rkd.nl/iiif/9318172/full/max/0/default.jpg
269297,10661530,digital image,https://media.rkd.nl/iiif/10661530/full/max/0/default.jpg
269301,10349247,digital color photograph,https://media.rkd.nl/iiif/10349247/full/max/0/default.jpg
269302,10349248,digital color photograph,https://media.rkd.nl/iiif/10349248/full/max/0/default.jpg
269304,10349249,digital color photograph,https://media.rkd.nl/iiif/10349249/full/max/0/default.jpg
269307,10349252,digital color photograph,https://media.rkd.nl/iiif/10349252/full/max/0/default.jpg
269327,10676407,digital image,https://media.rkd.nl/iiif/10676407/full/max/0/default.jpg
269328,10349233,digital color photograph,https://media.rkd.nl/iiif/10349233/full/max/0/default.jpg
269329,10349234,digital color photograph,https://media.rkd.nl/iiif/10349234/full/max/0/default.jpg
269330,10349235,digital color photograph,https://media.rkd.nl/iiif/10349235/full/max/0/default.jpg
269332,10349236,digital color photograph,https://media.rkd.nl/iiif/10349236/full/max/0/default.jpg
269334,10661549,digital image,https://media.rkd.nl/iiif/10661549/full/max/0/default.jpg
269335,9309319,digital color photograph,https://media.rkd.nl/iiif/9309319/full/max/0/default.jpg
269336,10349238,digital color photograph,https://media.rkd.nl/iiif/10349238/full/max/0/default.jpg
269352,10661563,digital image,https://media.rkd.nl/iiif/10661563/full/max/0/default.jpg
269354,9309305,digital color photograph,https://media.rkd.nl/iiif/9309305/full/max/0/default.jpg
269388,9309359,digital color photograph,https://media.rkd.nl/iiif/9309359/full/max/0/default.jpg
269395,9309360,digital color photograph,https://media.rkd.nl/iiif/9309360/full/max/0/default.jpg
269396,10631148,BD/Digital Collection,https://media.rkd.nl/iiif/10631148/full/max/0/default.jpg
269396,10291587,black and white photograph,https://media.rkd.nl/iiif/10291587/full/max/0/default.jpg
269412,9309263,digital color photograph,https://media.rkd.nl/iiif/9309263/full/max/0/default.jpg
269418,10661621,digital image,https://media.rkd.nl/iiif/10661621/full/max/0/default.jpg
269418,10661622,digital image,https://media.rkd.nl/iiif/10661622/full/max/0/default.jpg
269419,10661624,digital image,https://media.rkd.nl/iiif/10661624/full/max/0/default.jpg
269419,10661625,digital image,https://media.rkd.nl/iiif/10661625/full/max/0/default.jpg
269422,10291607,black and white photograph,https://media.rkd.nl/iiif/10291607/full/max/0/default.jpg
269426,10661632,digital color photograph,https://media.rkd.nl/iiif/10661632/full/max/0/default.jpg
269432,9332277,black and white photograph,https://media.rkd.nl/iiif/9332277/full/max/0/default.jpg
269433,9332276,black and white photograph,https://media.rkd.nl/iiif/9332276/full/max/0/default.jpg
269434,9332274,black and white photograph,https://media.rkd.nl/iiif/9332274/full/max/0/default.jpg
269435,9332275,black and white photograph,https://media.rkd.nl/iiif/9332275/full/max/0/default.jpg
269436,9332272,black and white photograph,https://media.rkd.nl/iiif/9332272/full/max/0/default.jpg
269444,9331423,black and white photograph,https://media.rkd.nl/iiif/9331423/full/max/0/default.jpg
269445,9331422,black and white photograph,https://media.rkd.nl/iiif/9331422/full/max/0/default.jpg
269477,10661680,digital color photograph,https://media.rkd.nl/iiif/10661680/full/max/0/default.jpg
269483,10661688,digital image,https://media.rkd.nl/iiif/10661688/full/max/0/default.jpg
269487,10661696,digital image,https://media.rkd.nl/iiif/10661696/full/max/0/default.jpg
269502,10661709,digital image,https://media.rkd.nl/iiif/10661709/full/max/0/default.jpg
269504,10661703,digital image,https://media.rkd.nl/iiif/10661703/full/max/0/default.jpg
269507,10349261,digital black-and-white photograph,https://media.rkd.nl/iiif/10349261/full/max/0/default.jpg
269508,10349262,digital black-and-white photograph,https://media.rkd.nl/iiif/10349262/full/max/0/default.jpg
269509,10349263,digital black-and-white photograph,https://media.rkd.nl/iiif/10349263/full/max/0/default.jpg
269514,10291592,black and white photograph,https://media.rkd.nl/iiif/10291592/full/max/0/default.jpg
269516,10661717,digital image,https://media.rkd.nl/iiif/10661717/full/max/0/default.jpg
269516,10661719,digital image,https://media.rkd.nl/iiif/10661719/full/max/0/default.jpg
269516,10661720,digital image,https://media.rkd.nl/iiif/10661720/full/max/0/default.jpg
269525,10661732,black-and-white reproduction,https://media.rkd.nl/iiif/10661732/full/max/0/default.jpg
269538,10661745,black-and-white reproduction,https://media.rkd.nl/iiif/10661745/full/max/0/default.jpg
269542,10682577,digital image,https://media.rkd.nl/iiif/10682577/full/max/0/default.jpg
269542,10661741,digital image,https://media.rkd.nl/iiif/10661741/full/max/0/default.jpg
269566,10321943,digital image,https://media.rkd.nl/iiif/10321943/full/max/0/default.jpg
269578,10291590,black and white photograph,https://media.rkd.nl/iiif/10291590/full/max/0/default.jpg
269585,10661791,digital image,https://media.rkd.nl/iiif/10661791/full/max/0/default.jpg
269586,10661795,digital image,https://media.rkd.nl/iiif/10661795/full/max/0/default.jpg
269586,10661796,digital image,https://media.rkd.nl/iiif/10661796/full/max/0/default.jpg
269593,10661797,digital image,https://media.rkd.nl/iiif/10661797/full/max/0/default.jpg
269600,10661806,digital image,https://media.rkd.nl/iiif/10661806/full/max/0/default.jpg
269602,10349118,digital image,https://media.rkd.nl/iiif/10349118/full/max/0/default.jpg
269603,10349119,digital image,https://media.rkd.nl/iiif/10349119/full/max/0/default.jpg
269607,10661811,digital image,https://media.rkd.nl/iiif/10661811/full/max/0/default.jpg
269620,10291593,black and white photograph,https://media.rkd.nl/iiif/10291593/full/max/0/default.jpg
269630,10291594,black and white photograph,https://media.rkd.nl/iiif/10291594/full/max/0/default.jpg
269639,10661849,digital color photograph,https://media.rkd.nl/iiif/10661849/full/max/0/default.jpg
269643,10681293,digital image,https://media.rkd.nl/iiif/10681293/full/max/0/default.jpg
269643,10663147,digital image,https://media.rkd.nl/iiif/10663147/full/max/0/default.jpg
269643,10661853,black and white photograph,https://media.rkd.nl/iiif/10661853/full/max/0/default.jpg
269671,10291692,black and white photograph,https://media.rkd.nl/iiif/10291692/full/max/0/default.jpg
269672,10661886,digital color photograph,https://media.rkd.nl/iiif/10661886/full/max/0/default.jpg
269677,10661894,digital color photograph,https://media.rkd.nl/iiif/10661894/full/max/0/default.jpg
269677,10661895,digital color photograph,https://media.rkd.nl/iiif/10661895/full/max/0/default.jpg
269683,10661905,digital image,https://media.rkd.nl/iiif/10661905/full/max/0/default.jpg
269684,10661903,digital image,https://media.rkd.nl/iiif/10661903/full/max/0/default.jpg
269685,10661907,digital image,https://media.rkd.nl/iiif/10661907/full/max/0/default.jpg
269688,10661910,digital color photograph,https://media.rkd.nl/iiif/10661910/full/max/0/default.jpg
269688,10661911,black-and-white reproduction,https://media.rkd.nl/iiif/10661911/full/max/0/default.jpg
269689,10661914,digital image,https://media.rkd.nl/iiif/10661914/full/max/0/default.jpg
269694,10291608,black and white photograph,https://media.rkd.nl/iiif/10291608/full/max/0/default.jpg
269715,10657202,digital image,https://media.rkd.nl/iiif/10657202/full/max/0/default.jpg
269717,10657201,digital image,https://media.rkd.nl/iiif/10657201/full/max/0/default.jpg
269719,10322580,digital image,https://media.rkd.nl/iiif/10322580/full/max/0/default.jpg
269723,10322594,digital image,https://media.rkd.nl/iiif/10322594/full/max/0/default.jpg
269728,10291601,black and white photograph,https://media.rkd.nl/iiif/10291601/full/max/0/default.jpg
269731,10291603,black and white photograph,https://media.rkd.nl/iiif/10291603/full/max/0/default.jpg
269735,10322571,digital image,https://media.rkd.nl/iiif/10322571/full/max/0/default.jpg
269738,10322570,digital image,https://media.rkd.nl/iiif/10322570/full/max/0/default.jpg
269741,10661982,black and white photograph,https://media.rkd.nl/iiif/10661982/full/max/0/default.jpg
269761,10790129,color reproduction,https://media.rkd.nl/iiif/10790129/full/max/0/default.jpg
269767,10662017,black and white photograph,https://media.rkd.nl/iiif/10662017/full/max/0/default.jpg
269767,10291609,black and white photograph,https://media.rkd.nl/iiif/10291609/full/max/0/default.jpg
269769,10662015,digital image,https://media.rkd.nl/iiif/10662015/full/max/0/default.jpg
269770,10662018,digital color photograph,https://media.rkd.nl/iiif/10662018/full/max/0/default.jpg
269771,10291610,black and white photograph,https://media.rkd.nl/iiif/10291610/full/max/0/default.jpg
269774,10291611,black and white photograph,https://media.rkd.nl/iiif/10291611/full/max/0/default.jpg
269777,10662023,black and white photograph,https://media.rkd.nl/iiif/10662023/full/max/0/default.jpg
269777,10291612,black and white photograph,https://media.rkd.nl/iiif/10291612/full/max/0/default.jpg
269779,10662026,digital image,https://media.rkd.nl/iiif/10662026/full/max/0/default.jpg
269779,10662027,digital image,https://media.rkd.nl/iiif/10662027/full/max/0/default.jpg
269781,10291613,black and white photograph,https://media.rkd.nl/iiif/10291613/full/max/0/default.jpg
269782,10662024,digital image,https://media.rkd.nl/iiif/10662024/full/max/0/default.jpg
269783,10662031,black and white photograph,https://media.rkd.nl/iiif/10662031/full/max/0/default.jpg
269783,10291614,black and white photograph,https://media.rkd.nl/iiif/10291614/full/max/0/default.jpg
269789,10790136,black-and-white reproduction,https://media.rkd.nl/iiif/10790136/full/max/0/default.jpg
269789,10790137,black and white photograph,https://media.rkd.nl/iiif/10790137/full/max/0/default.jpg
269802,10662058,digital image,https://media.rkd.nl/iiif/10662058/full/max/0/default.jpg
269802,10662059,digital image,https://media.rkd.nl/iiif/10662059/full/max/0/default.jpg
269807,10662057,digital image,https://media.rkd.nl/iiif/10662057/full/max/0/default.jpg
269812,10662067,digital image,https://media.rkd.nl/iiif/10662067/full/max/0/default.jpg
269836,10662118,black-and-white reproduction,https://media.rkd.nl/iiif/10662118/full/max/0/default.jpg
269846,10322585,digital image,https://media.rkd.nl/iiif/10322585/full/max/0/default.jpg
269850,10662126,color reproduction,https://media.rkd.nl/iiif/10662126/full/max/0/default.jpg
269856,10662129,black and white photograph,https://media.rkd.nl/iiif/10662129/full/max/0/default.jpg
269858,10662133,digital image,https://media.rkd.nl/iiif/10662133/full/max/0/default.jpg
269883,10322541,digital image,https://media.rkd.nl/iiif/10322541/full/max/0/default.jpg
269884,10322641,digital image,https://media.rkd.nl/iiif/10322641/full/max/0/default.jpg
269900,10291618,black and white photograph,https://media.rkd.nl/iiif/10291618/full/max/0/default.jpg
269903,10291619,black and white photograph,https://media.rkd.nl/iiif/10291619/full/max/0/default.jpg
269937,10662245,digital image,https://media.rkd.nl/iiif/10662245/full/max/0/default.jpg
269954,10662269,digital image,https://media.rkd.nl/iiif/10662269/full/max/0/default.jpg
269967,10662277,digital image,https://media.rkd.nl/iiif/10662277/full/max/0/default.jpg
269973,10662282,color reproduction,https://media.rkd.nl/iiif/10662282/full/max/0/default.jpg
269974,10662281,digital image,https://media.rkd.nl/iiif/10662281/full/max/0/default.jpg
269976,10291620,black and white photograph,https://media.rkd.nl/iiif/10291620/full/max/0/default.jpg
269982,10662293,digital color photograph,https://media.rkd.nl/iiif/10662293/full/max/0/default.jpg
269986,10662297,digital image,https://media.rkd.nl/iiif/10662297/full/max/0/default.jpg
270024,9970841,color photograph,https://media.rkd.nl/iiif/9970841/full/max/0/default.jpg
270026,9970842,black and white photograph,https://media.rkd.nl/iiif/9970842/full/max/0/default.jpg
270027,10662342,color reproduction,https://media.rkd.nl/iiif/10662342/full/max/0/default.jpg
270033,10662349,black and white photograph,https://media.rkd.nl/iiif/10662349/full/max/0/default.jpg
270033,10291622,black and white photograph,https://media.rkd.nl/iiif/10291622/full/max/0/default.jpg
270053,10321925,digital image,https://media.rkd.nl/iiif/10321925/full/max/0/default.jpg
270060,10662388,digital image,https://media.rkd.nl/iiif/10662388/full/max/0/default.jpg
270066,10291623,black and white photograph,https://media.rkd.nl/iiif/10291623/full/max/0/default.jpg
270069,10291648,black and white photograph,https://media.rkd.nl/iiif/10291648/full/max/0/default.jpg
270090,10662434,digital image,https://media.rkd.nl/iiif/10662434/full/max/0/default.jpg
270090,10662435,digital image,https://media.rkd.nl/iiif/10662435/full/max/0/default.jpg
270125,10663069,digital image,https://media.rkd.nl/iiif/10663069/full/max/0/default.jpg
270125,10662493,digital image,https://media.rkd.nl/iiif/10662493/full/max/0/default.jpg
270134,10662514,digital image,https://media.rkd.nl/iiif/10662514/full/max/0/default.jpg
270141,10662530,digital image,https://media.rkd.nl/iiif/10662530/full/max/0/default.jpg
270148,10291649,black-and-white reproduction,https://media.rkd.nl/iiif/10291649/full/max/0/default.jpg
270149,10662533,digital image,https://media.rkd.nl/iiif/10662533/full/max/0/default.jpg
270150,10662537,digital image,https://media.rkd.nl/iiif/10662537/full/max/0/default.jpg
270153,10790156,black-and-white reproduction,https://media.rkd.nl/iiif/10790156/full/max/0/default.jpg
270157,10662546,black-and-white reproduction,https://media.rkd.nl/iiif/10662546/full/max/0/default.jpg
270178,10662577,black and white photograph,https://media.rkd.nl/iiif/10662577/full/max/0/default.jpg
270182,10790158,black and white photograph,https://media.rkd.nl/iiif/10790158/full/max/0/default.jpg
270184,10662580,black and white photograph,https://media.rkd.nl/iiif/10662580/full/max/0/default.jpg
270191,10662586,digital image,https://media.rkd.nl/iiif/10662586/full/max/0/default.jpg
270195,10662591,digital image,https://media.rkd.nl/iiif/10662591/full/max/0/default.jpg
270207,10662604,digital image,https://media.rkd.nl/iiif/10662604/full/max/0/default.jpg
270222,10662658,digital image,https://media.rkd.nl/iiif/10662658/full/max/0/default.jpg
270235,10662699,digital image,https://media.rkd.nl/iiif/10662699/full/max/0/default.jpg
270243,10662713,digital image,https://media.rkd.nl/iiif/10662713/full/max/0/default.jpg
270259,10662751,digital image,https://media.rkd.nl/iiif/10662751/full/max/0/default.jpg
270261,10662753,black and white photograph,https://media.rkd.nl/iiif/10662753/full/max/0/default.jpg
270263,10662759,digital image,https://media.rkd.nl/iiif/10662759/full/max/0/default.jpg
270279,10790166,black-and-white reproduction,https://media.rkd.nl/iiif/10790166/full/max/0/default.jpg
270285,10790168,black-and-white reproduction,https://media.rkd.nl/iiif/10790168/full/max/0/default.jpg
270288,10790169,black-and-white reproduction,https://media.rkd.nl/iiif/10790169/full/max/0/default.jpg
270292,10662809,black-and-white reproduction,https://media.rkd.nl/iiif/10662809/full/max/0/default.jpg
270302,10662817,black-and-white reproduction,https://media.rkd.nl/iiif/10662817/full/max/0/default.jpg
270310,10662822,black and white photograph,https://media.rkd.nl/iiif/10662822/full/max/0/default.jpg
270312,10790171,color reproduction,https://media.rkd.nl/iiif/10790171/full/max/0/default.jpg
270314,10305259,digital image,https://media.rkd.nl/iiif/10305259/full/max/0/default.jpg
270322,10305267,digital image,https://media.rkd.nl/iiif/10305267/full/max/0/default.jpg
270373,10662895,digital image,https://media.rkd.nl/iiif/10662895/full/max/0/default.jpg
270375,9318500,black-and-white reproduction,https://media.rkd.nl/iiif/9318500/full/max/0/default.jpg
270382,10662916,digital image,https://media.rkd.nl/iiif/10662916/full/max/0/default.jpg
270386,10662920,black-and-white reproduction,https://media.rkd.nl/iiif/10662920/full/max/0/default.jpg
270388,10790185,black-and-white reproduction,https://media.rkd.nl/iiif/10790185/full/max/0/default.jpg
270395,10662930,color reproduction,https://media.rkd.nl/iiif/10662930/full/max/0/default.jpg
270396,10662931,digital image,https://media.rkd.nl/iiif/10662931/full/max/0/default.jpg
270396,10662932,digital image,https://media.rkd.nl/iiif/10662932/full/max/0/default.jpg
270399,10662940,black-and-white reproduction,https://media.rkd.nl/iiif/10662940/full/max/0/default.jpg
270405,10790188,black-and-white reproduction,https://media.rkd.nl/iiif/10790188/full/max/0/default.jpg
270410,10662954,digital image,https://media.rkd.nl/iiif/10662954/full/max/0/default.jpg
270412,10662960,digital image,https://media.rkd.nl/iiif/10662960/full/max/0/default.jpg
270413,10662961,digital image,https://media.rkd.nl/iiif/10662961/full/max/0/default.jpg
270427,10662978,digital image,https://media.rkd.nl/iiif/10662978/full/max/0/default.jpg
270431,10662993,digital image,https://media.rkd.nl/iiif/10662993/full/max/0/default.jpg
270501,10663082,digital image,https://media.rkd.nl/iiif/10663082/full/max/0/default.jpg
270505,10663085,digital image,https://media.rkd.nl/iiif/10663085/full/max/0/default.jpg
270505,10663086,digital image,https://media.rkd.nl/iiif/10663086/full/max/0/default.jpg
270511,10663101,black-and-white reproduction,https://media.rkd.nl/iiif/10663101/full/max/0/default.jpg
270514,10663112,black-and-white reproduction,https://media.rkd.nl/iiif/10663112/full/max/0/default.jpg
270520,10663119,digital image,https://media.rkd.nl/iiif/10663119/full/max/0/default.jpg
270534,10663142,digital image,https://media.rkd.nl/iiif/10663142/full/max/0/default.jpg
270536,10663139,digital image,https://media.rkd.nl/iiif/10663139/full/max/0/default.jpg
270538,10663127,digital image,https://media.rkd.nl/iiif/10663127/full/max/0/default.jpg
270540,10663149,black-and-white reproduction,https://media.rkd.nl/iiif/10663149/full/max/0/default.jpg
270543,10663150,black-and-white reproduction,https://media.rkd.nl/iiif/10663150/full/max/0/default.jpg
270556,10685256,color reproduction,https://media.rkd.nl/iiif/10685256/full/max/0/default.jpg
270556,10790211,digital image,https://media.rkd.nl/iiif/10790211/full/max/0/default.jpg
270559,10663167,digital image,https://media.rkd.nl/iiif/10663167/full/max/0/default.jpg
270572,10663186,digital image,https://media.rkd.nl/iiif/10663186/full/max/0/default.jpg
270572,10663187,digital image,https://media.rkd.nl/iiif/10663187/full/max/0/default.jpg
270591,10291653,black and white photograph,https://media.rkd.nl/iiif/10291653/full/max/0/default.jpg
270601,10675419,digital image,https://media.rkd.nl/iiif/10675419/full/max/0/default.jpg
270609,10663230,digital image,https://media.rkd.nl/iiif/10663230/full/max/0/default.jpg
270611,10663236,digital image,https://media.rkd.nl/iiif/10663236/full/max/0/default.jpg
270614,10291654,black and white photograph,https://media.rkd.nl/iiif/10291654/full/max/0/default.jpg
270615,10663242,digital image,https://media.rkd.nl/iiif/10663242/full/max/0/default.jpg
270618,10663247,digital image,https://media.rkd.nl/iiif/10663247/full/max/0/default.jpg
270618,10663248,digital image,https://media.rkd.nl/iiif/10663248/full/max/0/default.jpg
270619,10663249,digital image,https://media.rkd.nl/iiif/10663249/full/max/0/default.jpg
270619,10663250,digital image,https://media.rkd.nl/iiif/10663250/full/max/0/default.jpg
270625,10663261,digital image,https://media.rkd.nl/iiif/10663261/full/max/0/default.jpg
270636,10663274,digital image,https://media.rkd.nl/iiif/10663274/full/max/0/default.jpg
270636,10663275,digital image,https://media.rkd.nl/iiif/10663275/full/max/0/default.jpg
270638,10663277,digital color photograph,https://media.rkd.nl/iiif/10663277/full/max/0/default.jpg
270641,9329791,digital color photograph,https://media.rkd.nl/iiif/9329791/full/max/0/default.jpg
270643,10322513,digital image,https://media.rkd.nl/iiif/10322513/full/max/0/default.jpg
270689,10790216,color reproduction,https://media.rkd.nl/iiif/10790216/full/max/0/default.jpg
270692,10790217,black-and-white reproduction,https://media.rkd.nl/iiif/10790217/full/max/0/default.jpg
270696,10663341,digital image,https://media.rkd.nl/iiif/10663341/full/max/0/default.jpg
270699,10663342,digital image,https://media.rkd.nl/iiif/10663342/full/max/0/default.jpg
270703,10663355,black-and-white reproduction,https://media.rkd.nl/iiif/10663355/full/max/0/default.jpg
270704,10663353,digital image,https://media.rkd.nl/iiif/10663353/full/max/0/default.jpg
270717,10663340,digital image,https://media.rkd.nl/iiif/10663340/full/max/0/default.jpg
270717,10719165,color reproduction,https://media.rkd.nl/iiif/10719165/full/max/0/default.jpg
270721,10663379,digital image,https://media.rkd.nl/iiif/10663379/full/max/0/default.jpg
270734,10663408,black-and-white reproduction,https://media.rkd.nl/iiif/10663408/full/max/0/default.jpg
270737,10790219,black-and-white reproduction,https://media.rkd.nl/iiif/10790219/full/max/0/default.jpg
270740,10790221,digital image,https://media.rkd.nl/iiif/10790221/full/max/0/default.jpg
270740,10790220,black-and-white reproduction,https://media.rkd.nl/iiif/10790220/full/max/0/default.jpg
270744,10663424,black and white photograph,https://media.rkd.nl/iiif/10663424/full/max/0/default.jpg
270746,10663428,black and white photograph,https://media.rkd.nl/iiif/10663428/full/max/0/default.jpg
270754,10663448,color reproduction,https://media.rkd.nl/iiif/10663448/full/max/0/default.jpg
270762,10663460,digital image,https://media.rkd.nl/iiif/10663460/full/max/0/default.jpg
270762,10663461,digital image,https://media.rkd.nl/iiif/10663461/full/max/0/default.jpg
270764,10663462,digital image,https://media.rkd.nl/iiif/10663462/full/max/0/default.jpg
270764,10663463,digital image,https://media.rkd.nl/iiif/10663463/full/max/0/default.jpg
270769,10866847,digital image,https://media.rkd.nl/iiif/10866847/full/max/0/default.jpg
270772,10687172,digital image,https://media.rkd.nl/iiif/10687172/full/max/0/default.jpg
270772,10687173,digital image,https://media.rkd.nl/iiif/10687173/full/max/0/default.jpg
270772,10790223,black-and-white reproduction,https://media.rkd.nl/iiif/10790223/full/max/0/default.jpg
270773,10687155,color reproduction,https://media.rkd.nl/iiif/10687155/full/max/0/default.jpg
270773,10687175,digital image,https://media.rkd.nl/iiif/10687175/full/max/0/default.jpg
270773,10790224,black-and-white reproduction,https://media.rkd.nl/iiif/10790224/full/max/0/default.jpg
270778,10663481,digital image,https://media.rkd.nl/iiif/10663481/full/max/0/default.jpg
270781,10663482,digital image,https://media.rkd.nl/iiif/10663482/full/max/0/default.jpg
270781,10663483,digital image,https://media.rkd.nl/iiif/10663483/full/max/0/default.jpg
270787,10790228,digital image,https://media.rkd.nl/iiif/10790228/full/max/0/default.jpg
270789,10663504,digital image,https://media.rkd.nl/iiif/10663504/full/max/0/default.jpg
270795,10663550,black and white photograph,https://media.rkd.nl/iiif/10663550/full/max/0/default.jpg
270799,10663554,black and white photograph,https://media.rkd.nl/iiif/10663554/full/max/0/default.jpg
270810,10790230,black-and-white reproduction,https://media.rkd.nl/iiif/10790230/full/max/0/default.jpg
270817,10322545,digital image,https://media.rkd.nl/iiif/10322545/full/max/0/default.jpg
270845,10352395,digital black-and-white photograph,https://media.rkd.nl/iiif/10352395/full/max/0/default.jpg
270868,10321809,digital image,https://media.rkd.nl/iiif/10321809/full/max/0/default.jpg
270890,10663834,color reproduction,https://media.rkd.nl/iiif/10663834/full/max/0/default.jpg
270897,10663847,color reproduction,https://media.rkd.nl/iiif/10663847/full/max/0/default.jpg
270916,10663601,digital image,https://media.rkd.nl/iiif/10663601/full/max/0/default.jpg
270921,10665302,digital color photograph,https://media.rkd.nl/iiif/10665302/full/max/0/default.jpg
270923,10666307,digital image,https://media.rkd.nl/iiif/10666307/full/max/0/default.jpg
270932,10663632,digital color photograph,https://media.rkd.nl/iiif/10663632/full/max/0/default.jpg
270947,10663568,color reproduction,https://media.rkd.nl/iiif/10663568/full/max/0/default.jpg
270951,10663561,digital image,https://media.rkd.nl/iiif/10663561/full/max/0/default.jpg
270956,10790231,color reproduction,https://media.rkd.nl/iiif/10790231/full/max/0/default.jpg
270977,10292433,digital color photograph,https://media.rkd.nl/iiif/10292433/full/max/0/default.jpg
270980,10292435,digital color photograph,https://media.rkd.nl/iiif/10292435/full/max/0/default.jpg
270984,10790239,digital image,https://media.rkd.nl/iiif/10790239/full/max/0/default.jpg
270998,10663687,digital image,https://media.rkd.nl/iiif/10663687/full/max/0/default.jpg
271009,10663720,digital image,https://media.rkd.nl/iiif/10663720/full/max/0/default.jpg
271010,10663721,digital color photograph,https://media.rkd.nl/iiif/10663721/full/max/0/default.jpg
271043,10322160,digital image,https://media.rkd.nl/iiif/10322160/full/max/0/default.jpg
271045,10663770,digital image,https://media.rkd.nl/iiif/10663770/full/max/0/default.jpg
271047,10292437,digital color photograph,https://media.rkd.nl/iiif/10292437/full/max/0/default.jpg
271064,10663850,color reproduction,https://media.rkd.nl/iiif/10663850/full/max/0/default.jpg
271072,10663858,color reproduction,https://media.rkd.nl/iiif/10663858/full/max/0/default.jpg
271076,10663869,black-and-white reproduction,https://media.rkd.nl/iiif/10663869/full/max/0/default.jpg
271079,10663867,color reproduction,https://media.rkd.nl/iiif/10663867/full/max/0/default.jpg
271083,10291664,black and white photograph,https://media.rkd.nl/iiif/10291664/full/max/0/default.jpg
271085,10321707,digital image,https://media.rkd.nl/iiif/10321707/full/max/0/default.jpg
271102,10663895,digital color photograph,https://media.rkd.nl/iiif/10663895/full/max/0/default.jpg
271111,10666305,digital image,https://media.rkd.nl/iiif/10666305/full/max/0/default.jpg
271144,10663965,digital image,https://media.rkd.nl/iiif/10663965/full/max/0/default.jpg
271144,10663966,digital image,https://media.rkd.nl/iiif/10663966/full/max/0/default.jpg
271144,9134805,color photograph,https://media.rkd.nl/iiif/9134805/full/max/0/default.jpg
271152,10292441,digital color photograph,https://media.rkd.nl/iiif/10292441/full/max/0/default.jpg
271155,10292443,digital image,https://media.rkd.nl/iiif/10292443/full/max/0/default.jpg
271158,10292445,digital image,https://media.rkd.nl/iiif/10292445/full/max/0/default.jpg
271160,10292447,digital image,https://media.rkd.nl/iiif/10292447/full/max/0/default.jpg
271166,10292456,digital image,https://media.rkd.nl/iiif/10292456/full/max/0/default.jpg
271168,10292454,digital image,https://media.rkd.nl/iiif/10292454/full/max/0/default.jpg
271170,10292458,digital image,https://media.rkd.nl/iiif/10292458/full/max/0/default.jpg
271171,10663988,digital image,https://media.rkd.nl/iiif/10663988/full/max/0/default.jpg
271172,10663990,digital image,https://media.rkd.nl/iiif/10663990/full/max/0/default.jpg
271175,10292460,digital image,https://media.rkd.nl/iiif/10292460/full/max/0/default.jpg
271177,10694037,digital image,https://media.rkd.nl/iiif/10694037/full/max/0/default.jpg
271177,10663994,color reproduction,https://media.rkd.nl/iiif/10663994/full/max/0/default.jpg
271182,10292462,digital image,https://media.rkd.nl/iiif/10292462/full/max/0/default.jpg
271183,10322377,digital image,https://media.rkd.nl/iiif/10322377/full/max/0/default.jpg
271186,10322372,digital image,https://media.rkd.nl/iiif/10322372/full/max/0/default.jpg
271193,10292468,digital image,https://media.rkd.nl/iiif/10292468/full/max/0/default.jpg
271198,10292470,digital image,https://media.rkd.nl/iiif/10292470/full/max/0/default.jpg
271201,10292472,digital image,https://media.rkd.nl/iiif/10292472/full/max/0/default.jpg
271202,10292474,digital image,https://media.rkd.nl/iiif/10292474/full/max/0/default.jpg
271208,10664023,digital image,https://media.rkd.nl/iiif/10664023/full/max/0/default.jpg
271212,10664021,digital image,https://media.rkd.nl/iiif/10664021/full/max/0/default.jpg
271214,10664022,digital image,https://media.rkd.nl/iiif/10664022/full/max/0/default.jpg
271225,10292478,digital image,https://media.rkd.nl/iiif/10292478/full/max/0/default.jpg
271227,10291666,black and white photograph,https://media.rkd.nl/iiif/10291666/full/max/0/default.jpg
271228,10292480,digital image,https://media.rkd.nl/iiif/10292480/full/max/0/default.jpg
271236,10292486,digital image,https://media.rkd.nl/iiif/10292486/full/max/0/default.jpg
271237,10291667,black and white photograph,https://media.rkd.nl/iiif/10291667/full/max/0/default.jpg
271239,10292488,digital image,https://media.rkd.nl/iiif/10292488/full/max/0/default.jpg
271243,10292490,digital image,https://media.rkd.nl/iiif/10292490/full/max/0/default.jpg
271244,10292492,digital image,https://media.rkd.nl/iiif/10292492/full/max/0/default.jpg
271248,10664048,digital image,https://media.rkd.nl/iiif/10664048/full/max/0/default.jpg
271249,10292498,digital image,https://media.rkd.nl/iiif/10292498/full/max/0/default.jpg
271251,10292500,digital image,https://media.rkd.nl/iiif/10292500/full/max/0/default.jpg
271254,10291737,digital image,https://media.rkd.nl/iiif/10291737/full/max/0/default.jpg
271255,10292502,digital image,https://media.rkd.nl/iiif/10292502/full/max/0/default.jpg
271260,10292508,digital image,https://media.rkd.nl/iiif/10292508/full/max/0/default.jpg
271261,10292510,digital image,https://media.rkd.nl/iiif/10292510/full/max/0/default.jpg
271262,10292512,digital image,https://media.rkd.nl/iiif/10292512/full/max/0/default.jpg
271263,10292514,digital image,https://media.rkd.nl/iiif/10292514/full/max/0/default.jpg
271264,10292516,digital image,https://media.rkd.nl/iiif/10292516/full/max/0/default.jpg
271265,10664062,digital image,https://media.rkd.nl/iiif/10664062/full/max/0/default.jpg
271267,10291668,black and white photograph,https://media.rkd.nl/iiif/10291668/full/max/0/default.jpg
271269,10664063,digital image,https://media.rkd.nl/iiif/10664063/full/max/0/default.jpg
271270,10292520,digital image,https://media.rkd.nl/iiif/10292520/full/max/0/default.jpg
271271,10291670,digital image,https://media.rkd.nl/iiif/10291670/full/max/0/default.jpg
271288,10664087,digital image,https://media.rkd.nl/iiif/10664087/full/max/0/default.jpg
271292,10291676,digital image,https://media.rkd.nl/iiif/10291676/full/max/0/default.jpg
271295,10291678,digital image,https://media.rkd.nl/iiif/10291678/full/max/0/default.jpg
271296,10664093,digital image,https://media.rkd.nl/iiif/10664093/full/max/0/default.jpg
271298,10664095,digital image,https://media.rkd.nl/iiif/10664095/full/max/0/default.jpg
271310,10664104,digital image,https://media.rkd.nl/iiif/10664104/full/max/0/default.jpg
271310,10664105,digital image,https://media.rkd.nl/iiif/10664105/full/max/0/default.jpg
271313,10664106,digital image,https://media.rkd.nl/iiif/10664106/full/max/0/default.jpg
271313,10664108,digital image,https://media.rkd.nl/iiif/10664108/full/max/0/default.jpg
271314,10664107,black and white photograph,https://media.rkd.nl/iiif/10664107/full/max/0/default.jpg
271324,10291682,digital image,https://media.rkd.nl/iiif/10291682/full/max/0/default.jpg
271331,10291684,digital image,https://media.rkd.nl/iiif/10291684/full/max/0/default.jpg
271336,10291686,digital image,https://media.rkd.nl/iiif/10291686/full/max/0/default.jpg
271337,10291688,digital image,https://media.rkd.nl/iiif/10291688/full/max/0/default.jpg
271338,10664139,digital color photograph,https://media.rkd.nl/iiif/10664139/full/max/0/default.jpg
271352,10348102,digital image,https://media.rkd.nl/iiif/10348102/full/max/0/default.jpg
271377,10664201,color reproduction,https://media.rkd.nl/iiif/10664201/full/max/0/default.jpg
271387,10291699,black and white photograph,https://media.rkd.nl/iiif/10291699/full/max/0/default.jpg
271396,10666293,digital image,https://media.rkd.nl/iiif/10666293/full/max/0/default.jpg
271396,10664244,color reproduction,https://media.rkd.nl/iiif/10664244/full/max/0/default.jpg
271398,10664247,color reproduction,https://media.rkd.nl/iiif/10664247/full/max/0/default.jpg
271424,10664255,digital color photograph,https://media.rkd.nl/iiif/10664255/full/max/0/default.jpg
271429,10291701,black and white photograph,https://media.rkd.nl/iiif/10291701/full/max/0/default.jpg
271436,10664256,digital color photograph,https://media.rkd.nl/iiif/10664256/full/max/0/default.jpg
271449,10664272,digital image,https://media.rkd.nl/iiif/10664272/full/max/0/default.jpg
271452,10664275,digital image,https://media.rkd.nl/iiif/10664275/full/max/0/default.jpg
271462,10664283,black and white photograph,https://media.rkd.nl/iiif/10664283/full/max/0/default.jpg
271463,10790247,digital image,https://media.rkd.nl/iiif/10790247/full/max/0/default.jpg
271470,10664294,black and white photograph,https://media.rkd.nl/iiif/10664294/full/max/0/default.jpg
271472,10664291,digital image,https://media.rkd.nl/iiif/10664291/full/max/0/default.jpg
271475,10291694,digital image,https://media.rkd.nl/iiif/10291694/full/max/0/default.jpg
271479,10291698,digital image,https://media.rkd.nl/iiif/10291698/full/max/0/default.jpg
271480,10291703,digital image,https://media.rkd.nl/iiif/10291703/full/max/0/default.jpg
271482,10291705,digital image,https://media.rkd.nl/iiif/10291705/full/max/0/default.jpg
271485,10291707,digital image,https://media.rkd.nl/iiif/10291707/full/max/0/default.jpg
271487,10291711,digital image,https://media.rkd.nl/iiif/10291711/full/max/0/default.jpg
271490,10291715,digital image,https://media.rkd.nl/iiif/10291715/full/max/0/default.jpg
271493,10291717,digital image,https://media.rkd.nl/iiif/10291717/full/max/0/default.jpg
271519,10291628,digital color photograph,https://media.rkd.nl/iiif/10291628/full/max/0/default.jpg
271534,10664348,digital image,https://media.rkd.nl/iiif/10664348/full/max/0/default.jpg
271534,10664357,black and white photograph,https://media.rkd.nl/iiif/10664357/full/max/0/default.jpg
271542,10352261,digital color photograph,https://media.rkd.nl/iiif/10352261/full/max/0/default.jpg
271543,10790250,digital image,https://media.rkd.nl/iiif/10790250/full/max/0/default.jpg
271547,10291641,digital color photograph,https://media.rkd.nl/iiif/10291641/full/max/0/default.jpg
271555,10291625,digital color photograph,https://media.rkd.nl/iiif/10291625/full/max/0/default.jpg
271588,10291643,digital color photograph,https://media.rkd.nl/iiif/10291643/full/max/0/default.jpg
271588,10291642,digital color photograph,https://media.rkd.nl/iiif/10291642/full/max/0/default.jpg
271589,10291639,digital color photograph,https://media.rkd.nl/iiif/10291639/full/max/0/default.jpg
271592,10291632,digital color photograph,https://media.rkd.nl/iiif/10291632/full/max/0/default.jpg
271598,10291645,digital color photograph,https://media.rkd.nl/iiif/10291645/full/max/0/default.jpg
271598,10291646,digital color photograph,https://media.rkd.nl/iiif/10291646/full/max/0/default.jpg
271600,10348556,digital image,https://media.rkd.nl/iiif/10348556/full/max/0/default.jpg
271601,10348560,digital image,https://media.rkd.nl/iiif/10348560/full/max/0/default.jpg
271603,10348558,digital image,https://media.rkd.nl/iiif/10348558/full/max/0/default.jpg
271608,10291719,digital image,https://media.rkd.nl/iiif/10291719/full/max/0/default.jpg
271616,10291723,digital image,https://media.rkd.nl/iiif/10291723/full/max/0/default.jpg
271617,10291725,digital image,https://media.rkd.nl/iiif/10291725/full/max/0/default.jpg
271626,10664418,digital image,https://media.rkd.nl/iiif/10664418/full/max/0/default.jpg
271630,10790251,black-and-white reproduction,https://media.rkd.nl/iiif/10790251/full/max/0/default.jpg
271638,10790252,black-and-white reproduction,https://media.rkd.nl/iiif/10790252/full/max/0/default.jpg
271695,10664543,digital image,https://media.rkd.nl/iiif/10664543/full/max/0/default.jpg
271704,10664564,digital image,https://media.rkd.nl/iiif/10664564/full/max/0/default.jpg
271712,10666299,digital image,https://media.rkd.nl/iiif/10666299/full/max/0/default.jpg
271724,10670891,color photograph,https://media.rkd.nl/iiif/10670891/full/max/0/default.jpg
271724,10671013,color photograph,https://media.rkd.nl/iiif/10671013/full/max/0/default.jpg
271724,10666235,color photograph,https://media.rkd.nl/iiif/10666235/full/max/0/default.jpg
271724,10666233,color photograph,https://media.rkd.nl/iiif/10666233/full/max/0/default.jpg
271724,10660214,color reproduction,https://media.rkd.nl/iiif/10660214/full/max/0/default.jpg
271724,10660172,color reproduction,https://media.rkd.nl/iiif/10660172/full/max/0/default.jpg
271724,10671269,color photograph,https://media.rkd.nl/iiif/10671269/full/max/0/default.jpg
271724,10671021,color photograph,https://media.rkd.nl/iiif/10671021/full/max/0/default.jpg
271724,10666237,color photograph,https://media.rkd.nl/iiif/10666237/full/max/0/default.jpg
271724,10671028,color photograph,https://media.rkd.nl/iiif/10671028/full/max/0/default.jpg
271724,10666234,color photograph,https://media.rkd.nl/iiif/10666234/full/max/0/default.jpg
271724,10666238,color photograph,https://media.rkd.nl/iiif/10666238/full/max/0/default.jpg
271724,10666241,color photograph,https://media.rkd.nl/iiif/10666241/full/max/0/default.jpg
271724,10666243,color photograph,https://media.rkd.nl/iiif/10666243/full/max/0/default.jpg
271725,10348579,digital image,https://media.rkd.nl/iiif/10348579/full/max/0/default.jpg
271726,10348555,digital image,https://media.rkd.nl/iiif/10348555/full/max/0/default.jpg
271727,10348553,digital image,https://media.rkd.nl/iiif/10348553/full/max/0/default.jpg
271737,10665514,black and white photograph,https://media.rkd.nl/iiif/10665514/full/max/0/default.jpg
271741,10348569,digital image,https://media.rkd.nl/iiif/10348569/full/max/0/default.jpg
271743,10348550,digital image,https://media.rkd.nl/iiif/10348550/full/max/0/default.jpg
271748,10348577,digital image,https://media.rkd.nl/iiif/10348577/full/max/0/default.jpg
271749,10348576,digital image,https://media.rkd.nl/iiif/10348576/full/max/0/default.jpg
271757,10348570,digital image,https://media.rkd.nl/iiif/10348570/full/max/0/default.jpg
271762,10348551,digital image,https://media.rkd.nl/iiif/10348551/full/max/0/default.jpg
271762,10348552,digital image,https://media.rkd.nl/iiif/10348552/full/max/0/default.jpg
271768,10665483,black and white photograph,https://media.rkd.nl/iiif/10665483/full/max/0/default.jpg
271772,10664600,digital image,https://media.rkd.nl/iiif/10664600/full/max/0/default.jpg
271773,10664602,digital image,https://media.rkd.nl/iiif/10664602/full/max/0/default.jpg
271775,10664614,color photograph,https://media.rkd.nl/iiif/10664614/full/max/0/default.jpg
271779,10664616,color photograph,https://media.rkd.nl/iiif/10664616/full/max/0/default.jpg
271779,10664610,black and white photograph,https://media.rkd.nl/iiif/10664610/full/max/0/default.jpg
271780,10664615,color photograph,https://media.rkd.nl/iiif/10664615/full/max/0/default.jpg
271781,10790254,black-and-white reproduction,https://media.rkd.nl/iiif/10790254/full/max/0/default.jpg
271784,10664611,digital image,https://media.rkd.nl/iiif/10664611/full/max/0/default.jpg
271785,10665180,black and white photograph,https://media.rkd.nl/iiif/10665180/full/max/0/default.jpg
271785,10664619,digital image,https://media.rkd.nl/iiif/10664619/full/max/0/default.jpg
271790,10664626,digital image,https://media.rkd.nl/iiif/10664626/full/max/0/default.jpg
271794,10664631,black-and-white reproduction,https://media.rkd.nl/iiif/10664631/full/max/0/default.jpg
271795,10664629,digital image,https://media.rkd.nl/iiif/10664629/full/max/0/default.jpg
271796,10664630,digital image,https://media.rkd.nl/iiif/10664630/full/max/0/default.jpg
271806,10664647,black-and-white reproduction,https://media.rkd.nl/iiif/10664647/full/max/0/default.jpg
271813,10664652,digital image,https://media.rkd.nl/iiif/10664652/full/max/0/default.jpg
271818,10664655,black-and-white reproduction,https://media.rkd.nl/iiif/10664655/full/max/0/default.jpg
271824,10664660,digital image,https://media.rkd.nl/iiif/10664660/full/max/0/default.jpg
271826,10664662,digital image,https://media.rkd.nl/iiif/10664662/full/max/0/default.jpg
271828,10790259,black-and-white reproduction,https://media.rkd.nl/iiif/10790259/full/max/0/default.jpg
271830,10790260,black-and-white reproduction,https://media.rkd.nl/iiif/10790260/full/max/0/default.jpg
271835,10790261,color photograph,https://media.rkd.nl/iiif/10790261/full/max/0/default.jpg
271843,10790264,black-and-white reproduction,https://media.rkd.nl/iiif/10790264/full/max/0/default.jpg
271844,10790265,black-and-white reproduction,https://media.rkd.nl/iiif/10790265/full/max/0/default.jpg
271847,10348575,digital image,https://media.rkd.nl/iiif/10348575/full/max/0/default.jpg
271865,10291728,black and white photograph,https://media.rkd.nl/iiif/10291728/full/max/0/default.jpg
271884,10322837,digital image,https://media.rkd.nl/iiif/10322837/full/max/0/default.jpg
271887,9308138,BD/RKD/1640 - MHK/The Netherlands/Artist's Portraits,https://media.rkd.nl/iiif/9308138/full/max/0/default.jpg
271889,10664706,color reproduction,https://media.rkd.nl/iiif/10664706/full/max/0/default.jpg
271889,10664708,color reproduction,https://media.rkd.nl/iiif/10664708/full/max/0/default.jpg
271893,10712590,BD/Digital Collection,https://media.rkd.nl/iiif/10712590/full/max/0/default.jpg
271894,10664717,digital color photograph,https://media.rkd.nl/iiif/10664717/full/max/0/default.jpg
271894,10664718,digital color photograph,https://media.rkd.nl/iiif/10664718/full/max/0/default.jpg
271966,10703027,digital image,https://media.rkd.nl/iiif/10703027/full/max/0/default.jpg
271966,10664753,digital color photograph,https://media.rkd.nl/iiif/10664753/full/max/0/default.jpg
271970,10664762,digital image,https://media.rkd.nl/iiif/10664762/full/max/0/default.jpg
271977,10664755,digital color photograph,https://media.rkd.nl/iiif/10664755/full/max/0/default.jpg
271978,10664767,digital image,https://media.rkd.nl/iiif/10664767/full/max/0/default.jpg
271988,9317291,digital image,https://media.rkd.nl/iiif/9317291/full/max/0/default.jpg
271988,9194751,digital color photograph,https://media.rkd.nl/iiif/9194751/full/max/0/default.jpg
272005,10664775,digital image,https://media.rkd.nl/iiif/10664775/full/max/0/default.jpg
272032,10664811,digital image,https://media.rkd.nl/iiif/10664811/full/max/0/default.jpg
272032,10664803,digital image,https://media.rkd.nl/iiif/10664803/full/max/0/default.jpg
272043,10665517,color photograph,https://media.rkd.nl/iiif/10665517/full/max/0/default.jpg
272047,10664812,digital color photograph,https://media.rkd.nl/iiif/10664812/full/max/0/default.jpg
272048,10665519,color photograph,https://media.rkd.nl/iiif/10665519/full/max/0/default.jpg
272051,10665520,color photograph,https://media.rkd.nl/iiif/10665520/full/max/0/default.jpg
272057,10669226,color photograph,https://media.rkd.nl/iiif/10669226/full/max/0/default.jpg
272084,10664836,digital image,https://media.rkd.nl/iiif/10664836/full/max/0/default.jpg
272087,10666153,color photograph,https://media.rkd.nl/iiif/10666153/full/max/0/default.jpg
272088,10664839,digital image,https://media.rkd.nl/iiif/10664839/full/max/0/default.jpg
272089,10367777,digital image,https://media.rkd.nl/iiif/10367777/full/max/0/default.jpg
272089,10367778,digital image,https://media.rkd.nl/iiif/10367778/full/max/0/default.jpg
272089,10367779,digital image,https://media.rkd.nl/iiif/10367779/full/max/0/default.jpg
272098,10665739,color photograph,https://media.rkd.nl/iiif/10665739/full/max/0/default.jpg
272099,10664842,black and white photograph,https://media.rkd.nl/iiif/10664842/full/max/0/default.jpg
272104,10666130,color photograph,https://media.rkd.nl/iiif/10666130/full/max/0/default.jpg
272106,10666158,color photograph,https://media.rkd.nl/iiif/10666158/full/max/0/default.jpg
272109,10664851,digital image,https://media.rkd.nl/iiif/10664851/full/max/0/default.jpg
272149,10664904,digital image,https://media.rkd.nl/iiif/10664904/full/max/0/default.jpg
272151,10291734,black and white photograph,https://media.rkd.nl/iiif/10291734/full/max/0/default.jpg
272154,10664906,digital image,https://media.rkd.nl/iiif/10664906/full/max/0/default.jpg
272159,10664924,black-and-white reproduction,https://media.rkd.nl/iiif/10664924/full/max/0/default.jpg
272168,10664961,black and white photograph,https://media.rkd.nl/iiif/10664961/full/max/0/default.jpg
272169,10664959,digital image,https://media.rkd.nl/iiif/10664959/full/max/0/default.jpg
272175,10664964,digital image,https://media.rkd.nl/iiif/10664964/full/max/0/default.jpg
272200,10664979,black-and-white reproduction,https://media.rkd.nl/iiif/10664979/full/max/0/default.jpg
272214,10790268,digital image,https://media.rkd.nl/iiif/10790268/full/max/0/default.jpg
272219,10664989,digital image,https://media.rkd.nl/iiif/10664989/full/max/0/default.jpg
272243,10665044,digital image,https://media.rkd.nl/iiif/10665044/full/max/0/default.jpg
272285,10665064,digital image,https://media.rkd.nl/iiif/10665064/full/max/0/default.jpg
272346,10665112,digital image,https://media.rkd.nl/iiif/10665112/full/max/0/default.jpg
272348,10665113,digital image,https://media.rkd.nl/iiif/10665113/full/max/0/default.jpg
272349,10672510,digital image,https://media.rkd.nl/iiif/10672510/full/max/0/default.jpg
272354,10666133,color photograph,https://media.rkd.nl/iiif/10666133/full/max/0/default.jpg
272356,10666163,color photograph,https://media.rkd.nl/iiif/10666163/full/max/0/default.jpg
272358,10666164,color photograph,https://media.rkd.nl/iiif/10666164/full/max/0/default.jpg
272364,10665124,digital image,https://media.rkd.nl/iiif/10665124/full/max/0/default.jpg
272366,10666165,color photograph,https://media.rkd.nl/iiif/10666165/full/max/0/default.jpg
272387,10665119,digital image,https://media.rkd.nl/iiif/10665119/full/max/0/default.jpg
272389,10665137,color photograph,https://media.rkd.nl/iiif/10665137/full/max/0/default.jpg
272389,10665138,color photograph,https://media.rkd.nl/iiif/10665138/full/max/0/default.jpg
272389,10665139,color photograph,https://media.rkd.nl/iiif/10665139/full/max/0/default.jpg
272390,10665140,black and white photograph,https://media.rkd.nl/iiif/10665140/full/max/0/default.jpg
272403,9309323,digital color photograph,https://media.rkd.nl/iiif/9309323/full/max/0/default.jpg
272408,10665741,color photograph,https://media.rkd.nl/iiif/10665741/full/max/0/default.jpg
272409,9309336,BD/RKD/IB/ORIGINALS (ON APPOINTMENT),https://media.rkd.nl/iiif/9309336/full/max/0/default.jpg
272416,9309335,digital color photograph,https://media.rkd.nl/iiif/9309335/full/max/0/default.jpg
272421,10665743,color photograph,https://media.rkd.nl/iiif/10665743/full/max/0/default.jpg
272442,10665745,color photograph,https://media.rkd.nl/iiif/10665745/full/max/0/default.jpg
272443,10903859,BD/Digital Collection,https://media.rkd.nl/iiif/10903859/full/max/0/default.jpg
272443,9329866,digital color photograph,https://media.rkd.nl/iiif/9329866/full/max/0/default.jpg
272450,10665691,color photograph,https://media.rkd.nl/iiif/10665691/full/max/0/default.jpg
272456,10665177,black and white photograph,https://media.rkd.nl/iiif/10665177/full/max/0/default.jpg
272462,9309351,digital color photograph,https://media.rkd.nl/iiif/9309351/full/max/0/default.jpg
272463,9309349,digital color photograph,https://media.rkd.nl/iiif/9309349/full/max/0/default.jpg
272464,9309345,digital color photograph,https://media.rkd.nl/iiif/9309345/full/max/0/default.jpg
272466,9309343,digital color photograph,https://media.rkd.nl/iiif/9309343/full/max/0/default.jpg
272467,10665181,digital image,https://media.rkd.nl/iiif/10665181/full/max/0/default.jpg
272473,10665184,digital image,https://media.rkd.nl/iiif/10665184/full/max/0/default.jpg
272475,9309339,digital color photograph,https://media.rkd.nl/iiif/9309339/full/max/0/default.jpg
272478,9309286,digital color photograph,https://media.rkd.nl/iiif/9309286/full/max/0/default.jpg
272479,10665194,color reproduction,https://media.rkd.nl/iiif/10665194/full/max/0/default.jpg
272482,10427731,black-and-white reproduction,https://media.rkd.nl/iiif/10427731/full/max/0/default.jpg
272514,9309315,digital color photograph,https://media.rkd.nl/iiif/9309315/full/max/0/default.jpg
272528,9320358,digital color photograph,https://media.rkd.nl/iiif/9320358/full/max/0/default.jpg
272528,9320359,digital color photograph,https://media.rkd.nl/iiif/9320359/full/max/0/default.jpg
272529,10665246,color reproduction,https://media.rkd.nl/iiif/10665246/full/max/0/default.jpg
272534,10665258,color reproduction,https://media.rkd.nl/iiif/10665258/full/max/0/default.jpg
272536,10665256,digital image,https://media.rkd.nl/iiif/10665256/full/max/0/default.jpg
272537,10665260,digital image,https://media.rkd.nl/iiif/10665260/full/max/0/default.jpg
272558,10716467,BD/Digital Collection,https://media.rkd.nl/iiif/10716467/full/max/0/default.jpg
272558,10291752,black and white photograph,https://media.rkd.nl/iiif/10291752/full/max/0/default.jpg
272567,10665312,digital image,https://media.rkd.nl/iiif/10665312/full/max/0/default.jpg
272580,10665330,digital image,https://media.rkd.nl/iiif/10665330/full/max/0/default.jpg
272592,10665359,digital image,https://media.rkd.nl/iiif/10665359/full/max/0/default.jpg
272599,10790273,digital image,https://media.rkd.nl/iiif/10790273/full/max/0/default.jpg
272603,10665364,digital image,https://media.rkd.nl/iiif/10665364/full/max/0/default.jpg
272605,10665367,digital image,https://media.rkd.nl/iiif/10665367/full/max/0/default.jpg
272616,10665397,digital image,https://media.rkd.nl/iiif/10665397/full/max/0/default.jpg
272660,10665474,digital image,https://media.rkd.nl/iiif/10665474/full/max/0/default.jpg
272677,10667713,black and white photograph,https://media.rkd.nl/iiif/10667713/full/max/0/default.jpg
272686,10349772,digital color photograph,https://media.rkd.nl/iiif/10349772/full/max/0/default.jpg
272687,10349770,digital color photograph,https://media.rkd.nl/iiif/10349770/full/max/0/default.jpg
272688,10349804,digital color photograph,https://media.rkd.nl/iiif/10349804/full/max/0/default.jpg
272693,10291757,black and white photograph,https://media.rkd.nl/iiif/10291757/full/max/0/default.jpg
272700,10349776,digital color photograph,https://media.rkd.nl/iiif/10349776/full/max/0/default.jpg
272701,10349778,digital color photograph,https://media.rkd.nl/iiif/10349778/full/max/0/default.jpg
272706,10291758,black and white photograph,https://media.rkd.nl/iiif/10291758/full/max/0/default.jpg
272710,10349782,digital color photograph,https://media.rkd.nl/iiif/10349782/full/max/0/default.jpg
272712,10349784,digital color photograph,https://media.rkd.nl/iiif/10349784/full/max/0/default.jpg
272713,10349786,digital color photograph,https://media.rkd.nl/iiif/10349786/full/max/0/default.jpg
272716,10665552,digital image,https://media.rkd.nl/iiif/10665552/full/max/0/default.jpg
272717,10665557,black and white photograph,https://media.rkd.nl/iiif/10665557/full/max/0/default.jpg
272719,10349790,digital color photograph,https://media.rkd.nl/iiif/10349790/full/max/0/default.jpg
272721,10349792,digital color photograph,https://media.rkd.nl/iiif/10349792/full/max/0/default.jpg
272726,10349796,digital color photograph,https://media.rkd.nl/iiif/10349796/full/max/0/default.jpg
272727,10349798,digital color photograph,https://media.rkd.nl/iiif/10349798/full/max/0/default.jpg
272731,10349800,digital color photograph,https://media.rkd.nl/iiif/10349800/full/max/0/default.jpg
272748,10291766,black and white photograph,https://media.rkd.nl/iiif/10291766/full/max/0/default.jpg
272766,10665763,black-and-white reproduction,https://media.rkd.nl/iiif/10665763/full/max/0/default.jpg
272771,10665680,black and white photograph,https://media.rkd.nl/iiif/10665680/full/max/0/default.jpg
272774,10665681,black and white photograph,https://media.rkd.nl/iiif/10665681/full/max/0/default.jpg
272782,10665613,black-and-white reproduction,https://media.rkd.nl/iiif/10665613/full/max/0/default.jpg
272784,10665614,black-and-white reproduction,https://media.rkd.nl/iiif/10665614/full/max/0/default.jpg
272857,10665621,digital image,https://media.rkd.nl/iiif/10665621/full/max/0/default.jpg
272860,10291770,black-and-white reproduction,https://media.rkd.nl/iiif/10291770/full/max/0/default.jpg
272884,10666139,black and white photograph,https://media.rkd.nl/iiif/10666139/full/max/0/default.jpg
272884,10666140,black and white photograph,https://media.rkd.nl/iiif/10666140/full/max/0/default.jpg
272892,10665645,digital color photograph,https://media.rkd.nl/iiif/10665645/full/max/0/default.jpg
272899,10665651,digital color photograph,https://media.rkd.nl/iiif/10665651/full/max/0/default.jpg
272904,10665654,digital color photograph,https://media.rkd.nl/iiif/10665654/full/max/0/default.jpg
272905,10665655,digital color photograph,https://media.rkd.nl/iiif/10665655/full/max/0/default.jpg
272909,10665657,digital color photograph,https://media.rkd.nl/iiif/10665657/full/max/0/default.jpg
272916,10665662,digital color photograph,https://media.rkd.nl/iiif/10665662/full/max/0/default.jpg
272928,10665671,black-and-white reproduction,https://media.rkd.nl/iiif/10665671/full/max/0/default.jpg
272944,10665677,digital image,https://media.rkd.nl/iiif/10665677/full/max/0/default.jpg
272944,10665676,digital image,https://media.rkd.nl/iiif/10665676/full/max/0/default.jpg
272945,10665678,digital image,https://media.rkd.nl/iiif/10665678/full/max/0/default.jpg
272975,10667045,digital image,https://media.rkd.nl/iiif/10667045/full/max/0/default.jpg
272990,10350110,digital color photograph,https://media.rkd.nl/iiif/10350110/full/max/0/default.jpg
272992,10350112,digital color photograph,https://media.rkd.nl/iiif/10350112/full/max/0/default.jpg
272993,10350114,digital color photograph,https://media.rkd.nl/iiif/10350114/full/max/0/default.jpg
273030,10349802,digital color photograph,https://media.rkd.nl/iiif/10349802/full/max/0/default.jpg
273032,10349806,digital color photograph,https://media.rkd.nl/iiif/10349806/full/max/0/default.jpg
273035,10349810,digital color photograph,https://media.rkd.nl/iiif/10349810/full/max/0/default.jpg
273037,10349814,digital color photograph,https://media.rkd.nl/iiif/10349814/full/max/0/default.jpg
273038,10699316,digital image,https://media.rkd.nl/iiif/10699316/full/max/0/default.jpg
273038,10699318,digital image,https://media.rkd.nl/iiif/10699318/full/max/0/default.jpg
273038,10699319,digital image,https://media.rkd.nl/iiif/10699319/full/max/0/default.jpg
273038,10291788,black and white photograph,https://media.rkd.nl/iiif/10291788/full/max/0/default.jpg
273041,10291789,black and white photograph,https://media.rkd.nl/iiif/10291789/full/max/0/default.jpg
273042,10349818,digital color photograph,https://media.rkd.nl/iiif/10349818/full/max/0/default.jpg
273044,10665807,digital image,https://media.rkd.nl/iiif/10665807/full/max/0/default.jpg
273045,10350122,digital color photograph,https://media.rkd.nl/iiif/10350122/full/max/0/default.jpg
273047,10350124,digital color photograph,https://media.rkd.nl/iiif/10350124/full/max/0/default.jpg
273049,10291791,black and white photograph,https://media.rkd.nl/iiif/10291791/full/max/0/default.jpg
273052,10349822,digital color photograph,https://media.rkd.nl/iiif/10349822/full/max/0/default.jpg
273055,10349824,digital color photograph,https://media.rkd.nl/iiif/10349824/full/max/0/default.jpg
273063,10350092,digital color photograph,https://media.rkd.nl/iiif/10350092/full/max/0/default.jpg
273064,10665819,digital image,https://media.rkd.nl/iiif/10665819/full/max/0/default.jpg
273066,10665821,reproduction (derivative object),https://media.rkd.nl/iiif/10665821/full/max/0/default.jpg
273068,10665822,reproduction (derivative object),https://media.rkd.nl/iiif/10665822/full/max/0/default.jpg
273070,10350094,digital color photograph,https://media.rkd.nl/iiif/10350094/full/max/0/default.jpg
273071,10350096,digital color photograph,https://media.rkd.nl/iiif/10350096/full/max/0/default.jpg
273076,10350104,digital color photograph,https://media.rkd.nl/iiif/10350104/full/max/0/default.jpg
273083,10665840,digital image,https://media.rkd.nl/iiif/10665840/full/max/0/default.jpg
273084,10349708,digital color photograph,https://media.rkd.nl/iiif/10349708/full/max/0/default.jpg
273100,10665897,digital image,https://media.rkd.nl/iiif/10665897/full/max/0/default.jpg
273106,10665899,reproduction (derivative object),https://media.rkd.nl/iiif/10665899/full/max/0/default.jpg
273133,10665923,black-and-white reproduction,https://media.rkd.nl/iiif/10665923/full/max/0/default.jpg
273176,10665947,digital image,https://media.rkd.nl/iiif/10665947/full/max/0/default.jpg
273191,10790285,digital image,https://media.rkd.nl/iiif/10790285/full/max/0/default.jpg
273193,10665964,digital image,https://media.rkd.nl/iiif/10665964/full/max/0/default.jpg
273212,9317822,digital image,https://media.rkd.nl/iiif/9317822/full/max/0/default.jpg
273213,10665980,color reproduction,https://media.rkd.nl/iiif/10665980/full/max/0/default.jpg
273213,10665981,digital color photograph,https://media.rkd.nl/iiif/10665981/full/max/0/default.jpg
273217,10665987,digital image,https://media.rkd.nl/iiif/10665987/full/max/0/default.jpg
273217,10665988,digital image,https://media.rkd.nl/iiif/10665988/full/max/0/default.jpg
273219,10665989,digital image,https://media.rkd.nl/iiif/10665989/full/max/0/default.jpg
273219,10665990,digital image,https://media.rkd.nl/iiif/10665990/full/max/0/default.jpg
273222,10665994,digital image,https://media.rkd.nl/iiif/10665994/full/max/0/default.jpg
273225,10665998,digital image,https://media.rkd.nl/iiif/10665998/full/max/0/default.jpg
273225,10665999,digital image,https://media.rkd.nl/iiif/10665999/full/max/0/default.jpg
273226,10666002,digital image,https://media.rkd.nl/iiif/10666002/full/max/0/default.jpg
273227,10291798,black and white photograph,https://media.rkd.nl/iiif/10291798/full/max/0/default.jpg
273228,10666016,digital image,https://media.rkd.nl/iiif/10666016/full/max/0/default.jpg
273233,10666019,digital image,https://media.rkd.nl/iiif/10666019/full/max/0/default.jpg
273233,10666020,digital image,https://media.rkd.nl/iiif/10666020/full/max/0/default.jpg
273234,10666021,digital image,https://media.rkd.nl/iiif/10666021/full/max/0/default.jpg
273234,10666022,digital image,https://media.rkd.nl/iiif/10666022/full/max/0/default.jpg
273234,10666023,digital image,https://media.rkd.nl/iiif/10666023/full/max/0/default.jpg
273241,10666029,digital image,https://media.rkd.nl/iiif/10666029/full/max/0/default.jpg
273242,10666028,digital image,https://media.rkd.nl/iiif/10666028/full/max/0/default.jpg
273243,10666032,digital image,https://media.rkd.nl/iiif/10666032/full/max/0/default.jpg
273243,10666031,digital image,https://media.rkd.nl/iiif/10666031/full/max/0/default.jpg
273247,10666035,digital image,https://media.rkd.nl/iiif/10666035/full/max/0/default.jpg
273247,10666037,digital image,https://media.rkd.nl/iiif/10666037/full/max/0/default.jpg
273251,10666038,digital image,https://media.rkd.nl/iiif/10666038/full/max/0/default.jpg
273256,10666040,digital image,https://media.rkd.nl/iiif/10666040/full/max/0/default.jpg
273268,10666136,black and white photograph,https://media.rkd.nl/iiif/10666136/full/max/0/default.jpg
273271,10666053,digital image,https://media.rkd.nl/iiif/10666053/full/max/0/default.jpg
273273,10666056,digital image,https://media.rkd.nl/iiif/10666056/full/max/0/default.jpg
273276,10666057,digital image,https://media.rkd.nl/iiif/10666057/full/max/0/default.jpg
273276,10666058,digital image,https://media.rkd.nl/iiif/10666058/full/max/0/default.jpg
273277,10666059,digital image,https://media.rkd.nl/iiif/10666059/full/max/0/default.jpg
273277,10666060,digital image,https://media.rkd.nl/iiif/10666060/full/max/0/default.jpg
273281,10291797,black and white photograph,https://media.rkd.nl/iiif/10291797/full/max/0/default.jpg
273282,10666065,digital image,https://media.rkd.nl/iiif/10666065/full/max/0/default.jpg
273282,10666066,digital image,https://media.rkd.nl/iiif/10666066/full/max/0/default.jpg
273283,10666067,digital image,https://media.rkd.nl/iiif/10666067/full/max/0/default.jpg
273284,10666070,digital image,https://media.rkd.nl/iiif/10666070/full/max/0/default.jpg
273287,10666075,digital image,https://media.rkd.nl/iiif/10666075/full/max/0/default.jpg
273289,10666077,digital image,https://media.rkd.nl/iiif/10666077/full/max/0/default.jpg
273289,10666078,digital image,https://media.rkd.nl/iiif/10666078/full/max/0/default.jpg
273291,10666080,digital image,https://media.rkd.nl/iiif/10666080/full/max/0/default.jpg
273291,10666081,digital image,https://media.rkd.nl/iiif/10666081/full/max/0/default.jpg
273296,10666098,digital image,https://media.rkd.nl/iiif/10666098/full/max/0/default.jpg
273296,10666099,digital image,https://media.rkd.nl/iiif/10666099/full/max/0/default.jpg
273297,10666100,digital image,https://media.rkd.nl/iiif/10666100/full/max/0/default.jpg
273297,10666101,digital image,https://media.rkd.nl/iiif/10666101/full/max/0/default.jpg
273299,10666103,digital image,https://media.rkd.nl/iiif/10666103/full/max/0/default.jpg
273301,10291802,black and white photograph,https://media.rkd.nl/iiif/10291802/full/max/0/default.jpg
273306,10349712,digital color photograph,https://media.rkd.nl/iiif/10349712/full/max/0/default.jpg
273307,10349714,digital color photograph,https://media.rkd.nl/iiif/10349714/full/max/0/default.jpg
273309,10666114,digital image,https://media.rkd.nl/iiif/10666114/full/max/0/default.jpg
273311,10349718,digital color photograph,https://media.rkd.nl/iiif/10349718/full/max/0/default.jpg
273313,10695472,digital color photograph,https://media.rkd.nl/iiif/10695472/full/max/0/default.jpg
273313,10666115,color photograph,https://media.rkd.nl/iiif/10666115/full/max/0/default.jpg
273313,10666116,black-and-white reproduction,https://media.rkd.nl/iiif/10666116/full/max/0/default.jpg
273314,10349722,digital color photograph,https://media.rkd.nl/iiif/10349722/full/max/0/default.jpg
273317,10349726,digital color photograph,https://media.rkd.nl/iiif/10349726/full/max/0/default.jpg
273320,10349730,digital color photograph,https://media.rkd.nl/iiif/10349730/full/max/0/default.jpg
273321,10349732,digital color photograph,https://media.rkd.nl/iiif/10349732/full/max/0/default.jpg
273323,10349734,digital color photograph,https://media.rkd.nl/iiif/10349734/full/max/0/default.jpg
273327,10349736,digital color photograph,https://media.rkd.nl/iiif/10349736/full/max/0/default.jpg
273330,10349740,digital color photograph,https://media.rkd.nl/iiif/10349740/full/max/0/default.jpg
273339,10349742,digital color photograph,https://media.rkd.nl/iiif/10349742/full/max/0/default.jpg
273340,10666122,color reproduction,https://media.rkd.nl/iiif/10666122/full/max/0/default.jpg
273341,10349744,digital color photograph,https://media.rkd.nl/iiif/10349744/full/max/0/default.jpg
273345,10349746,digital color photograph,https://media.rkd.nl/iiif/10349746/full/max/0/default.jpg
273354,10666131,digital image,https://media.rkd.nl/iiif/10666131/full/max/0/default.jpg
273357,10666141,color reproduction,https://media.rkd.nl/iiif/10666141/full/max/0/default.jpg
273358,10666142,color reproduction,https://media.rkd.nl/iiif/10666142/full/max/0/default.jpg
273365,10666088,black and white photograph,https://media.rkd.nl/iiif/10666088/full/max/0/default.jpg
273367,10666148,digital color photograph,https://media.rkd.nl/iiif/10666148/full/max/0/default.jpg
273372,10666087,black and white photograph,https://media.rkd.nl/iiif/10666087/full/max/0/default.jpg
273388,10666188,digital image,https://media.rkd.nl/iiif/10666188/full/max/0/default.jpg
273390,10349748,digital color photograph,https://media.rkd.nl/iiif/10349748/full/max/0/default.jpg
273391,10322986,digital image,https://media.rkd.nl/iiif/10322986/full/max/0/default.jpg
273393,10666190,digital image,https://media.rkd.nl/iiif/10666190/full/max/0/default.jpg
273394,10349750,digital color photograph,https://media.rkd.nl/iiif/10349750/full/max/0/default.jpg
273398,10666194,digital image,https://media.rkd.nl/iiif/10666194/full/max/0/default.jpg
273400,10349754,digital color photograph,https://media.rkd.nl/iiif/10349754/full/max/0/default.jpg
273403,10349756,digital color photograph,https://media.rkd.nl/iiif/10349756/full/max/0/default.jpg
273404,10349758,digital color photograph,https://media.rkd.nl/iiif/10349758/full/max/0/default.jpg
273408,10349760,digital color photograph,https://media.rkd.nl/iiif/10349760/full/max/0/default.jpg
273432,10666252,digital image,https://media.rkd.nl/iiif/10666252/full/max/0/default.jpg
273432,10666250,digital image,https://media.rkd.nl/iiif/10666250/full/max/0/default.jpg
273433,10666249,black and white photograph,https://media.rkd.nl/iiif/10666249/full/max/0/default.jpg
273434,10666253,digital image,https://media.rkd.nl/iiif/10666253/full/max/0/default.jpg
273434,10666254,digital image,https://media.rkd.nl/iiif/10666254/full/max/0/default.jpg
273473,10666293,digital image,https://media.rkd.nl/iiif/10666293/full/max/0/default.jpg
273476,10666322,digital image,https://media.rkd.nl/iiif/10666322/full/max/0/default.jpg
273478,10666326,digital image,https://media.rkd.nl/iiif/10666326/full/max/0/default.jpg
273478,10666327,digital image,https://media.rkd.nl/iiif/10666327/full/max/0/default.jpg
273479,10666325,digital image,https://media.rkd.nl/iiif/10666325/full/max/0/default.jpg
273486,10666333,digital image,https://media.rkd.nl/iiif/10666333/full/max/0/default.jpg
273489,10666337,digital image,https://media.rkd.nl/iiif/10666337/full/max/0/default.jpg
273492,10666340,digital image,https://media.rkd.nl/iiif/10666340/full/max/0/default.jpg
273494,10666343,digital image,https://media.rkd.nl/iiif/10666343/full/max/0/default.jpg
273517,10666363,color reproduction,https://media.rkd.nl/iiif/10666363/full/max/0/default.jpg
273530,10666376,digital image,https://media.rkd.nl/iiif/10666376/full/max/0/default.jpg
273532,10666370,color reproduction,https://media.rkd.nl/iiif/10666370/full/max/0/default.jpg
273533,10666377,digital image,https://media.rkd.nl/iiif/10666377/full/max/0/default.jpg
273540,10667886,black and white photograph,https://media.rkd.nl/iiif/10667886/full/max/0/default.jpg
273542,10666382,digital image,https://media.rkd.nl/iiif/10666382/full/max/0/default.jpg
273569,10291810,black-and-white reproduction,https://media.rkd.nl/iiif/10291810/full/max/0/default.jpg
273572,10666536,digital image,https://media.rkd.nl/iiif/10666536/full/max/0/default.jpg
273589,10666550,digital color photograph,https://media.rkd.nl/iiif/10666550/full/max/0/default.jpg
273589,10666562,digital color photograph,https://media.rkd.nl/iiif/10666562/full/max/0/default.jpg
273589,10666545,digital color photograph,https://media.rkd.nl/iiif/10666545/full/max/0/default.jpg
273589,10666543,digital color photograph,https://media.rkd.nl/iiif/10666543/full/max/0/default.jpg
273597,10666552,digital image,https://media.rkd.nl/iiif/10666552/full/max/0/default.jpg
273599,10673746,digital image,https://media.rkd.nl/iiif/10673746/full/max/0/default.jpg
273599,10666551,digital image,https://media.rkd.nl/iiif/10666551/full/max/0/default.jpg
273605,10666559,digital image,https://media.rkd.nl/iiif/10666559/full/max/0/default.jpg
273617,10666567,digital color photograph,https://media.rkd.nl/iiif/10666567/full/max/0/default.jpg
273625,10666576,digital image,https://media.rkd.nl/iiif/10666576/full/max/0/default.jpg
273628,10349762,digital color photograph,https://media.rkd.nl/iiif/10349762/full/max/0/default.jpg
273632,10666583,digital image,https://media.rkd.nl/iiif/10666583/full/max/0/default.jpg
273633,10349764,digital color photograph,https://media.rkd.nl/iiif/10349764/full/max/0/default.jpg
273637,10349768,digital color photograph,https://media.rkd.nl/iiif/10349768/full/max/0/default.jpg
273640,10352829,digital color photograph,https://media.rkd.nl/iiif/10352829/full/max/0/default.jpg
273642,10352831,digital color photograph,https://media.rkd.nl/iiif/10352831/full/max/0/default.jpg
273649,10666598,digital image,https://media.rkd.nl/iiif/10666598/full/max/0/default.jpg
273653,9130873,black and white photograph,https://media.rkd.nl/iiif/9130873/full/max/0/default.jpg
273688,10666844,black-and-white reproduction,https://media.rkd.nl/iiif/10666844/full/max/0/default.jpg
273695,10667913,black and white photograph,https://media.rkd.nl/iiif/10667913/full/max/0/default.jpg
273698,10666642,digital image,https://media.rkd.nl/iiif/10666642/full/max/0/default.jpg
273710,10666649,digital image,https://media.rkd.nl/iiif/10666649/full/max/0/default.jpg
273710,10666650,digital image,https://media.rkd.nl/iiif/10666650/full/max/0/default.jpg
273711,10666651,digital image,https://media.rkd.nl/iiif/10666651/full/max/0/default.jpg
273713,10666653,digital image,https://media.rkd.nl/iiif/10666653/full/max/0/default.jpg
273715,10666656,digital image,https://media.rkd.nl/iiif/10666656/full/max/0/default.jpg
273719,10666663,digital image,https://media.rkd.nl/iiif/10666663/full/max/0/default.jpg
273719,10666664,digital image,https://media.rkd.nl/iiif/10666664/full/max/0/default.jpg
273720,10667914,black and white photograph,https://media.rkd.nl/iiif/10667914/full/max/0/default.jpg
273722,10666666,digital image,https://media.rkd.nl/iiif/10666666/full/max/0/default.jpg
273729,10666673,digital image,https://media.rkd.nl/iiif/10666673/full/max/0/default.jpg
273732,10667915,black and white photograph,https://media.rkd.nl/iiif/10667915/full/max/0/default.jpg
273735,10666678,digital image,https://media.rkd.nl/iiif/10666678/full/max/0/default.jpg
273735,10666679,digital image,https://media.rkd.nl/iiif/10666679/full/max/0/default.jpg
273741,10666843,black-and-white reproduction,https://media.rkd.nl/iiif/10666843/full/max/0/default.jpg
273746,10666689,digital image,https://media.rkd.nl/iiif/10666689/full/max/0/default.jpg
273746,10666690,digital image,https://media.rkd.nl/iiif/10666690/full/max/0/default.jpg
273766,10666713,digital image,https://media.rkd.nl/iiif/10666713/full/max/0/default.jpg
273766,10666714,digital image,https://media.rkd.nl/iiif/10666714/full/max/0/default.jpg
273768,10666715,digital image,https://media.rkd.nl/iiif/10666715/full/max/0/default.jpg
273776,10666723,digital image,https://media.rkd.nl/iiif/10666723/full/max/0/default.jpg
273785,10666712,digital image,https://media.rkd.nl/iiif/10666712/full/max/0/default.jpg
273786,10666730,digital image,https://media.rkd.nl/iiif/10666730/full/max/0/default.jpg
273786,10666731,digital image,https://media.rkd.nl/iiif/10666731/full/max/0/default.jpg
273790,10666735,digital image,https://media.rkd.nl/iiif/10666735/full/max/0/default.jpg
273790,10666736,digital image,https://media.rkd.nl/iiif/10666736/full/max/0/default.jpg
273797,10666741,digital image,https://media.rkd.nl/iiif/10666741/full/max/0/default.jpg
273798,10668482,black and white photograph,https://media.rkd.nl/iiif/10668482/full/max/0/default.jpg
273800,10666744,digital color photograph,https://media.rkd.nl/iiif/10666744/full/max/0/default.jpg
273805,10666747,digital image,https://media.rkd.nl/iiif/10666747/full/max/0/default.jpg
273918,10666849,digital image,https://media.rkd.nl/iiif/10666849/full/max/0/default.jpg
273967,10666887,digital image,https://media.rkd.nl/iiif/10666887/full/max/0/default.jpg
274017,10349429,digital image,https://media.rkd.nl/iiif/10349429/full/max/0/default.jpg
274020,10698151,digital image,https://media.rkd.nl/iiif/10698151/full/max/0/default.jpg
274020,10666922,black and white photograph,https://media.rkd.nl/iiif/10666922/full/max/0/default.jpg
274084,10666974,digital image,https://media.rkd.nl/iiif/10666974/full/max/0/default.jpg
274117,10667036,black-and-white reproduction,https://media.rkd.nl/iiif/10667036/full/max/0/default.jpg
274123,10667043,digital image,https://media.rkd.nl/iiif/10667043/full/max/0/default.jpg
274132,10667050,digital image,https://media.rkd.nl/iiif/10667050/full/max/0/default.jpg
274137,10667721,black and white photograph,https://media.rkd.nl/iiif/10667721/full/max/0/default.jpg
274147,10667060,digital image,https://media.rkd.nl/iiif/10667060/full/max/0/default.jpg
274155,10667072,digital image,https://media.rkd.nl/iiif/10667072/full/max/0/default.jpg
274170,10667429,digital image,https://media.rkd.nl/iiif/10667429/full/max/0/default.jpg
274178,10667094,digital image,https://media.rkd.nl/iiif/10667094/full/max/0/default.jpg
274182,10667096,digital image,https://media.rkd.nl/iiif/10667096/full/max/0/default.jpg
274186,10667716,black and white photograph,https://media.rkd.nl/iiif/10667716/full/max/0/default.jpg
274194,10667109,digital image,https://media.rkd.nl/iiif/10667109/full/max/0/default.jpg
274204,10667119,digital image,https://media.rkd.nl/iiif/10667119/full/max/0/default.jpg
274218,10790303,digital image,https://media.rkd.nl/iiif/10790303/full/max/0/default.jpg
274233,10667140,digital image,https://media.rkd.nl/iiif/10667140/full/max/0/default.jpg
274233,10667144,digital image,https://media.rkd.nl/iiif/10667144/full/max/0/default.jpg
274250,10667157,digital image,https://media.rkd.nl/iiif/10667157/full/max/0/default.jpg
274271,10667180,digital image,https://media.rkd.nl/iiif/10667180/full/max/0/default.jpg
274283,10291819,black and white photograph,https://media.rkd.nl/iiif/10291819/full/max/0/default.jpg
274283,10667177,digital image,https://media.rkd.nl/iiif/10667177/full/max/0/default.jpg
274331,10708780,digital image,https://media.rkd.nl/iiif/10708780/full/max/0/default.jpg
274347,10667309,digital image,https://media.rkd.nl/iiif/10667309/full/max/0/default.jpg
274348,10667320,digital image,https://media.rkd.nl/iiif/10667320/full/max/0/default.jpg
274377,10667366,digital image,https://media.rkd.nl/iiif/10667366/full/max/0/default.jpg
274386,10667395,digital image,https://media.rkd.nl/iiif/10667395/full/max/0/default.jpg
274437,10667456,digital image,https://media.rkd.nl/iiif/10667456/full/max/0/default.jpg
274439,10667457,digital image,https://media.rkd.nl/iiif/10667457/full/max/0/default.jpg
274439,10667463,digital image,https://media.rkd.nl/iiif/10667463/full/max/0/default.jpg
274449,10350127,digital color photograph,https://media.rkd.nl/iiif/10350127/full/max/0/default.jpg
274449,10350128,digital color photograph,https://media.rkd.nl/iiif/10350128/full/max/0/default.jpg
274457,10349934,digital color photograph,https://media.rkd.nl/iiif/10349934/full/max/0/default.jpg
274459,10349926,digital color photograph,https://media.rkd.nl/iiif/10349926/full/max/0/default.jpg
274462,10349928,digital color photograph,https://media.rkd.nl/iiif/10349928/full/max/0/default.jpg
274466,10349936,digital color photograph,https://media.rkd.nl/iiif/10349936/full/max/0/default.jpg
274470,10349938,digital color photograph,https://media.rkd.nl/iiif/10349938/full/max/0/default.jpg
274474,10349944,digital color photograph,https://media.rkd.nl/iiif/10349944/full/max/0/default.jpg
274476,10349942,digital color photograph,https://media.rkd.nl/iiif/10349942/full/max/0/default.jpg
274477,10349946,digital color photograph,https://media.rkd.nl/iiif/10349946/full/max/0/default.jpg
274481,10349948,digital color photograph,https://media.rkd.nl/iiif/10349948/full/max/0/default.jpg
274483,10349952,digital color photograph,https://media.rkd.nl/iiif/10349952/full/max/0/default.jpg
274493,10349956,digital color photograph,https://media.rkd.nl/iiif/10349956/full/max/0/default.jpg
274498,10349960,digital color photograph,https://media.rkd.nl/iiif/10349960/full/max/0/default.jpg
274503,10349962,digital color photograph,https://media.rkd.nl/iiif/10349962/full/max/0/default.jpg
274516,10667512,digital image,https://media.rkd.nl/iiif/10667512/full/max/0/default.jpg
274516,10667515,digital image,https://media.rkd.nl/iiif/10667515/full/max/0/default.jpg
274523,10667520,black and white photograph,https://media.rkd.nl/iiif/10667520/full/max/0/default.jpg
274528,10349966,digital color photograph,https://media.rkd.nl/iiif/10349966/full/max/0/default.jpg
274529,10349968,digital color photograph,https://media.rkd.nl/iiif/10349968/full/max/0/default.jpg
274532,10349970,digital color photograph,https://media.rkd.nl/iiif/10349970/full/max/0/default.jpg
274533,10349972,digital color photograph,https://media.rkd.nl/iiif/10349972/full/max/0/default.jpg
274537,10349976,digital color photograph,https://media.rkd.nl/iiif/10349976/full/max/0/default.jpg
274542,10349980,digital color photograph,https://media.rkd.nl/iiif/10349980/full/max/0/default.jpg
274545,10349981,digital color photograph,https://media.rkd.nl/iiif/10349981/full/max/0/default.jpg
274545,10349982,digital color photograph,https://media.rkd.nl/iiif/10349982/full/max/0/default.jpg
274546,10349983,digital color photograph,https://media.rkd.nl/iiif/10349983/full/max/0/default.jpg
274548,10349986,digital color photograph,https://media.rkd.nl/iiif/10349986/full/max/0/default.jpg
274569,10349987,digital color photograph,https://media.rkd.nl/iiif/10349987/full/max/0/default.jpg
274569,10349988,digital color photograph,https://media.rkd.nl/iiif/10349988/full/max/0/default.jpg
274570,10349989,digital color photograph,https://media.rkd.nl/iiif/10349989/full/max/0/default.jpg
274571,10349991,digital color photograph,https://media.rkd.nl/iiif/10349991/full/max/0/default.jpg
274573,10349996,digital color photograph,https://media.rkd.nl/iiif/10349996/full/max/0/default.jpg
274574,10667546,color reproduction,https://media.rkd.nl/iiif/10667546/full/max/0/default.jpg
274575,10667548,digital image,https://media.rkd.nl/iiif/10667548/full/max/0/default.jpg
274575,10667547,digital image,https://media.rkd.nl/iiif/10667547/full/max/0/default.jpg
274575,9119997,black-and-white reproduction,https://media.rkd.nl/iiif/9119997/full/max/0/default.jpg
274602,10667580,black and white photograph,https://media.rkd.nl/iiif/10667580/full/max/0/default.jpg
274612,10667583,digital image,https://media.rkd.nl/iiif/10667583/full/max/0/default.jpg
274617,10323034,digital image,https://media.rkd.nl/iiif/10323034/full/max/0/default.jpg
274619,10323039,digital image,https://media.rkd.nl/iiif/10323039/full/max/0/default.jpg
274627,10790320,digital image,https://media.rkd.nl/iiif/10790320/full/max/0/default.jpg
274632,10667607,digital image,https://media.rkd.nl/iiif/10667607/full/max/0/default.jpg
274634,10790321,digital image,https://media.rkd.nl/iiif/10790321/full/max/0/default.jpg
274638,10667623,digital image,https://media.rkd.nl/iiif/10667623/full/max/0/default.jpg
274638,10667625,digital image,https://media.rkd.nl/iiif/10667625/full/max/0/default.jpg
274654,10667650,digital image,https://media.rkd.nl/iiif/10667650/full/max/0/default.jpg
274669,10668562,black and white photograph,https://media.rkd.nl/iiif/10668562/full/max/0/default.jpg
274671,10667672,digital image,https://media.rkd.nl/iiif/10667672/full/max/0/default.jpg
274675,10667675,black and white photograph,https://media.rkd.nl/iiif/10667675/full/max/0/default.jpg
274677,10667679,digital image,https://media.rkd.nl/iiif/10667679/full/max/0/default.jpg
274682,10667681,digital image,https://media.rkd.nl/iiif/10667681/full/max/0/default.jpg
274733,10667781,digital image,https://media.rkd.nl/iiif/10667781/full/max/0/default.jpg
274745,10848370,digital image,https://media.rkd.nl/iiif/10848370/full/max/0/default.jpg
274745,10291844,black and white photograph,https://media.rkd.nl/iiif/10291844/full/max/0/default.jpg
274745,10667808,black and white photograph,https://media.rkd.nl/iiif/10667808/full/max/0/default.jpg
274765,10667879,digital image,https://media.rkd.nl/iiif/10667879/full/max/0/default.jpg
274787,10667902,slide (photo),https://media.rkd.nl/iiif/10667902/full/max/0/default.jpg
274799,10667927,digital image,https://media.rkd.nl/iiif/10667927/full/max/0/default.jpg
274804,10291845,black and white photograph,https://media.rkd.nl/iiif/10291845/full/max/0/default.jpg
274810,10667953,digital image,https://media.rkd.nl/iiif/10667953/full/max/0/default.jpg
274811,10291846,black and white photograph,https://media.rkd.nl/iiif/10291846/full/max/0/default.jpg
274817,10667965,digital image,https://media.rkd.nl/iiif/10667965/full/max/0/default.jpg
274818,9236494,digital color photograph,https://media.rkd.nl/iiif/9236494/full/max/0/default.jpg
274819,10667966,digital image,https://media.rkd.nl/iiif/10667966/full/max/0/default.jpg
274820,9236496,digital color photograph,https://media.rkd.nl/iiif/9236496/full/max/0/default.jpg
274823,9236686,digital color photograph,https://media.rkd.nl/iiif/9236686/full/max/0/default.jpg
274824,9236702,digital color photograph,https://media.rkd.nl/iiif/9236702/full/max/0/default.jpg
274826,10667968,digital image,https://media.rkd.nl/iiif/10667968/full/max/0/default.jpg
274827,9236721,digital color photograph,https://media.rkd.nl/iiif/9236721/full/max/0/default.jpg
274830,9236708,digital color photograph,https://media.rkd.nl/iiif/9236708/full/max/0/default.jpg
274832,9236500,digital color photograph,https://media.rkd.nl/iiif/9236500/full/max/0/default.jpg
274836,9236502,digital color photograph,https://media.rkd.nl/iiif/9236502/full/max/0/default.jpg
274837,9236504,digital color photograph,https://media.rkd.nl/iiif/9236504/full/max/0/default.jpg
274838,9236506,digital color photograph,https://media.rkd.nl/iiif/9236506/full/max/0/default.jpg
274845,10668007,black-and-white reproduction,https://media.rkd.nl/iiif/10668007/full/max/0/default.jpg
274849,10668011,brown photograph,https://media.rkd.nl/iiif/10668011/full/max/0/default.jpg
274850,10668012,brown photograph,https://media.rkd.nl/iiif/10668012/full/max/0/default.jpg
274867,10668063,digital image,https://media.rkd.nl/iiif/10668063/full/max/0/default.jpg
274885,10668088,digital image,https://media.rkd.nl/iiif/10668088/full/max/0/default.jpg
274902,10668106,digital image,https://media.rkd.nl/iiif/10668106/full/max/0/default.jpg
274922,9237381,digital color photograph,https://media.rkd.nl/iiif/9237381/full/max/0/default.jpg
274922,10668161,digital image,https://media.rkd.nl/iiif/10668161/full/max/0/default.jpg
274925,9237382,digital color photograph,https://media.rkd.nl/iiif/9237382/full/max/0/default.jpg
274925,10668163,digital image,https://media.rkd.nl/iiif/10668163/full/max/0/default.jpg
274927,10674385,color reproduction,https://media.rkd.nl/iiif/10674385/full/max/0/default.jpg
274927,10668165,digital image,https://media.rkd.nl/iiif/10668165/full/max/0/default.jpg
274928,10668167,digital image,https://media.rkd.nl/iiif/10668167/full/max/0/default.jpg
274938,10668200,digital color photograph,https://media.rkd.nl/iiif/10668200/full/max/0/default.jpg
274940,10668208,digital image,https://media.rkd.nl/iiif/10668208/full/max/0/default.jpg
274941,10668211,digital image,https://media.rkd.nl/iiif/10668211/full/max/0/default.jpg
274942,10668210,digital image,https://media.rkd.nl/iiif/10668210/full/max/0/default.jpg
274958,10668238,digital color photograph,https://media.rkd.nl/iiif/10668238/full/max/0/default.jpg
274958,10668239,digital color photograph,https://media.rkd.nl/iiif/10668239/full/max/0/default.jpg
274960,10668241,color reproduction,https://media.rkd.nl/iiif/10668241/full/max/0/default.jpg
274966,10668247,digital color photograph,https://media.rkd.nl/iiif/10668247/full/max/0/default.jpg
274990,10291849,black and white photograph,https://media.rkd.nl/iiif/10291849/full/max/0/default.jpg
275003,10668348,black-and-white reproduction,https://media.rkd.nl/iiif/10668348/full/max/0/default.jpg
275005,10668349,black-and-white reproduction,https://media.rkd.nl/iiif/10668349/full/max/0/default.jpg
275014,10291850,old black-and-white photograph,https://media.rkd.nl/iiif/10291850/full/max/0/default.jpg
275019,9236710,digital color photograph,https://media.rkd.nl/iiif/9236710/full/max/0/default.jpg
275030,9236512,digital color photograph,https://media.rkd.nl/iiif/9236512/full/max/0/default.jpg
275031,9236712,digital color photograph,https://media.rkd.nl/iiif/9236712/full/max/0/default.jpg
275034,9236514,digital color photograph,https://media.rkd.nl/iiif/9236514/full/max/0/default.jpg
275037,10668450,digital image,https://media.rkd.nl/iiif/10668450/full/max/0/default.jpg
275041,9236516,digital color photograph,https://media.rkd.nl/iiif/9236516/full/max/0/default.jpg
275043,9236518,digital color photograph,https://media.rkd.nl/iiif/9236518/full/max/0/default.jpg
275049,9236524,digital color photograph,https://media.rkd.nl/iiif/9236524/full/max/0/default.jpg
275054,9236723,digital color photograph,https://media.rkd.nl/iiif/9236723/full/max/0/default.jpg
275059,9236526,digital color photograph,https://media.rkd.nl/iiif/9236526/full/max/0/default.jpg
275060,9236528,digital color photograph,https://media.rkd.nl/iiif/9236528/full/max/0/default.jpg
275062,9236532,digital color photograph,https://media.rkd.nl/iiif/9236532/full/max/0/default.jpg
275065,10668460,black-and-white reproduction,https://media.rkd.nl/iiif/10668460/full/max/0/default.jpg
275070,10668468,black-and-white reproduction,https://media.rkd.nl/iiif/10668468/full/max/0/default.jpg
275074,10322375,digital image,https://media.rkd.nl/iiif/10322375/full/max/0/default.jpg
275082,10668510,color reproduction,https://media.rkd.nl/iiif/10668510/full/max/0/default.jpg
275085,10668518,color reproduction,https://media.rkd.nl/iiif/10668518/full/max/0/default.jpg
275106,10668548,digital image,https://media.rkd.nl/iiif/10668548/full/max/0/default.jpg
275122,10322841,digital image,https://media.rkd.nl/iiif/10322841/full/max/0/default.jpg
275123,9235027,digital image,https://media.rkd.nl/iiif/9235027/full/max/0/default.jpg
275166,10679744,digital image,https://media.rkd.nl/iiif/10679744/full/max/0/default.jpg
275166,10668643,black and white photograph,https://media.rkd.nl/iiif/10668643/full/max/0/default.jpg
275201,9236540,digital color photograph,https://media.rkd.nl/iiif/9236540/full/max/0/default.jpg
275202,9236542,digital color photograph,https://media.rkd.nl/iiif/9236542/full/max/0/default.jpg
275206,9236716,digital color photograph,https://media.rkd.nl/iiif/9236716/full/max/0/default.jpg
275208,9236719,digital color photograph,https://media.rkd.nl/iiif/9236719/full/max/0/default.jpg
275210,9236684,digital color photograph,https://media.rkd.nl/iiif/9236684/full/max/0/default.jpg
275213,9236546,digital color photograph,https://media.rkd.nl/iiif/9236546/full/max/0/default.jpg
275214,9236548,digital color photograph,https://media.rkd.nl/iiif/9236548/full/max/0/default.jpg
275215,9236550,digital color photograph,https://media.rkd.nl/iiif/9236550/full/max/0/default.jpg
275216,9236725,digital color photograph,https://media.rkd.nl/iiif/9236725/full/max/0/default.jpg
275217,10668725,color reproduction,https://media.rkd.nl/iiif/10668725/full/max/0/default.jpg
275217,10668726,black-and-white reproduction,https://media.rkd.nl/iiif/10668726/full/max/0/default.jpg
275221,10668724,black and white photograph,https://media.rkd.nl/iiif/10668724/full/max/0/default.jpg
275223,10668728,color reproduction,https://media.rkd.nl/iiif/10668728/full/max/0/default.jpg
275225,10668729,black-and-white reproduction,https://media.rkd.nl/iiif/10668729/full/max/0/default.jpg
275237,10352913,digital color photograph,https://media.rkd.nl/iiif/10352913/full/max/0/default.jpg
275239,10352926,digital color photograph,https://media.rkd.nl/iiif/10352926/full/max/0/default.jpg
275239,10668735,digital color photograph,https://media.rkd.nl/iiif/10668735/full/max/0/default.jpg
275241,9236554,digital color photograph,https://media.rkd.nl/iiif/9236554/full/max/0/default.jpg
275246,10668741,digital image,https://media.rkd.nl/iiif/10668741/full/max/0/default.jpg
275251,10352914,digital color photograph,https://media.rkd.nl/iiif/10352914/full/max/0/default.jpg
275268,10668766,black-and-white reproduction,https://media.rkd.nl/iiif/10668766/full/max/0/default.jpg
275319,10352915,digital color photograph,https://media.rkd.nl/iiif/10352915/full/max/0/default.jpg
275322,10352916,digital color photograph,https://media.rkd.nl/iiif/10352916/full/max/0/default.jpg
275344,10352918,digital color photograph,https://media.rkd.nl/iiif/10352918/full/max/0/default.jpg
275345,10352919,digital color photograph,https://media.rkd.nl/iiif/10352919/full/max/0/default.jpg
275368,10352922,digital color photograph,https://media.rkd.nl/iiif/10352922/full/max/0/default.jpg
275369,10352923,digital color photograph,https://media.rkd.nl/iiif/10352923/full/max/0/default.jpg
275371,10352925,digital color photograph,https://media.rkd.nl/iiif/10352925/full/max/0/default.jpg
275412,10668872,digital image,https://media.rkd.nl/iiif/10668872/full/max/0/default.jpg
275412,10668874,digital image,https://media.rkd.nl/iiif/10668874/full/max/0/default.jpg
275432,10668984,digital image,https://media.rkd.nl/iiif/10668984/full/max/0/default.jpg
275433,10668928,digital image,https://media.rkd.nl/iiif/10668928/full/max/0/default.jpg
275504,10669046,digital image,https://media.rkd.nl/iiif/10669046/full/max/0/default.jpg
275504,10669057,digital image,https://media.rkd.nl/iiif/10669057/full/max/0/default.jpg
275504,10669058,digital image,https://media.rkd.nl/iiif/10669058/full/max/0/default.jpg
275504,10669059,digital image,https://media.rkd.nl/iiif/10669059/full/max/0/default.jpg
275504,10291854,black and white photograph,https://media.rkd.nl/iiif/10291854/full/max/0/default.jpg
275555,10669088,digital image,https://media.rkd.nl/iiif/10669088/full/max/0/default.jpg
275562,10669095,digital image,https://media.rkd.nl/iiif/10669095/full/max/0/default.jpg
275566,10669113,digital image,https://media.rkd.nl/iiif/10669113/full/max/0/default.jpg
275567,10669100,digital image,https://media.rkd.nl/iiif/10669100/full/max/0/default.jpg
275604,10352964,digital image,https://media.rkd.nl/iiif/10352964/full/max/0/default.jpg
275605,10669172,digital color photograph,https://media.rkd.nl/iiif/10669172/full/max/0/default.jpg
275606,10669192,digital image,https://media.rkd.nl/iiif/10669192/full/max/0/default.jpg
275608,10669202,digital image,https://media.rkd.nl/iiif/10669202/full/max/0/default.jpg
275612,10669215,digital image,https://media.rkd.nl/iiif/10669215/full/max/0/default.jpg
275617,10669219,digital image,https://media.rkd.nl/iiif/10669219/full/max/0/default.jpg
275637,10669262,digital color photograph,https://media.rkd.nl/iiif/10669262/full/max/0/default.jpg
275637,10677805,black and white photograph,https://media.rkd.nl/iiif/10677805/full/max/0/default.jpg
275637,10790330,digital image,https://media.rkd.nl/iiif/10790330/full/max/0/default.jpg
275640,10669279,black and white photograph,https://media.rkd.nl/iiif/10669279/full/max/0/default.jpg
275651,10669318,digital image,https://media.rkd.nl/iiif/10669318/full/max/0/default.jpg
275654,10669334,color photograph,https://media.rkd.nl/iiif/10669334/full/max/0/default.jpg
275656,10669338,color photograph,https://media.rkd.nl/iiif/10669338/full/max/0/default.jpg
275658,10669339,color photograph,https://media.rkd.nl/iiif/10669339/full/max/0/default.jpg
275659,10669340,color photograph,https://media.rkd.nl/iiif/10669340/full/max/0/default.jpg
275660,10669341,color photograph,https://media.rkd.nl/iiif/10669341/full/max/0/default.jpg
275665,10669346,color photograph,https://media.rkd.nl/iiif/10669346/full/max/0/default.jpg
275678,10669388,digital image,https://media.rkd.nl/iiif/10669388/full/max/0/default.jpg
275730,9326030,digital image,https://media.rkd.nl/iiif/9326030/full/max/0/default.jpg
275743,10669457,black and white photograph,https://media.rkd.nl/iiif/10669457/full/max/0/default.jpg
275788,9163412,black and white photograph,https://media.rkd.nl/iiif/9163412/full/max/0/default.jpg
275814,10670313,black and white photograph,https://media.rkd.nl/iiif/10670313/full/max/0/default.jpg
275856,10669561,digital image,https://media.rkd.nl/iiif/10669561/full/max/0/default.jpg
275861,10669568,digital image,https://media.rkd.nl/iiif/10669568/full/max/0/default.jpg
275883,10669583,digital image,https://media.rkd.nl/iiif/10669583/full/max/0/default.jpg
275896,10669512,digital image,https://media.rkd.nl/iiif/10669512/full/max/0/default.jpg
275897,9236631,digital image,https://media.rkd.nl/iiif/9236631/full/max/0/default.jpg
275897,9236629,digital image,https://media.rkd.nl/iiif/9236629/full/max/0/default.jpg
275897,9236630,digital image,https://media.rkd.nl/iiif/9236630/full/max/0/default.jpg
275897,10669594,digital image,https://media.rkd.nl/iiif/10669594/full/max/0/default.jpg
275897,10669595,digital image,https://media.rkd.nl/iiif/10669595/full/max/0/default.jpg
275898,10676888,digital image,https://media.rkd.nl/iiif/10676888/full/max/0/default.jpg
275901,10669602,color reproduction,https://media.rkd.nl/iiif/10669602/full/max/0/default.jpg
275902,9236688,digital color photograph,https://media.rkd.nl/iiif/9236688/full/max/0/default.jpg
275903,10669601,digital color photograph,https://media.rkd.nl/iiif/10669601/full/max/0/default.jpg
275904,10790332,digital image,https://media.rkd.nl/iiif/10790332/full/max/0/default.jpg
275908,9236558,digital color photograph,https://media.rkd.nl/iiif/9236558/full/max/0/default.jpg
275910,9236560,digital color photograph,https://media.rkd.nl/iiif/9236560/full/max/0/default.jpg
275913,9236562,digital color photograph,https://media.rkd.nl/iiif/9236562/full/max/0/default.jpg
275916,9236682,digital color photograph,https://media.rkd.nl/iiif/9236682/full/max/0/default.jpg
275917,9236694,digital color photograph,https://media.rkd.nl/iiif/9236694/full/max/0/default.jpg
275918,9236490,digital color photograph,https://media.rkd.nl/iiif/9236490/full/max/0/default.jpg
275919,9236696,digital color photograph,https://media.rkd.nl/iiif/9236696/full/max/0/default.jpg
275920,9236698,digital color photograph,https://media.rkd.nl/iiif/9236698/full/max/0/default.jpg
275921,9236492,digital color photograph,https://media.rkd.nl/iiif/9236492/full/max/0/default.jpg
275923,9236700,digital color photograph,https://media.rkd.nl/iiif/9236700/full/max/0/default.jpg
275933,9236536,digital color photograph,https://media.rkd.nl/iiif/9236536/full/max/0/default.jpg
275934,9236538,digital color photograph,https://media.rkd.nl/iiif/9236538/full/max/0/default.jpg
275943,9236736,digital color photograph,https://media.rkd.nl/iiif/9236736/full/max/0/default.jpg
275948,9236742,digital color photograph,https://media.rkd.nl/iiif/9236742/full/max/0/default.jpg
275951,9236728,digital color photograph,https://media.rkd.nl/iiif/9236728/full/max/0/default.jpg
275954,9236730,digital color photograph,https://media.rkd.nl/iiif/9236730/full/max/0/default.jpg
275956,11109919,digital image,https://media.rkd.nl/iiif/11109919/full/max/0/default.jpg
275956,10669684,digital image,https://media.rkd.nl/iiif/10669684/full/max/0/default.jpg
275958,10669686,digital image,https://media.rkd.nl/iiif/10669686/full/max/0/default.jpg
275959,9236732,digital color photograph,https://media.rkd.nl/iiif/9236732/full/max/0/default.jpg
275960,10669689,digital image,https://media.rkd.nl/iiif/10669689/full/max/0/default.jpg
275963,9236737,digital color photograph,https://media.rkd.nl/iiif/9236737/full/max/0/default.jpg
275963,9236738,digital color photograph,https://media.rkd.nl/iiif/9236738/full/max/0/default.jpg
275967,10669692,digital image,https://media.rkd.nl/iiif/10669692/full/max/0/default.jpg
276003,10669887,black and white photograph,https://media.rkd.nl/iiif/10669887/full/max/0/default.jpg
276004,10669740,digital image,https://media.rkd.nl/iiif/10669740/full/max/0/default.jpg
276004,10352561,digital image,https://media.rkd.nl/iiif/10352561/full/max/0/default.jpg
276007,10669741,digital image,https://media.rkd.nl/iiif/10669741/full/max/0/default.jpg
276032,10669757,digital image,https://media.rkd.nl/iiif/10669757/full/max/0/default.jpg
276034,10291867,black and white photograph,https://media.rkd.nl/iiif/10291867/full/max/0/default.jpg
276045,9237089,digital color photograph,https://media.rkd.nl/iiif/9237089/full/max/0/default.jpg
276045,9237090,digital color photograph,https://media.rkd.nl/iiif/9237090/full/max/0/default.jpg
276045,9237093,digital color photograph,https://media.rkd.nl/iiif/9237093/full/max/0/default.jpg
276046,9237092,digital color photograph,https://media.rkd.nl/iiif/9237092/full/max/0/default.jpg
276046,9237095,digital color photograph,https://media.rkd.nl/iiif/9237095/full/max/0/default.jpg
276046,9237096,digital color photograph,https://media.rkd.nl/iiif/9237096/full/max/0/default.jpg
276077,10669822,digital image,https://media.rkd.nl/iiif/10669822/full/max/0/default.jpg
276093,9236791,digital color photograph,https://media.rkd.nl/iiif/9236791/full/max/0/default.jpg
276113,10670366,digital image,https://media.rkd.nl/iiif/10670366/full/max/0/default.jpg
276125,10291872,black and white photograph,https://media.rkd.nl/iiif/10291872/full/max/0/default.jpg
276129,10669926,digital image,https://media.rkd.nl/iiif/10669926/full/max/0/default.jpg
276139,9236867,digital color photograph,https://media.rkd.nl/iiif/9236867/full/max/0/default.jpg
276141,9236785,digital color photograph,https://media.rkd.nl/iiif/9236785/full/max/0/default.jpg
276152,10669950,digital image,https://media.rkd.nl/iiif/10669950/full/max/0/default.jpg
276166,10291913,black and white photograph,https://media.rkd.nl/iiif/10291913/full/max/0/default.jpg
276209,10669991,digital image,https://media.rkd.nl/iiif/10669991/full/max/0/default.jpg
276265,10670063,digital image,https://media.rkd.nl/iiif/10670063/full/max/0/default.jpg
276268,10670064,digital image,https://media.rkd.nl/iiif/10670064/full/max/0/default.jpg
276277,10670078,digital image,https://media.rkd.nl/iiif/10670078/full/max/0/default.jpg
276285,10670086,digital image,https://media.rkd.nl/iiif/10670086/full/max/0/default.jpg
276307,9163404,black and white photograph,https://media.rkd.nl/iiif/9163404/full/max/0/default.jpg
276329,10670143,digital image,https://media.rkd.nl/iiif/10670143/full/max/0/default.jpg
276335,9329172,BD/Digital Collection,https://media.rkd.nl/iiif/9329172/full/max/0/default.jpg
276339,10349998,digital color photograph,https://media.rkd.nl/iiif/10349998/full/max/0/default.jpg
276347,10350002,digital color photograph,https://media.rkd.nl/iiif/10350002/full/max/0/default.jpg
276350,10350004,digital color photograph,https://media.rkd.nl/iiif/10350004/full/max/0/default.jpg
276352,10350005,digital color photograph,https://media.rkd.nl/iiif/10350005/full/max/0/default.jpg
276352,10350006,digital color photograph,https://media.rkd.nl/iiif/10350006/full/max/0/default.jpg
276357,10350010,digital color photograph,https://media.rkd.nl/iiif/10350010/full/max/0/default.jpg
276362,10350014,digital color photograph,https://media.rkd.nl/iiif/10350014/full/max/0/default.jpg
276365,10350016,digital color photograph,https://media.rkd.nl/iiif/10350016/full/max/0/default.jpg
276367,10350018,digital color photograph,https://media.rkd.nl/iiif/10350018/full/max/0/default.jpg
276368,10350020,digital color photograph,https://media.rkd.nl/iiif/10350020/full/max/0/default.jpg
276376,10350022,digital color photograph,https://media.rkd.nl/iiif/10350022/full/max/0/default.jpg
276380,10349887,digital color photograph,https://media.rkd.nl/iiif/10349887/full/max/0/default.jpg
276380,10349888,digital color photograph,https://media.rkd.nl/iiif/10349888/full/max/0/default.jpg
276381,10349889,digital color photograph,https://media.rkd.nl/iiif/10349889/full/max/0/default.jpg
276381,10349890,digital color photograph,https://media.rkd.nl/iiif/10349890/full/max/0/default.jpg
276384,10349892,digital color photograph,https://media.rkd.nl/iiif/10349892/full/max/0/default.jpg
276386,10349894,digital color photograph,https://media.rkd.nl/iiif/10349894/full/max/0/default.jpg
276389,10349895,digital color photograph,https://media.rkd.nl/iiif/10349895/full/max/0/default.jpg
276389,10349896,digital color photograph,https://media.rkd.nl/iiif/10349896/full/max/0/default.jpg
276392,10670223,black and white photograph,https://media.rkd.nl/iiif/10670223/full/max/0/default.jpg
276396,10349902,digital color photograph,https://media.rkd.nl/iiif/10349902/full/max/0/default.jpg
276397,10349904,digital color photograph,https://media.rkd.nl/iiif/10349904/full/max/0/default.jpg
276407,10349906,digital color photograph,https://media.rkd.nl/iiif/10349906/full/max/0/default.jpg
276409,10349907,digital color photograph,https://media.rkd.nl/iiif/10349907/full/max/0/default.jpg
276409,10349908,digital color photograph,https://media.rkd.nl/iiif/10349908/full/max/0/default.jpg
276413,10349911,digital color photograph,https://media.rkd.nl/iiif/10349911/full/max/0/default.jpg
276416,10349910,digital color photograph,https://media.rkd.nl/iiif/10349910/full/max/0/default.jpg
276426,10349913,digital color photograph,https://media.rkd.nl/iiif/10349913/full/max/0/default.jpg
276426,10349914,digital color photograph,https://media.rkd.nl/iiif/10349914/full/max/0/default.jpg
276428,10349916,digital color photograph,https://media.rkd.nl/iiif/10349916/full/max/0/default.jpg
276431,10349918,digital color photograph,https://media.rkd.nl/iiif/10349918/full/max/0/default.jpg
276446,10350086,digital color photograph,https://media.rkd.nl/iiif/10350086/full/max/0/default.jpg
276447,10350088,digital color photograph,https://media.rkd.nl/iiif/10350088/full/max/0/default.jpg
276454,10670260,digital image,https://media.rkd.nl/iiif/10670260/full/max/0/default.jpg
276464,10350090,digital color photograph,https://media.rkd.nl/iiif/10350090/full/max/0/default.jpg
276466,10349826,digital color photograph,https://media.rkd.nl/iiif/10349826/full/max/0/default.jpg
276480,10349832,digital color photograph,https://media.rkd.nl/iiif/10349832/full/max/0/default.jpg
276484,10349834,digital color photograph,https://media.rkd.nl/iiif/10349834/full/max/0/default.jpg
276490,10349836,digital color photograph,https://media.rkd.nl/iiif/10349836/full/max/0/default.jpg
276499,10349840,digital color photograph,https://media.rkd.nl/iiif/10349840/full/max/0/default.jpg
276500,10349838,digital color photograph,https://media.rkd.nl/iiif/10349838/full/max/0/default.jpg
276502,9329184,digital image,https://media.rkd.nl/iiif/9329184/full/max/0/default.jpg
276504,10670284,digital image,https://media.rkd.nl/iiif/10670284/full/max/0/default.jpg
276505,10349844,digital color photograph,https://media.rkd.nl/iiif/10349844/full/max/0/default.jpg
276515,10349848,digital color photograph,https://media.rkd.nl/iiif/10349848/full/max/0/default.jpg
276519,10349850,digital color photograph,https://media.rkd.nl/iiif/10349850/full/max/0/default.jpg
276526,10670294,black and white photograph,https://media.rkd.nl/iiif/10670294/full/max/0/default.jpg
276527,10670295,black and white photograph,https://media.rkd.nl/iiif/10670295/full/max/0/default.jpg
276528,10670296,black and white photograph,https://media.rkd.nl/iiif/10670296/full/max/0/default.jpg
276533,10670304,digital image,https://media.rkd.nl/iiif/10670304/full/max/0/default.jpg
276551,10670331,digital image,https://media.rkd.nl/iiif/10670331/full/max/0/default.jpg
276593,10670810,color reproduction,https://media.rkd.nl/iiif/10670810/full/max/0/default.jpg
276593,10670378,black and white photograph,https://media.rkd.nl/iiif/10670378/full/max/0/default.jpg
276624,10670392,digital image,https://media.rkd.nl/iiif/10670392/full/max/0/default.jpg
276627,10670377,digital image,https://media.rkd.nl/iiif/10670377/full/max/0/default.jpg
276632,10670396,digital image,https://media.rkd.nl/iiif/10670396/full/max/0/default.jpg
276642,10670405,digital image,https://media.rkd.nl/iiif/10670405/full/max/0/default.jpg
276667,10670424,digital image,https://media.rkd.nl/iiif/10670424/full/max/0/default.jpg
276670,10790375,digital image,https://media.rkd.nl/iiif/10790375/full/max/0/default.jpg
276675,10349852,digital color photograph,https://media.rkd.nl/iiif/10349852/full/max/0/default.jpg
276676,10349853,digital color photograph,https://media.rkd.nl/iiif/10349853/full/max/0/default.jpg
276677,10349855,digital color photograph,https://media.rkd.nl/iiif/10349855/full/max/0/default.jpg
276677,10349856,digital color photograph,https://media.rkd.nl/iiif/10349856/full/max/0/default.jpg
276679,10349857,digital color photograph,https://media.rkd.nl/iiif/10349857/full/max/0/default.jpg
276679,10349858,digital color photograph,https://media.rkd.nl/iiif/10349858/full/max/0/default.jpg
276680,10349860,digital color photograph,https://media.rkd.nl/iiif/10349860/full/max/0/default.jpg
276687,10349863,digital color photograph,https://media.rkd.nl/iiif/10349863/full/max/0/default.jpg
276687,10349864,digital color photograph,https://media.rkd.nl/iiif/10349864/full/max/0/default.jpg
276692,10670463,digital image,https://media.rkd.nl/iiif/10670463/full/max/0/default.jpg
276693,10670462,black and white photograph,https://media.rkd.nl/iiif/10670462/full/max/0/default.jpg
276693,10670483,black and white photograph,https://media.rkd.nl/iiif/10670483/full/max/0/default.jpg
276693,10670484,black and white photograph,https://media.rkd.nl/iiif/10670484/full/max/0/default.jpg
276694,10349866,digital color photograph,https://media.rkd.nl/iiif/10349866/full/max/0/default.jpg
276695,10349867,digital color photograph,https://media.rkd.nl/iiif/10349867/full/max/0/default.jpg
276695,10349868,digital color photograph,https://media.rkd.nl/iiif/10349868/full/max/0/default.jpg
276696,10349869,digital color photograph,https://media.rkd.nl/iiif/10349869/full/max/0/default.jpg
276696,10349870,digital color photograph,https://media.rkd.nl/iiif/10349870/full/max/0/default.jpg
276702,10349873,digital color photograph,https://media.rkd.nl/iiif/10349873/full/max/0/default.jpg
276704,10349875,digital color photograph,https://media.rkd.nl/iiif/10349875/full/max/0/default.jpg
276704,10349876,digital color photograph,https://media.rkd.nl/iiif/10349876/full/max/0/default.jpg
276707,10349878,digital color photograph,https://media.rkd.nl/iiif/10349878/full/max/0/default.jpg
276710,10670477,brown photograph,https://media.rkd.nl/iiif/10670477/full/max/0/default.jpg
276720,10349882,digital color photograph,https://media.rkd.nl/iiif/10349882/full/max/0/default.jpg
276721,10349883,digital color photograph,https://media.rkd.nl/iiif/10349883/full/max/0/default.jpg
276721,10349884,digital color photograph,https://media.rkd.nl/iiif/10349884/full/max/0/default.jpg
276723,10349885,digital color photograph,https://media.rkd.nl/iiif/10349885/full/max/0/default.jpg
276723,10349886,digital color photograph,https://media.rkd.nl/iiif/10349886/full/max/0/default.jpg
276745,10350026,digital color photograph,https://media.rkd.nl/iiif/10350026/full/max/0/default.jpg
276746,10350028,digital color photograph,https://media.rkd.nl/iiif/10350028/full/max/0/default.jpg
276747,10350029,digital color photograph,https://media.rkd.nl/iiif/10350029/full/max/0/default.jpg
276747,10350030,digital color photograph,https://media.rkd.nl/iiif/10350030/full/max/0/default.jpg
276749,10350031,digital color photograph,https://media.rkd.nl/iiif/10350031/full/max/0/default.jpg
276749,10350032,digital color photograph,https://media.rkd.nl/iiif/10350032/full/max/0/default.jpg
276765,10350038,digital color photograph,https://media.rkd.nl/iiif/10350038/full/max/0/default.jpg
276772,10350040,digital color photograph,https://media.rkd.nl/iiif/10350040/full/max/0/default.jpg
276773,10350041,digital color photograph,https://media.rkd.nl/iiif/10350041/full/max/0/default.jpg
276773,10350042,digital color photograph,https://media.rkd.nl/iiif/10350042/full/max/0/default.jpg
276774,10350044,digital color photograph,https://media.rkd.nl/iiif/10350044/full/max/0/default.jpg
276775,10350045,digital color photograph,https://media.rkd.nl/iiif/10350045/full/max/0/default.jpg
276775,10350046,digital color photograph,https://media.rkd.nl/iiif/10350046/full/max/0/default.jpg
276776,10350047,digital color photograph,https://media.rkd.nl/iiif/10350047/full/max/0/default.jpg
276776,10350048,digital color photograph,https://media.rkd.nl/iiif/10350048/full/max/0/default.jpg
276780,10350054,digital color photograph,https://media.rkd.nl/iiif/10350054/full/max/0/default.jpg
276781,10350056,digital color photograph,https://media.rkd.nl/iiif/10350056/full/max/0/default.jpg
276782,10350058,digital color photograph,https://media.rkd.nl/iiif/10350058/full/max/0/default.jpg
276787,10350062,digital color photograph,https://media.rkd.nl/iiif/10350062/full/max/0/default.jpg
276790,10670578,digital image,https://media.rkd.nl/iiif/10670578/full/max/0/default.jpg
276790,10291900,black and white photograph,https://media.rkd.nl/iiif/10291900/full/max/0/default.jpg
276792,10350063,digital color photograph,https://media.rkd.nl/iiif/10350063/full/max/0/default.jpg
276796,10350066,digital color photograph,https://media.rkd.nl/iiif/10350066/full/max/0/default.jpg
276797,10350068,digital color photograph,https://media.rkd.nl/iiif/10350068/full/max/0/default.jpg
276799,10350070,digital color photograph,https://media.rkd.nl/iiif/10350070/full/max/0/default.jpg
276803,10350074,digital color photograph,https://media.rkd.nl/iiif/10350074/full/max/0/default.jpg
276808,10350076,digital color photograph,https://media.rkd.nl/iiif/10350076/full/max/0/default.jpg
276812,10670654,digital color photograph,https://media.rkd.nl/iiif/10670654/full/max/0/default.jpg
276818,10670708,digital image,https://media.rkd.nl/iiif/10670708/full/max/0/default.jpg
276818,10670709,digital image,https://media.rkd.nl/iiif/10670709/full/max/0/default.jpg
276834,10670731,black-and-white reproduction,https://media.rkd.nl/iiif/10670731/full/max/0/default.jpg
276886,10706768,BD/Digital Collection,https://media.rkd.nl/iiif/10706768/full/max/0/default.jpg
276912,10354501,digital color photograph,https://media.rkd.nl/iiif/10354501/full/max/0/default.jpg
276912,10353961,digital color photograph,https://media.rkd.nl/iiif/10353961/full/max/0/default.jpg
276912,10353962,digital color photograph,https://media.rkd.nl/iiif/10353962/full/max/0/default.jpg
276912,10353965,digital color photograph,https://media.rkd.nl/iiif/10353965/full/max/0/default.jpg
276912,10353966,digital color photograph,https://media.rkd.nl/iiif/10353966/full/max/0/default.jpg
276912,10353967,digital color photograph,https://media.rkd.nl/iiif/10353967/full/max/0/default.jpg
276912,10353968,digital color photograph,https://media.rkd.nl/iiif/10353968/full/max/0/default.jpg
276912,10353969,digital color photograph,https://media.rkd.nl/iiif/10353969/full/max/0/default.jpg
276912,10353971,digital color photograph,https://media.rkd.nl/iiif/10353971/full/max/0/default.jpg
276912,10353975,digital color photograph,https://media.rkd.nl/iiif/10353975/full/max/0/default.jpg
276912,10353976,digital color photograph,https://media.rkd.nl/iiif/10353976/full/max/0/default.jpg
276912,10353977,digital color photograph,https://media.rkd.nl/iiif/10353977/full/max/0/default.jpg
276912,10353979,digital color photograph,https://media.rkd.nl/iiif/10353979/full/max/0/default.jpg
276912,10353981,digital color photograph,https://media.rkd.nl/iiif/10353981/full/max/0/default.jpg
276912,10353982,digital color photograph,https://media.rkd.nl/iiif/10353982/full/max/0/default.jpg
276912,10353983,digital color photograph,https://media.rkd.nl/iiif/10353983/full/max/0/default.jpg
276912,10353984,digital color photograph,https://media.rkd.nl/iiif/10353984/full/max/0/default.jpg
276912,10353985,digital color photograph,https://media.rkd.nl/iiif/10353985/full/max/0/default.jpg
276912,10353987,digital color photograph,https://media.rkd.nl/iiif/10353987/full/max/0/default.jpg
276912,10353988,digital color photograph,https://media.rkd.nl/iiif/10353988/full/max/0/default.jpg
276968,10670917,color photograph,https://media.rkd.nl/iiif/10670917/full/max/0/default.jpg
277037,10670945,digital color photograph,https://media.rkd.nl/iiif/10670945/full/max/0/default.jpg
277038,10350078,digital color photograph,https://media.rkd.nl/iiif/10350078/full/max/0/default.jpg
277041,10350081,digital color photograph,https://media.rkd.nl/iiif/10350081/full/max/0/default.jpg
277045,10350136,digital color photograph,https://media.rkd.nl/iiif/10350136/full/max/0/default.jpg
277047,10670951,digital image,https://media.rkd.nl/iiif/10670951/full/max/0/default.jpg
277048,10291907,black and white photograph,https://media.rkd.nl/iiif/10291907/full/max/0/default.jpg
277061,10869999,digital image,https://media.rkd.nl/iiif/10869999/full/max/0/default.jpg
277061,10670963,black and white photograph,https://media.rkd.nl/iiif/10670963/full/max/0/default.jpg
277115,10671070,black and white photograph,https://media.rkd.nl/iiif/10671070/full/max/0/default.jpg
277201,10802949,digital image,https://media.rkd.nl/iiif/10802949/full/max/0/default.jpg
277235,10353353,digital image,https://media.rkd.nl/iiif/10353353/full/max/0/default.jpg
277296,9329194,digital image,https://media.rkd.nl/iiif/9329194/full/max/0/default.jpg
277298,10353355,digital image,https://media.rkd.nl/iiif/10353355/full/max/0/default.jpg
277305,10353359,digital image,https://media.rkd.nl/iiif/10353359/full/max/0/default.jpg
277307,10671152,digital image,https://media.rkd.nl/iiif/10671152/full/max/0/default.jpg
277311,10353362,digital image,https://media.rkd.nl/iiif/10353362/full/max/0/default.jpg
277314,10353364,digital image,https://media.rkd.nl/iiif/10353364/full/max/0/default.jpg
277349,10353368,digital image,https://media.rkd.nl/iiif/10353368/full/max/0/default.jpg
277396,10671192,black-and-white reproduction,https://media.rkd.nl/iiif/10671192/full/max/0/default.jpg
277397,10671194,digital image,https://media.rkd.nl/iiif/10671194/full/max/0/default.jpg
277398,10671195,black-and-white reproduction,https://media.rkd.nl/iiif/10671195/full/max/0/default.jpg
277407,10671197,black-and-white reproduction,https://media.rkd.nl/iiif/10671197/full/max/0/default.jpg
277427,10353373,digital image,https://media.rkd.nl/iiif/10353373/full/max/0/default.jpg
277429,10671232,digital image,https://media.rkd.nl/iiif/10671232/full/max/0/default.jpg
277447,10671245,digital image,https://media.rkd.nl/iiif/10671245/full/max/0/default.jpg
277459,10671246,digital image,https://media.rkd.nl/iiif/10671246/full/max/0/default.jpg
277476,10671253,digital image,https://media.rkd.nl/iiif/10671253/full/max/0/default.jpg
277485,10671262,digital image,https://media.rkd.nl/iiif/10671262/full/max/0/default.jpg
277486,10671263,digital image,https://media.rkd.nl/iiif/10671263/full/max/0/default.jpg
277494,10671272,digital image,https://media.rkd.nl/iiif/10671272/full/max/0/default.jpg
277495,10671273,digital image,https://media.rkd.nl/iiif/10671273/full/max/0/default.jpg
277498,10671276,digital image,https://media.rkd.nl/iiif/10671276/full/max/0/default.jpg
277502,10288625,digital color photograph,https://media.rkd.nl/iiif/10288625/full/max/0/default.jpg
277541,10288585,digital color photograph,https://media.rkd.nl/iiif/10288585/full/max/0/default.jpg
277543,10288586,digital color photograph,https://media.rkd.nl/iiif/10288586/full/max/0/default.jpg
277549,10288587,digital color photograph,https://media.rkd.nl/iiif/10288587/full/max/0/default.jpg
277550,10288588,digital color photograph,https://media.rkd.nl/iiif/10288588/full/max/0/default.jpg
277552,10288589,digital color photograph,https://media.rkd.nl/iiif/10288589/full/max/0/default.jpg
277557,10671337,digital image,https://media.rkd.nl/iiif/10671337/full/max/0/default.jpg
277562,10288591,digital color photograph,https://media.rkd.nl/iiif/10288591/full/max/0/default.jpg
277564,10288593,digital color photograph,https://media.rkd.nl/iiif/10288593/full/max/0/default.jpg
277565,10288594,digital color photograph,https://media.rkd.nl/iiif/10288594/full/max/0/default.jpg
277566,10288595,digital color photograph,https://media.rkd.nl/iiif/10288595/full/max/0/default.jpg
277569,10288596,digital color photograph,https://media.rkd.nl/iiif/10288596/full/max/0/default.jpg
277570,10288597,digital color photograph,https://media.rkd.nl/iiif/10288597/full/max/0/default.jpg
277572,10288598,digital color photograph,https://media.rkd.nl/iiif/10288598/full/max/0/default.jpg
277585,10291912,black and white photograph,https://media.rkd.nl/iiif/10291912/full/max/0/default.jpg
277605,10288599,digital color photograph,https://media.rkd.nl/iiif/10288599/full/max/0/default.jpg
277607,10288601,digital color photograph,https://media.rkd.nl/iiif/10288601/full/max/0/default.jpg
277617,10288602,digital color photograph,https://media.rkd.nl/iiif/10288602/full/max/0/default.jpg
277624,10671504,digital image,https://media.rkd.nl/iiif/10671504/full/max/0/default.jpg
277628,10288603,digital color photograph,https://media.rkd.nl/iiif/10288603/full/max/0/default.jpg
277629,10288604,digital color photograph,https://media.rkd.nl/iiif/10288604/full/max/0/default.jpg
277630,10288605,digital color photograph,https://media.rkd.nl/iiif/10288605/full/max/0/default.jpg
277634,10671512,digital image,https://media.rkd.nl/iiif/10671512/full/max/0/default.jpg
277635,10671514,digital image,https://media.rkd.nl/iiif/10671514/full/max/0/default.jpg
277636,10671516,digital image,https://media.rkd.nl/iiif/10671516/full/max/0/default.jpg
277637,10288606,digital color photograph,https://media.rkd.nl/iiif/10288606/full/max/0/default.jpg
277638,10288728,BD/Digital Collection,https://media.rkd.nl/iiif/10288728/full/max/0/default.jpg
277638,10671521,digital image,https://media.rkd.nl/iiif/10671521/full/max/0/default.jpg
277650,10671527,black and white photograph,https://media.rkd.nl/iiif/10671527/full/max/0/default.jpg
277674,10671551,digital image,https://media.rkd.nl/iiif/10671551/full/max/0/default.jpg
277679,10671553,digital color photograph,https://media.rkd.nl/iiif/10671553/full/max/0/default.jpg
277680,10671555,digital image,https://media.rkd.nl/iiif/10671555/full/max/0/default.jpg
277681,9236481,digital black-and-white photograph,https://media.rkd.nl/iiif/9236481/full/max/0/default.jpg
277681,10671554,digital black-and-white photograph,https://media.rkd.nl/iiif/10671554/full/max/0/default.jpg
277705,10671589,digital image,https://media.rkd.nl/iiif/10671589/full/max/0/default.jpg
277722,10671613,color reproduction,https://media.rkd.nl/iiif/10671613/full/max/0/default.jpg
277740,10671743,digital image,https://media.rkd.nl/iiif/10671743/full/max/0/default.jpg
277748,10288608,digital color photograph,https://media.rkd.nl/iiif/10288608/full/max/0/default.jpg
277752,10288609,digital color photograph,https://media.rkd.nl/iiif/10288609/full/max/0/default.jpg
277756,10353354,digital image,https://media.rkd.nl/iiif/10353354/full/max/0/default.jpg
277766,10288611,digital color photograph,https://media.rkd.nl/iiif/10288611/full/max/0/default.jpg
277782,10671808,black-and-white reproduction,https://media.rkd.nl/iiif/10671808/full/max/0/default.jpg
277793,10288613,digital color photograph,https://media.rkd.nl/iiif/10288613/full/max/0/default.jpg
277803,10288614,digital color photograph,https://media.rkd.nl/iiif/10288614/full/max/0/default.jpg
277819,10291916,black and white photograph,https://media.rkd.nl/iiif/10291916/full/max/0/default.jpg
277829,10671869,digital image,https://media.rkd.nl/iiif/10671869/full/max/0/default.jpg
277833,10671873,digital image,https://media.rkd.nl/iiif/10671873/full/max/0/default.jpg
277847,10671939,digital image,https://media.rkd.nl/iiif/10671939/full/max/0/default.jpg
277849,10288617,digital color photograph,https://media.rkd.nl/iiif/10288617/full/max/0/default.jpg
277853,10671952,digital image,https://media.rkd.nl/iiif/10671952/full/max/0/default.jpg
277859,10671958,digital image,https://media.rkd.nl/iiif/10671958/full/max/0/default.jpg
277868,10671970,digital image,https://media.rkd.nl/iiif/10671970/full/max/0/default.jpg
277875,9290537,color photograph,https://media.rkd.nl/iiif/9290537/full/max/0/default.jpg
277881,10671985,digital image,https://media.rkd.nl/iiif/10671985/full/max/0/default.jpg
277884,9236474,digital image,https://media.rkd.nl/iiif/9236474/full/max/0/default.jpg
277884,9236476,digital image,https://media.rkd.nl/iiif/9236476/full/max/0/default.jpg
277892,10672003,digital image,https://media.rkd.nl/iiif/10672003/full/max/0/default.jpg
277893,10672006,digital image,https://media.rkd.nl/iiif/10672006/full/max/0/default.jpg
277893,10291918,black and white photograph,https://media.rkd.nl/iiif/10291918/full/max/0/default.jpg
277896,10672008,digital image,https://media.rkd.nl/iiif/10672008/full/max/0/default.jpg
277897,9236477,digital image,https://media.rkd.nl/iiif/9236477/full/max/0/default.jpg
277897,9236479,digital image,https://media.rkd.nl/iiif/9236479/full/max/0/default.jpg
277899,10672012,digital image,https://media.rkd.nl/iiif/10672012/full/max/0/default.jpg
277899,10291919,black and white photograph,https://media.rkd.nl/iiif/10291919/full/max/0/default.jpg
277902,10672016,digital image,https://media.rkd.nl/iiif/10672016/full/max/0/default.jpg
277904,10672019,digital image,https://media.rkd.nl/iiif/10672019/full/max/0/default.jpg
277909,10288621,digital color photograph,https://media.rkd.nl/iiif/10288621/full/max/0/default.jpg
277910,10672026,color reproduction,https://media.rkd.nl/iiif/10672026/full/max/0/default.jpg
277913,10672032,digital image,https://media.rkd.nl/iiif/10672032/full/max/0/default.jpg
277914,10288624,digital color photograph,https://media.rkd.nl/iiif/10288624/full/max/0/default.jpg
277916,10288627,digital color photograph,https://media.rkd.nl/iiif/10288627/full/max/0/default.jpg
277941,10672107,digital image,https://media.rkd.nl/iiif/10672107/full/max/0/default.jpg
277943,10672112,digital image,https://media.rkd.nl/iiif/10672112/full/max/0/default.jpg
277950,10672118,digital image,https://media.rkd.nl/iiif/10672118/full/max/0/default.jpg
277954,10672123,digital image,https://media.rkd.nl/iiif/10672123/full/max/0/default.jpg
277955,10672129,digital image,https://media.rkd.nl/iiif/10672129/full/max/0/default.jpg
277958,10672132,digital image,https://media.rkd.nl/iiif/10672132/full/max/0/default.jpg
277960,10672131,digital image,https://media.rkd.nl/iiif/10672131/full/max/0/default.jpg
277960,11109913,digital image,https://media.rkd.nl/iiif/11109913/full/max/0/default.jpg
277970,10672142,digital image,https://media.rkd.nl/iiif/10672142/full/max/0/default.jpg
277970,10291920,brown photograph,https://media.rkd.nl/iiif/10291920/full/max/0/default.jpg
277980,10672146,digital image,https://media.rkd.nl/iiif/10672146/full/max/0/default.jpg
277980,10291921,black and white photograph,https://media.rkd.nl/iiif/10291921/full/max/0/default.jpg
277987,10679297,digital image,https://media.rkd.nl/iiif/10679297/full/max/0/default.jpg
277987,10672152,digital image,https://media.rkd.nl/iiif/10672152/full/max/0/default.jpg
277997,10672162,color reproduction,https://media.rkd.nl/iiif/10672162/full/max/0/default.jpg
278024,10705083,digital image,https://media.rkd.nl/iiif/10705083/full/max/0/default.jpg
278024,10672198,digital image,https://media.rkd.nl/iiif/10672198/full/max/0/default.jpg
278024,10291922,black and white photograph,https://media.rkd.nl/iiif/10291922/full/max/0/default.jpg
278033,10705347,digital image,https://media.rkd.nl/iiif/10705347/full/max/0/default.jpg
278039,10672212,digital image,https://media.rkd.nl/iiif/10672212/full/max/0/default.jpg
278050,10672221,digital image,https://media.rkd.nl/iiif/10672221/full/max/0/default.jpg
278050,10291924,black-and-white reproduction,https://media.rkd.nl/iiif/10291924/full/max/0/default.jpg
278068,10672290,digital image,https://media.rkd.nl/iiif/10672290/full/max/0/default.jpg
278069,10672298,digital image,https://media.rkd.nl/iiif/10672298/full/max/0/default.jpg
278072,10672310,digital image,https://media.rkd.nl/iiif/10672310/full/max/0/default.jpg
278094,10672354,digital image,https://media.rkd.nl/iiif/10672354/full/max/0/default.jpg
278096,10672355,digital image,https://media.rkd.nl/iiif/10672355/full/max/0/default.jpg
278123,10672387,digital image,https://media.rkd.nl/iiif/10672387/full/max/0/default.jpg
278126,10672389,digital image,https://media.rkd.nl/iiif/10672389/full/max/0/default.jpg
278128,9154409,black-and-white reproduction,https://media.rkd.nl/iiif/9154409/full/max/0/default.jpg
278168,10672426,digital image,https://media.rkd.nl/iiif/10672426/full/max/0/default.jpg
278174,10672435,digital image,https://media.rkd.nl/iiif/10672435/full/max/0/default.jpg
278182,10672456,black-and-white reproduction,https://media.rkd.nl/iiif/10672456/full/max/0/default.jpg
278182,10672454,digital image,https://media.rkd.nl/iiif/10672454/full/max/0/default.jpg
278192,10672462,black-and-white reproduction,https://media.rkd.nl/iiif/10672462/full/max/0/default.jpg
278197,10672466,digital image,https://media.rkd.nl/iiif/10672466/full/max/0/default.jpg
278197,10672467,digital image,https://media.rkd.nl/iiif/10672467/full/max/0/default.jpg
278197,10672468,digital image,https://media.rkd.nl/iiif/10672468/full/max/0/default.jpg
278197,10672471,digital image,https://media.rkd.nl/iiif/10672471/full/max/0/default.jpg
278197,10672472,digital image,https://media.rkd.nl/iiif/10672472/full/max/0/default.jpg
278214,10672500,digital image,https://media.rkd.nl/iiif/10672500/full/max/0/default.jpg
278233,10672522,digital image,https://media.rkd.nl/iiif/10672522/full/max/0/default.jpg
278246,10672528,color reproduction,https://media.rkd.nl/iiif/10672528/full/max/0/default.jpg
278278,10672639,digital image,https://media.rkd.nl/iiif/10672639/full/max/0/default.jpg
278287,10672651,digital image,https://media.rkd.nl/iiif/10672651/full/max/0/default.jpg
278287,10672652,digital image,https://media.rkd.nl/iiif/10672652/full/max/0/default.jpg
278289,10672659,digital image,https://media.rkd.nl/iiif/10672659/full/max/0/default.jpg
278289,10672660,digital image,https://media.rkd.nl/iiif/10672660/full/max/0/default.jpg
278289,10672661,digital image,https://media.rkd.nl/iiif/10672661/full/max/0/default.jpg
278289,10672655,digital image,https://media.rkd.nl/iiif/10672655/full/max/0/default.jpg
278289,10672663,digital image,https://media.rkd.nl/iiif/10672663/full/max/0/default.jpg
278289,10672664,digital image,https://media.rkd.nl/iiif/10672664/full/max/0/default.jpg
278289,10672665,digital image,https://media.rkd.nl/iiif/10672665/full/max/0/default.jpg
278291,10672669,color reproduction,https://media.rkd.nl/iiif/10672669/full/max/0/default.jpg
278291,10291928,black and white photograph,https://media.rkd.nl/iiif/10291928/full/max/0/default.jpg
278295,10672671,digital image,https://media.rkd.nl/iiif/10672671/full/max/0/default.jpg
278295,10672674,digital image,https://media.rkd.nl/iiif/10672674/full/max/0/default.jpg
278295,10672675,digital image,https://media.rkd.nl/iiif/10672675/full/max/0/default.jpg
278297,10672676,digital image,https://media.rkd.nl/iiif/10672676/full/max/0/default.jpg
278303,10672693,digital image,https://media.rkd.nl/iiif/10672693/full/max/0/default.jpg
278317,10672721,digital image,https://media.rkd.nl/iiif/10672721/full/max/0/default.jpg
278338,10672734,digital color photograph,https://media.rkd.nl/iiif/10672734/full/max/0/default.jpg
278536,10672858,digital image,https://media.rkd.nl/iiif/10672858/full/max/0/default.jpg
278546,10672871,digital image,https://media.rkd.nl/iiif/10672871/full/max/0/default.jpg
278562,10672887,digital image,https://media.rkd.nl/iiif/10672887/full/max/0/default.jpg
278575,10672900,digital image,https://media.rkd.nl/iiif/10672900/full/max/0/default.jpg
278616,10672947,black-and-white reproduction,https://media.rkd.nl/iiif/10672947/full/max/0/default.jpg
278619,10672951,digital image,https://media.rkd.nl/iiif/10672951/full/max/0/default.jpg
278619,10672952,digital image,https://media.rkd.nl/iiif/10672952/full/max/0/default.jpg
278632,10672953,digital image,https://media.rkd.nl/iiif/10672953/full/max/0/default.jpg
278633,10672956,digital image,https://media.rkd.nl/iiif/10672956/full/max/0/default.jpg
278663,10672984,digital image,https://media.rkd.nl/iiif/10672984/full/max/0/default.jpg
278814,10673145,digital image,https://media.rkd.nl/iiif/10673145/full/max/0/default.jpg
278836,9326782,ektachrome,https://media.rkd.nl/iiif/9326782/full/max/0/default.jpg
278841,10673163,digital image,https://media.rkd.nl/iiif/10673163/full/max/0/default.jpg
278877,10673293,digital image,https://media.rkd.nl/iiif/10673293/full/max/0/default.jpg
278907,10352928,digital image,https://media.rkd.nl/iiif/10352928/full/max/0/default.jpg
278908,10352882,digital image,https://media.rkd.nl/iiif/10352882/full/max/0/default.jpg
278908,10674490,black-and-white reproduction,https://media.rkd.nl/iiif/10674490/full/max/0/default.jpg
278926,10673239,brown reproduction,https://media.rkd.nl/iiif/10673239/full/max/0/default.jpg
278934,10673245,black-and-white reproduction,https://media.rkd.nl/iiif/10673245/full/max/0/default.jpg
278941,10673249,black-and-white reproduction,https://media.rkd.nl/iiif/10673249/full/max/0/default.jpg
278944,10673321,digital image,https://media.rkd.nl/iiif/10673321/full/max/0/default.jpg
278955,10673332,digital image,https://media.rkd.nl/iiif/10673332/full/max/0/default.jpg
278955,10080549,color reproduction,https://media.rkd.nl/iiif/10080549/full/max/0/default.jpg
278956,10673256,black-and-white reproduction,https://media.rkd.nl/iiif/10673256/full/max/0/default.jpg
278978,9237054,digital color photograph,https://media.rkd.nl/iiif/9237054/full/max/0/default.jpg
278981,10353098,color reproduction,https://media.rkd.nl/iiif/10353098/full/max/0/default.jpg
278981,10291941,black and white photograph,https://media.rkd.nl/iiif/10291941/full/max/0/default.jpg
278984,9237021,digital color photograph,https://media.rkd.nl/iiif/9237021/full/max/0/default.jpg
278985,9237031,digital color photograph,https://media.rkd.nl/iiif/9237031/full/max/0/default.jpg
278987,9237027,digital color photograph,https://media.rkd.nl/iiif/9237027/full/max/0/default.jpg
279011,10673452,digital image,https://media.rkd.nl/iiif/10673452/full/max/0/default.jpg
279015,10352610,print,https://media.rkd.nl/iiif/10352610/full/max/0/default.jpg
279019,10673459,digital color photograph,https://media.rkd.nl/iiif/10673459/full/max/0/default.jpg
279037,9152318,black-and-white reproduction,https://media.rkd.nl/iiif/9152318/full/max/0/default.jpg
279045,10353012,digital image,https://media.rkd.nl/iiif/10353012/full/max/0/default.jpg
279048,10353007,digital image,https://media.rkd.nl/iiif/10353007/full/max/0/default.jpg
279051,10816689,digital image,https://media.rkd.nl/iiif/10816689/full/max/0/default.jpg
279051,10673657,digital image,https://media.rkd.nl/iiif/10673657/full/max/0/default.jpg
279051,10673522,black-and-white reproduction,https://media.rkd.nl/iiif/10673522/full/max/0/default.jpg
279054,10291944,BD/RKD/1804 - IB/XIXB,https://media.rkd.nl/iiif/10291944/full/max/0/default.jpg
279059,11184342,BD/Digital Collection,https://media.rkd.nl/iiif/11184342/full/max/0/default.jpg
279060,10790506,digital color photograph,https://media.rkd.nl/iiif/10790506/full/max/0/default.jpg
279060,10673529,black-and-white reproduction,https://media.rkd.nl/iiif/10673529/full/max/0/default.jpg
279060,10673534,digital color photograph,https://media.rkd.nl/iiif/10673534/full/max/0/default.jpg
279060,10673539,digital color photograph,https://media.rkd.nl/iiif/10673539/full/max/0/default.jpg
279069,10673544,digital image,https://media.rkd.nl/iiif/10673544/full/max/0/default.jpg
279071,10673546,digital image,https://media.rkd.nl/iiif/10673546/full/max/0/default.jpg
279073,10673548,digital image,https://media.rkd.nl/iiif/10673548/full/max/0/default.jpg
279087,10673574,digital image,https://media.rkd.nl/iiif/10673574/full/max/0/default.jpg
279087,10291950,black and white photograph,https://media.rkd.nl/iiif/10291950/full/max/0/default.jpg
279155,10673644,digital image,https://media.rkd.nl/iiif/10673644/full/max/0/default.jpg
279157,10354135,digital color photograph,https://media.rkd.nl/iiif/10354135/full/max/0/default.jpg
279157,10354136,digital color photograph,https://media.rkd.nl/iiif/10354136/full/max/0/default.jpg
279163,10353990,digital color photograph,https://media.rkd.nl/iiif/10353990/full/max/0/default.jpg
279164,10353991,digital color photograph,https://media.rkd.nl/iiif/10353991/full/max/0/default.jpg
279166,10353994,digital color photograph,https://media.rkd.nl/iiif/10353994/full/max/0/default.jpg
279167,10353995,digital color photograph,https://media.rkd.nl/iiif/10353995/full/max/0/default.jpg
279167,10353996,digital color photograph,https://media.rkd.nl/iiif/10353996/full/max/0/default.jpg
279175,10353998,digital color photograph,https://media.rkd.nl/iiif/10353998/full/max/0/default.jpg
279188,10354000,digital color photograph,https://media.rkd.nl/iiif/10354000/full/max/0/default.jpg
279193,10673671,digital image,https://media.rkd.nl/iiif/10673671/full/max/0/default.jpg
279197,10354002,digital color photograph,https://media.rkd.nl/iiif/10354002/full/max/0/default.jpg
279200,10354496,digital color photograph,https://media.rkd.nl/iiif/10354496/full/max/0/default.jpg
279201,10673677,black and white photograph,https://media.rkd.nl/iiif/10673677/full/max/0/default.jpg
279204,10673680,black and white photograph,https://media.rkd.nl/iiif/10673680/full/max/0/default.jpg
279211,10354006,digital color photograph,https://media.rkd.nl/iiif/10354006/full/max/0/default.jpg
279212,10291953,digital image,https://media.rkd.nl/iiif/10291953/full/max/0/default.jpg
279214,10354008,digital color photograph,https://media.rkd.nl/iiif/10354008/full/max/0/default.jpg
279218,10354010,digital color photograph,https://media.rkd.nl/iiif/10354010/full/max/0/default.jpg
279220,10354012,digital color photograph,https://media.rkd.nl/iiif/10354012/full/max/0/default.jpg
279231,10354016,digital color photograph,https://media.rkd.nl/iiif/10354016/full/max/0/default.jpg
279237,10354140,digital color photograph,https://media.rkd.nl/iiif/10354140/full/max/0/default.jpg
279254,10354142,digital color photograph,https://media.rkd.nl/iiif/10354142/full/max/0/default.jpg
279257,10354018,digital color photograph,https://media.rkd.nl/iiif/10354018/full/max/0/default.jpg
279278,10673745,color reproduction,https://media.rkd.nl/iiif/10673745/full/max/0/default.jpg
279285,10673772,digital image,https://media.rkd.nl/iiif/10673772/full/max/0/default.jpg
279289,10673775,digital image,https://media.rkd.nl/iiif/10673775/full/max/0/default.jpg
279291,10673788,digital image,https://media.rkd.nl/iiif/10673788/full/max/0/default.jpg
279292,10673812,color reproduction,https://media.rkd.nl/iiif/10673812/full/max/0/default.jpg
279299,10673865,digital image,https://media.rkd.nl/iiif/10673865/full/max/0/default.jpg
279313,10673878,digital image,https://media.rkd.nl/iiif/10673878/full/max/0/default.jpg
279314,10673879,digital image,https://media.rkd.nl/iiif/10673879/full/max/0/default.jpg
279315,10291959,black and white photograph,https://media.rkd.nl/iiif/10291959/full/max/0/default.jpg
279316,10355549,digital image,https://media.rkd.nl/iiif/10355549/full/max/0/default.jpg
279316,10291960,black and white photograph,https://media.rkd.nl/iiif/10291960/full/max/0/default.jpg
279320,10291962,black and white photograph,https://media.rkd.nl/iiif/10291962/full/max/0/default.jpg
279330,10354020,digital color photograph,https://media.rkd.nl/iiif/10354020/full/max/0/default.jpg
279332,10354022,digital color photograph,https://media.rkd.nl/iiif/10354022/full/max/0/default.jpg
279335,10354024,digital color photograph,https://media.rkd.nl/iiif/10354024/full/max/0/default.jpg
279349,10354026,digital color photograph,https://media.rkd.nl/iiif/10354026/full/max/0/default.jpg
279357,10866876,digital image,https://media.rkd.nl/iiif/10866876/full/max/0/default.jpg
279357,10744880,black and white photograph,https://media.rkd.nl/iiif/10744880/full/max/0/default.jpg
279357,10291954,black and white photograph,https://media.rkd.nl/iiif/10291954/full/max/0/default.jpg
279357,9592901,color reproduction,https://media.rkd.nl/iiif/9592901/full/max/0/default.jpg
279357,9592902,black and white photograph,https://media.rkd.nl/iiif/9592902/full/max/0/default.jpg
279376,10674007,color reproduction,https://media.rkd.nl/iiif/10674007/full/max/0/default.jpg
279378,10674017,digital image,https://media.rkd.nl/iiif/10674017/full/max/0/default.jpg
279380,10674044,color reproduction,https://media.rkd.nl/iiif/10674044/full/max/0/default.jpg
279380,10291955,black and white photograph,https://media.rkd.nl/iiif/10291955/full/max/0/default.jpg
279382,10853358,digital image,https://media.rkd.nl/iiif/10853358/full/max/0/default.jpg
279383,10352510,digital image,https://media.rkd.nl/iiif/10352510/full/max/0/default.jpg
279395,10674057,color reproduction,https://media.rkd.nl/iiif/10674057/full/max/0/default.jpg
279401,10674062,print,https://media.rkd.nl/iiif/10674062/full/max/0/default.jpg
279424,10674090,digital image,https://media.rkd.nl/iiif/10674090/full/max/0/default.jpg
279425,10355583,digital image,https://media.rkd.nl/iiif/10355583/full/max/0/default.jpg
279426,10673860,digital image,https://media.rkd.nl/iiif/10673860/full/max/0/default.jpg
279427,10674092,digital image,https://media.rkd.nl/iiif/10674092/full/max/0/default.jpg
279428,10355586,digital image,https://media.rkd.nl/iiif/10355586/full/max/0/default.jpg
279428,10673861,digital image,https://media.rkd.nl/iiif/10673861/full/max/0/default.jpg
279432,10674097,digital image,https://media.rkd.nl/iiif/10674097/full/max/0/default.jpg
279441,10674851,color reproduction,https://media.rkd.nl/iiif/10674851/full/max/0/default.jpg
279441,10674108,black and white photograph,https://media.rkd.nl/iiif/10674108/full/max/0/default.jpg
279443,10674021,color reproduction,https://media.rkd.nl/iiif/10674021/full/max/0/default.jpg
279446,10352887,color reproduction,https://media.rkd.nl/iiif/10352887/full/max/0/default.jpg
279447,10673870,digital image,https://media.rkd.nl/iiif/10673870/full/max/0/default.jpg
279448,10352888,color reproduction,https://media.rkd.nl/iiif/10352888/full/max/0/default.jpg
279449,10354032,digital color photograph,https://media.rkd.nl/iiif/10354032/full/max/0/default.jpg
279450,10354034,digital color photograph,https://media.rkd.nl/iiif/10354034/full/max/0/default.jpg
279451,10354036,digital color photograph,https://media.rkd.nl/iiif/10354036/full/max/0/default.jpg
279452,10354038,digital color photograph,https://media.rkd.nl/iiif/10354038/full/max/0/default.jpg
279457,10354044,digital color photograph,https://media.rkd.nl/iiif/10354044/full/max/0/default.jpg
279459,10354046,digital color photograph,https://media.rkd.nl/iiif/10354046/full/max/0/default.jpg
279460,10674026,color reproduction,https://media.rkd.nl/iiif/10674026/full/max/0/default.jpg
279460,9174424,color reproduction,https://media.rkd.nl/iiif/9174424/full/max/0/default.jpg
279463,10354048,digital color photograph,https://media.rkd.nl/iiif/10354048/full/max/0/default.jpg
279464,10302141,color reproduction,https://media.rkd.nl/iiif/10302141/full/max/0/default.jpg
279466,10302108,color reproduction,https://media.rkd.nl/iiif/10302108/full/max/0/default.jpg
279467,10291963,black and white photograph,https://media.rkd.nl/iiif/10291963/full/max/0/default.jpg
279469,10674029,color reproduction,https://media.rkd.nl/iiif/10674029/full/max/0/default.jpg
279470,10354144,digital color photograph,https://media.rkd.nl/iiif/10354144/full/max/0/default.jpg
279472,10355589,digital image,https://media.rkd.nl/iiif/10355589/full/max/0/default.jpg
279473,10674038,digital image,https://media.rkd.nl/iiif/10674038/full/max/0/default.jpg
279473,10302109,color reproduction,https://media.rkd.nl/iiif/10302109/full/max/0/default.jpg
279473,10302104,color reproduction,https://media.rkd.nl/iiif/10302104/full/max/0/default.jpg
279475,10354050,digital color photograph,https://media.rkd.nl/iiif/10354050/full/max/0/default.jpg
279477,10302062,black-and-white reproduction,https://media.rkd.nl/iiif/10302062/full/max/0/default.jpg
279482,10355578,digital image,https://media.rkd.nl/iiif/10355578/full/max/0/default.jpg
279482,10291964,black and white photograph,https://media.rkd.nl/iiif/10291964/full/max/0/default.jpg
279483,10354054,digital color photograph,https://media.rkd.nl/iiif/10354054/full/max/0/default.jpg
279486,10354056,digital color photograph,https://media.rkd.nl/iiif/10354056/full/max/0/default.jpg
279488,10302089,black-and-white reproduction,https://media.rkd.nl/iiif/10302089/full/max/0/default.jpg
279491,10302100,black-and-white reproduction,https://media.rkd.nl/iiif/10302100/full/max/0/default.jpg
279494,10354146,digital color photograph,https://media.rkd.nl/iiif/10354146/full/max/0/default.jpg
279496,10354058,digital color photograph,https://media.rkd.nl/iiif/10354058/full/max/0/default.jpg
279497,10674126,black and white photograph,https://media.rkd.nl/iiif/10674126/full/max/0/default.jpg
279498,10674127,black and white photograph,https://media.rkd.nl/iiif/10674127/full/max/0/default.jpg
279503,10674132,digital image,https://media.rkd.nl/iiif/10674132/full/max/0/default.jpg
279505,10674134,digital image,https://media.rkd.nl/iiif/10674134/full/max/0/default.jpg
279506,10302091,black and white photograph,https://media.rkd.nl/iiif/10302091/full/max/0/default.jpg
279507,10302110,color reproduction,https://media.rkd.nl/iiif/10302110/full/max/0/default.jpg
279508,10354064,digital color photograph,https://media.rkd.nl/iiif/10354064/full/max/0/default.jpg
279515,10354068,digital color photograph,https://media.rkd.nl/iiif/10354068/full/max/0/default.jpg
279517,10354070,digital color photograph,https://media.rkd.nl/iiif/10354070/full/max/0/default.jpg
279530,10354072,digital color photograph,https://media.rkd.nl/iiif/10354072/full/max/0/default.jpg
279532,10354074,digital color photograph,https://media.rkd.nl/iiif/10354074/full/max/0/default.jpg
279533,10354148,digital color photograph,https://media.rkd.nl/iiif/10354148/full/max/0/default.jpg
279538,10354076,digital color photograph,https://media.rkd.nl/iiif/10354076/full/max/0/default.jpg
279542,10354080,digital color photograph,https://media.rkd.nl/iiif/10354080/full/max/0/default.jpg
279544,10354082,digital color photograph,https://media.rkd.nl/iiif/10354082/full/max/0/default.jpg
279545,10354084,digital color photograph,https://media.rkd.nl/iiif/10354084/full/max/0/default.jpg
279546,10354086,digital color photograph,https://media.rkd.nl/iiif/10354086/full/max/0/default.jpg
279557,10352996,digital color photograph,https://media.rkd.nl/iiif/10352996/full/max/0/default.jpg
279583,10674227,digital image,https://media.rkd.nl/iiif/10674227/full/max/0/default.jpg
279583,10790554,digital image,https://media.rkd.nl/iiif/10790554/full/max/0/default.jpg
279584,10674228,digital image,https://media.rkd.nl/iiif/10674228/full/max/0/default.jpg
279595,10680049,digital image,https://media.rkd.nl/iiif/10680049/full/max/0/default.jpg
279595,10674242,black and white photograph,https://media.rkd.nl/iiif/10674242/full/max/0/default.jpg
279601,10674248,digital image,https://media.rkd.nl/iiif/10674248/full/max/0/default.jpg
279606,10674252,digital image,https://media.rkd.nl/iiif/10674252/full/max/0/default.jpg
279607,10674253,digital image,https://media.rkd.nl/iiif/10674253/full/max/0/default.jpg
279613,10291968,black and white photograph,https://media.rkd.nl/iiif/10291968/full/max/0/default.jpg
279620,10674829,digital image,https://media.rkd.nl/iiif/10674829/full/max/0/default.jpg
279620,10674265,digital image,https://media.rkd.nl/iiif/10674265/full/max/0/default.jpg
279635,9318499,color reproduction,https://media.rkd.nl/iiif/9318499/full/max/0/default.jpg
279636,10674296,black and white photograph,https://media.rkd.nl/iiif/10674296/full/max/0/default.jpg
279640,10355529,digital color photograph,https://media.rkd.nl/iiif/10355529/full/max/0/default.jpg
279643,10674302,color reproduction,https://media.rkd.nl/iiif/10674302/full/max/0/default.jpg
279644,9135051,black and white photograph,https://media.rkd.nl/iiif/9135051/full/max/0/default.jpg
279656,10354088,digital color photograph,https://media.rkd.nl/iiif/10354088/full/max/0/default.jpg
279657,10354090,digital color photograph,https://media.rkd.nl/iiif/10354090/full/max/0/default.jpg
279661,10354092,digital color photograph,https://media.rkd.nl/iiif/10354092/full/max/0/default.jpg
279663,10354094,digital color photograph,https://media.rkd.nl/iiif/10354094/full/max/0/default.jpg
279665,10354152,digital color photograph,https://media.rkd.nl/iiif/10354152/full/max/0/default.jpg
279670,10354098,digital color photograph,https://media.rkd.nl/iiif/10354098/full/max/0/default.jpg
279672,10354100,digital color photograph,https://media.rkd.nl/iiif/10354100/full/max/0/default.jpg
279675,10354104,digital color photograph,https://media.rkd.nl/iiif/10354104/full/max/0/default.jpg
279677,10354106,digital color photograph,https://media.rkd.nl/iiif/10354106/full/max/0/default.jpg
279681,10901570,BD/Digital Collection,https://media.rkd.nl/iiif/10901570/full/max/0/default.jpg
279681,10674333,digital image,https://media.rkd.nl/iiif/10674333/full/max/0/default.jpg
279683,10674335,digital image,https://media.rkd.nl/iiif/10674335/full/max/0/default.jpg
279684,10354108,digital color photograph,https://media.rkd.nl/iiif/10354108/full/max/0/default.jpg
279685,10354110,digital color photograph,https://media.rkd.nl/iiif/10354110/full/max/0/default.jpg
279701,10354116,digital color photograph,https://media.rkd.nl/iiif/10354116/full/max/0/default.jpg
279702,10355513,digital color photograph,https://media.rkd.nl/iiif/10355513/full/max/0/default.jpg
279704,10354497,digital color photograph,https://media.rkd.nl/iiif/10354497/full/max/0/default.jpg
279709,10354118,digital color photograph,https://media.rkd.nl/iiif/10354118/full/max/0/default.jpg
279710,10674362,black-and-white reproduction,https://media.rkd.nl/iiif/10674362/full/max/0/default.jpg
279714,10674364,black and white photograph,https://media.rkd.nl/iiif/10674364/full/max/0/default.jpg
279716,10674366,black and white photograph,https://media.rkd.nl/iiif/10674366/full/max/0/default.jpg
279720,10674370,black and white photograph,https://media.rkd.nl/iiif/10674370/full/max/0/default.jpg
279722,10674372,black and white photograph,https://media.rkd.nl/iiif/10674372/full/max/0/default.jpg
279729,10674378,black and white photograph,https://media.rkd.nl/iiif/10674378/full/max/0/default.jpg
279732,10354122,digital color photograph,https://media.rkd.nl/iiif/10354122/full/max/0/default.jpg
279733,10674381,black-and-white reproduction,https://media.rkd.nl/iiif/10674381/full/max/0/default.jpg
279735,10674387,color reproduction,https://media.rkd.nl/iiif/10674387/full/max/0/default.jpg
279735,10674382,black and white photograph,https://media.rkd.nl/iiif/10674382/full/max/0/default.jpg
279737,10355514,digital color photograph,https://media.rkd.nl/iiif/10355514/full/max/0/default.jpg
279738,9237383,digital color photograph,https://media.rkd.nl/iiif/9237383/full/max/0/default.jpg
279744,9228485,color photograph,https://media.rkd.nl/iiif/9228485/full/max/0/default.jpg
279747,10674390,color reproduction,https://media.rkd.nl/iiif/10674390/full/max/0/default.jpg
279748,10674393,color reproduction,https://media.rkd.nl/iiif/10674393/full/max/0/default.jpg
279751,10674396,color reproduction,https://media.rkd.nl/iiif/10674396/full/max/0/default.jpg
279755,10674403,color reproduction,https://media.rkd.nl/iiif/10674403/full/max/0/default.jpg
279758,10674408,black-and-white reproduction,https://media.rkd.nl/iiif/10674408/full/max/0/default.jpg
279761,10674416,color reproduction,https://media.rkd.nl/iiif/10674416/full/max/0/default.jpg
279762,10354126,digital color photograph,https://media.rkd.nl/iiif/10354126/full/max/0/default.jpg
279764,10674417,digital image,https://media.rkd.nl/iiif/10674417/full/max/0/default.jpg
279764,10291971,brown photograph,https://media.rkd.nl/iiif/10291971/full/max/0/default.jpg
279764,10291970,black and white photograph,https://media.rkd.nl/iiif/10291970/full/max/0/default.jpg
279766,10354130,digital color photograph,https://media.rkd.nl/iiif/10354130/full/max/0/default.jpg
279770,10354132,digital color photograph,https://media.rkd.nl/iiif/10354132/full/max/0/default.jpg
279775,10354134,digital color photograph,https://media.rkd.nl/iiif/10354134/full/max/0/default.jpg
279782,10354500,digital color photograph,https://media.rkd.nl/iiif/10354500/full/max/0/default.jpg
279784,10291972,black and white photograph,https://media.rkd.nl/iiif/10291972/full/max/0/default.jpg
279786,10291973,black and white photograph,https://media.rkd.nl/iiif/10291973/full/max/0/default.jpg
279794,10674448,brown photograph,https://media.rkd.nl/iiif/10674448/full/max/0/default.jpg
279803,10674457,digital image,https://media.rkd.nl/iiif/10674457/full/max/0/default.jpg
279811,10674465,color reproduction,https://media.rkd.nl/iiif/10674465/full/max/0/default.jpg
279822,10674470,black-and-white reproduction,https://media.rkd.nl/iiif/10674470/full/max/0/default.jpg
279824,10674472,digital image,https://media.rkd.nl/iiif/10674472/full/max/0/default.jpg
279850,10355515,digital color photograph,https://media.rkd.nl/iiif/10355515/full/max/0/default.jpg
279852,10355516,digital color photograph,https://media.rkd.nl/iiif/10355516/full/max/0/default.jpg
279854,10355518,digital color photograph,https://media.rkd.nl/iiif/10355518/full/max/0/default.jpg
279869,10355520,digital color photograph,https://media.rkd.nl/iiif/10355520/full/max/0/default.jpg
279870,10355521,digital color photograph,https://media.rkd.nl/iiif/10355521/full/max/0/default.jpg
279873,10355522,digital color photograph,https://media.rkd.nl/iiif/10355522/full/max/0/default.jpg
279874,10674493,black-and-white reproduction,https://media.rkd.nl/iiif/10674493/full/max/0/default.jpg
279876,10674495,digital image,https://media.rkd.nl/iiif/10674495/full/max/0/default.jpg
279909,10355523,digital color photograph,https://media.rkd.nl/iiif/10355523/full/max/0/default.jpg
279910,10674523,digital image,https://media.rkd.nl/iiif/10674523/full/max/0/default.jpg
279913,10355524,digital color photograph,https://media.rkd.nl/iiif/10355524/full/max/0/default.jpg
279918,10302106,color reproduction,https://media.rkd.nl/iiif/10302106/full/max/0/default.jpg
279922,10302093,BD/RKD/1600 - MHK/The Netherlands/Paintings and Drawings,https://media.rkd.nl/iiif/10302093/full/max/0/default.jpg
279925,10355525,digital color photograph,https://media.rkd.nl/iiif/10355525/full/max/0/default.jpg
279930,10674533,digital image,https://media.rkd.nl/iiif/10674533/full/max/0/default.jpg
279931,10790984,color reproduction,https://media.rkd.nl/iiif/10790984/full/max/0/default.jpg
279932,10674534,digital image,https://media.rkd.nl/iiif/10674534/full/max/0/default.jpg
279934,10674537,color reproduction,https://media.rkd.nl/iiif/10674537/full/max/0/default.jpg
279937,10674540,digital image,https://media.rkd.nl/iiif/10674540/full/max/0/default.jpg
279940,10674542,digital image,https://media.rkd.nl/iiif/10674542/full/max/0/default.jpg
279948,10674551,digital image,https://media.rkd.nl/iiif/10674551/full/max/0/default.jpg
279952,10674557,digital image,https://media.rkd.nl/iiif/10674557/full/max/0/default.jpg
279953,10674559,digital image,https://media.rkd.nl/iiif/10674559/full/max/0/default.jpg
279955,10674564,black-and-white reproduction,https://media.rkd.nl/iiif/10674564/full/max/0/default.jpg
279957,9237025,digital color photograph,https://media.rkd.nl/iiif/9237025/full/max/0/default.jpg
279960,9237053,digital color photograph,https://media.rkd.nl/iiif/9237053/full/max/0/default.jpg
279961,9237073,digital color photograph,https://media.rkd.nl/iiif/9237073/full/max/0/default.jpg
279961,9237074,digital color photograph,https://media.rkd.nl/iiif/9237074/full/max/0/default.jpg
279963,10674565,digital image,https://media.rkd.nl/iiif/10674565/full/max/0/default.jpg
279965,10674568,digital image,https://media.rkd.nl/iiif/10674568/full/max/0/default.jpg
279968,10674573,digital image,https://media.rkd.nl/iiif/10674573/full/max/0/default.jpg
279968,10291977,black and white photograph,https://media.rkd.nl/iiif/10291977/full/max/0/default.jpg
279971,10291978,brown photograph,https://media.rkd.nl/iiif/10291978/full/max/0/default.jpg
279973,10291979,brown photograph,https://media.rkd.nl/iiif/10291979/full/max/0/default.jpg
279974,10674585,color reproduction,https://media.rkd.nl/iiif/10674585/full/max/0/default.jpg
279986,10674596,black-and-white reproduction,https://media.rkd.nl/iiif/10674596/full/max/0/default.jpg
279991,10674599,digital image,https://media.rkd.nl/iiif/10674599/full/max/0/default.jpg
279999,10355526,digital color photograph,https://media.rkd.nl/iiif/10355526/full/max/0/default.jpg
280000,10355527,digital color photograph,https://media.rkd.nl/iiif/10355527/full/max/0/default.jpg
280002,9236596,digital color photograph,https://media.rkd.nl/iiif/9236596/full/max/0/default.jpg
280008,9236598,digital color photograph,https://media.rkd.nl/iiif/9236598/full/max/0/default.jpg
280011,10674623,digital color photograph,https://media.rkd.nl/iiif/10674623/full/max/0/default.jpg
280017,10674624,digital color photograph,https://media.rkd.nl/iiif/10674624/full/max/0/default.jpg
280018,10674626,digital color photograph,https://media.rkd.nl/iiif/10674626/full/max/0/default.jpg
280040,10674640,digital image,https://media.rkd.nl/iiif/10674640/full/max/0/default.jpg
280040,10674638,digital image,https://media.rkd.nl/iiif/10674638/full/max/0/default.jpg
280046,10899160,BD/Digital Collection,https://media.rkd.nl/iiif/10899160/full/max/0/default.jpg
280046,10674642,color photograph,https://media.rkd.nl/iiif/10674642/full/max/0/default.jpg
280075,10302103,black-and-white reproduction,https://media.rkd.nl/iiif/10302103/full/max/0/default.jpg
280086,10674690,digital image,https://media.rkd.nl/iiif/10674690/full/max/0/default.jpg
280087,10302096,black and white photograph,https://media.rkd.nl/iiif/10302096/full/max/0/default.jpg
280088,10674691,digital image,https://media.rkd.nl/iiif/10674691/full/max/0/default.jpg
280100,10302105,black and white photograph,https://media.rkd.nl/iiif/10302105/full/max/0/default.jpg
280104,10674706,black-and-white reproduction,https://media.rkd.nl/iiif/10674706/full/max/0/default.jpg
280115,9197853,digital color photograph,https://media.rkd.nl/iiif/9197853/full/max/0/default.jpg
280116,10674731,color reproduction,https://media.rkd.nl/iiif/10674731/full/max/0/default.jpg
280118,10674735,digital image,https://media.rkd.nl/iiif/10674735/full/max/0/default.jpg
280137,9237079,digital color photograph,https://media.rkd.nl/iiif/9237079/full/max/0/default.jpg
280139,9237013,digital color photograph,https://media.rkd.nl/iiif/9237013/full/max/0/default.jpg
280140,9237019,digital color photograph,https://media.rkd.nl/iiif/9237019/full/max/0/default.jpg
280160,10674775,digital image,https://media.rkd.nl/iiif/10674775/full/max/0/default.jpg
280167,10674777,digital image,https://media.rkd.nl/iiif/10674777/full/max/0/default.jpg
280170,10674782,digital image,https://media.rkd.nl/iiif/10674782/full/max/0/default.jpg
280210,10674794,color reproduction,https://media.rkd.nl/iiif/10674794/full/max/0/default.jpg
280216,10674798,black-and-white reproduction,https://media.rkd.nl/iiif/10674798/full/max/0/default.jpg
280229,10674810,color reproduction,https://media.rkd.nl/iiif/10674810/full/max/0/default.jpg
280230,10674813,color reproduction,https://media.rkd.nl/iiif/10674813/full/max/0/default.jpg
280231,10676970,digital image,https://media.rkd.nl/iiif/10676970/full/max/0/default.jpg
280231,10674817,black and white photograph,https://media.rkd.nl/iiif/10674817/full/max/0/default.jpg
280243,10204416,BD/RKD/IB/ORIGINALS (ON APPOINTMENT),https://media.rkd.nl/iiif/10204416/full/max/0/default.jpg
280244,10204422,digital color photograph,https://media.rkd.nl/iiif/10204422/full/max/0/default.jpg
280245,10204382,digital color photograph,https://media.rkd.nl/iiif/10204382/full/max/0/default.jpg
280246,10204384,digital color photograph,https://media.rkd.nl/iiif/10204384/full/max/0/default.jpg
280247,10204460,digital color photograph,https://media.rkd.nl/iiif/10204460/full/max/0/default.jpg
280251,10674827,digital color photograph,https://media.rkd.nl/iiif/10674827/full/max/0/default.jpg
280252,10425417,digital color photograph,https://media.rkd.nl/iiif/10425417/full/max/0/default.jpg
280252,10204379,digital color photograph,https://media.rkd.nl/iiif/10204379/full/max/0/default.jpg
280252,10204380,digital color photograph,https://media.rkd.nl/iiif/10204380/full/max/0/default.jpg
280253,10204484,digital color photograph,https://media.rkd.nl/iiif/10204484/full/max/0/default.jpg
280254,10204458,digital color photograph,https://media.rkd.nl/iiif/10204458/full/max/0/default.jpg
280259,10674831,digital image,https://media.rkd.nl/iiif/10674831/full/max/0/default.jpg
280260,10711122,digital image,https://media.rkd.nl/iiif/10711122/full/max/0/default.jpg
280260,10426607,digital image,https://media.rkd.nl/iiif/10426607/full/max/0/default.jpg
280260,10790596,digital image,https://media.rkd.nl/iiif/10790596/full/max/0/default.jpg
280280,10674837,brown photograph,https://media.rkd.nl/iiif/10674837/full/max/0/default.jpg
280284,10674838,color reproduction,https://media.rkd.nl/iiif/10674838/full/max/0/default.jpg
280285,10354803,digital image,https://media.rkd.nl/iiif/10354803/full/max/0/default.jpg
280288,10204480,digital color photograph,https://media.rkd.nl/iiif/10204480/full/max/0/default.jpg
280289,10354805,digital image,https://media.rkd.nl/iiif/10354805/full/max/0/default.jpg
280292,10675565,digital image,https://media.rkd.nl/iiif/10675565/full/max/0/default.jpg
280292,10674841,brown photograph,https://media.rkd.nl/iiif/10674841/full/max/0/default.jpg
280294,10790598,black-and-white reproduction,https://media.rkd.nl/iiif/10790598/full/max/0/default.jpg
280297,10204478,digital color photograph,https://media.rkd.nl/iiif/10204478/full/max/0/default.jpg
280299,10204488,digital color photograph,https://media.rkd.nl/iiif/10204488/full/max/0/default.jpg
280304,10204370,digital color photograph,https://media.rkd.nl/iiif/10204370/full/max/0/default.jpg
280306,10674848,black and white photograph,https://media.rkd.nl/iiif/10674848/full/max/0/default.jpg
280313,10674855,digital image,https://media.rkd.nl/iiif/10674855/full/max/0/default.jpg
280313,10674852,black and white photograph,https://media.rkd.nl/iiif/10674852/full/max/0/default.jpg
280321,10675567,color reproduction,https://media.rkd.nl/iiif/10675567/full/max/0/default.jpg
280321,10674861,old black-and-white photograph,https://media.rkd.nl/iiif/10674861/full/max/0/default.jpg
280337,10204442,digital color photograph,https://media.rkd.nl/iiif/10204442/full/max/0/default.jpg
280342,10204408,digital color photograph,https://media.rkd.nl/iiif/10204408/full/max/0/default.jpg
280343,10204356,digital color photograph,https://media.rkd.nl/iiif/10204356/full/max/0/default.jpg
280344,10204357,digital color photograph,https://media.rkd.nl/iiif/10204357/full/max/0/default.jpg
280344,10204358,digital color photograph,https://media.rkd.nl/iiif/10204358/full/max/0/default.jpg
280347,10204447,digital color photograph,https://media.rkd.nl/iiif/10204447/full/max/0/default.jpg
280349,10204452,digital color photograph,https://media.rkd.nl/iiif/10204452/full/max/0/default.jpg
280351,10204450,digital color photograph,https://media.rkd.nl/iiif/10204450/full/max/0/default.jpg
280354,10204456,digital color photograph,https://media.rkd.nl/iiif/10204456/full/max/0/default.jpg
280355,10204454,digital color photograph,https://media.rkd.nl/iiif/10204454/full/max/0/default.jpg
280383,10675023,digital color photograph,https://media.rkd.nl/iiif/10675023/full/max/0/default.jpg
280410,10675055,digital image,https://media.rkd.nl/iiif/10675055/full/max/0/default.jpg
280417,10204436,digital color photograph,https://media.rkd.nl/iiif/10204436/full/max/0/default.jpg
280420,10204398,digital color photograph,https://media.rkd.nl/iiif/10204398/full/max/0/default.jpg
280421,10675065,digital image,https://media.rkd.nl/iiif/10675065/full/max/0/default.jpg
280422,10204420,digital color photograph,https://media.rkd.nl/iiif/10204420/full/max/0/default.jpg
280426,10675066,digital image,https://media.rkd.nl/iiif/10675066/full/max/0/default.jpg
280427,10675068,digital image,https://media.rkd.nl/iiif/10675068/full/max/0/default.jpg
280429,11118696,digital color photograph,https://media.rkd.nl/iiif/11118696/full/max/0/default.jpg
280429,10675073,digital color photograph,https://media.rkd.nl/iiif/10675073/full/max/0/default.jpg
280434,10204414,digital color photograph,https://media.rkd.nl/iiif/10204414/full/max/0/default.jpg
280437,10204418,digital color photograph,https://media.rkd.nl/iiif/10204418/full/max/0/default.jpg
280443,9289099,digital color photograph,https://media.rkd.nl/iiif/9289099/full/max/0/default.jpg
280447,10204434,digital color photograph,https://media.rkd.nl/iiif/10204434/full/max/0/default.jpg
280448,10675091,color reproduction,https://media.rkd.nl/iiif/10675091/full/max/0/default.jpg
280457,10204430,digital color photograph,https://media.rkd.nl/iiif/10204430/full/max/0/default.jpg
280458,10204350,digital color photograph,https://media.rkd.nl/iiif/10204350/full/max/0/default.jpg
280471,10204360,digital color photograph,https://media.rkd.nl/iiif/10204360/full/max/0/default.jpg
280472,10204362,digital color photograph,https://media.rkd.nl/iiif/10204362/full/max/0/default.jpg
280475,10204410,digital color photograph,https://media.rkd.nl/iiif/10204410/full/max/0/default.jpg
280478,10204406,digital color photograph,https://media.rkd.nl/iiif/10204406/full/max/0/default.jpg
280479,10204390,digital color photograph,https://media.rkd.nl/iiif/10204390/full/max/0/default.jpg
280481,10204388,digital color photograph,https://media.rkd.nl/iiif/10204388/full/max/0/default.jpg
280483,10204404,digital color photograph,https://media.rkd.nl/iiif/10204404/full/max/0/default.jpg
280488,10204348,digital color photograph,https://media.rkd.nl/iiif/10204348/full/max/0/default.jpg
280490,10204402,digital color photograph,https://media.rkd.nl/iiif/10204402/full/max/0/default.jpg
280492,10204352,digital color photograph,https://media.rkd.nl/iiif/10204352/full/max/0/default.jpg
280502,10204465,digital color photograph,https://media.rkd.nl/iiif/10204465/full/max/0/default.jpg
280502,10204466,digital color photograph,https://media.rkd.nl/iiif/10204466/full/max/0/default.jpg
280507,10204468,digital color photograph,https://media.rkd.nl/iiif/10204468/full/max/0/default.jpg
280507,10204469,digital color photograph,https://media.rkd.nl/iiif/10204469/full/max/0/default.jpg
280512,10204364,digital color photograph,https://media.rkd.nl/iiif/10204364/full/max/0/default.jpg
280513,10204368,digital color photograph,https://media.rkd.nl/iiif/10204368/full/max/0/default.jpg
280515,10204493,digital color photograph,https://media.rkd.nl/iiif/10204493/full/max/0/default.jpg
280515,10204494,digital color photograph,https://media.rkd.nl/iiif/10204494/full/max/0/default.jpg
280519,10204396,digital color photograph,https://media.rkd.nl/iiif/10204396/full/max/0/default.jpg
280530,10204440,digital color photograph,https://media.rkd.nl/iiif/10204440/full/max/0/default.jpg
280536,10204424,digital color photograph,https://media.rkd.nl/iiif/10204424/full/max/0/default.jpg
280576,10675188,black-and-white reproduction,https://media.rkd.nl/iiif/10675188/full/max/0/default.jpg
280595,10675196,digital image,https://media.rkd.nl/iiif/10675196/full/max/0/default.jpg
280606,10675207,black and white photograph,https://media.rkd.nl/iiif/10675207/full/max/0/default.jpg
280626,10790631,digital image,https://media.rkd.nl/iiif/10790631/full/max/0/default.jpg
280634,10675254,brown photograph,https://media.rkd.nl/iiif/10675254/full/max/0/default.jpg
280634,10675253,black and white photograph,https://media.rkd.nl/iiif/10675253/full/max/0/default.jpg
280638,10306746,digital image,https://media.rkd.nl/iiif/10306746/full/max/0/default.jpg
280639,10675262,digital image,https://media.rkd.nl/iiif/10675262/full/max/0/default.jpg
280643,10306750,digital image,https://media.rkd.nl/iiif/10306750/full/max/0/default.jpg
280644,10204372,digital color photograph,https://media.rkd.nl/iiif/10204372/full/max/0/default.jpg
280646,10204346,digital color photograph,https://media.rkd.nl/iiif/10204346/full/max/0/default.jpg
280649,10204431,digital color photograph,https://media.rkd.nl/iiif/10204431/full/max/0/default.jpg
280649,10204432,digital color photograph,https://media.rkd.nl/iiif/10204432/full/max/0/default.jpg
280650,10204375,digital color photograph,https://media.rkd.nl/iiif/10204375/full/max/0/default.jpg
280651,10306751,digital image,https://media.rkd.nl/iiif/10306751/full/max/0/default.jpg
280651,10306752,digital image,https://media.rkd.nl/iiif/10306752/full/max/0/default.jpg
280652,10204374,digital color photograph,https://media.rkd.nl/iiif/10204374/full/max/0/default.jpg
280653,10204377,digital color photograph,https://media.rkd.nl/iiif/10204377/full/max/0/default.jpg
280653,10204378,digital color photograph,https://media.rkd.nl/iiif/10204378/full/max/0/default.jpg
280657,10204474,digital color photograph,https://media.rkd.nl/iiif/10204474/full/max/0/default.jpg
280657,10204475,digital color photograph,https://media.rkd.nl/iiif/10204475/full/max/0/default.jpg
280658,10306753,digital image,https://media.rkd.nl/iiif/10306753/full/max/0/default.jpg
280669,10354704,digital image,https://media.rkd.nl/iiif/10354704/full/max/0/default.jpg
280675,10306756,digital image,https://media.rkd.nl/iiif/10306756/full/max/0/default.jpg
280692,10306765,digital image,https://media.rkd.nl/iiif/10306765/full/max/0/default.jpg
280693,10306766,digital image,https://media.rkd.nl/iiif/10306766/full/max/0/default.jpg
280699,10675317,digital image,https://media.rkd.nl/iiif/10675317/full/max/0/default.jpg
280710,9237063,digital color photograph,https://media.rkd.nl/iiif/9237063/full/max/0/default.jpg
280710,9237068,digital color photograph,https://media.rkd.nl/iiif/9237068/full/max/0/default.jpg
280715,9237051,digital color photograph,https://media.rkd.nl/iiif/9237051/full/max/0/default.jpg
280726,9237049,digital color photograph,https://media.rkd.nl/iiif/9237049/full/max/0/default.jpg
280728,9237047,digital color photograph,https://media.rkd.nl/iiif/9237047/full/max/0/default.jpg
280731,9237045,digital color photograph,https://media.rkd.nl/iiif/9237045/full/max/0/default.jpg
280733,9237064,digital color photograph,https://media.rkd.nl/iiif/9237064/full/max/0/default.jpg
280734,9237042,digital color photograph,https://media.rkd.nl/iiif/9237042/full/max/0/default.jpg
280734,9237043,digital color photograph,https://media.rkd.nl/iiif/9237043/full/max/0/default.jpg
280737,9237038,digital color photograph,https://media.rkd.nl/iiif/9237038/full/max/0/default.jpg
280737,9237039,digital color photograph,https://media.rkd.nl/iiif/9237039/full/max/0/default.jpg
280741,9237071,digital color photograph,https://media.rkd.nl/iiif/9237071/full/max/0/default.jpg
280742,9237075,digital color photograph,https://media.rkd.nl/iiif/9237075/full/max/0/default.jpg
280742,9237076,digital color photograph,https://media.rkd.nl/iiif/9237076/full/max/0/default.jpg
280742,9237077,digital color photograph,https://media.rkd.nl/iiif/9237077/full/max/0/default.jpg
280746,9237041,digital color photograph,https://media.rkd.nl/iiif/9237041/full/max/0/default.jpg
280751,9237058,digital color photograph,https://media.rkd.nl/iiif/9237058/full/max/0/default.jpg
280752,9237060,digital color photograph,https://media.rkd.nl/iiif/9237060/full/max/0/default.jpg
280752,9237061,digital color photograph,https://media.rkd.nl/iiif/9237061/full/max/0/default.jpg
280752,9237067,digital color photograph,https://media.rkd.nl/iiif/9237067/full/max/0/default.jpg
280755,9237037,digital color photograph,https://media.rkd.nl/iiif/9237037/full/max/0/default.jpg
280764,10288959,slide (photo),https://media.rkd.nl/iiif/10288959/full/max/0/default.jpg
280772,10288967,slide (photo),https://media.rkd.nl/iiif/10288967/full/max/0/default.jpg
280779,10288981,slide (photo),https://media.rkd.nl/iiif/10288981/full/max/0/default.jpg
280781,10288983,slide (photo),https://media.rkd.nl/iiif/10288983/full/max/0/default.jpg
280787,9236647,digital image,https://media.rkd.nl/iiif/9236647/full/max/0/default.jpg
280796,10675494,digital image,https://media.rkd.nl/iiif/10675494/full/max/0/default.jpg
280801,10675504,digital image,https://media.rkd.nl/iiif/10675504/full/max/0/default.jpg
280807,10675510,digital image,https://media.rkd.nl/iiif/10675510/full/max/0/default.jpg
280818,10306747,digital image,https://media.rkd.nl/iiif/10306747/full/max/0/default.jpg
280821,10675534,black-and-white reproduction,https://media.rkd.nl/iiif/10675534/full/max/0/default.jpg
280841,10675556,digital color photograph,https://media.rkd.nl/iiif/10675556/full/max/0/default.jpg
280842,10306770,digital image,https://media.rkd.nl/iiif/10306770/full/max/0/default.jpg
280846,10306774,digital image,https://media.rkd.nl/iiif/10306774/full/max/0/default.jpg
280847,10675566,digital image,https://media.rkd.nl/iiif/10675566/full/max/0/default.jpg
280849,10675569,digital color photograph,https://media.rkd.nl/iiif/10675569/full/max/0/default.jpg
280853,10306778,digital image,https://media.rkd.nl/iiif/10306778/full/max/0/default.jpg
280854,10687590,digital image,https://media.rkd.nl/iiif/10687590/full/max/0/default.jpg
280854,10675573,black-and-white reproduction,https://media.rkd.nl/iiif/10675573/full/max/0/default.jpg
280858,10675583,black and white photograph,https://media.rkd.nl/iiif/10675583/full/max/0/default.jpg
280863,10306779,digital image,https://media.rkd.nl/iiif/10306779/full/max/0/default.jpg
280863,10306782,digital image,https://media.rkd.nl/iiif/10306782/full/max/0/default.jpg
280870,10306785,digital image,https://media.rkd.nl/iiif/10306785/full/max/0/default.jpg
280872,10675596,digital color photograph,https://media.rkd.nl/iiif/10675596/full/max/0/default.jpg
280900,10675632,digital color photograph,https://media.rkd.nl/iiif/10675632/full/max/0/default.jpg
280905,10675637,digital color photograph,https://media.rkd.nl/iiif/10675637/full/max/0/default.jpg
280919,10675658,digital image,https://media.rkd.nl/iiif/10675658/full/max/0/default.jpg
280919,10675758,brown photograph,https://media.rkd.nl/iiif/10675758/full/max/0/default.jpg
280946,10675697,digital image,https://media.rkd.nl/iiif/10675697/full/max/0/default.jpg
280956,10675708,color reproduction,https://media.rkd.nl/iiif/10675708/full/max/0/default.jpg
280959,10675713,digital image,https://media.rkd.nl/iiif/10675713/full/max/0/default.jpg
280965,10675723,digital image,https://media.rkd.nl/iiif/10675723/full/max/0/default.jpg
280980,10675748,digital image,https://media.rkd.nl/iiif/10675748/full/max/0/default.jpg
280980,10675768,digital image,https://media.rkd.nl/iiif/10675768/full/max/0/default.jpg
280993,10675757,digital image,https://media.rkd.nl/iiif/10675757/full/max/0/default.jpg
280994,10675759,brown photograph,https://media.rkd.nl/iiif/10675759/full/max/0/default.jpg
280999,10675773,digital image,https://media.rkd.nl/iiif/10675773/full/max/0/default.jpg
280999,10675778,digital image,https://media.rkd.nl/iiif/10675778/full/max/0/default.jpg
281005,10675779,digital image,https://media.rkd.nl/iiif/10675779/full/max/0/default.jpg
281005,10675791,digital image,https://media.rkd.nl/iiif/10675791/full/max/0/default.jpg
281011,9237017,digital color photograph,https://media.rkd.nl/iiif/9237017/full/max/0/default.jpg
281018,10288990,slide (photo),https://media.rkd.nl/iiif/10288990/full/max/0/default.jpg
281019,10675831,color reproduction,https://media.rkd.nl/iiif/10675831/full/max/0/default.jpg
281023,10675833,color reproduction,https://media.rkd.nl/iiif/10675833/full/max/0/default.jpg
281030,10675843,color reproduction,https://media.rkd.nl/iiif/10675843/full/max/0/default.jpg
281032,10675871,digital color photograph,https://media.rkd.nl/iiif/10675871/full/max/0/default.jpg
281032,10675872,digital color photograph,https://media.rkd.nl/iiif/10675872/full/max/0/default.jpg
281032,10675870,black and white photograph,https://media.rkd.nl/iiif/10675870/full/max/0/default.jpg
281063,10675920,digital image,https://media.rkd.nl/iiif/10675920/full/max/0/default.jpg
281072,9166122,color reproduction,https://media.rkd.nl/iiif/9166122/full/max/0/default.jpg
281073,10675939,digital image,https://media.rkd.nl/iiif/10675939/full/max/0/default.jpg
281080,10675944,black-and-white reproduction,https://media.rkd.nl/iiif/10675944/full/max/0/default.jpg
281085,10675950,black-and-white reproduction,https://media.rkd.nl/iiif/10675950/full/max/0/default.jpg
281094,10862929,digital image,https://media.rkd.nl/iiif/10862929/full/max/0/default.jpg
281094,10675961,digital image,https://media.rkd.nl/iiif/10675961/full/max/0/default.jpg
281109,9138270,black-and-white reproduction,https://media.rkd.nl/iiif/9138270/full/max/0/default.jpg
281114,10676003,digital image,https://media.rkd.nl/iiif/10676003/full/max/0/default.jpg
281115,9126029,color photograph,https://media.rkd.nl/iiif/9126029/full/max/0/default.jpg
281121,10676018,brown photograph,https://media.rkd.nl/iiif/10676018/full/max/0/default.jpg
281125,10676015,black-and-white reproduction,https://media.rkd.nl/iiif/10676015/full/max/0/default.jpg
281126,9237425,digital color photograph,https://media.rkd.nl/iiif/9237425/full/max/0/default.jpg
281127,9237423,digital color photograph,https://media.rkd.nl/iiif/9237423/full/max/0/default.jpg
281132,10676022,digital image,https://media.rkd.nl/iiif/10676022/full/max/0/default.jpg
281140,9237421,digital color photograph,https://media.rkd.nl/iiif/9237421/full/max/0/default.jpg
281142,9237419,digital color photograph,https://media.rkd.nl/iiif/9237419/full/max/0/default.jpg
281144,9237417,digital color photograph,https://media.rkd.nl/iiif/9237417/full/max/0/default.jpg
281145,9237415,digital color photograph,https://media.rkd.nl/iiif/9237415/full/max/0/default.jpg
281148,9237413,digital color photograph,https://media.rkd.nl/iiif/9237413/full/max/0/default.jpg
281152,9237411,digital color photograph,https://media.rkd.nl/iiif/9237411/full/max/0/default.jpg
281156,10676053,black and white photograph,https://media.rkd.nl/iiif/10676053/full/max/0/default.jpg
281160,9237409,digital color photograph,https://media.rkd.nl/iiif/9237409/full/max/0/default.jpg
281163,9237407,digital color photograph,https://media.rkd.nl/iiif/9237407/full/max/0/default.jpg
281165,9237405,digital color photograph,https://media.rkd.nl/iiif/9237405/full/max/0/default.jpg
281177,9228532,color photograph,https://media.rkd.nl/iiif/9228532/full/max/0/default.jpg
281182,10676119,black-and-white reproduction,https://media.rkd.nl/iiif/10676119/full/max/0/default.jpg
281183,10676122,black-and-white reproduction,https://media.rkd.nl/iiif/10676122/full/max/0/default.jpg
281186,10676124,color reproduction,https://media.rkd.nl/iiif/10676124/full/max/0/default.jpg
281201,10676138,digital image,https://media.rkd.nl/iiif/10676138/full/max/0/default.jpg
281202,10676139,digital image,https://media.rkd.nl/iiif/10676139/full/max/0/default.jpg
281210,9198988,brown photograph,https://media.rkd.nl/iiif/9198988/full/max/0/default.jpg
281220,10676152,black and white photograph,https://media.rkd.nl/iiif/10676152/full/max/0/default.jpg
281225,10676166,black-and-white reproduction,https://media.rkd.nl/iiif/10676166/full/max/0/default.jpg
281234,10676179,digital image,https://media.rkd.nl/iiif/10676179/full/max/0/default.jpg
281237,10676181,digital image,https://media.rkd.nl/iiif/10676181/full/max/0/default.jpg
281252,10676213,digital image,https://media.rkd.nl/iiif/10676213/full/max/0/default.jpg
281255,10676217,digital image,https://media.rkd.nl/iiif/10676217/full/max/0/default.jpg
281258,10676220,digital image,https://media.rkd.nl/iiif/10676220/full/max/0/default.jpg
281270,10354840,digital image,https://media.rkd.nl/iiif/10354840/full/max/0/default.jpg
281275,10676244,color reproduction,https://media.rkd.nl/iiif/10676244/full/max/0/default.jpg
281281,9237469,digital color photograph,https://media.rkd.nl/iiif/9237469/full/max/0/default.jpg
281288,9237403,digital color photograph,https://media.rkd.nl/iiif/9237403/full/max/0/default.jpg
281294,9237399,digital color photograph,https://media.rkd.nl/iiif/9237399/full/max/0/default.jpg
281295,10676328,black-and-white reproduction,https://media.rkd.nl/iiif/10676328/full/max/0/default.jpg
281303,10676350,digital image,https://media.rkd.nl/iiif/10676350/full/max/0/default.jpg
281308,9237397,digital color photograph,https://media.rkd.nl/iiif/9237397/full/max/0/default.jpg
281310,9237471,digital color photograph,https://media.rkd.nl/iiif/9237471/full/max/0/default.jpg
281315,10288999,slide (photo),https://media.rkd.nl/iiif/10288999/full/max/0/default.jpg
281316,10289000,slide (photo),https://media.rkd.nl/iiif/10289000/full/max/0/default.jpg
281317,9237473,digital color photograph,https://media.rkd.nl/iiif/9237473/full/max/0/default.jpg
281318,10289001,slide (photo),https://media.rkd.nl/iiif/10289001/full/max/0/default.jpg
281321,9237463,digital color photograph,https://media.rkd.nl/iiif/9237463/full/max/0/default.jpg
281323,9237459,digital color photograph,https://media.rkd.nl/iiif/9237459/full/max/0/default.jpg
281325,9237457,digital color photograph,https://media.rkd.nl/iiif/9237457/full/max/0/default.jpg
281327,9237455,digital color photograph,https://media.rkd.nl/iiif/9237455/full/max/0/default.jpg
281328,9237453,digital color photograph,https://media.rkd.nl/iiif/9237453/full/max/0/default.jpg
281331,9237451,digital color photograph,https://media.rkd.nl/iiif/9237451/full/max/0/default.jpg
281334,9237449,digital color photograph,https://media.rkd.nl/iiif/9237449/full/max/0/default.jpg
281337,9237445,digital color photograph,https://media.rkd.nl/iiif/9237445/full/max/0/default.jpg
281339,9237477,digital color photograph,https://media.rkd.nl/iiif/9237477/full/max/0/default.jpg
281341,9237443,digital color photograph,https://media.rkd.nl/iiif/9237443/full/max/0/default.jpg
281344,9237437,digital color photograph,https://media.rkd.nl/iiif/9237437/full/max/0/default.jpg
281345,9237435,digital color photograph,https://media.rkd.nl/iiif/9237435/full/max/0/default.jpg
281346,9237433,digital color photograph,https://media.rkd.nl/iiif/9237433/full/max/0/default.jpg
281347,10676381,digital image,https://media.rkd.nl/iiif/10676381/full/max/0/default.jpg
281348,9237430,digital color photograph,https://media.rkd.nl/iiif/9237430/full/max/0/default.jpg
281349,9237429,digital color photograph,https://media.rkd.nl/iiif/9237429/full/max/0/default.jpg
281365,10715567,BD/Digital Collection,https://media.rkd.nl/iiif/10715567/full/max/0/default.jpg
281374,10715571,BD/Digital Collection,https://media.rkd.nl/iiif/10715571/full/max/0/default.jpg
281396,10676472,digital color photograph,https://media.rkd.nl/iiif/10676472/full/max/0/default.jpg
281396,10394975,digital color photograph,https://media.rkd.nl/iiif/10394975/full/max/0/default.jpg
281406,10676505,black and white photograph,https://media.rkd.nl/iiif/10676505/full/max/0/default.jpg
281408,10676503,digital image,https://media.rkd.nl/iiif/10676503/full/max/0/default.jpg
281410,9227444,color reproduction,https://media.rkd.nl/iiif/9227444/full/max/0/default.jpg
281417,10676512,color reproduction,https://media.rkd.nl/iiif/10676512/full/max/0/default.jpg
281417,10676514,black-and-white reproduction,https://media.rkd.nl/iiif/10676514/full/max/0/default.jpg
281418,10676516,digital image,https://media.rkd.nl/iiif/10676516/full/max/0/default.jpg
281433,10676539,color reproduction,https://media.rkd.nl/iiif/10676539/full/max/0/default.jpg
281434,10676538,black and white photograph,https://media.rkd.nl/iiif/10676538/full/max/0/default.jpg
281445,10676558,color photograph,https://media.rkd.nl/iiif/10676558/full/max/0/default.jpg
281445,10676559,digital color photograph,https://media.rkd.nl/iiif/10676559/full/max/0/default.jpg
281445,10676560,digital color photograph,https://media.rkd.nl/iiif/10676560/full/max/0/default.jpg
281463,10676629,black and white photograph,https://media.rkd.nl/iiif/10676629/full/max/0/default.jpg
281465,10679709,digital image,https://media.rkd.nl/iiif/10679709/full/max/0/default.jpg
281465,10676632,black-and-white reproduction,https://media.rkd.nl/iiif/10676632/full/max/0/default.jpg
281467,10676634,black-and-white reproduction,https://media.rkd.nl/iiif/10676634/full/max/0/default.jpg
281470,10676637,digital image,https://media.rkd.nl/iiif/10676637/full/max/0/default.jpg
281566,10679946,digital image,https://media.rkd.nl/iiif/10679946/full/max/0/default.jpg
281571,10676791,digital image,https://media.rkd.nl/iiif/10676791/full/max/0/default.jpg
281573,10349075,digital image,https://media.rkd.nl/iiif/10349075/full/max/0/default.jpg
281573,10349076,digital image,https://media.rkd.nl/iiif/10349076/full/max/0/default.jpg
281574,9948262,black and white photograph,https://media.rkd.nl/iiif/9948262/full/max/0/default.jpg
281577,9948289,black and white photograph,https://media.rkd.nl/iiif/9948289/full/max/0/default.jpg
281578,10393229,digital color photograph,https://media.rkd.nl/iiif/10393229/full/max/0/default.jpg
281592,10393161,digital color photograph,https://media.rkd.nl/iiif/10393161/full/max/0/default.jpg
281593,9237741,digital color photograph,https://media.rkd.nl/iiif/9237741/full/max/0/default.jpg
281595,9237752,digital color photograph,https://media.rkd.nl/iiif/9237752/full/max/0/default.jpg
281597,10393153,digital color photograph,https://media.rkd.nl/iiif/10393153/full/max/0/default.jpg
281598,10393163,digital color photograph,https://media.rkd.nl/iiif/10393163/full/max/0/default.jpg
281601,10393165,digital color photograph,https://media.rkd.nl/iiif/10393165/full/max/0/default.jpg
281602,10393167,digital color photograph,https://media.rkd.nl/iiif/10393167/full/max/0/default.jpg
281604,10393155,digital color photograph,https://media.rkd.nl/iiif/10393155/full/max/0/default.jpg
281606,10393173,digital color photograph,https://media.rkd.nl/iiif/10393173/full/max/0/default.jpg
281608,10393175,digital color photograph,https://media.rkd.nl/iiif/10393175/full/max/0/default.jpg
281610,10393177,digital color photograph,https://media.rkd.nl/iiif/10393177/full/max/0/default.jpg
281612,10676833,old black-and-white photograph,https://media.rkd.nl/iiif/10676833/full/max/0/default.jpg
281614,9237755,digital color photograph,https://media.rkd.nl/iiif/9237755/full/max/0/default.jpg
281615,10393157,digital color photograph,https://media.rkd.nl/iiif/10393157/full/max/0/default.jpg
281618,10393181,digital color photograph,https://media.rkd.nl/iiif/10393181/full/max/0/default.jpg
281620,9237757,digital color photograph,https://media.rkd.nl/iiif/9237757/full/max/0/default.jpg
281622,9237746,digital color photograph,https://media.rkd.nl/iiif/9237746/full/max/0/default.jpg
281623,9237750,digital color photograph,https://media.rkd.nl/iiif/9237750/full/max/0/default.jpg
281629,10676850,black and white photograph,https://media.rkd.nl/iiif/10676850/full/max/0/default.jpg
281633,10676854,black and white photograph,https://media.rkd.nl/iiif/10676854/full/max/0/default.jpg
281641,10352613,print,https://media.rkd.nl/iiif/10352613/full/max/0/default.jpg
281647,10393185,digital color photograph,https://media.rkd.nl/iiif/10393185/full/max/0/default.jpg
281649,10676898,digital image,https://media.rkd.nl/iiif/10676898/full/max/0/default.jpg
281650,10393187,digital color photograph,https://media.rkd.nl/iiif/10393187/full/max/0/default.jpg
281652,9237734,digital color photograph,https://media.rkd.nl/iiif/9237734/full/max/0/default.jpg
281654,9237737,digital color photograph,https://media.rkd.nl/iiif/9237737/full/max/0/default.jpg
281657,10393207,digital color photograph,https://media.rkd.nl/iiif/10393207/full/max/0/default.jpg
281658,10393183,digital color photograph,https://media.rkd.nl/iiif/10393183/full/max/0/default.jpg
281661,9237728,digital color photograph,https://media.rkd.nl/iiif/9237728/full/max/0/default.jpg
281663,10676904,digital image,https://media.rkd.nl/iiif/10676904/full/max/0/default.jpg
281663,10676905,old black-and-white photograph,https://media.rkd.nl/iiif/10676905/full/max/0/default.jpg
281664,10393189,digital color photograph,https://media.rkd.nl/iiif/10393189/full/max/0/default.jpg
281666,9237744,digital color photograph,https://media.rkd.nl/iiif/9237744/full/max/0/default.jpg
281671,10393195,digital color photograph,https://media.rkd.nl/iiif/10393195/full/max/0/default.jpg
281673,10393193,digital color photograph,https://media.rkd.nl/iiif/10393193/full/max/0/default.jpg
281678,9237729,digital color photograph,https://media.rkd.nl/iiif/9237729/full/max/0/default.jpg
281678,9237730,digital color photograph,https://media.rkd.nl/iiif/9237730/full/max/0/default.jpg
281682,10393199,digital color photograph,https://media.rkd.nl/iiif/10393199/full/max/0/default.jpg
281683,10393197,digital color photograph,https://media.rkd.nl/iiif/10393197/full/max/0/default.jpg
281684,10393201,digital color photograph,https://media.rkd.nl/iiif/10393201/full/max/0/default.jpg
281686,10393203,digital color photograph,https://media.rkd.nl/iiif/10393203/full/max/0/default.jpg
281687,10393205,digital color photograph,https://media.rkd.nl/iiif/10393205/full/max/0/default.jpg
281690,10393209,digital color photograph,https://media.rkd.nl/iiif/10393209/full/max/0/default.jpg
281691,10676928,color reproduction,https://media.rkd.nl/iiif/10676928/full/max/0/default.jpg
281692,9237764,digital color photograph,https://media.rkd.nl/iiif/9237764/full/max/0/default.jpg
281693,10393210,digital color photograph,https://media.rkd.nl/iiif/10393210/full/max/0/default.jpg
281697,10676933,black and white photograph,https://media.rkd.nl/iiif/10676933/full/max/0/default.jpg
281698,9237768,digital color photograph,https://media.rkd.nl/iiif/9237768/full/max/0/default.jpg
281699,9237766,digital color photograph,https://media.rkd.nl/iiif/9237766/full/max/0/default.jpg
281700,10393221,digital color photograph,https://media.rkd.nl/iiif/10393221/full/max/0/default.jpg
281706,10393213,digital color photograph,https://media.rkd.nl/iiif/10393213/full/max/0/default.jpg
281709,10393217,digital color photograph,https://media.rkd.nl/iiif/10393217/full/max/0/default.jpg
281710,10393219,digital color photograph,https://media.rkd.nl/iiif/10393219/full/max/0/default.jpg
281711,10393225,digital color photograph,https://media.rkd.nl/iiif/10393225/full/max/0/default.jpg
281712,10393227,digital color photograph,https://media.rkd.nl/iiif/10393227/full/max/0/default.jpg
281714,10676937,black-and-white reproduction,https://media.rkd.nl/iiif/10676937/full/max/0/default.jpg
281741,10352417,digital image,https://media.rkd.nl/iiif/10352417/full/max/0/default.jpg
281741,10352422,digital image,https://media.rkd.nl/iiif/10352422/full/max/0/default.jpg
281741,10352424,digital image,https://media.rkd.nl/iiif/10352424/full/max/0/default.jpg
281746,10679105,black and white photograph,https://media.rkd.nl/iiif/10679105/full/max/0/default.jpg
281751,10677029,digital image,https://media.rkd.nl/iiif/10677029/full/max/0/default.jpg
281775,10677080,digital image,https://media.rkd.nl/iiif/10677080/full/max/0/default.jpg
281775,10677081,digital image,https://media.rkd.nl/iiif/10677081/full/max/0/default.jpg
281775,10677082,digital image,https://media.rkd.nl/iiif/10677082/full/max/0/default.jpg
281777,10677085,digital image,https://media.rkd.nl/iiif/10677085/full/max/0/default.jpg
281803,10677124,digital image,https://media.rkd.nl/iiif/10677124/full/max/0/default.jpg
281827,10393130,digital color photograph,https://media.rkd.nl/iiif/10393130/full/max/0/default.jpg
281828,10393132,digital color photograph,https://media.rkd.nl/iiif/10393132/full/max/0/default.jpg
281829,10677167,color reproduction,https://media.rkd.nl/iiif/10677167/full/max/0/default.jpg
281829,10684618,digital image,https://media.rkd.nl/iiif/10684618/full/max/0/default.jpg
281829,10677165,digital image,https://media.rkd.nl/iiif/10677165/full/max/0/default.jpg
281830,10393134,digital color photograph,https://media.rkd.nl/iiif/10393134/full/max/0/default.jpg
281833,10677168,color reproduction,https://media.rkd.nl/iiif/10677168/full/max/0/default.jpg
281833,10677169,black and white photograph,https://media.rkd.nl/iiif/10677169/full/max/0/default.jpg
281835,10677172,digital image,https://media.rkd.nl/iiif/10677172/full/max/0/default.jpg
281849,10677190,color reproduction,https://media.rkd.nl/iiif/10677190/full/max/0/default.jpg
281875,10677225,digital image,https://media.rkd.nl/iiif/10677225/full/max/0/default.jpg
281878,10677227,digital image,https://media.rkd.nl/iiif/10677227/full/max/0/default.jpg
281885,10292002,black and white photograph,https://media.rkd.nl/iiif/10292002/full/max/0/default.jpg
281889,10677723,black and white photograph,https://media.rkd.nl/iiif/10677723/full/max/0/default.jpg
281889,10677725,black and white photograph,https://media.rkd.nl/iiif/10677725/full/max/0/default.jpg
281900,10677272,digital image,https://media.rkd.nl/iiif/10677272/full/max/0/default.jpg
281901,10677275,digital image,https://media.rkd.nl/iiif/10677275/full/max/0/default.jpg
281908,10292005,black and white photograph,https://media.rkd.nl/iiif/10292005/full/max/0/default.jpg
281909,10292004,black and white photograph,https://media.rkd.nl/iiif/10292004/full/max/0/default.jpg
281916,10292006,black and white photograph,https://media.rkd.nl/iiif/10292006/full/max/0/default.jpg
281935,10677344,digital image,https://media.rkd.nl/iiif/10677344/full/max/0/default.jpg
281935,10677430,black-and-white reproduction,https://media.rkd.nl/iiif/10677430/full/max/0/default.jpg
282004,10677433,digital color photograph,https://media.rkd.nl/iiif/10677433/full/max/0/default.jpg
282048,10677485,digital image,https://media.rkd.nl/iiif/10677485/full/max/0/default.jpg
282064,9237007,digital color photograph,https://media.rkd.nl/iiif/9237007/full/max/0/default.jpg
282083,10677562,digital image,https://media.rkd.nl/iiif/10677562/full/max/0/default.jpg
282085,10677568,digital image,https://media.rkd.nl/iiif/10677568/full/max/0/default.jpg
282088,10677571,digital image,https://media.rkd.nl/iiif/10677571/full/max/0/default.jpg
282109,10292009,black and white photograph,https://media.rkd.nl/iiif/10292009/full/max/0/default.jpg
282123,9119940,black and white photograph,https://media.rkd.nl/iiif/9119940/full/max/0/default.jpg
282167,11166881,digital color photograph,https://media.rkd.nl/iiif/11166881/full/max/0/default.jpg
282169,10759174,digital image,https://media.rkd.nl/iiif/10759174/full/max/0/default.jpg
282170,10759175,digital image,https://media.rkd.nl/iiif/10759175/full/max/0/default.jpg
282170,10787797,digital image,https://media.rkd.nl/iiif/10787797/full/max/0/default.jpg
282171,10759182,digital image,https://media.rkd.nl/iiif/10759182/full/max/0/default.jpg
282171,10788349,digital image,https://media.rkd.nl/iiif/10788349/full/max/0/default.jpg
282172,10788194,digital image,https://media.rkd.nl/iiif/10788194/full/max/0/default.jpg
282173,10787125,digital image,https://media.rkd.nl/iiif/10787125/full/max/0/default.jpg
282174,10759377,digital image,https://media.rkd.nl/iiif/10759377/full/max/0/default.jpg
282174,10786705,digital image,https://media.rkd.nl/iiif/10786705/full/max/0/default.jpg
282175,10759378,digital image,https://media.rkd.nl/iiif/10759378/full/max/0/default.jpg
282176,10759379,digital image,https://media.rkd.nl/iiif/10759379/full/max/0/default.jpg
282177,10759380,digital image,https://media.rkd.nl/iiif/10759380/full/max/0/default.jpg
282177,10788660,digital image,https://media.rkd.nl/iiif/10788660/full/max/0/default.jpg
282178,10759381,digital image,https://media.rkd.nl/iiif/10759381/full/max/0/default.jpg
282178,10788685,digital image,https://media.rkd.nl/iiif/10788685/full/max/0/default.jpg
282179,10759382,digital image,https://media.rkd.nl/iiif/10759382/full/max/0/default.jpg
282179,10788845,digital image,https://media.rkd.nl/iiif/10788845/full/max/0/default.jpg
282180,10787126,digital image,https://media.rkd.nl/iiif/10787126/full/max/0/default.jpg
282181,10759387,digital image,https://media.rkd.nl/iiif/10759387/full/max/0/default.jpg
282181,10788765,digital image,https://media.rkd.nl/iiif/10788765/full/max/0/default.jpg
282182,10759388,digital image,https://media.rkd.nl/iiif/10759388/full/max/0/default.jpg
282183,10759389,digital image,https://media.rkd.nl/iiif/10759389/full/max/0/default.jpg
282184,10759391,digital image,https://media.rkd.nl/iiif/10759391/full/max/0/default.jpg
282184,10786812,digital image,https://media.rkd.nl/iiif/10786812/full/max/0/default.jpg
282185,10759392,digital image,https://media.rkd.nl/iiif/10759392/full/max/0/default.jpg
282185,10787815,digital image,https://media.rkd.nl/iiif/10787815/full/max/0/default.jpg
282186,10759393,digital image,https://media.rkd.nl/iiif/10759393/full/max/0/default.jpg
282187,10759394,digital image,https://media.rkd.nl/iiif/10759394/full/max/0/default.jpg
282187,10786761,digital image,https://media.rkd.nl/iiif/10786761/full/max/0/default.jpg
282188,10759396,digital image,https://media.rkd.nl/iiif/10759396/full/max/0/default.jpg
282189,10759398,digital image,https://media.rkd.nl/iiif/10759398/full/max/0/default.jpg
282189,10788256,digital image,https://media.rkd.nl/iiif/10788256/full/max/0/default.jpg
282190,10759399,digital image,https://media.rkd.nl/iiif/10759399/full/max/0/default.jpg
282190,10787483,digital image,https://media.rkd.nl/iiif/10787483/full/max/0/default.jpg
282191,10788786,digital image,https://media.rkd.nl/iiif/10788786/full/max/0/default.jpg
282192,10759404,digital image,https://media.rkd.nl/iiif/10759404/full/max/0/default.jpg
282192,10788066,digital image,https://media.rkd.nl/iiif/10788066/full/max/0/default.jpg
282193,10759407,digital image,https://media.rkd.nl/iiif/10759407/full/max/0/default.jpg
282194,10759408,BD/RKD/IB/ORIGINALS (ON APPOINTMENT),https://media.rkd.nl/iiif/10759408/full/max/0/default.jpg
282195,10759409,BD/RKD/IB/ORIGINALS (ON APPOINTMENT),https://media.rkd.nl/iiif/10759409/full/max/0/default.jpg
282195,10787374,BD/RKD/IB/ORIGINALS (ON APPOINTMENT),https://media.rkd.nl/iiif/10787374/full/max/0/default.jpg
282196,10759416,BD/RKD/IB/ORIGINALS (ON APPOINTMENT),https://media.rkd.nl/iiif/10759416/full/max/0/default.jpg
282196,10787221,BD/RKD/IB/ORIGINALS (ON APPOINTMENT),https://media.rkd.nl/iiif/10787221/full/max/0/default.jpg
282197,10759417,digital image,https://media.rkd.nl/iiif/10759417/full/max/0/default.jpg
282198,10759422,digital image,https://media.rkd.nl/iiif/10759422/full/max/0/default.jpg
282198,10786809,digital image,https://media.rkd.nl/iiif/10786809/full/max/0/default.jpg
282199,10788722,digital image,https://media.rkd.nl/iiif/10788722/full/max/0/default.jpg
282200,10759425,digital image,https://media.rkd.nl/iiif/10759425/full/max/0/default.jpg
282200,10787245,digital image,https://media.rkd.nl/iiif/10787245/full/max/0/default.jpg
282201,10787785,digital image,https://media.rkd.nl/iiif/10787785/full/max/0/default.jpg
282202,10759429,BD/RKD/IB/ORIGINALS (ON APPOINTMENT),https://media.rkd.nl/iiif/10759429/full/max/0/default.jpg
282202,10788142,BD/RKD/IB/ORIGINALS (ON APPOINTMENT),https://media.rkd.nl/iiif/10788142/full/max/0/default.jpg
282203,10759430,BD/RKD/IB/ORIGINALS (ON APPOINTMENT),https://media.rkd.nl/iiif/10759430/full/max/0/default.jpg
282203,10787609,BD/RKD/IB/ORIGINALS (ON APPOINTMENT),https://media.rkd.nl/iiif/10787609/full/max/0/default.jpg
282204,10759431,digital image,https://media.rkd.nl/iiif/10759431/full/max/0/default.jpg
282205,10759439,digital image,https://media.rkd.nl/iiif/10759439/full/max/0/default.jpg
282206,10759440,digital image,https://media.rkd.nl/iiif/10759440/full/max/0/default.jpg
282206,10788017,digital image,https://media.rkd.nl/iiif/10788017/full/max/0/default.jpg
282207,10759441,digital image,https://media.rkd.nl/iiif/10759441/full/max/0/default.jpg
282207,10787735,digital image,https://media.rkd.nl/iiif/10787735/full/max/0/default.jpg
282208,10786908,digital image,https://media.rkd.nl/iiif/10786908/full/max/0/default.jpg
282209,10788785,digital image,https://media.rkd.nl/iiif/10788785/full/max/0/default.jpg
282210,10759444,digital image,https://media.rkd.nl/iiif/10759444/full/max/0/default.jpg
282210,10788284,digital image,https://media.rkd.nl/iiif/10788284/full/max/0/default.jpg
282211,10759445,digital image,https://media.rkd.nl/iiif/10759445/full/max/0/default.jpg
282212,10759447,digital image,https://media.rkd.nl/iiif/10759447/full/max/0/default.jpg
282213,10759450,BD/RKD/IB/ORIGINALS (ON APPOINTMENT),https://media.rkd.nl/iiif/10759450/full/max/0/default.jpg
282213,10787518,BD/RKD/IB/ORIGINALS (ON APPOINTMENT),https://media.rkd.nl/iiif/10787518/full/max/0/default.jpg
282214,10759451,digital image,https://media.rkd.nl/iiif/10759451/full/max/0/default.jpg
282214,10786693,digital image,https://media.rkd.nl/iiif/10786693/full/max/0/default.jpg
282215,10759452,digital image,https://media.rkd.nl/iiif/10759452/full/max/0/default.jpg
282215,10788338,digital image,https://media.rkd.nl/iiif/10788338/full/max/0/default.jpg
282216,10788437,digital image,https://media.rkd.nl/iiif/10788437/full/max/0/default.jpg
282217,10759454,digital image,https://media.rkd.nl/iiif/10759454/full/max/0/default.jpg
282217,10787336,digital image,https://media.rkd.nl/iiif/10787336/full/max/0/default.jpg
282218,10759455,digital image,https://media.rkd.nl/iiif/10759455/full/max/0/default.jpg
282218,10788113,digital image,https://media.rkd.nl/iiif/10788113/full/max/0/default.jpg
282219,10759456,digital image,https://media.rkd.nl/iiif/10759456/full/max/0/default.jpg
282220,10759457,digital image,https://media.rkd.nl/iiif/10759457/full/max/0/default.jpg
282220,10788521,digital image,https://media.rkd.nl/iiif/10788521/full/max/0/default.jpg
282221,10759458,digital image,https://media.rkd.nl/iiif/10759458/full/max/0/default.jpg
282221,10787649,digital image,https://media.rkd.nl/iiif/10787649/full/max/0/default.jpg
282222,10788650,digital image,https://media.rkd.nl/iiif/10788650/full/max/0/default.jpg
282223,10759460,digital image,https://media.rkd.nl/iiif/10759460/full/max/0/default.jpg
282223,10786942,digital image,https://media.rkd.nl/iiif/10786942/full/max/0/default.jpg
282224,10759461,digital image,https://media.rkd.nl/iiif/10759461/full/max/0/default.jpg
282224,10788167,digital image,https://media.rkd.nl/iiif/10788167/full/max/0/default.jpg
282225,10759462,digital image,https://media.rkd.nl/iiif/10759462/full/max/0/default.jpg
282226,10788073,digital image,https://media.rkd.nl/iiif/10788073/full/max/0/default.jpg
282227,10759466,digital image,https://media.rkd.nl/iiif/10759466/full/max/0/default.jpg
282227,10787107,digital image,https://media.rkd.nl/iiif/10787107/full/max/0/default.jpg
282228,10759474,digital image,https://media.rkd.nl/iiif/10759474/full/max/0/default.jpg
282228,10788354,digital image,https://media.rkd.nl/iiif/10788354/full/max/0/default.jpg
282229,10759479,digital image,https://media.rkd.nl/iiif/10759479/full/max/0/default.jpg
282230,10759480,digital image,https://media.rkd.nl/iiif/10759480/full/max/0/default.jpg
282230,10787972,digital image,https://media.rkd.nl/iiif/10787972/full/max/0/default.jpg
282231,10759484,digital image,https://media.rkd.nl/iiif/10759484/full/max/0/default.jpg
282231,10788244,digital image,https://media.rkd.nl/iiif/10788244/full/max/0/default.jpg
282232,10759486,digital image,https://media.rkd.nl/iiif/10759486/full/max/0/default.jpg
282233,10759487,digital image,https://media.rkd.nl/iiif/10759487/full/max/0/default.jpg
282233,10787337,digital image,https://media.rkd.nl/iiif/10787337/full/max/0/default.jpg
282234,10759491,digital image,https://media.rkd.nl/iiif/10759491/full/max/0/default.jpg
282235,10759495,digital image,https://media.rkd.nl/iiif/10759495/full/max/0/default.jpg
282235,10787190,digital image,https://media.rkd.nl/iiif/10787190/full/max/0/default.jpg
282236,10788746,digital image,https://media.rkd.nl/iiif/10788746/full/max/0/default.jpg
282237,10788714,digital image,https://media.rkd.nl/iiif/10788714/full/max/0/default.jpg
282238,10759508,digital image,https://media.rkd.nl/iiif/10759508/full/max/0/default.jpg
282238,10787631,digital image,https://media.rkd.nl/iiif/10787631/full/max/0/default.jpg
282239,10759510,digital image,https://media.rkd.nl/iiif/10759510/full/max/0/default.jpg
282239,10787100,digital image,https://media.rkd.nl/iiif/10787100/full/max/0/default.jpg
282240,10759515,digital image,https://media.rkd.nl/iiif/10759515/full/max/0/default.jpg
282241,10786911,digital image,https://media.rkd.nl/iiif/10786911/full/max/0/default.jpg
282242,10759517,digital image,https://media.rkd.nl/iiif/10759517/full/max/0/default.jpg
282242,10788477,digital image,https://media.rkd.nl/iiif/10788477/full/max/0/default.jpg
282243,10759518,digital image,https://media.rkd.nl/iiif/10759518/full/max/0/default.jpg
282244,10787560,digital image,https://media.rkd.nl/iiif/10787560/full/max/0/default.jpg
282245,10759521,digital image,https://media.rkd.nl/iiif/10759521/full/max/0/default.jpg
282245,10786922,digital image,https://media.rkd.nl/iiif/10786922/full/max/0/default.jpg
282246,10759522,digital image,https://media.rkd.nl/iiif/10759522/full/max/0/default.jpg
282246,10788871,digital image,https://media.rkd.nl/iiif/10788871/full/max/0/default.jpg
282247,10759523,digital image,https://media.rkd.nl/iiif/10759523/full/max/0/default.jpg
282248,10759526,digital image,https://media.rkd.nl/iiif/10759526/full/max/0/default.jpg
282248,10788779,digital image,https://media.rkd.nl/iiif/10788779/full/max/0/default.jpg
282249,10759527,digital image,https://media.rkd.nl/iiif/10759527/full/max/0/default.jpg
282249,10787630,digital image,https://media.rkd.nl/iiif/10787630/full/max/0/default.jpg
282250,10759530,digital image,https://media.rkd.nl/iiif/10759530/full/max/0/default.jpg
282250,10788491,digital image,https://media.rkd.nl/iiif/10788491/full/max/0/default.jpg
282251,10787335,digital image,https://media.rkd.nl/iiif/10787335/full/max/0/default.jpg
282252,10787858,digital image,https://media.rkd.nl/iiif/10787858/full/max/0/default.jpg
282253,10759557,digital image,https://media.rkd.nl/iiif/10759557/full/max/0/default.jpg
282253,10788057,digital image,https://media.rkd.nl/iiif/10788057/full/max/0/default.jpg
282254,10759560,digital image,https://media.rkd.nl/iiif/10759560/full/max/0/default.jpg
282255,10759604,digital image,https://media.rkd.nl/iiif/10759604/full/max/0/default.jpg
282255,10788565,digital image,https://media.rkd.nl/iiif/10788565/full/max/0/default.jpg
282256,10787544,digital image,https://media.rkd.nl/iiif/10787544/full/max/0/default.jpg
282257,10759607,digital image,https://media.rkd.nl/iiif/10759607/full/max/0/default.jpg
282257,10788564,digital image,https://media.rkd.nl/iiif/10788564/full/max/0/default.jpg
282258,10759610,digital image,https://media.rkd.nl/iiif/10759610/full/max/0/default.jpg
282258,10787545,digital image,https://media.rkd.nl/iiif/10787545/full/max/0/default.jpg
282260,10759626,digital image,https://media.rkd.nl/iiif/10759626/full/max/0/default.jpg
282260,10788763,digital image,https://media.rkd.nl/iiif/10788763/full/max/0/default.jpg
282261,10759627,digital image,https://media.rkd.nl/iiif/10759627/full/max/0/default.jpg
282261,10787224,digital image,https://media.rkd.nl/iiif/10787224/full/max/0/default.jpg
282262,10759634,digital image,https://media.rkd.nl/iiif/10759634/full/max/0/default.jpg
282263,10787840,digital image,https://media.rkd.nl/iiif/10787840/full/max/0/default.jpg
282264,10759637,digital image,https://media.rkd.nl/iiif/10759637/full/max/0/default.jpg
282264,10788190,digital image,https://media.rkd.nl/iiif/10788190/full/max/0/default.jpg
282265,10759639,digital image,https://media.rkd.nl/iiif/10759639/full/max/0/default.jpg
282266,10759646,digital image,https://media.rkd.nl/iiif/10759646/full/max/0/default.jpg
282267,10759648,digital image,https://media.rkd.nl/iiif/10759648/full/max/0/default.jpg
282267,10788368,digital image,https://media.rkd.nl/iiif/10788368/full/max/0/default.jpg
282268,10759652,digital image,https://media.rkd.nl/iiif/10759652/full/max/0/default.jpg
282268,10787099,digital image,https://media.rkd.nl/iiif/10787099/full/max/0/default.jpg
282269,10786853,digital image,https://media.rkd.nl/iiif/10786853/full/max/0/default.jpg
282270,10759658,digital image,https://media.rkd.nl/iiif/10759658/full/max/0/default.jpg
282270,10788319,digital image,https://media.rkd.nl/iiif/10788319/full/max/0/default.jpg
282271,10759659,digital image,https://media.rkd.nl/iiif/10759659/full/max/0/default.jpg
282271,10787063,digital image,https://media.rkd.nl/iiif/10787063/full/max/0/default.jpg
282272,10759660,digital image,https://media.rkd.nl/iiif/10759660/full/max/0/default.jpg
282273,10759669,digital image,https://media.rkd.nl/iiif/10759669/full/max/0/default.jpg
282274,10759672,digital image,https://media.rkd.nl/iiif/10759672/full/max/0/default.jpg
282274,10787915,digital image,https://media.rkd.nl/iiif/10787915/full/max/0/default.jpg
282275,10759675,digital image,https://media.rkd.nl/iiif/10759675/full/max/0/default.jpg
282275,10787764,digital image,https://media.rkd.nl/iiif/10787764/full/max/0/default.jpg
282276,10759676,digital image,https://media.rkd.nl/iiif/10759676/full/max/0/default.jpg
282277,10787000,digital image,https://media.rkd.nl/iiif/10787000/full/max/0/default.jpg
282278,10759683,digital image,https://media.rkd.nl/iiif/10759683/full/max/0/default.jpg
282278,10788126,digital image,https://media.rkd.nl/iiif/10788126/full/max/0/default.jpg
282279,10759688,digital image,https://media.rkd.nl/iiif/10759688/full/max/0/default.jpg
282279,10788357,digital image,https://media.rkd.nl/iiif/10788357/full/max/0/default.jpg
282280,10788083,digital image,https://media.rkd.nl/iiif/10788083/full/max/0/default.jpg
282281,10759694,digital image,https://media.rkd.nl/iiif/10759694/full/max/0/default.jpg
282281,10788157,digital image,https://media.rkd.nl/iiif/10788157/full/max/0/default.jpg
282282,10759696,digital image,https://media.rkd.nl/iiif/10759696/full/max/0/default.jpg
282282,10788147,digital image,https://media.rkd.nl/iiif/10788147/full/max/0/default.jpg
282285,10759705,digital image,https://media.rkd.nl/iiif/10759705/full/max/0/default.jpg
282285,10787006,digital image,https://media.rkd.nl/iiif/10787006/full/max/0/default.jpg
282286,10759708,digital image,https://media.rkd.nl/iiif/10759708/full/max/0/default.jpg
282286,10788429,digital image,https://media.rkd.nl/iiif/10788429/full/max/0/default.jpg
282287,10759719,digital image,https://media.rkd.nl/iiif/10759719/full/max/0/default.jpg
282289,10759727,digital image,https://media.rkd.nl/iiif/10759727/full/max/0/default.jpg
282289,10788469,digital image,https://media.rkd.nl/iiif/10788469/full/max/0/default.jpg
282290,10759734,digital image,https://media.rkd.nl/iiif/10759734/full/max/0/default.jpg
282290,10788436,digital image,https://media.rkd.nl/iiif/10788436/full/max/0/default.jpg
282291,10759743,digital image,https://media.rkd.nl/iiif/10759743/full/max/0/default.jpg
282293,10787522,digital image,https://media.rkd.nl/iiif/10787522/full/max/0/default.jpg
282294,10759764,digital image,https://media.rkd.nl/iiif/10759764/full/max/0/default.jpg
282294,10788635,digital image,https://media.rkd.nl/iiif/10788635/full/max/0/default.jpg
282295,10759765,digital image,https://media.rkd.nl/iiif/10759765/full/max/0/default.jpg
282295,10788525,digital image,https://media.rkd.nl/iiif/10788525/full/max/0/default.jpg
282296,10787918,digital image,https://media.rkd.nl/iiif/10787918/full/max/0/default.jpg
282298,10787557,digital image,https://media.rkd.nl/iiif/10787557/full/max/0/default.jpg
282299,10759787,digital image,https://media.rkd.nl/iiif/10759787/full/max/0/default.jpg
282299,10787306,digital image,https://media.rkd.nl/iiif/10787306/full/max/0/default.jpg
282300,10759789,digital image,https://media.rkd.nl/iiif/10759789/full/max/0/default.jpg
282301,10787145,digital image,https://media.rkd.nl/iiif/10787145/full/max/0/default.jpg
282302,10759796,digital image,https://media.rkd.nl/iiif/10759796/full/max/0/default.jpg
282302,10787740,digital image,https://media.rkd.nl/iiif/10787740/full/max/0/default.jpg
282303,10759799,digital image,https://media.rkd.nl/iiif/10759799/full/max/0/default.jpg
282303,10788606,digital image,https://media.rkd.nl/iiif/10788606/full/max/0/default.jpg
282304,10788211,digital image,https://media.rkd.nl/iiif/10788211/full/max/0/default.jpg
282306,10786987,digital image,https://media.rkd.nl/iiif/10786987/full/max/0/default.jpg
282307,10759803,digital image,https://media.rkd.nl/iiif/10759803/full/max/0/default.jpg
282307,10787091,digital image,https://media.rkd.nl/iiif/10787091/full/max/0/default.jpg
282308,10759804,digital image,https://media.rkd.nl/iiif/10759804/full/max/0/default.jpg
282309,10788615,digital image,https://media.rkd.nl/iiif/10788615/full/max/0/default.jpg
282310,10759807,digital image,https://media.rkd.nl/iiif/10759807/full/max/0/default.jpg
282310,10788816,digital image,https://media.rkd.nl/iiif/10788816/full/max/0/default.jpg
282311,10759808,digital image,https://media.rkd.nl/iiif/10759808/full/max/0/default.jpg
282311,10788831,digital image,https://media.rkd.nl/iiif/10788831/full/max/0/default.jpg
282314,10759816,digital image,https://media.rkd.nl/iiif/10759816/full/max/0/default.jpg
282314,10787771,digital image,https://media.rkd.nl/iiif/10787771/full/max/0/default.jpg
282315,10759822,digital image,https://media.rkd.nl/iiif/10759822/full/max/0/default.jpg
282315,10788551,digital image,https://media.rkd.nl/iiif/10788551/full/max/0/default.jpg
282316,10788458,digital image,https://media.rkd.nl/iiif/10788458/full/max/0/default.jpg
282317,10788485,digital image,https://media.rkd.nl/iiif/10788485/full/max/0/default.jpg
282318,10759825,digital image,https://media.rkd.nl/iiif/10759825/full/max/0/default.jpg
282318,10788304,digital image,https://media.rkd.nl/iiif/10788304/full/max/0/default.jpg
282319,10759826,digital image,https://media.rkd.nl/iiif/10759826/full/max/0/default.jpg
282320,10759827,digital image,https://media.rkd.nl/iiif/10759827/full/max/0/default.jpg
282320,10787278,digital image,https://media.rkd.nl/iiif/10787278/full/max/0/default.jpg
282321,10788366,digital image,https://media.rkd.nl/iiif/10788366/full/max/0/default.jpg
282322,10759830,digital image,https://media.rkd.nl/iiif/10759830/full/max/0/default.jpg
282322,10788269,digital image,https://media.rkd.nl/iiif/10788269/full/max/0/default.jpg
282323,10759836,digital image,https://media.rkd.nl/iiif/10759836/full/max/0/default.jpg
282324,10788479,digital image,https://media.rkd.nl/iiif/10788479/full/max/0/default.jpg
282325,10759852,digital image,https://media.rkd.nl/iiif/10759852/full/max/0/default.jpg
282325,10787519,digital image,https://media.rkd.nl/iiif/10787519/full/max/0/default.jpg
282326,10759859,digital image,https://media.rkd.nl/iiif/10759859/full/max/0/default.jpg
282327,10788276,digital image,https://media.rkd.nl/iiif/10788276/full/max/0/default.jpg
282328,10464096,digital color photograph,https://media.rkd.nl/iiif/10464096/full/max/0/default.jpg
282328,10464097,digital color photograph,https://media.rkd.nl/iiif/10464097/full/max/0/default.jpg
282328,10759871,digital image,https://media.rkd.nl/iiif/10759871/full/max/0/default.jpg
282328,10787294,digital image,https://media.rkd.nl/iiif/10787294/full/max/0/default.jpg
282330,10787135,digital image,https://media.rkd.nl/iiif/10787135/full/max/0/default.jpg
282331,10759876,digital image,https://media.rkd.nl/iiif/10759876/full/max/0/default.jpg
282331,10786931,digital image,https://media.rkd.nl/iiif/10786931/full/max/0/default.jpg
282332,10759878,digital image,https://media.rkd.nl/iiif/10759878/full/max/0/default.jpg
282332,10786964,digital image,https://media.rkd.nl/iiif/10786964/full/max/0/default.jpg
282334,10786873,digital image,https://media.rkd.nl/iiif/10786873/full/max/0/default.jpg
282335,10759883,digital image,https://media.rkd.nl/iiif/10759883/full/max/0/default.jpg
282335,10786892,digital image,https://media.rkd.nl/iiif/10786892/full/max/0/default.jpg
282336,10759884,digital image,https://media.rkd.nl/iiif/10759884/full/max/0/default.jpg
282336,10788599,digital image,https://media.rkd.nl/iiif/10788599/full/max/0/default.jpg
282339,10759894,digital image,https://media.rkd.nl/iiif/10759894/full/max/0/default.jpg
282340,10759901,digital image,https://media.rkd.nl/iiif/10759901/full/max/0/default.jpg
282340,10786890,digital image,https://media.rkd.nl/iiif/10786890/full/max/0/default.jpg
282341,10759905,digital image,https://media.rkd.nl/iiif/10759905/full/max/0/default.jpg
282342,10759906,BD/RKD/IB/ORIGINALS (ON APPOINTMENT),https://media.rkd.nl/iiif/10759906/full/max/0/default.jpg
282343,10759907,digital image,https://media.rkd.nl/iiif/10759907/full/max/0/default.jpg
282343,10787719,digital image,https://media.rkd.nl/iiif/10787719/full/max/0/default.jpg
282344,10759919,BD/RKD/IB/ORIGINALS (ON APPOINTMENT),https://media.rkd.nl/iiif/10759919/full/max/0/default.jpg
282344,10787688,BD/RKD/IB/ORIGINALS (ON APPOINTMENT),https://media.rkd.nl/iiif/10787688/full/max/0/default.jpg
282345,10788314,digital image,https://media.rkd.nl/iiif/10788314/full/max/0/default.jpg
282346,10759924,digital image,https://media.rkd.nl/iiif/10759924/full/max/0/default.jpg
282347,10759925,digital image,https://media.rkd.nl/iiif/10759925/full/max/0/default.jpg
282347,10786750,digital image,https://media.rkd.nl/iiif/10786750/full/max/0/default.jpg
282348,10759926,digital image,https://media.rkd.nl/iiif/10759926/full/max/0/default.jpg
282348,10787140,digital image,https://media.rkd.nl/iiif/10787140/full/max/0/default.jpg
282350,10759929,digital image,https://media.rkd.nl/iiif/10759929/full/max/0/default.jpg
282350,10787496,digital image,https://media.rkd.nl/iiif/10787496/full/max/0/default.jpg
282351,10759930,digital image,https://media.rkd.nl/iiif/10759930/full/max/0/default.jpg
282351,10787373,digital image,https://media.rkd.nl/iiif/10787373/full/max/0/default.jpg
282352,10787966,digital image,https://media.rkd.nl/iiif/10787966/full/max/0/default.jpg
282353,10787751,digital image,https://media.rkd.nl/iiif/10787751/full/max/0/default.jpg
282354,10759933,digital image,https://media.rkd.nl/iiif/10759933/full/max/0/default.jpg
282354,10787064,digital image,https://media.rkd.nl/iiif/10787064/full/max/0/default.jpg
282355,10759934,digital image,https://media.rkd.nl/iiif/10759934/full/max/0/default.jpg
282355,10787421,digital image,https://media.rkd.nl/iiif/10787421/full/max/0/default.jpg
282357,10788514,digital image,https://media.rkd.nl/iiif/10788514/full/max/0/default.jpg
282358,10787629,BD/RKD/IB/ORIGINALS (ON APPOINTMENT),https://media.rkd.nl/iiif/10787629/full/max/0/default.jpg
282359,10759951,BD/RKD/IB/ORIGINALS (ON APPOINTMENT),https://media.rkd.nl/iiif/10759951/full/max/0/default.jpg
282359,10787628,BD/RKD/IB/ORIGINALS (ON APPOINTMENT),https://media.rkd.nl/iiif/10787628/full/max/0/default.jpg
282360,10759962,digital image,https://media.rkd.nl/iiif/10759962/full/max/0/default.jpg
282361,10759963,BD/RKD/IB/ORIGINALS (ON APPOINTMENT),https://media.rkd.nl/iiif/10759963/full/max/0/default.jpg
282361,10788277,BD/RKD/IB/ORIGINALS (ON APPOINTMENT),https://media.rkd.nl/iiif/10788277/full/max/0/default.jpg
282362,10759973,BD/RKD/IB/ORIGINALS (ON APPOINTMENT),https://media.rkd.nl/iiif/10759973/full/max/0/default.jpg
282362,10788082,BD/RKD/IB/ORIGINALS (ON APPOINTMENT),https://media.rkd.nl/iiif/10788082/full/max/0/default.jpg
282363,10759975,BD/RKD/IB/ORIGINALS (ON APPOINTMENT),https://media.rkd.nl/iiif/10759975/full/max/0/default.jpg
282365,10760014,digital image,https://media.rkd.nl/iiif/10760014/full/max/0/default.jpg
282366,10787338,BD/RKD/IB/ORIGINALS (ON APPOINTMENT),https://media.rkd.nl/iiif/10787338/full/max/0/default.jpg
282367,10760018,digital image,https://media.rkd.nl/iiif/10760018/full/max/0/default.jpg
282367,10787142,digital image,https://media.rkd.nl/iiif/10787142/full/max/0/default.jpg
282368,10760019,digital image,https://media.rkd.nl/iiif/10760019/full/max/0/default.jpg
282369,10760020,digital image,https://media.rkd.nl/iiif/10760020/full/max/0/default.jpg
282370,10760021,digital image,https://media.rkd.nl/iiif/10760021/full/max/0/default.jpg
282370,10787974,digital image,https://media.rkd.nl/iiif/10787974/full/max/0/default.jpg
282371,10760034,digital image,https://media.rkd.nl/iiif/10760034/full/max/0/default.jpg
282371,10787503,digital image,https://media.rkd.nl/iiif/10787503/full/max/0/default.jpg
282372,10787681,digital image,https://media.rkd.nl/iiif/10787681/full/max/0/default.jpg
282373,10787332,digital image,https://media.rkd.nl/iiif/10787332/full/max/0/default.jpg
282374,10760039,digital image,https://media.rkd.nl/iiif/10760039/full/max/0/default.jpg
282374,10788138,digital image,https://media.rkd.nl/iiif/10788138/full/max/0/default.jpg
282375,10760041,BD/RKD/IB/ORIGINALS (ON APPOINTMENT),https://media.rkd.nl/iiif/10760041/full/max/0/default.jpg
282375,10787801,BD/RKD/IB/ORIGINALS (ON APPOINTMENT),https://media.rkd.nl/iiif/10787801/full/max/0/default.jpg
282378,10760046,BD/RKD/IB/ORIGINALS (ON APPOINTMENT),https://media.rkd.nl/iiif/10760046/full/max/0/default.jpg
282378,10787530,BD/RKD/IB/ORIGINALS (ON APPOINTMENT),https://media.rkd.nl/iiif/10787530/full/max/0/default.jpg
282379,10760057,BD/RKD/IB/ORIGINALS (ON APPOINTMENT),https://media.rkd.nl/iiif/10760057/full/max/0/default.jpg
282379,10788859,BD/RKD/IB/ORIGINALS (ON APPOINTMENT),https://media.rkd.nl/iiif/10788859/full/max/0/default.jpg
282380,10788829,digital image,https://media.rkd.nl/iiif/10788829/full/max/0/default.jpg
282381,10788384,digital image,https://media.rkd.nl/iiif/10788384/full/max/0/default.jpg
282382,10760079,digital image,https://media.rkd.nl/iiif/10760079/full/max/0/default.jpg
282382,10787834,digital image,https://media.rkd.nl/iiif/10787834/full/max/0/default.jpg
282383,10760084,digital image,https://media.rkd.nl/iiif/10760084/full/max/0/default.jpg
282384,10760086,digital image,https://media.rkd.nl/iiif/10760086/full/max/0/default.jpg
282384,10787425,digital image,https://media.rkd.nl/iiif/10787425/full/max/0/default.jpg
282385,10787561,digital image,https://media.rkd.nl/iiif/10787561/full/max/0/default.jpg
282386,10760092,digital image,https://media.rkd.nl/iiif/10760092/full/max/0/default.jpg
282386,10787973,digital image,https://media.rkd.nl/iiif/10787973/full/max/0/default.jpg
282387,10787619,digital image,https://media.rkd.nl/iiif/10787619/full/max/0/default.jpg
282388,10787682,digital image,https://media.rkd.nl/iiif/10787682/full/max/0/default.jpg
282389,10760100,digital image,https://media.rkd.nl/iiif/10760100/full/max/0/default.jpg
282389,10787971,digital image,https://media.rkd.nl/iiif/10787971/full/max/0/default.jpg
282390,10760102,digital image,https://media.rkd.nl/iiif/10760102/full/max/0/default.jpg
282391,10760107,digital image,https://media.rkd.nl/iiif/10760107/full/max/0/default.jpg
282392,10760112,digital image,https://media.rkd.nl/iiif/10760112/full/max/0/default.jpg
282392,10788645,digital image,https://media.rkd.nl/iiif/10788645/full/max/0/default.jpg
282393,10760116,digital image,https://media.rkd.nl/iiif/10760116/full/max/0/default.jpg
282393,10786692,digital image,https://media.rkd.nl/iiif/10786692/full/max/0/default.jpg
282394,10760120,digital image,https://media.rkd.nl/iiif/10760120/full/max/0/default.jpg
282396,10760125,digital image,https://media.rkd.nl/iiif/10760125/full/max/0/default.jpg
282396,10788086,digital image,https://media.rkd.nl/iiif/10788086/full/max/0/default.jpg
282397,10760138,digital image,https://media.rkd.nl/iiif/10760138/full/max/0/default.jpg
282397,10787577,digital image,https://media.rkd.nl/iiif/10787577/full/max/0/default.jpg
282399,10760163,digital image,https://media.rkd.nl/iiif/10760163/full/max/0/default.jpg
282400,10760164,digital image,https://media.rkd.nl/iiif/10760164/full/max/0/default.jpg
282400,10787164,digital image,https://media.rkd.nl/iiif/10787164/full/max/0/default.jpg
282401,10760165,digital image,https://media.rkd.nl/iiif/10760165/full/max/0/default.jpg
282401,10787417,digital image,https://media.rkd.nl/iiif/10787417/full/max/0/default.jpg
282402,10787765,digital image,https://media.rkd.nl/iiif/10787765/full/max/0/default.jpg
282403,10788302,digital image,https://media.rkd.nl/iiif/10788302/full/max/0/default.jpg
282404,10760168,digital image,https://media.rkd.nl/iiif/10760168/full/max/0/default.jpg
282404,10788122,digital image,https://media.rkd.nl/iiif/10788122/full/max/0/default.jpg
282405,10760169,digital image,https://media.rkd.nl/iiif/10760169/full/max/0/default.jpg
282405,10787696,digital image,https://media.rkd.nl/iiif/10787696/full/max/0/default.jpg
282407,10787905,digital image,https://media.rkd.nl/iiif/10787905/full/max/0/default.jpg
282408,10426268,digital color photograph,https://media.rkd.nl/iiif/10426268/full/max/0/default.jpg
282409,10760191,digital image,https://media.rkd.nl/iiif/10760191/full/max/0/default.jpg
282409,10787220,digital image,https://media.rkd.nl/iiif/10787220/full/max/0/default.jpg
282410,10760192,digital image,https://media.rkd.nl/iiif/10760192/full/max/0/default.jpg
282411,10760197,digital image,https://media.rkd.nl/iiif/10760197/full/max/0/default.jpg
282412,10760208,digital image,https://media.rkd.nl/iiif/10760208/full/max/0/default.jpg
282412,10786716,digital image,https://media.rkd.nl/iiif/10786716/full/max/0/default.jpg
282413,10760209,digital image,https://media.rkd.nl/iiif/10760209/full/max/0/default.jpg
282413,10788848,digital image,https://media.rkd.nl/iiif/10788848/full/max/0/default.jpg
282414,10788236,digital image,https://media.rkd.nl/iiif/10788236/full/max/0/default.jpg
282415,10787443,digital image,https://media.rkd.nl/iiif/10787443/full/max/0/default.jpg
282416,10760215,digital image,https://media.rkd.nl/iiif/10760215/full/max/0/default.jpg
282416,10788488,digital image,https://media.rkd.nl/iiif/10788488/full/max/0/default.jpg
282417,10760216,digital image,https://media.rkd.nl/iiif/10760216/full/max/0/default.jpg
282418,10760230,digital image,https://media.rkd.nl/iiif/10760230/full/max/0/default.jpg
282419,10760232,digital image,https://media.rkd.nl/iiif/10760232/full/max/0/default.jpg
282419,10788567,digital image,https://media.rkd.nl/iiif/10788567/full/max/0/default.jpg
282420,10760233,digital image,https://media.rkd.nl/iiif/10760233/full/max/0/default.jpg
282420,10786760,digital image,https://media.rkd.nl/iiif/10786760/full/max/0/default.jpg
282421,10760241,digital image,https://media.rkd.nl/iiif/10760241/full/max/0/default.jpg
282423,10760246,digital image,https://media.rkd.nl/iiif/10760246/full/max/0/default.jpg
282424,10760247,digital image,https://media.rkd.nl/iiif/10760247/full/max/0/default.jpg
282424,10787424,digital image,https://media.rkd.nl/iiif/10787424/full/max/0/default.jpg
282425,10760248,digital image,https://media.rkd.nl/iiif/10760248/full/max/0/default.jpg
282426,10760255,digital image,https://media.rkd.nl/iiif/10760255/full/max/0/default.jpg
282427,10760258,digital image,https://media.rkd.nl/iiif/10760258/full/max/0/default.jpg
282427,10787042,digital image,https://media.rkd.nl/iiif/10787042/full/max/0/default.jpg
282428,10760259,digital image,https://media.rkd.nl/iiif/10760259/full/max/0/default.jpg
282428,10787112,digital image,https://media.rkd.nl/iiif/10787112/full/max/0/default.jpg
282429,10787705,digital image,https://media.rkd.nl/iiif/10787705/full/max/0/default.jpg
282430,10760261,digital image,https://media.rkd.nl/iiif/10760261/full/max/0/default.jpg
282431,10760262,digital image,https://media.rkd.nl/iiif/10760262/full/max/0/default.jpg
282431,10787968,digital image,https://media.rkd.nl/iiif/10787968/full/max/0/default.jpg
282432,10760263,digital image,https://media.rkd.nl/iiif/10760263/full/max/0/default.jpg
282433,10760264,digital image,https://media.rkd.nl/iiif/10760264/full/max/0/default.jpg
282433,10787375,digital image,https://media.rkd.nl/iiif/10787375/full/max/0/default.jpg
282434,10760265,digital image,https://media.rkd.nl/iiif/10760265/full/max/0/default.jpg
282435,10760266,digital image,https://media.rkd.nl/iiif/10760266/full/max/0/default.jpg
282435,10787717,digital image,https://media.rkd.nl/iiif/10787717/full/max/0/default.jpg
282436,10760267,digital image,https://media.rkd.nl/iiif/10760267/full/max/0/default.jpg
282436,10788745,digital image,https://media.rkd.nl/iiif/10788745/full/max/0/default.jpg
282437,10786683,digital image,https://media.rkd.nl/iiif/10786683/full/max/0/default.jpg
282438,10787215,digital image,https://media.rkd.nl/iiif/10787215/full/max/0/default.jpg
282439,10760273,digital image,https://media.rkd.nl/iiif/10760273/full/max/0/default.jpg
282439,10788495,digital image,https://media.rkd.nl/iiif/10788495/full/max/0/default.jpg
282440,10760274,digital image,https://media.rkd.nl/iiif/10760274/full/max/0/default.jpg
282441,10787499,digital image,https://media.rkd.nl/iiif/10787499/full/max/0/default.jpg
282442,10760281,digital image,https://media.rkd.nl/iiif/10760281/full/max/0/default.jpg
282442,10788049,digital image,https://media.rkd.nl/iiif/10788049/full/max/0/default.jpg
282443,10760282,digital image,https://media.rkd.nl/iiif/10760282/full/max/0/default.jpg
282443,10788544,digital image,https://media.rkd.nl/iiif/10788544/full/max/0/default.jpg
282446,10760341,digital image,https://media.rkd.nl/iiif/10760341/full/max/0/default.jpg
282446,10788576,digital image,https://media.rkd.nl/iiif/10788576/full/max/0/default.jpg
282447,10760347,digital image,https://media.rkd.nl/iiif/10760347/full/max/0/default.jpg
282447,10788064,digital image,https://media.rkd.nl/iiif/10788064/full/max/0/default.jpg
282448,10760348,digital image,https://media.rkd.nl/iiif/10760348/full/max/0/default.jpg
282449,10788822,digital image,https://media.rkd.nl/iiif/10788822/full/max/0/default.jpg
282450,10760350,digital image,https://media.rkd.nl/iiif/10760350/full/max/0/default.jpg
282451,10760351,digital image,https://media.rkd.nl/iiif/10760351/full/max/0/default.jpg
282451,10787419,digital image,https://media.rkd.nl/iiif/10787419/full/max/0/default.jpg
282453,10788724,digital image,https://media.rkd.nl/iiif/10788724/full/max/0/default.jpg
282455,10760371,digital image,https://media.rkd.nl/iiif/10760371/full/max/0/default.jpg
282455,10787261,digital image,https://media.rkd.nl/iiif/10787261/full/max/0/default.jpg
282456,10760373,digital image,https://media.rkd.nl/iiif/10760373/full/max/0/default.jpg
282456,10787964,digital image,https://media.rkd.nl/iiif/10787964/full/max/0/default.jpg
282457,10786935,digital image,https://media.rkd.nl/iiif/10786935/full/max/0/default.jpg
282459,10677609,digital image,https://media.rkd.nl/iiif/10677609/full/max/0/default.jpg
282461,10677611,digital image,https://media.rkd.nl/iiif/10677611/full/max/0/default.jpg
282464,10677624,digital image,https://media.rkd.nl/iiif/10677624/full/max/0/default.jpg
282468,10677628,black and white photograph,https://media.rkd.nl/iiif/10677628/full/max/0/default.jpg
282473,47,digital image,https://media.rkd.nl/iiif/47/full/max/0/default.jpg
282478,10677634,black and white photograph,https://media.rkd.nl/iiif/10677634/full/max/0/default.jpg
282486,10677668,digital image,https://media.rkd.nl/iiif/10677668/full/max/0/default.jpg
282522,10677682,color reproduction,https://media.rkd.nl/iiif/10677682/full/max/0/default.jpg
282586,10677704,digital image,https://media.rkd.nl/iiif/10677704/full/max/0/default.jpg
282596,10677717,digital image,https://media.rkd.nl/iiif/10677717/full/max/0/default.jpg
282602,10677731,digital image,https://media.rkd.nl/iiif/10677731/full/max/0/default.jpg
282603,10677732,digital image,https://media.rkd.nl/iiif/10677732/full/max/0/default.jpg
282603,10677734,digital image,https://media.rkd.nl/iiif/10677734/full/max/0/default.jpg
282605,10677737,digital image,https://media.rkd.nl/iiif/10677737/full/max/0/default.jpg
282606,10677739,digital image,https://media.rkd.nl/iiif/10677739/full/max/0/default.jpg
282613,10677751,digital image,https://media.rkd.nl/iiif/10677751/full/max/0/default.jpg
282613,10677752,digital image,https://media.rkd.nl/iiif/10677752/full/max/0/default.jpg
282619,10714097,BD/Digital Collection,https://media.rkd.nl/iiif/10714097/full/max/0/default.jpg
282638,10677807,black and white photograph,https://media.rkd.nl/iiif/10677807/full/max/0/default.jpg
282641,10678606,digital color photograph,https://media.rkd.nl/iiif/10678606/full/max/0/default.jpg
282650,10677819,digital image,https://media.rkd.nl/iiif/10677819/full/max/0/default.jpg
282673,10677865,black and white photograph,https://media.rkd.nl/iiif/10677865/full/max/0/default.jpg
282675,9237009,digital color photograph,https://media.rkd.nl/iiif/9237009/full/max/0/default.jpg
282677,10677867,digital image,https://media.rkd.nl/iiif/10677867/full/max/0/default.jpg
282677,10677868,digital image,https://media.rkd.nl/iiif/10677868/full/max/0/default.jpg
282683,9237005,digital color photograph,https://media.rkd.nl/iiif/9237005/full/max/0/default.jpg
282685,10677870,digital image,https://media.rkd.nl/iiif/10677870/full/max/0/default.jpg
282686,9237003,digital color photograph,https://media.rkd.nl/iiif/9237003/full/max/0/default.jpg
282687,9236888,digital color photograph,https://media.rkd.nl/iiif/9236888/full/max/0/default.jpg
282687,9236997,digital color photograph,https://media.rkd.nl/iiif/9236997/full/max/0/default.jpg
282690,10393120,digital color photograph,https://media.rkd.nl/iiif/10393120/full/max/0/default.jpg
282691,10677878,black and white photograph,https://media.rkd.nl/iiif/10677878/full/max/0/default.jpg
282692,10393121,digital color photograph,https://media.rkd.nl/iiif/10393121/full/max/0/default.jpg
282692,10393122,digital color photograph,https://media.rkd.nl/iiif/10393122/full/max/0/default.jpg
282696,10393123,digital color photograph,https://media.rkd.nl/iiif/10393123/full/max/0/default.jpg
282699,10677885,digital image,https://media.rkd.nl/iiif/10677885/full/max/0/default.jpg
282701,10393128,digital color photograph,https://media.rkd.nl/iiif/10393128/full/max/0/default.jpg
282710,10677899,digital image,https://media.rkd.nl/iiif/10677899/full/max/0/default.jpg
282722,10759211,BD/RKD/IB/ORIGINALS (ON APPOINTMENT),https://media.rkd.nl/iiif/10759211/full/max/0/default.jpg
282722,10788014,BD/RKD/IB/ORIGINALS (ON APPOINTMENT),https://media.rkd.nl/iiif/10788014/full/max/0/default.jpg
282732,10678172,digital image,https://media.rkd.nl/iiif/10678172/full/max/0/default.jpg
282733,10678173,digital image,https://media.rkd.nl/iiif/10678173/full/max/0/default.jpg
282735,10678174,digital image,https://media.rkd.nl/iiif/10678174/full/max/0/default.jpg
282773,10677971,digital image,https://media.rkd.nl/iiif/10677971/full/max/0/default.jpg
282782,10677984,black and white photograph,https://media.rkd.nl/iiif/10677984/full/max/0/default.jpg
282784,10677989,black and white photograph,https://media.rkd.nl/iiif/10677989/full/max/0/default.jpg
282818,10678014,digital image,https://media.rkd.nl/iiif/10678014/full/max/0/default.jpg
282831,10705507,digital image,https://media.rkd.nl/iiif/10705507/full/max/0/default.jpg
282831,10678033,digital image,https://media.rkd.nl/iiif/10678033/full/max/0/default.jpg
282839,10678027,digital image,https://media.rkd.nl/iiif/10678027/full/max/0/default.jpg
282858,10678092,color reproduction,https://media.rkd.nl/iiif/10678092/full/max/0/default.jpg
282862,10678103,digital image,https://media.rkd.nl/iiif/10678103/full/max/0/default.jpg
282862,10678104,black and white photograph,https://media.rkd.nl/iiif/10678104/full/max/0/default.jpg
282876,10678202,black-and-white reproduction,https://media.rkd.nl/iiif/10678202/full/max/0/default.jpg
282880,9321254,digital image,https://media.rkd.nl/iiif/9321254/full/max/0/default.jpg
282891,10678222,digital image,https://media.rkd.nl/iiif/10678222/full/max/0/default.jpg
282895,10678228,black and white photograph,https://media.rkd.nl/iiif/10678228/full/max/0/default.jpg
282906,10678237,digital image,https://media.rkd.nl/iiif/10678237/full/max/0/default.jpg
282918,10790985,color reproduction,https://media.rkd.nl/iiif/10790985/full/max/0/default.jpg
282919,10678249,black and white photograph,https://media.rkd.nl/iiif/10678249/full/max/0/default.jpg
282923,10678280,unknown,https://media.rkd.nl/iiif/10678280/full/max/0/default.jpg
282942,9321255,digital image,https://media.rkd.nl/iiif/9321255/full/max/0/default.jpg
282954,9321258,digital image,https://media.rkd.nl/iiif/9321258/full/max/0/default.jpg
282954,9321257,digital image,https://media.rkd.nl/iiif/9321257/full/max/0/default.jpg
282955,9321263,digital image,https://media.rkd.nl/iiif/9321263/full/max/0/default.jpg
282956,9321265,digital image,https://media.rkd.nl/iiif/9321265/full/max/0/default.jpg
282957,9321268,digital image,https://media.rkd.nl/iiif/9321268/full/max/0/default.jpg
282957,9321267,digital image,https://media.rkd.nl/iiif/9321267/full/max/0/default.jpg
282958,9321270,digital image,https://media.rkd.nl/iiif/9321270/full/max/0/default.jpg
282958,9321269,digital image,https://media.rkd.nl/iiif/9321269/full/max/0/default.jpg
282962,9321276,digital image,https://media.rkd.nl/iiif/9321276/full/max/0/default.jpg
282962,9321275,digital image,https://media.rkd.nl/iiif/9321275/full/max/0/default.jpg
282964,9321259,digital image,https://media.rkd.nl/iiif/9321259/full/max/0/default.jpg
282965,9321262,digital image,https://media.rkd.nl/iiif/9321262/full/max/0/default.jpg
282965,9321261,digital image,https://media.rkd.nl/iiif/9321261/full/max/0/default.jpg
282981,9321289,digital image,https://media.rkd.nl/iiif/9321289/full/max/0/default.jpg
282981,9321288,digital image,https://media.rkd.nl/iiif/9321288/full/max/0/default.jpg
282983,9321293,digital image,https://media.rkd.nl/iiif/9321293/full/max/0/default.jpg
282983,9321292,digital image,https://media.rkd.nl/iiif/9321292/full/max/0/default.jpg
282985,10678391,digital image,https://media.rkd.nl/iiif/10678391/full/max/0/default.jpg
282985,10678392,digital image,https://media.rkd.nl/iiif/10678392/full/max/0/default.jpg
282989,10678397,digital image,https://media.rkd.nl/iiif/10678397/full/max/0/default.jpg
282989,10678907,black and white photograph,https://media.rkd.nl/iiif/10678907/full/max/0/default.jpg
282992,10678408,digital image,https://media.rkd.nl/iiif/10678408/full/max/0/default.jpg
283004,10678423,digital image,https://media.rkd.nl/iiif/10678423/full/max/0/default.jpg
283005,10678424,unknown,https://media.rkd.nl/iiif/10678424/full/max/0/default.jpg
283009,10678765,black and white photograph,https://media.rkd.nl/iiif/10678765/full/max/0/default.jpg
283009,10678430,black-and-white reproduction,https://media.rkd.nl/iiif/10678430/full/max/0/default.jpg
283011,10678433,digital image,https://media.rkd.nl/iiif/10678433/full/max/0/default.jpg
283035,10678455,black and white photograph,https://media.rkd.nl/iiif/10678455/full/max/0/default.jpg
283037,10678457,digital image,https://media.rkd.nl/iiif/10678457/full/max/0/default.jpg
283038,10678458,digital image,https://media.rkd.nl/iiif/10678458/full/max/0/default.jpg
283039,10678459,digital image,https://media.rkd.nl/iiif/10678459/full/max/0/default.jpg
283040,10678462,black and white photograph,https://media.rkd.nl/iiif/10678462/full/max/0/default.jpg
283046,10678466,digital image,https://media.rkd.nl/iiif/10678466/full/max/0/default.jpg
283050,10678472,digital image,https://media.rkd.nl/iiif/10678472/full/max/0/default.jpg
283051,10678473,digital image,https://media.rkd.nl/iiif/10678473/full/max/0/default.jpg
283052,10678474,digital image,https://media.rkd.nl/iiif/10678474/full/max/0/default.jpg
283054,10678505,digital image,https://media.rkd.nl/iiif/10678505/full/max/0/default.jpg
283055,10791000,digital image,https://media.rkd.nl/iiif/10791000/full/max/0/default.jpg
283059,10678513,black-and-white reproduction,https://media.rkd.nl/iiif/10678513/full/max/0/default.jpg
283066,10710783,digital image,https://media.rkd.nl/iiif/10710783/full/max/0/default.jpg
283071,10678637,black and white photograph,https://media.rkd.nl/iiif/10678637/full/max/0/default.jpg
283071,10678543,black and white photograph,https://media.rkd.nl/iiif/10678543/full/max/0/default.jpg
283090,10678626,digital image,https://media.rkd.nl/iiif/10678626/full/max/0/default.jpg
283128,10678681,digital color photograph,https://media.rkd.nl/iiif/10678681/full/max/0/default.jpg
283132,10678685,digital color photograph,https://media.rkd.nl/iiif/10678685/full/max/0/default.jpg
283143,10678676,digital black-and-white photograph,https://media.rkd.nl/iiif/10678676/full/max/0/default.jpg
283164,10678715,digital color photograph,https://media.rkd.nl/iiif/10678715/full/max/0/default.jpg
283166,10678717,digital color photograph,https://media.rkd.nl/iiif/10678717/full/max/0/default.jpg
283174,10678730,black and white photograph,https://media.rkd.nl/iiif/10678730/full/max/0/default.jpg
283178,10678732,brown photograph,https://media.rkd.nl/iiif/10678732/full/max/0/default.jpg
283197,10678755,digital image,https://media.rkd.nl/iiif/10678755/full/max/0/default.jpg
283199,10678757,digital image,https://media.rkd.nl/iiif/10678757/full/max/0/default.jpg
283206,10678766,black and white photograph,https://media.rkd.nl/iiif/10678766/full/max/0/default.jpg
283231,10678836,digital image,https://media.rkd.nl/iiif/10678836/full/max/0/default.jpg
283245,10709552,digital image,https://media.rkd.nl/iiif/10709552/full/max/0/default.jpg
283251,9182822,color photograph,https://media.rkd.nl/iiif/9182822/full/max/0/default.jpg
283252,9182829,color reproduction,https://media.rkd.nl/iiif/9182829/full/max/0/default.jpg
283259,10678864,black and white photograph,https://media.rkd.nl/iiif/10678864/full/max/0/default.jpg
283261,10678865,color reproduction,https://media.rkd.nl/iiif/10678865/full/max/0/default.jpg
283262,10678866,digital color photograph,https://media.rkd.nl/iiif/10678866/full/max/0/default.jpg
283264,10678871,color reproduction,https://media.rkd.nl/iiif/10678871/full/max/0/default.jpg
283270,10678883,black and white photograph,https://media.rkd.nl/iiif/10678883/full/max/0/default.jpg
283289,10678899,black and white photograph,https://media.rkd.nl/iiif/10678899/full/max/0/default.jpg
283295,10712600,BD/Digital Collection,https://media.rkd.nl/iiif/10712600/full/max/0/default.jpg
283296,10683579,black-and-white reproduction,https://media.rkd.nl/iiif/10683579/full/max/0/default.jpg
283298,10684821,digital image,https://media.rkd.nl/iiif/10684821/full/max/0/default.jpg
283298,10684600,black and white photograph,https://media.rkd.nl/iiif/10684600/full/max/0/default.jpg
283299,10678909,color reproduction,https://media.rkd.nl/iiif/10678909/full/max/0/default.jpg
283306,10678921,color reproduction,https://media.rkd.nl/iiif/10678921/full/max/0/default.jpg
283308,10678924,digital color photograph,https://media.rkd.nl/iiif/10678924/full/max/0/default.jpg
283310,10678925,black-and-white reproduction,https://media.rkd.nl/iiif/10678925/full/max/0/default.jpg
283328,10678940,digital image,https://media.rkd.nl/iiif/10678940/full/max/0/default.jpg
283339,10678972,digital image,https://media.rkd.nl/iiif/10678972/full/max/0/default.jpg
283347,10678979,digital image,https://media.rkd.nl/iiif/10678979/full/max/0/default.jpg
283358,10678989,black and white photograph,https://media.rkd.nl/iiif/10678989/full/max/0/default.jpg
283368,10679012,digital image,https://media.rkd.nl/iiif/10679012/full/max/0/default.jpg
283370,10679022,black-and-white reproduction,https://media.rkd.nl/iiif/10679022/full/max/0/default.jpg
283381,10679028,digital image,https://media.rkd.nl/iiif/10679028/full/max/0/default.jpg
283390,9237779,digital color photograph,https://media.rkd.nl/iiif/9237779/full/max/0/default.jpg
283410,10679087,digital image,https://media.rkd.nl/iiif/10679087/full/max/0/default.jpg
283419,10679096,digital image,https://media.rkd.nl/iiif/10679096/full/max/0/default.jpg
283436,10679120,digital image,https://media.rkd.nl/iiif/10679120/full/max/0/default.jpg
283436,10679121,digital image,https://media.rkd.nl/iiif/10679121/full/max/0/default.jpg
283437,10679124,digital image,https://media.rkd.nl/iiif/10679124/full/max/0/default.jpg
283437,10679125,digital image,https://media.rkd.nl/iiif/10679125/full/max/0/default.jpg
283453,10679144,digital image,https://media.rkd.nl/iiif/10679144/full/max/0/default.jpg
283477,10679173,digital image,https://media.rkd.nl/iiif/10679173/full/max/0/default.jpg
283481,10679177,digital image,https://media.rkd.nl/iiif/10679177/full/max/0/default.jpg
283493,10679193,color reproduction,https://media.rkd.nl/iiif/10679193/full/max/0/default.jpg
283506,10679204,color reproduction,https://media.rkd.nl/iiif/10679204/full/max/0/default.jpg
283517,10679217,digital image,https://media.rkd.nl/iiif/10679217/full/max/0/default.jpg
283521,10679224,digital image,https://media.rkd.nl/iiif/10679224/full/max/0/default.jpg
283527,10679233,color reproduction,https://media.rkd.nl/iiif/10679233/full/max/0/default.jpg
283528,10679234,color reproduction,https://media.rkd.nl/iiif/10679234/full/max/0/default.jpg
283560,10679280,digital color photograph,https://media.rkd.nl/iiif/10679280/full/max/0/default.jpg
283560,10679281,black and white photograph,https://media.rkd.nl/iiif/10679281/full/max/0/default.jpg
283560,10679282,black and white photograph,https://media.rkd.nl/iiif/10679282/full/max/0/default.jpg
283565,10679292,digital image,https://media.rkd.nl/iiif/10679292/full/max/0/default.jpg
283594,10292030,black and white photograph,https://media.rkd.nl/iiif/10292030/full/max/0/default.jpg
283604,10679342,color reproduction,https://media.rkd.nl/iiif/10679342/full/max/0/default.jpg
283621,10679355,digital image,https://media.rkd.nl/iiif/10679355/full/max/0/default.jpg
283647,9304067,digital image,https://media.rkd.nl/iiif/9304067/full/max/0/default.jpg
283671,10679401,digital image,https://media.rkd.nl/iiif/10679401/full/max/0/default.jpg
283682,10679457,digital image,https://media.rkd.nl/iiif/10679457/full/max/0/default.jpg
283684,10791037,digital image,https://media.rkd.nl/iiif/10791037/full/max/0/default.jpg
283692,10679481,digital image,https://media.rkd.nl/iiif/10679481/full/max/0/default.jpg
283717,10718147,digital image,https://media.rkd.nl/iiif/10718147/full/max/0/default.jpg
283717,10679544,digital image,https://media.rkd.nl/iiif/10679544/full/max/0/default.jpg
283718,10679545,digital image,https://media.rkd.nl/iiif/10679545/full/max/0/default.jpg
283737,10679582,digital image,https://media.rkd.nl/iiif/10679582/full/max/0/default.jpg
283739,10679583,digital image,https://media.rkd.nl/iiif/10679583/full/max/0/default.jpg
283739,10292035,black and white photograph,https://media.rkd.nl/iiif/10292035/full/max/0/default.jpg
283744,10679591,digital color photograph,https://media.rkd.nl/iiif/10679591/full/max/0/default.jpg
283778,10679655,digital image,https://media.rkd.nl/iiif/10679655/full/max/0/default.jpg
283779,10679665,digital image,https://media.rkd.nl/iiif/10679665/full/max/0/default.jpg
283780,10679671,digital image,https://media.rkd.nl/iiif/10679671/full/max/0/default.jpg
283780,10679672,digital image,https://media.rkd.nl/iiif/10679672/full/max/0/default.jpg
283784,9104081,brown photograph,https://media.rkd.nl/iiif/9104081/full/max/0/default.jpg
283787,10292041,black and white photograph,https://media.rkd.nl/iiif/10292041/full/max/0/default.jpg
283802,10679698,brown photograph,https://media.rkd.nl/iiif/10679698/full/max/0/default.jpg
283802,10292039,black and white photograph,https://media.rkd.nl/iiif/10292039/full/max/0/default.jpg
283808,10292040,black and white photograph,https://media.rkd.nl/iiif/10292040/full/max/0/default.jpg
283810,10679707,color reproduction,https://media.rkd.nl/iiif/10679707/full/max/0/default.jpg
283814,10679713,digital image,https://media.rkd.nl/iiif/10679713/full/max/0/default.jpg
283816,10679720,digital image,https://media.rkd.nl/iiif/10679720/full/max/0/default.jpg
283816,10679721,digital image,https://media.rkd.nl/iiif/10679721/full/max/0/default.jpg
283829,10679734,digital image,https://media.rkd.nl/iiif/10679734/full/max/0/default.jpg
283833,10679738,digital image,https://media.rkd.nl/iiif/10679738/full/max/0/default.jpg
283861,10679755,digital image,https://media.rkd.nl/iiif/10679755/full/max/0/default.jpg
283865,10679756,digital image,https://media.rkd.nl/iiif/10679756/full/max/0/default.jpg
283891,10679789,digital image,https://media.rkd.nl/iiif/10679789/full/max/0/default.jpg
283893,10292045,black and white photograph,https://media.rkd.nl/iiif/10292045/full/max/0/default.jpg
283894,10679795,color photograph,https://media.rkd.nl/iiif/10679795/full/max/0/default.jpg
283895,10679797,color photograph,https://media.rkd.nl/iiif/10679797/full/max/0/default.jpg
283896,10679798,color photograph,https://media.rkd.nl/iiif/10679798/full/max/0/default.jpg
283897,10679800,color photograph,https://media.rkd.nl/iiif/10679800/full/max/0/default.jpg
283904,9991119,black and white photograph,https://media.rkd.nl/iiif/9991119/full/max/0/default.jpg
283905,10679815,color reproduction,https://media.rkd.nl/iiif/10679815/full/max/0/default.jpg
283905,10292046,black and white photograph,https://media.rkd.nl/iiif/10292046/full/max/0/default.jpg
283912,10292048,black and white photograph,https://media.rkd.nl/iiif/10292048/full/max/0/default.jpg
283942,10679853,black and white photograph,https://media.rkd.nl/iiif/10679853/full/max/0/default.jpg
283944,10679854,black and white photograph,https://media.rkd.nl/iiif/10679854/full/max/0/default.jpg
283958,10679862,black and white photograph,https://media.rkd.nl/iiif/10679862/full/max/0/default.jpg
283976,10679877,black and white photograph,https://media.rkd.nl/iiif/10679877/full/max/0/default.jpg
283990,10679890,black and white photograph,https://media.rkd.nl/iiif/10679890/full/max/0/default.jpg
283993,10679896,black and white photograph,https://media.rkd.nl/iiif/10679896/full/max/0/default.jpg
283995,10679897,black and white photograph,https://media.rkd.nl/iiif/10679897/full/max/0/default.jpg
283997,10679898,black and white photograph,https://media.rkd.nl/iiif/10679898/full/max/0/default.jpg
283998,10679899,black and white photograph,https://media.rkd.nl/iiif/10679899/full/max/0/default.jpg
284001,10679902,digital image,https://media.rkd.nl/iiif/10679902/full/max/0/default.jpg
284010,10679915,digital black-and-white photograph,https://media.rkd.nl/iiif/10679915/full/max/0/default.jpg
284012,10679916,black and white photograph,https://media.rkd.nl/iiif/10679916/full/max/0/default.jpg
284012,10679921,black and white photograph,https://media.rkd.nl/iiif/10679921/full/max/0/default.jpg
284015,9237223,digital color photograph,https://media.rkd.nl/iiif/9237223/full/max/0/default.jpg
284016,9111516,color photograph,https://media.rkd.nl/iiif/9111516/full/max/0/default.jpg
284030,10679929,black and white photograph,https://media.rkd.nl/iiif/10679929/full/max/0/default.jpg
284046,10679950,digital color photograph,https://media.rkd.nl/iiif/10679950/full/max/0/default.jpg
284050,10679958,color reproduction,https://media.rkd.nl/iiif/10679958/full/max/0/default.jpg
284058,9310756,color reproduction,https://media.rkd.nl/iiif/9310756/full/max/0/default.jpg
284072,10680491,digital image,https://media.rkd.nl/iiif/10680491/full/max/0/default.jpg
284074,10679980,digital image,https://media.rkd.nl/iiif/10679980/full/max/0/default.jpg
284081,10688448,color reproduction,https://media.rkd.nl/iiif/10688448/full/max/0/default.jpg
284092,10679999,digital image,https://media.rkd.nl/iiif/10679999/full/max/0/default.jpg
284107,10680017,digital image,https://media.rkd.nl/iiif/10680017/full/max/0/default.jpg
284136,10680053,digital color photograph,https://media.rkd.nl/iiif/10680053/full/max/0/default.jpg
284139,10680122,digital color photograph,https://media.rkd.nl/iiif/10680122/full/max/0/default.jpg
284162,10680161,digital image,https://media.rkd.nl/iiif/10680161/full/max/0/default.jpg
284162,10680134,brown photograph,https://media.rkd.nl/iiif/10680134/full/max/0/default.jpg
284207,10680167,digital image,https://media.rkd.nl/iiif/10680167/full/max/0/default.jpg
284225,10680837,digital image,https://media.rkd.nl/iiif/10680837/full/max/0/default.jpg
284228,10680206,digital image,https://media.rkd.nl/iiif/10680206/full/max/0/default.jpg
284235,10791050,digital color photograph,https://media.rkd.nl/iiif/10791050/full/max/0/default.jpg
284238,10680217,digital color photograph,https://media.rkd.nl/iiif/10680217/full/max/0/default.jpg
284241,10680221,digital color photograph,https://media.rkd.nl/iiif/10680221/full/max/0/default.jpg
284242,10680222,digital color photograph,https://media.rkd.nl/iiif/10680222/full/max/0/default.jpg
284243,10680223,digital image,https://media.rkd.nl/iiif/10680223/full/max/0/default.jpg
284245,10791051,digital black-and-white photograph,https://media.rkd.nl/iiif/10791051/full/max/0/default.jpg
284247,10680225,digital image,https://media.rkd.nl/iiif/10680225/full/max/0/default.jpg
284248,10791053,digital color photograph,https://media.rkd.nl/iiif/10791053/full/max/0/default.jpg
284249,10680226,digital image,https://media.rkd.nl/iiif/10680226/full/max/0/default.jpg
284255,10680237,digital image,https://media.rkd.nl/iiif/10680237/full/max/0/default.jpg
284267,10680249,digital image,https://media.rkd.nl/iiif/10680249/full/max/0/default.jpg
284279,10680252,color reproduction,https://media.rkd.nl/iiif/10680252/full/max/0/default.jpg
284280,10680254,black-and-white reproduction,https://media.rkd.nl/iiif/10680254/full/max/0/default.jpg
284281,10680255,digital black-and-white photograph,https://media.rkd.nl/iiif/10680255/full/max/0/default.jpg
284282,10680258,digital color photograph,https://media.rkd.nl/iiif/10680258/full/max/0/default.jpg
284324,10680307,digital image,https://media.rkd.nl/iiif/10680307/full/max/0/default.jpg
284333,10680340,digital image,https://media.rkd.nl/iiif/10680340/full/max/0/default.jpg
284349,10680461,digital image,https://media.rkd.nl/iiif/10680461/full/max/0/default.jpg
284349,10680364,digital image,https://media.rkd.nl/iiif/10680364/full/max/0/default.jpg
284351,10680366,color reproduction,https://media.rkd.nl/iiif/10680366/full/max/0/default.jpg
284352,10680367,digital image,https://media.rkd.nl/iiif/10680367/full/max/0/default.jpg
284353,10680463,digital image,https://media.rkd.nl/iiif/10680463/full/max/0/default.jpg
284353,10680368,color reproduction,https://media.rkd.nl/iiif/10680368/full/max/0/default.jpg
284354,10680370,digital image,https://media.rkd.nl/iiif/10680370/full/max/0/default.jpg
284360,10680466,digital image,https://media.rkd.nl/iiif/10680466/full/max/0/default.jpg
284360,10680379,color reproduction,https://media.rkd.nl/iiif/10680379/full/max/0/default.jpg
284367,10680383,digital image,https://media.rkd.nl/iiif/10680383/full/max/0/default.jpg
284369,10680393,color reproduction,https://media.rkd.nl/iiif/10680393/full/max/0/default.jpg
284370,10680394,digital image,https://media.rkd.nl/iiif/10680394/full/max/0/default.jpg
284377,10680404,digital image,https://media.rkd.nl/iiif/10680404/full/max/0/default.jpg
284379,10680412,color reproduction,https://media.rkd.nl/iiif/10680412/full/max/0/default.jpg
284381,10680414,color reproduction,https://media.rkd.nl/iiif/10680414/full/max/0/default.jpg
284383,10680495,digital image,https://media.rkd.nl/iiif/10680495/full/max/0/default.jpg
284383,10680423,color reproduction,https://media.rkd.nl/iiif/10680423/full/max/0/default.jpg
284384,10680494,digital image,https://media.rkd.nl/iiif/10680494/full/max/0/default.jpg
284396,10680430,color reproduction,https://media.rkd.nl/iiif/10680430/full/max/0/default.jpg
284399,10680433,color reproduction,https://media.rkd.nl/iiif/10680433/full/max/0/default.jpg
284407,10680438,color reproduction,https://media.rkd.nl/iiif/10680438/full/max/0/default.jpg
284408,10680439,color reproduction,https://media.rkd.nl/iiif/10680439/full/max/0/default.jpg
284420,10680458,digital color photograph,https://media.rkd.nl/iiif/10680458/full/max/0/default.jpg
284427,10680479,digital color photograph,https://media.rkd.nl/iiif/10680479/full/max/0/default.jpg
284494,10680568,digital image,https://media.rkd.nl/iiif/10680568/full/max/0/default.jpg
284496,10709350,digital image,https://media.rkd.nl/iiif/10709350/full/max/0/default.jpg
284496,10680590,digital image,https://media.rkd.nl/iiif/10680590/full/max/0/default.jpg
284498,10719168,digital image,https://media.rkd.nl/iiif/10719168/full/max/0/default.jpg
284520,10292053,digital image,https://media.rkd.nl/iiif/10292053/full/max/0/default.jpg
284528,10394226,digital color photograph,https://media.rkd.nl/iiif/10394226/full/max/0/default.jpg
284532,10418128,digital image,https://media.rkd.nl/iiif/10418128/full/max/0/default.jpg
284532,10680669,digital image,https://media.rkd.nl/iiif/10680669/full/max/0/default.jpg
284541,9105633,black and white photograph,https://media.rkd.nl/iiif/9105633/full/max/0/default.jpg
284584,9192246,black-and-white reproduction,https://media.rkd.nl/iiif/9192246/full/max/0/default.jpg
284587,10680814,digital image,https://media.rkd.nl/iiif/10680814/full/max/0/default.jpg
284602,10680844,black-and-white reproduction,https://media.rkd.nl/iiif/10680844/full/max/0/default.jpg
284603,10680845,digital image,https://media.rkd.nl/iiif/10680845/full/max/0/default.jpg
284606,10680848,black and white photograph,https://media.rkd.nl/iiif/10680848/full/max/0/default.jpg
284624,10680894,black-and-white reproduction,https://media.rkd.nl/iiif/10680894/full/max/0/default.jpg
284627,10680898,digital image,https://media.rkd.nl/iiif/10680898/full/max/0/default.jpg
284628,10680899,digital image,https://media.rkd.nl/iiif/10680899/full/max/0/default.jpg
284632,10680905,black-and-white reproduction,https://media.rkd.nl/iiif/10680905/full/max/0/default.jpg
284636,10680911,black and white photograph,https://media.rkd.nl/iiif/10680911/full/max/0/default.jpg
284637,10680912,black and white photograph,https://media.rkd.nl/iiif/10680912/full/max/0/default.jpg
284661,10680957,digital image,https://media.rkd.nl/iiif/10680957/full/max/0/default.jpg
284675,10680969,black-and-white reproduction,https://media.rkd.nl/iiif/10680969/full/max/0/default.jpg
284704,10680998,digital image,https://media.rkd.nl/iiif/10680998/full/max/0/default.jpg
284738,10681036,digital image,https://media.rkd.nl/iiif/10681036/full/max/0/default.jpg
284743,10681043,digital image,https://media.rkd.nl/iiif/10681043/full/max/0/default.jpg
284760,10681074,digital image,https://media.rkd.nl/iiif/10681074/full/max/0/default.jpg
284774,10681087,digital image,https://media.rkd.nl/iiif/10681087/full/max/0/default.jpg
284785,10681091,digital image,https://media.rkd.nl/iiif/10681091/full/max/0/default.jpg
284794,10681094,brown photograph,https://media.rkd.nl/iiif/10681094/full/max/0/default.jpg
284795,10681096,black and white photograph,https://media.rkd.nl/iiif/10681096/full/max/0/default.jpg
284801,10681104,black and white photograph,https://media.rkd.nl/iiif/10681104/full/max/0/default.jpg
284849,9437061,black and white photograph,https://media.rkd.nl/iiif/9437061/full/max/0/default.jpg
284869,10681135,digital image,https://media.rkd.nl/iiif/10681135/full/max/0/default.jpg
284871,10681137,digital image,https://media.rkd.nl/iiif/10681137/full/max/0/default.jpg
284872,10681138,brown photograph,https://media.rkd.nl/iiif/10681138/full/max/0/default.jpg
284876,10681145,black-and-white reproduction,https://media.rkd.nl/iiif/10681145/full/max/0/default.jpg
284878,10681146,color reproduction,https://media.rkd.nl/iiif/10681146/full/max/0/default.jpg
284882,10681150,black-and-white reproduction,https://media.rkd.nl/iiif/10681150/full/max/0/default.jpg
284883,10681153,color reproduction,https://media.rkd.nl/iiif/10681153/full/max/0/default.jpg
284889,10394195,digital color photograph,https://media.rkd.nl/iiif/10394195/full/max/0/default.jpg
284890,10681180,black-and-white reproduction,https://media.rkd.nl/iiif/10681180/full/max/0/default.jpg
284896,10681189,digital image,https://media.rkd.nl/iiif/10681189/full/max/0/default.jpg
284897,10681188,digital image,https://media.rkd.nl/iiif/10681188/full/max/0/default.jpg
284899,10681192,black-and-white reproduction,https://media.rkd.nl/iiif/10681192/full/max/0/default.jpg
284962,10681259,black-and-white reproduction,https://media.rkd.nl/iiif/10681259/full/max/0/default.jpg
284964,10681261,digital image,https://media.rkd.nl/iiif/10681261/full/max/0/default.jpg
284966,10713277,digital image,https://media.rkd.nl/iiif/10713277/full/max/0/default.jpg
284977,9167471,color photograph,https://media.rkd.nl/iiif/9167471/full/max/0/default.jpg
284980,10681296,black and white photograph,https://media.rkd.nl/iiif/10681296/full/max/0/default.jpg
284984,10681300,digital image,https://media.rkd.nl/iiif/10681300/full/max/0/default.jpg
284990,10681304,digital image,https://media.rkd.nl/iiif/10681304/full/max/0/default.jpg
284998,10681309,reproduction (derivative object),https://media.rkd.nl/iiif/10681309/full/max/0/default.jpg
284999,10681308,digital color photograph,https://media.rkd.nl/iiif/10681308/full/max/0/default.jpg
285001,10681405,color reproduction,https://media.rkd.nl/iiif/10681405/full/max/0/default.jpg
285009,10681319,black and white photograph,https://media.rkd.nl/iiif/10681319/full/max/0/default.jpg
285011,10681321,black-and-white reproduction,https://media.rkd.nl/iiif/10681321/full/max/0/default.jpg
285041,10681380,color photograph,https://media.rkd.nl/iiif/10681380/full/max/0/default.jpg
285041,10681382,color reproduction,https://media.rkd.nl/iiif/10681382/full/max/0/default.jpg
285042,10681385,black-and-white reproduction,https://media.rkd.nl/iiif/10681385/full/max/0/default.jpg
285043,10681391,color reproduction,https://media.rkd.nl/iiif/10681391/full/max/0/default.jpg
285053,10681399,digital image,https://media.rkd.nl/iiif/10681399/full/max/0/default.jpg
285063,10681406,color reproduction,https://media.rkd.nl/iiif/10681406/full/max/0/default.jpg
285105,10681482,black-and-white reproduction,https://media.rkd.nl/iiif/10681482/full/max/0/default.jpg
285127,10681523,digital image,https://media.rkd.nl/iiif/10681523/full/max/0/default.jpg
285127,10681522,color reproduction,https://media.rkd.nl/iiif/10681522/full/max/0/default.jpg
285131,10681527,black-and-white reproduction,https://media.rkd.nl/iiif/10681527/full/max/0/default.jpg
285139,10681541,black-and-white reproduction,https://media.rkd.nl/iiif/10681541/full/max/0/default.jpg
285148,10682934,color reproduction,https://media.rkd.nl/iiif/10682934/full/max/0/default.jpg
285148,10681555,black-and-white reproduction,https://media.rkd.nl/iiif/10681555/full/max/0/default.jpg
285153,10681566,black-and-white reproduction,https://media.rkd.nl/iiif/10681566/full/max/0/default.jpg
285155,10681562,digital image,https://media.rkd.nl/iiif/10681562/full/max/0/default.jpg
285163,10681579,digital image,https://media.rkd.nl/iiif/10681579/full/max/0/default.jpg
285170,9137386,black and white photograph,https://media.rkd.nl/iiif/9137386/full/max/0/default.jpg
285171,10681586,digital image,https://media.rkd.nl/iiif/10681586/full/max/0/default.jpg
285178,10682933,color reproduction,https://media.rkd.nl/iiif/10682933/full/max/0/default.jpg
285178,10681592,black-and-white reproduction,https://media.rkd.nl/iiif/10681592/full/max/0/default.jpg
285198,10681674,digital image,https://media.rkd.nl/iiif/10681674/full/max/0/default.jpg
285202,10681678,digital image,https://media.rkd.nl/iiif/10681678/full/max/0/default.jpg
285237,10681749,black-and-white reproduction,https://media.rkd.nl/iiif/10681749/full/max/0/default.jpg
285243,10802939,black-and-white reproduction,https://media.rkd.nl/iiif/10802939/full/max/0/default.jpg
285254,10681760,black-and-white reproduction,https://media.rkd.nl/iiif/10681760/full/max/0/default.jpg
285259,9184442,color reproduction,https://media.rkd.nl/iiif/9184442/full/max/0/default.jpg
285263,10681767,digital image,https://media.rkd.nl/iiif/10681767/full/max/0/default.jpg
285270,10681776,digital image,https://media.rkd.nl/iiif/10681776/full/max/0/default.jpg
285273,10681780,black and white photograph,https://media.rkd.nl/iiif/10681780/full/max/0/default.jpg
285274,10681782,black and white photograph,https://media.rkd.nl/iiif/10681782/full/max/0/default.jpg
285284,10681797,black and white photograph,https://media.rkd.nl/iiif/10681797/full/max/0/default.jpg
285303,10681833,black-and-white reproduction,https://media.rkd.nl/iiif/10681833/full/max/0/default.jpg
285304,10682371,color reproduction,https://media.rkd.nl/iiif/10682371/full/max/0/default.jpg
285307,10681844,black and white photograph,https://media.rkd.nl/iiif/10681844/full/max/0/default.jpg
285314,10681851,digital image,https://media.rkd.nl/iiif/10681851/full/max/0/default.jpg
285318,10681857,digital image,https://media.rkd.nl/iiif/10681857/full/max/0/default.jpg
285320,10802942,color reproduction,https://media.rkd.nl/iiif/10802942/full/max/0/default.jpg
285333,10681874,digital color photograph,https://media.rkd.nl/iiif/10681874/full/max/0/default.jpg
285335,10393190,digital color photograph,https://media.rkd.nl/iiif/10393190/full/max/0/default.jpg
285356,10681894,black and white photograph,https://media.rkd.nl/iiif/10681894/full/max/0/default.jpg
285365,10681898,black and white photograph,https://media.rkd.nl/iiif/10681898/full/max/0/default.jpg
285379,10681914,digital image,https://media.rkd.nl/iiif/10681914/full/max/0/default.jpg
285394,10802946,digital image,https://media.rkd.nl/iiif/10802946/full/max/0/default.jpg
285395,10802947,digital color photograph,https://media.rkd.nl/iiif/10802947/full/max/0/default.jpg
285397,10681948,digital color photograph,https://media.rkd.nl/iiif/10681948/full/max/0/default.jpg
285466,9166943,black and white photograph,https://media.rkd.nl/iiif/9166943/full/max/0/default.jpg
285469,9393660,black and white photograph,https://media.rkd.nl/iiif/9393660/full/max/0/default.jpg
285474,9393658,black and white photograph,https://media.rkd.nl/iiif/9393658/full/max/0/default.jpg
285478,10394154,digital color photograph,https://media.rkd.nl/iiif/10394154/full/max/0/default.jpg
285478,10394155,digital color photograph,https://media.rkd.nl/iiif/10394155/full/max/0/default.jpg
285496,10682112,black and white photograph,https://media.rkd.nl/iiif/10682112/full/max/0/default.jpg
285497,10682560,black and white photograph,https://media.rkd.nl/iiif/10682560/full/max/0/default.jpg
285498,10682561,black and white photograph,https://media.rkd.nl/iiif/10682561/full/max/0/default.jpg
285499,10682114,black and white photograph,https://media.rkd.nl/iiif/10682114/full/max/0/default.jpg
285511,10682127,digital image,https://media.rkd.nl/iiif/10682127/full/max/0/default.jpg
285515,10682132,digital image,https://media.rkd.nl/iiif/10682132/full/max/0/default.jpg
285516,10682133,digital image,https://media.rkd.nl/iiif/10682133/full/max/0/default.jpg
285552,10682167,color reproduction,https://media.rkd.nl/iiif/10682167/full/max/0/default.jpg
285557,10682189,digital color photograph,https://media.rkd.nl/iiif/10682189/full/max/0/default.jpg
285626,10682232,digital image,https://media.rkd.nl/iiif/10682232/full/max/0/default.jpg
285639,10393254,digital color photograph,https://media.rkd.nl/iiif/10393254/full/max/0/default.jpg
285642,10393313,digital color photograph,https://media.rkd.nl/iiif/10393313/full/max/0/default.jpg
285643,10393266,digital color photograph,https://media.rkd.nl/iiif/10393266/full/max/0/default.jpg
285644,10393272,digital color photograph,https://media.rkd.nl/iiif/10393272/full/max/0/default.jpg
285648,10393278,digital color photograph,https://media.rkd.nl/iiif/10393278/full/max/0/default.jpg
285653,10393054,digital image,https://media.rkd.nl/iiif/10393054/full/max/0/default.jpg
285656,10393057,digital image,https://media.rkd.nl/iiif/10393057/full/max/0/default.jpg
285657,10393058,digital image,https://media.rkd.nl/iiif/10393058/full/max/0/default.jpg
285659,10393268,digital color photograph,https://media.rkd.nl/iiif/10393268/full/max/0/default.jpg
285660,10393236,digital color photograph,https://media.rkd.nl/iiif/10393236/full/max/0/default.jpg
285667,10393260,digital color photograph,https://media.rkd.nl/iiif/10393260/full/max/0/default.jpg
285668,10393238,digital color photograph,https://media.rkd.nl/iiif/10393238/full/max/0/default.jpg
285669,10393244,digital color photograph,https://media.rkd.nl/iiif/10393244/full/max/0/default.jpg
285670,10393240,digital color photograph,https://media.rkd.nl/iiif/10393240/full/max/0/default.jpg
285672,10393270,digital color photograph,https://media.rkd.nl/iiif/10393270/full/max/0/default.jpg
285673,10393305,digital color photograph,https://media.rkd.nl/iiif/10393305/full/max/0/default.jpg
285674,10393256,digital color photograph,https://media.rkd.nl/iiif/10393256/full/max/0/default.jpg
285675,10393299,digital color photograph,https://media.rkd.nl/iiif/10393299/full/max/0/default.jpg
285680,10393594,digital color photograph,https://media.rkd.nl/iiif/10393594/full/max/0/default.jpg
285681,10393059,digital image,https://media.rkd.nl/iiif/10393059/full/max/0/default.jpg
285682,10393060,digital image,https://media.rkd.nl/iiif/10393060/full/max/0/default.jpg
285697,10682376,digital image,https://media.rkd.nl/iiif/10682376/full/max/0/default.jpg
285698,10682430,digital image,https://media.rkd.nl/iiif/10682430/full/max/0/default.jpg
285698,10682378,digital image,https://media.rkd.nl/iiif/10682378/full/max/0/default.jpg
285698,10682379,digital image,https://media.rkd.nl/iiif/10682379/full/max/0/default.jpg
285698,10682377,black and white photograph,https://media.rkd.nl/iiif/10682377/full/max/0/default.jpg
285706,10682384,digital color photograph,https://media.rkd.nl/iiif/10682384/full/max/0/default.jpg
285708,10682386,digital image,https://media.rkd.nl/iiif/10682386/full/max/0/default.jpg
285709,10682392,digital file,https://media.rkd.nl/iiif/10682392/full/max/0/default.jpg
285711,10682391,digital image,https://media.rkd.nl/iiif/10682391/full/max/0/default.jpg
285722,10393250,digital color photograph,https://media.rkd.nl/iiif/10393250/full/max/0/default.jpg
285724,10393276,digital color photograph,https://media.rkd.nl/iiif/10393276/full/max/0/default.jpg
285726,10393292,digital color photograph,https://media.rkd.nl/iiif/10393292/full/max/0/default.jpg
285726,10393293,digital color photograph,https://media.rkd.nl/iiif/10393293/full/max/0/default.jpg
285727,10393242,digital color photograph,https://media.rkd.nl/iiif/10393242/full/max/0/default.jpg
285728,10393301,digital color photograph,https://media.rkd.nl/iiif/10393301/full/max/0/default.jpg
285730,10393274,digital color photograph,https://media.rkd.nl/iiif/10393274/full/max/0/default.jpg
285731,10393261,digital color photograph,https://media.rkd.nl/iiif/10393261/full/max/0/default.jpg
285731,10393262,digital color photograph,https://media.rkd.nl/iiif/10393262/full/max/0/default.jpg
285732,10393286,digital color photograph,https://media.rkd.nl/iiif/10393286/full/max/0/default.jpg
285732,10393287,digital color photograph,https://media.rkd.nl/iiif/10393287/full/max/0/default.jpg
285734,10393295,digital color photograph,https://media.rkd.nl/iiif/10393295/full/max/0/default.jpg
285734,10393296,digital color photograph,https://media.rkd.nl/iiif/10393296/full/max/0/default.jpg
285735,10393283,digital color photograph,https://media.rkd.nl/iiif/10393283/full/max/0/default.jpg
285735,10393284,digital color photograph,https://media.rkd.nl/iiif/10393284/full/max/0/default.jpg
285736,10393307,digital color photograph,https://media.rkd.nl/iiif/10393307/full/max/0/default.jpg
285737,10393310,digital color photograph,https://media.rkd.nl/iiif/10393310/full/max/0/default.jpg
285738,10393564,digital color photograph,https://media.rkd.nl/iiif/10393564/full/max/0/default.jpg
285739,10682403,digital image,https://media.rkd.nl/iiif/10682403/full/max/0/default.jpg
285746,10682404,digital image,https://media.rkd.nl/iiif/10682404/full/max/0/default.jpg
285748,10393566,digital color photograph,https://media.rkd.nl/iiif/10393566/full/max/0/default.jpg
285749,10393568,digital color photograph,https://media.rkd.nl/iiif/10393568/full/max/0/default.jpg
285752,10393574,digital color photograph,https://media.rkd.nl/iiif/10393574/full/max/0/default.jpg
285753,10393562,digital color photograph,https://media.rkd.nl/iiif/10393562/full/max/0/default.jpg
285754,9194836,black and white photograph,https://media.rkd.nl/iiif/9194836/full/max/0/default.jpg
285755,10682406,old black-and-white photograph,https://media.rkd.nl/iiif/10682406/full/max/0/default.jpg
285758,10682410,old black-and-white photograph,https://media.rkd.nl/iiif/10682410/full/max/0/default.jpg
285759,10682409,black-and-white reproduction,https://media.rkd.nl/iiif/10682409/full/max/0/default.jpg
285761,10393580,digital color photograph,https://media.rkd.nl/iiif/10393580/full/max/0/default.jpg
285762,10393584,digital color photograph,https://media.rkd.nl/iiif/10393584/full/max/0/default.jpg
285764,10682414,old black-and-white photograph,https://media.rkd.nl/iiif/10682414/full/max/0/default.jpg
285766,10393590,digital color photograph,https://media.rkd.nl/iiif/10393590/full/max/0/default.jpg
285769,10393532,digital color photograph,https://media.rkd.nl/iiif/10393532/full/max/0/default.jpg
285770,10393536,digital color photograph,https://media.rkd.nl/iiif/10393536/full/max/0/default.jpg
285771,10393538,digital color photograph,https://media.rkd.nl/iiif/10393538/full/max/0/default.jpg
285772,10393540,digital color photograph,https://media.rkd.nl/iiif/10393540/full/max/0/default.jpg
285773,10393542,digital color photograph,https://media.rkd.nl/iiif/10393542/full/max/0/default.jpg
285778,10393546,digital color photograph,https://media.rkd.nl/iiif/10393546/full/max/0/default.jpg
285779,10393508,digital color photograph,https://media.rkd.nl/iiif/10393508/full/max/0/default.jpg
285783,10393576,digital color photograph,https://media.rkd.nl/iiif/10393576/full/max/0/default.jpg
285784,10393578,digital color photograph,https://media.rkd.nl/iiif/10393578/full/max/0/default.jpg
285785,10393582,digital color photograph,https://media.rkd.nl/iiif/10393582/full/max/0/default.jpg
285787,10393592,digital color photograph,https://media.rkd.nl/iiif/10393592/full/max/0/default.jpg
285788,10682429,digital image,https://media.rkd.nl/iiif/10682429/full/max/0/default.jpg
285789,10682492,color reproduction,https://media.rkd.nl/iiif/10682492/full/max/0/default.jpg
285791,10393528,digital color photograph,https://media.rkd.nl/iiif/10393528/full/max/0/default.jpg
285792,10393534,digital color photograph,https://media.rkd.nl/iiif/10393534/full/max/0/default.jpg
285793,10682491,color reproduction,https://media.rkd.nl/iiif/10682491/full/max/0/default.jpg
285795,10682588,color reproduction,https://media.rkd.nl/iiif/10682588/full/max/0/default.jpg
285796,10393596,digital color photograph,https://media.rkd.nl/iiif/10393596/full/max/0/default.jpg
285799,10682488,color reproduction,https://media.rkd.nl/iiif/10682488/full/max/0/default.jpg
285802,10393512,digital color photograph,https://media.rkd.nl/iiif/10393512/full/max/0/default.jpg
285803,10393514,digital color photograph,https://media.rkd.nl/iiif/10393514/full/max/0/default.jpg
285807,10393520,digital color photograph,https://media.rkd.nl/iiif/10393520/full/max/0/default.jpg
285808,10393522,digital color photograph,https://media.rkd.nl/iiif/10393522/full/max/0/default.jpg
285810,10682434,digital image,https://media.rkd.nl/iiif/10682434/full/max/0/default.jpg
285811,10682496,digital image,https://media.rkd.nl/iiif/10682496/full/max/0/default.jpg
285811,10682435,color reproduction,https://media.rkd.nl/iiif/10682435/full/max/0/default.jpg
285823,10393524,digital color photograph,https://media.rkd.nl/iiif/10393524/full/max/0/default.jpg
285824,10393548,digital color photograph,https://media.rkd.nl/iiif/10393548/full/max/0/default.jpg
285825,10393550,digital color photograph,https://media.rkd.nl/iiif/10393550/full/max/0/default.jpg
285826,10393552,digital color photograph,https://media.rkd.nl/iiif/10393552/full/max/0/default.jpg
285830,10393558,digital color photograph,https://media.rkd.nl/iiif/10393558/full/max/0/default.jpg
285832,10393598,digital color photograph,https://media.rkd.nl/iiif/10393598/full/max/0/default.jpg
285834,10393560,digital color photograph,https://media.rkd.nl/iiif/10393560/full/max/0/default.jpg
285858,10682562,black and white photograph,https://media.rkd.nl/iiif/10682562/full/max/0/default.jpg
285862,10682575,color reproduction,https://media.rkd.nl/iiif/10682575/full/max/0/default.jpg
285869,10802977,digital image,https://media.rkd.nl/iiif/10802977/full/max/0/default.jpg
285870,10682573,color reproduction,https://media.rkd.nl/iiif/10682573/full/max/0/default.jpg
285876,10682587,digital image,https://media.rkd.nl/iiif/10682587/full/max/0/default.jpg
285882,10682595,digital image,https://media.rkd.nl/iiif/10682595/full/max/0/default.jpg
285893,10079710,color photograph,https://media.rkd.nl/iiif/10079710/full/max/0/default.jpg
285896,10682640,digital image,https://media.rkd.nl/iiif/10682640/full/max/0/default.jpg
285907,10682693,digital image,https://media.rkd.nl/iiif/10682693/full/max/0/default.jpg
285921,10682719,digital image,https://media.rkd.nl/iiif/10682719/full/max/0/default.jpg
285922,10682720,digital image,https://media.rkd.nl/iiif/10682720/full/max/0/default.jpg
285923,10682721,digital image,https://media.rkd.nl/iiif/10682721/full/max/0/default.jpg
285937,10682733,digital image,https://media.rkd.nl/iiif/10682733/full/max/0/default.jpg
285938,10682734,digital image,https://media.rkd.nl/iiif/10682734/full/max/0/default.jpg
285949,10394197,digital color photograph,https://media.rkd.nl/iiif/10394197/full/max/0/default.jpg
285950,10394199,digital color photograph,https://media.rkd.nl/iiif/10394199/full/max/0/default.jpg
285951,10394191,digital color photograph,https://media.rkd.nl/iiif/10394191/full/max/0/default.jpg
285954,10394205,digital color photograph,https://media.rkd.nl/iiif/10394205/full/max/0/default.jpg
285955,10394221,digital color photograph,https://media.rkd.nl/iiif/10394221/full/max/0/default.jpg
285956,10394213,digital color photograph,https://media.rkd.nl/iiif/10394213/full/max/0/default.jpg
285957,10394211,digital color photograph,https://media.rkd.nl/iiif/10394211/full/max/0/default.jpg
285958,10682740,digital file,https://media.rkd.nl/iiif/10682740/full/max/0/default.jpg
285962,10393842,digital color photograph,https://media.rkd.nl/iiif/10393842/full/max/0/default.jpg
285963,10393840,digital color photograph,https://media.rkd.nl/iiif/10393840/full/max/0/default.jpg
285964,10393838,digital color photograph,https://media.rkd.nl/iiif/10393838/full/max/0/default.jpg
285966,10393834,digital color photograph,https://media.rkd.nl/iiif/10393834/full/max/0/default.jpg
285968,10393832,digital color photograph,https://media.rkd.nl/iiif/10393832/full/max/0/default.jpg
285975,10682745,digital image,https://media.rkd.nl/iiif/10682745/full/max/0/default.jpg
285981,10682840,color reproduction,https://media.rkd.nl/iiif/10682840/full/max/0/default.jpg
285984,10393827,digital color photograph,https://media.rkd.nl/iiif/10393827/full/max/0/default.jpg
285984,10393828,digital color photograph,https://media.rkd.nl/iiif/10393828/full/max/0/default.jpg
285986,10393825,digital color photograph,https://media.rkd.nl/iiif/10393825/full/max/0/default.jpg
285987,10393824,digital color photograph,https://media.rkd.nl/iiif/10393824/full/max/0/default.jpg
285988,10393821,digital color photograph,https://media.rkd.nl/iiif/10393821/full/max/0/default.jpg
285988,10393822,digital color photograph,https://media.rkd.nl/iiif/10393822/full/max/0/default.jpg
285989,10393819,digital color photograph,https://media.rkd.nl/iiif/10393819/full/max/0/default.jpg
285989,10393820,digital color photograph,https://media.rkd.nl/iiif/10393820/full/max/0/default.jpg
285990,10393818,digital color photograph,https://media.rkd.nl/iiif/10393818/full/max/0/default.jpg
285992,10393815,digital color photograph,https://media.rkd.nl/iiif/10393815/full/max/0/default.jpg
285994,10393811,digital color photograph,https://media.rkd.nl/iiif/10393811/full/max/0/default.jpg
285994,10393812,digital color photograph,https://media.rkd.nl/iiif/10393812/full/max/0/default.jpg
285995,10393809,digital color photograph,https://media.rkd.nl/iiif/10393809/full/max/0/default.jpg
285996,10393808,digital color photograph,https://media.rkd.nl/iiif/10393808/full/max/0/default.jpg
285999,10393805,digital color photograph,https://media.rkd.nl/iiif/10393805/full/max/0/default.jpg
285999,10393806,digital color photograph,https://media.rkd.nl/iiif/10393806/full/max/0/default.jpg
286000,10393803,digital color photograph,https://media.rkd.nl/iiif/10393803/full/max/0/default.jpg
286000,10393804,digital color photograph,https://media.rkd.nl/iiif/10393804/full/max/0/default.jpg
286004,10393876,digital color photograph,https://media.rkd.nl/iiif/10393876/full/max/0/default.jpg
286006,10393873,digital color photograph,https://media.rkd.nl/iiif/10393873/full/max/0/default.jpg
286006,10393874,digital color photograph,https://media.rkd.nl/iiif/10393874/full/max/0/default.jpg
286007,10393871,digital color photograph,https://media.rkd.nl/iiif/10393871/full/max/0/default.jpg
286007,10393872,digital color photograph,https://media.rkd.nl/iiif/10393872/full/max/0/default.jpg
286012,10394207,digital color photograph,https://media.rkd.nl/iiif/10394207/full/max/0/default.jpg
286014,10393864,digital color photograph,https://media.rkd.nl/iiif/10393864/full/max/0/default.jpg
286015,10393862,digital color photograph,https://media.rkd.nl/iiif/10393862/full/max/0/default.jpg
286016,10394209,digital color photograph,https://media.rkd.nl/iiif/10394209/full/max/0/default.jpg
286020,10393858,digital color photograph,https://media.rkd.nl/iiif/10393858/full/max/0/default.jpg
286021,10393856,digital color photograph,https://media.rkd.nl/iiif/10393856/full/max/0/default.jpg
286023,10393854,digital color photograph,https://media.rkd.nl/iiif/10393854/full/max/0/default.jpg
286024,10393852,digital color photograph,https://media.rkd.nl/iiif/10393852/full/max/0/default.jpg
286025,10682847,color reproduction,https://media.rkd.nl/iiif/10682847/full/max/0/default.jpg
286026,10393850,digital color photograph,https://media.rkd.nl/iiif/10393850/full/max/0/default.jpg
286031,10393904,digital color photograph,https://media.rkd.nl/iiif/10393904/full/max/0/default.jpg
286032,10393902,digital color photograph,https://media.rkd.nl/iiif/10393902/full/max/0/default.jpg
286033,10393900,digital color photograph,https://media.rkd.nl/iiif/10393900/full/max/0/default.jpg
286034,10393898,digital color photograph,https://media.rkd.nl/iiif/10393898/full/max/0/default.jpg
286036,10393894,digital color photograph,https://media.rkd.nl/iiif/10393894/full/max/0/default.jpg
286040,10393890,digital color photograph,https://media.rkd.nl/iiif/10393890/full/max/0/default.jpg
286041,10393888,digital color photograph,https://media.rkd.nl/iiif/10393888/full/max/0/default.jpg
286044,10393886,digital color photograph,https://media.rkd.nl/iiif/10393886/full/max/0/default.jpg
286045,10393883,digital color photograph,https://media.rkd.nl/iiif/10393883/full/max/0/default.jpg
286047,10393906,digital color photograph,https://media.rkd.nl/iiif/10393906/full/max/0/default.jpg
286048,9969715,black and white photograph,https://media.rkd.nl/iiif/9969715/full/max/0/default.jpg
286054,10682877,digital image,https://media.rkd.nl/iiif/10682877/full/max/0/default.jpg
286055,10682880,digital image,https://media.rkd.nl/iiif/10682880/full/max/0/default.jpg
286056,10682881,digital image,https://media.rkd.nl/iiif/10682881/full/max/0/default.jpg
286067,10682910,color reproduction,https://media.rkd.nl/iiif/10682910/full/max/0/default.jpg
286074,9163268,black and white photograph,https://media.rkd.nl/iiif/9163268/full/max/0/default.jpg
286076,10682919,digital image,https://media.rkd.nl/iiif/10682919/full/max/0/default.jpg
286106,10682948,digital image,https://media.rkd.nl/iiif/10682948/full/max/0/default.jpg
286107,10682949,digital image,https://media.rkd.nl/iiif/10682949/full/max/0/default.jpg
286111,10682952,digital image,https://media.rkd.nl/iiif/10682952/full/max/0/default.jpg
286116,10682974,digital image,https://media.rkd.nl/iiif/10682974/full/max/0/default.jpg
286117,10682976,digital image,https://media.rkd.nl/iiif/10682976/full/max/0/default.jpg
286120,10682979,digital image,https://media.rkd.nl/iiif/10682979/full/max/0/default.jpg
286121,10683054,black-and-white reproduction,https://media.rkd.nl/iiif/10683054/full/max/0/default.jpg
286122,10682980,digital image,https://media.rkd.nl/iiif/10682980/full/max/0/default.jpg
286123,10682981,digital image,https://media.rkd.nl/iiif/10682981/full/max/0/default.jpg
286128,10393151,digital color photograph,https://media.rkd.nl/iiif/10393151/full/max/0/default.jpg
286132,9237379,digital color photograph,https://media.rkd.nl/iiif/9237379/full/max/0/default.jpg
286134,10393109,digital color photograph,https://media.rkd.nl/iiif/10393109/full/max/0/default.jpg
286148,10683070,black-and-white reproduction,https://media.rkd.nl/iiif/10683070/full/max/0/default.jpg
286154,10803005,black-and-white reproduction,https://media.rkd.nl/iiif/10803005/full/max/0/default.jpg
286163,9163231,black and white photograph,https://media.rkd.nl/iiif/9163231/full/max/0/default.jpg
286179,9163234,black and white photograph,https://media.rkd.nl/iiif/9163234/full/max/0/default.jpg
286181,10683086,digital image,https://media.rkd.nl/iiif/10683086/full/max/0/default.jpg
286182,10683088,digital image,https://media.rkd.nl/iiif/10683088/full/max/0/default.jpg
286183,10683089,digital image,https://media.rkd.nl/iiif/10683089/full/max/0/default.jpg
286184,10683090,digital image,https://media.rkd.nl/iiif/10683090/full/max/0/default.jpg
286187,10302615,back-side (of image),https://media.rkd.nl/iiif/10302615/full/max/0/default.jpg
286194,10683101,digital image,https://media.rkd.nl/iiif/10683101/full/max/0/default.jpg
286200,10683103,digital image,https://media.rkd.nl/iiif/10683103/full/max/0/default.jpg
286211,10683119,digital image,https://media.rkd.nl/iiif/10683119/full/max/0/default.jpg
286226,10683130,digital color photograph,https://media.rkd.nl/iiif/10683130/full/max/0/default.jpg
286226,10683132,digital color photograph,https://media.rkd.nl/iiif/10683132/full/max/0/default.jpg
286226,10683139,digital color photograph,https://media.rkd.nl/iiif/10683139/full/max/0/default.jpg
286226,10683134,digital color photograph,https://media.rkd.nl/iiif/10683134/full/max/0/default.jpg
286226,10683135,digital color photograph,https://media.rkd.nl/iiif/10683135/full/max/0/default.jpg
286231,10683140,digital image,https://media.rkd.nl/iiif/10683140/full/max/0/default.jpg
286240,10683186,digital image,https://media.rkd.nl/iiif/10683186/full/max/0/default.jpg
286252,10683207,digital image,https://media.rkd.nl/iiif/10683207/full/max/0/default.jpg
286255,10683215,digital image,https://media.rkd.nl/iiif/10683215/full/max/0/default.jpg
286260,9163099,black and white photograph,https://media.rkd.nl/iiif/9163099/full/max/0/default.jpg
286261,9163097,black and white photograph,https://media.rkd.nl/iiif/9163097/full/max/0/default.jpg
286278,10683330,color reproduction,https://media.rkd.nl/iiif/10683330/full/max/0/default.jpg
286287,10683264,color reproduction,https://media.rkd.nl/iiif/10683264/full/max/0/default.jpg
286302,9163384,black and white photograph,https://media.rkd.nl/iiif/9163384/full/max/0/default.jpg
286326,10683395,digital image,https://media.rkd.nl/iiif/10683395/full/max/0/default.jpg
286328,10683398,digital image,https://media.rkd.nl/iiif/10683398/full/max/0/default.jpg
286337,10683407,black and white photograph,https://media.rkd.nl/iiif/10683407/full/max/0/default.jpg
286347,9969773,black and white photograph,https://media.rkd.nl/iiif/9969773/full/max/0/default.jpg
286351,10803025,black-and-white reproduction,https://media.rkd.nl/iiif/10803025/full/max/0/default.jpg
286357,10683429,digital image,https://media.rkd.nl/iiif/10683429/full/max/0/default.jpg
286357,10683430,digital image,https://media.rkd.nl/iiif/10683430/full/max/0/default.jpg
286368,10393367,digital color photograph,https://media.rkd.nl/iiif/10393367/full/max/0/default.jpg
286368,10393368,digital color photograph,https://media.rkd.nl/iiif/10393368/full/max/0/default.jpg
286370,10463716,color reproduction,https://media.rkd.nl/iiif/10463716/full/max/0/default.jpg
286370,10683441,digital image,https://media.rkd.nl/iiif/10683441/full/max/0/default.jpg
286371,10392543,digital color photograph,https://media.rkd.nl/iiif/10392543/full/max/0/default.jpg
286374,10392545,digital color photograph,https://media.rkd.nl/iiif/10392545/full/max/0/default.jpg
286376,10683444,digital image,https://media.rkd.nl/iiif/10683444/full/max/0/default.jpg
286377,10392547,digital color photograph,https://media.rkd.nl/iiif/10392547/full/max/0/default.jpg
286378,10392549,digital color photograph,https://media.rkd.nl/iiif/10392549/full/max/0/default.jpg
286388,10392551,digital color photograph,https://media.rkd.nl/iiif/10392551/full/max/0/default.jpg
286392,9969772,black and white photograph,https://media.rkd.nl/iiif/9969772/full/max/0/default.jpg
286395,10683477,digital image,https://media.rkd.nl/iiif/10683477/full/max/0/default.jpg
286407,10683496,digital image,https://media.rkd.nl/iiif/10683496/full/max/0/default.jpg
286417,10683501,digital image,https://media.rkd.nl/iiif/10683501/full/max/0/default.jpg
286418,10683502,digital image,https://media.rkd.nl/iiif/10683502/full/max/0/default.jpg
286434,10683532,color reproduction,https://media.rkd.nl/iiif/10683532/full/max/0/default.jpg
286437,10683534,digital image,https://media.rkd.nl/iiif/10683534/full/max/0/default.jpg
286449,10427729,digital color photograph,https://media.rkd.nl/iiif/10427729/full/max/0/default.jpg
286449,10427542,digital color photograph,https://media.rkd.nl/iiif/10427542/full/max/0/default.jpg
286449,10427543,digital color photograph,https://media.rkd.nl/iiif/10427543/full/max/0/default.jpg
286449,10427548,digital color photograph,https://media.rkd.nl/iiif/10427548/full/max/0/default.jpg
286449,10427549,digital color photograph,https://media.rkd.nl/iiif/10427549/full/max/0/default.jpg
286449,10427550,digital color photograph,https://media.rkd.nl/iiif/10427550/full/max/0/default.jpg
286449,10427551,digital color photograph,https://media.rkd.nl/iiif/10427551/full/max/0/default.jpg
286449,10427552,digital color photograph,https://media.rkd.nl/iiif/10427552/full/max/0/default.jpg
286449,10427556,digital color photograph,https://media.rkd.nl/iiif/10427556/full/max/0/default.jpg
286449,10427557,digital color photograph,https://media.rkd.nl/iiif/10427557/full/max/0/default.jpg
286449,10427558,digital color photograph,https://media.rkd.nl/iiif/10427558/full/max/0/default.jpg
286449,10427560,digital color photograph,https://media.rkd.nl/iiif/10427560/full/max/0/default.jpg
286449,10427563,digital color photograph,https://media.rkd.nl/iiif/10427563/full/max/0/default.jpg
286449,10427564,digital color photograph,https://media.rkd.nl/iiif/10427564/full/max/0/default.jpg
286449,10427565,digital color photograph,https://media.rkd.nl/iiif/10427565/full/max/0/default.jpg
286449,10427566,digital color photograph,https://media.rkd.nl/iiif/10427566/full/max/0/default.jpg
286449,10427567,digital color photograph,https://media.rkd.nl/iiif/10427567/full/max/0/default.jpg
286449,10427571,digital color photograph,https://media.rkd.nl/iiif/10427571/full/max/0/default.jpg
286463,10683576,digital image,https://media.rkd.nl/iiif/10683576/full/max/0/default.jpg
286480,10683608,digital image,https://media.rkd.nl/iiif/10683608/full/max/0/default.jpg
286485,10683618,unknown,https://media.rkd.nl/iiif/10683618/full/max/0/default.jpg
286496,10683626,digital file,https://media.rkd.nl/iiif/10683626/full/max/0/default.jpg
286498,10683633,digital image,https://media.rkd.nl/iiif/10683633/full/max/0/default.jpg
286505,10683653,digital image,https://media.rkd.nl/iiif/10683653/full/max/0/default.jpg
286512,10683702,black and white photograph,https://media.rkd.nl/iiif/10683702/full/max/0/default.jpg
286521,10683734,black and white photograph,https://media.rkd.nl/iiif/10683734/full/max/0/default.jpg
286542,10683792,color reproduction,https://media.rkd.nl/iiif/10683792/full/max/0/default.jpg
286543,10709698,digital image,https://media.rkd.nl/iiif/10709698/full/max/0/default.jpg
286543,10683800,color reproduction,https://media.rkd.nl/iiif/10683800/full/max/0/default.jpg
286544,10683801,digital image,https://media.rkd.nl/iiif/10683801/full/max/0/default.jpg
286548,10683803,digital image,https://media.rkd.nl/iiif/10683803/full/max/0/default.jpg
286569,10683855,digital image,https://media.rkd.nl/iiif/10683855/full/max/0/default.jpg
286578,10683883,digital image,https://media.rkd.nl/iiif/10683883/full/max/0/default.jpg
286579,10683886,digital image,https://media.rkd.nl/iiif/10683886/full/max/0/default.jpg
286600,10683932,digital image,https://media.rkd.nl/iiif/10683932/full/max/0/default.jpg
286633,10393639,digital image,https://media.rkd.nl/iiif/10393639/full/max/0/default.jpg
286634,10393640,digital image,https://media.rkd.nl/iiif/10393640/full/max/0/default.jpg
286639,10393627,digital image,https://media.rkd.nl/iiif/10393627/full/max/0/default.jpg
286644,10393612,digital color photograph,https://media.rkd.nl/iiif/10393612/full/max/0/default.jpg
286644,10393613,digital color photograph,https://media.rkd.nl/iiif/10393613/full/max/0/default.jpg
286670,10684065,digital image,https://media.rkd.nl/iiif/10684065/full/max/0/default.jpg
286670,10684057,color reproduction,https://media.rkd.nl/iiif/10684057/full/max/0/default.jpg
286671,10684062,digital image,https://media.rkd.nl/iiif/10684062/full/max/0/default.jpg
286673,10684066,color reproduction,https://media.rkd.nl/iiif/10684066/full/max/0/default.jpg
286681,10394159,digital color photograph,https://media.rkd.nl/iiif/10394159/full/max/0/default.jpg
286686,10394163,digital color photograph,https://media.rkd.nl/iiif/10394163/full/max/0/default.jpg
286687,10394165,digital color photograph,https://media.rkd.nl/iiif/10394165/full/max/0/default.jpg
286688,10394167,digital color photograph,https://media.rkd.nl/iiif/10394167/full/max/0/default.jpg
286689,10394169,digital color photograph,https://media.rkd.nl/iiif/10394169/full/max/0/default.jpg
286690,10394171,digital color photograph,https://media.rkd.nl/iiif/10394171/full/max/0/default.jpg
286693,10394177,digital color photograph,https://media.rkd.nl/iiif/10394177/full/max/0/default.jpg
286694,10394183,digital color photograph,https://media.rkd.nl/iiif/10394183/full/max/0/default.jpg
286695,10684118,digital image,https://media.rkd.nl/iiif/10684118/full/max/0/default.jpg
286696,10684117,color reproduction,https://media.rkd.nl/iiif/10684117/full/max/0/default.jpg
286697,10684107,color reproduction,https://media.rkd.nl/iiif/10684107/full/max/0/default.jpg
286724,10684145,digital color photograph,https://media.rkd.nl/iiif/10684145/full/max/0/default.jpg
286743,10684110,color reproduction,https://media.rkd.nl/iiif/10684110/full/max/0/default.jpg
286754,10393658,digital color photograph,https://media.rkd.nl/iiif/10393658/full/max/0/default.jpg
286775,10803051,digital image,https://media.rkd.nl/iiif/10803051/full/max/0/default.jpg
286783,10709633,BD/Digital Collection,https://media.rkd.nl/iiif/10709633/full/max/0/default.jpg
286786,10684291,digital image,https://media.rkd.nl/iiif/10684291/full/max/0/default.jpg
286794,9969743,black and white photograph,https://media.rkd.nl/iiif/9969743/full/max/0/default.jpg
286798,10684301,digital image,https://media.rkd.nl/iiif/10684301/full/max/0/default.jpg
286799,10684302,digital image,https://media.rkd.nl/iiif/10684302/full/max/0/default.jpg
286811,9227666,color photograph,https://media.rkd.nl/iiif/9227666/full/max/0/default.jpg
286811,9227665,color photograph,https://media.rkd.nl/iiif/9227665/full/max/0/default.jpg
286816,10394113,digital color photograph,https://media.rkd.nl/iiif/10394113/full/max/0/default.jpg
286817,10394119,digital color photograph,https://media.rkd.nl/iiif/10394119/full/max/0/default.jpg
286818,10394117,digital color photograph,https://media.rkd.nl/iiif/10394117/full/max/0/default.jpg
286822,10394123,digital color photograph,https://media.rkd.nl/iiif/10394123/full/max/0/default.jpg
286823,10394125,digital color photograph,https://media.rkd.nl/iiif/10394125/full/max/0/default.jpg
286826,10394129,digital color photograph,https://media.rkd.nl/iiif/10394129/full/max/0/default.jpg
286829,10394131,digital color photograph,https://media.rkd.nl/iiif/10394131/full/max/0/default.jpg
286831,10394133,digital color photograph,https://media.rkd.nl/iiif/10394133/full/max/0/default.jpg
286832,10394134,digital color photograph,https://media.rkd.nl/iiif/10394134/full/max/0/default.jpg
286832,10394135,digital color photograph,https://media.rkd.nl/iiif/10394135/full/max/0/default.jpg
286835,10394063,digital color photograph,https://media.rkd.nl/iiif/10394063/full/max/0/default.jpg
286838,10394067,digital color photograph,https://media.rkd.nl/iiif/10394067/full/max/0/default.jpg
286839,10394069,digital color photograph,https://media.rkd.nl/iiif/10394069/full/max/0/default.jpg
286840,10684373,black-and-white reproduction,https://media.rkd.nl/iiif/10684373/full/max/0/default.jpg
286842,10394143,digital color photograph,https://media.rkd.nl/iiif/10394143/full/max/0/default.jpg
286845,10394073,digital color photograph,https://media.rkd.nl/iiif/10394073/full/max/0/default.jpg
286850,10394043,digital color photograph,https://media.rkd.nl/iiif/10394043/full/max/0/default.jpg
286851,10394045,digital color photograph,https://media.rkd.nl/iiif/10394045/full/max/0/default.jpg
286852,10394047,digital color photograph,https://media.rkd.nl/iiif/10394047/full/max/0/default.jpg
286855,10394049,digital color photograph,https://media.rkd.nl/iiif/10394049/full/max/0/default.jpg
286857,10394139,digital color photograph,https://media.rkd.nl/iiif/10394139/full/max/0/default.jpg
286863,10394077,digital color photograph,https://media.rkd.nl/iiif/10394077/full/max/0/default.jpg
286864,10394079,digital color photograph,https://media.rkd.nl/iiif/10394079/full/max/0/default.jpg
286866,10394081,digital color photograph,https://media.rkd.nl/iiif/10394081/full/max/0/default.jpg
286867,10394083,digital color photograph,https://media.rkd.nl/iiif/10394083/full/max/0/default.jpg
286868,10394085,digital color photograph,https://media.rkd.nl/iiif/10394085/full/max/0/default.jpg
286869,10394086,digital color photograph,https://media.rkd.nl/iiif/10394086/full/max/0/default.jpg
286869,10394087,digital color photograph,https://media.rkd.nl/iiif/10394087/full/max/0/default.jpg
286870,10394088,digital color photograph,https://media.rkd.nl/iiif/10394088/full/max/0/default.jpg
286870,10394089,digital color photograph,https://media.rkd.nl/iiif/10394089/full/max/0/default.jpg
286877,10684426,digital image,https://media.rkd.nl/iiif/10684426/full/max/0/default.jpg
286879,10684429,print,https://media.rkd.nl/iiif/10684429/full/max/0/default.jpg
286880,10684431,print,https://media.rkd.nl/iiif/10684431/full/max/0/default.jpg
286882,10394097,digital color photograph,https://media.rkd.nl/iiif/10394097/full/max/0/default.jpg
286884,10394099,digital color photograph,https://media.rkd.nl/iiif/10394099/full/max/0/default.jpg
286889,10394101,digital color photograph,https://media.rkd.nl/iiif/10394101/full/max/0/default.jpg
286893,10394103,digital color photograph,https://media.rkd.nl/iiif/10394103/full/max/0/default.jpg
286894,10394105,digital color photograph,https://media.rkd.nl/iiif/10394105/full/max/0/default.jpg
286896,10394107,digital color photograph,https://media.rkd.nl/iiif/10394107/full/max/0/default.jpg
286897,10394109,digital color photograph,https://media.rkd.nl/iiif/10394109/full/max/0/default.jpg
286899,10394053,digital color photograph,https://media.rkd.nl/iiif/10394053/full/max/0/default.jpg
286901,10394055,digital color photograph,https://media.rkd.nl/iiif/10394055/full/max/0/default.jpg
286902,10394057,digital color photograph,https://media.rkd.nl/iiif/10394057/full/max/0/default.jpg
286904,10394059,digital color photograph,https://media.rkd.nl/iiif/10394059/full/max/0/default.jpg
286906,10394061,digital color photograph,https://media.rkd.nl/iiif/10394061/full/max/0/default.jpg
286907,10394031,digital color photograph,https://media.rkd.nl/iiif/10394031/full/max/0/default.jpg
286926,10684491,print,https://media.rkd.nl/iiif/10684491/full/max/0/default.jpg
286928,10684499,black and white photograph,https://media.rkd.nl/iiif/10684499/full/max/0/default.jpg
286929,10684501,black and white photograph,https://media.rkd.nl/iiif/10684501/full/max/0/default.jpg
286932,10684505,black and white photograph,https://media.rkd.nl/iiif/10684505/full/max/0/default.jpg
286935,10393659,digital color photograph,https://media.rkd.nl/iiif/10393659/full/max/0/default.jpg
286940,10393656,digital color photograph,https://media.rkd.nl/iiif/10393656/full/max/0/default.jpg
286941,10684509,black and white photograph,https://media.rkd.nl/iiif/10684509/full/max/0/default.jpg
286942,10393655,digital color photograph,https://media.rkd.nl/iiif/10393655/full/max/0/default.jpg
286943,10684510,digital image,https://media.rkd.nl/iiif/10684510/full/max/0/default.jpg
286949,10393663,digital color photograph,https://media.rkd.nl/iiif/10393663/full/max/0/default.jpg
286951,10393661,digital color photograph,https://media.rkd.nl/iiif/10393661/full/max/0/default.jpg
286952,10393664,digital black-and-white photograph,https://media.rkd.nl/iiif/10393664/full/max/0/default.jpg
286955,10393654,digital color photograph,https://media.rkd.nl/iiif/10393654/full/max/0/default.jpg
286966,10803062,digital color photograph,https://media.rkd.nl/iiif/10803062/full/max/0/default.jpg
286971,10684546,black and white photograph,https://media.rkd.nl/iiif/10684546/full/max/0/default.jpg
286975,10803064,digital black-and-white photograph,https://media.rkd.nl/iiif/10803064/full/max/0/default.jpg
286978,10803065,digital color photograph,https://media.rkd.nl/iiif/10803065/full/max/0/default.jpg
286981,10684550,digital color photograph,https://media.rkd.nl/iiif/10684550/full/max/0/default.jpg
286982,9163327,black and white photograph,https://media.rkd.nl/iiif/9163327/full/max/0/default.jpg
286990,10684559,digital image,https://media.rkd.nl/iiif/10684559/full/max/0/default.jpg
286997,10684568,digital image,https://media.rkd.nl/iiif/10684568/full/max/0/default.jpg
287000,10684597,black and white photograph,https://media.rkd.nl/iiif/10684597/full/max/0/default.jpg
287001,10684598,black and white photograph,https://media.rkd.nl/iiif/10684598/full/max/0/default.jpg
287002,10684594,black and white photograph,https://media.rkd.nl/iiif/10684594/full/max/0/default.jpg
287005,9163333,black and white photograph,https://media.rkd.nl/iiif/9163333/full/max/0/default.jpg
287016,10418034,digital image,https://media.rkd.nl/iiif/10418034/full/max/0/default.jpg
287040,10684619,color reproduction,https://media.rkd.nl/iiif/10684619/full/max/0/default.jpg
287044,10716138,digital image,https://media.rkd.nl/iiif/10716138/full/max/0/default.jpg
287044,10716139,digital image,https://media.rkd.nl/iiif/10716139/full/max/0/default.jpg
287044,10684634,black-and-white reproduction,https://media.rkd.nl/iiif/10684634/full/max/0/default.jpg
287050,10684646,black and white photograph,https://media.rkd.nl/iiif/10684646/full/max/0/default.jpg
287053,10684649,black and white photograph,https://media.rkd.nl/iiif/10684649/full/max/0/default.jpg
287075,10394034,digital color photograph,https://media.rkd.nl/iiif/10394034/full/max/0/default.jpg
287075,10394035,digital color photograph,https://media.rkd.nl/iiif/10394035/full/max/0/default.jpg
287076,10394037,digital color photograph,https://media.rkd.nl/iiif/10394037/full/max/0/default.jpg
287078,9163345,black and white photograph,https://media.rkd.nl/iiif/9163345/full/max/0/default.jpg
287085,10684687,digital image,https://media.rkd.nl/iiif/10684687/full/max/0/default.jpg
287088,10394153,digital color photograph,https://media.rkd.nl/iiif/10394153/full/max/0/default.jpg
287089,10394145,digital color photograph,https://media.rkd.nl/iiif/10394145/full/max/0/default.jpg
287092,10394147,digital color photograph,https://media.rkd.nl/iiif/10394147/full/max/0/default.jpg
287095,10394149,digital color photograph,https://media.rkd.nl/iiif/10394149/full/max/0/default.jpg
287102,10684695,digital image,https://media.rkd.nl/iiif/10684695/full/max/0/default.jpg
287112,9237585,digital color photograph,https://media.rkd.nl/iiif/9237585/full/max/0/default.jpg
287113,9237555,digital color photograph,https://media.rkd.nl/iiif/9237555/full/max/0/default.jpg
287116,9237557,digital color photograph,https://media.rkd.nl/iiif/9237557/full/max/0/default.jpg
287128,10684712,digital image,https://media.rkd.nl/iiif/10684712/full/max/0/default.jpg
287145,10688648,digital image,https://media.rkd.nl/iiif/10688648/full/max/0/default.jpg
287159,10684750,unknown,https://media.rkd.nl/iiif/10684750/full/max/0/default.jpg
287170,10684759,unknown,https://media.rkd.nl/iiif/10684759/full/max/0/default.jpg
287186,10394185,digital color photograph,https://media.rkd.nl/iiif/10394185/full/max/0/default.jpg
287186,10416321,digital image,https://media.rkd.nl/iiif/10416321/full/max/0/default.jpg
287187,10394187,digital color photograph,https://media.rkd.nl/iiif/10394187/full/max/0/default.jpg
287193,10394217,digital color photograph,https://media.rkd.nl/iiif/10394217/full/max/0/default.jpg
287194,10394219,digital color photograph,https://media.rkd.nl/iiif/10394219/full/max/0/default.jpg
287200,10684923,digital image,https://media.rkd.nl/iiif/10684923/full/max/0/default.jpg
287206,10684932,unknown,https://media.rkd.nl/iiif/10684932/full/max/0/default.jpg
287207,10699272,BD/Digital Collection,https://media.rkd.nl/iiif/10699272/full/max/0/default.jpg
287208,9237559,digital color photograph,https://media.rkd.nl/iiif/9237559/full/max/0/default.jpg
287209,9237563,digital color photograph,https://media.rkd.nl/iiif/9237563/full/max/0/default.jpg
287210,9237561,digital color photograph,https://media.rkd.nl/iiif/9237561/full/max/0/default.jpg
287212,9237565,digital color photograph,https://media.rkd.nl/iiif/9237565/full/max/0/default.jpg
287219,9237569,digital color photograph,https://media.rkd.nl/iiif/9237569/full/max/0/default.jpg
287221,9237571,digital color photograph,https://media.rkd.nl/iiif/9237571/full/max/0/default.jpg
287223,9237573,digital color photograph,https://media.rkd.nl/iiif/9237573/full/max/0/default.jpg
287224,9237567,digital color photograph,https://media.rkd.nl/iiif/9237567/full/max/0/default.jpg
287226,9237575,digital color photograph,https://media.rkd.nl/iiif/9237575/full/max/0/default.jpg
287235,9237587,digital color photograph,https://media.rkd.nl/iiif/9237587/full/max/0/default.jpg
287236,9237609,digital color photograph,https://media.rkd.nl/iiif/9237609/full/max/0/default.jpg
287237,9237583,digital color photograph,https://media.rkd.nl/iiif/9237583/full/max/0/default.jpg
287238,9237589,digital color photograph,https://media.rkd.nl/iiif/9237589/full/max/0/default.jpg
287241,9237593,digital color photograph,https://media.rkd.nl/iiif/9237593/full/max/0/default.jpg
287248,9237621,digital color photograph,https://media.rkd.nl/iiif/9237621/full/max/0/default.jpg
287250,9237611,digital color photograph,https://media.rkd.nl/iiif/9237611/full/max/0/default.jpg
287251,9237617,digital color photograph,https://media.rkd.nl/iiif/9237617/full/max/0/default.jpg
287252,10803078,digital image,https://media.rkd.nl/iiif/10803078/full/max/0/default.jpg
287253,9237717,digital color photograph,https://media.rkd.nl/iiif/9237717/full/max/0/default.jpg
287256,9237709,digital color photograph,https://media.rkd.nl/iiif/9237709/full/max/0/default.jpg
287259,9237699,digital color photograph,https://media.rkd.nl/iiif/9237699/full/max/0/default.jpg
287261,9237701,digital color photograph,https://media.rkd.nl/iiif/9237701/full/max/0/default.jpg
287262,9237711,digital color photograph,https://media.rkd.nl/iiif/9237711/full/max/0/default.jpg
287263,9237707,digital color photograph,https://media.rkd.nl/iiif/9237707/full/max/0/default.jpg
287328,9969775,black and white photograph,https://media.rkd.nl/iiif/9969775/full/max/0/default.jpg
287334,10685141,digital image,https://media.rkd.nl/iiif/10685141/full/max/0/default.jpg
287341,10393997,digital color photograph,https://media.rkd.nl/iiif/10393997/full/max/0/default.jpg
287342,10393999,digital color photograph,https://media.rkd.nl/iiif/10393999/full/max/0/default.jpg
287343,10394001,digital color photograph,https://media.rkd.nl/iiif/10394001/full/max/0/default.jpg
287349,10394007,digital color photograph,https://media.rkd.nl/iiif/10394007/full/max/0/default.jpg
287351,10394009,digital color photograph,https://media.rkd.nl/iiif/10394009/full/max/0/default.jpg
287353,10394011,digital color photograph,https://media.rkd.nl/iiif/10394011/full/max/0/default.jpg
287357,10418028,digital image,https://media.rkd.nl/iiif/10418028/full/max/0/default.jpg
287364,9163198,black and white photograph,https://media.rkd.nl/iiif/9163198/full/max/0/default.jpg
287374,10685177,digital image,https://media.rkd.nl/iiif/10685177/full/max/0/default.jpg
287375,10685178,digital image,https://media.rkd.nl/iiif/10685178/full/max/0/default.jpg
287376,9237703,digital color photograph,https://media.rkd.nl/iiif/9237703/full/max/0/default.jpg
287380,10685182,digital image,https://media.rkd.nl/iiif/10685182/full/max/0/default.jpg
287385,10685190,digital image,https://media.rkd.nl/iiif/10685190/full/max/0/default.jpg
287388,9237715,digital color photograph,https://media.rkd.nl/iiif/9237715/full/max/0/default.jpg
287390,9237719,digital color photograph,https://media.rkd.nl/iiif/9237719/full/max/0/default.jpg
287392,9237627,digital color photograph,https://media.rkd.nl/iiif/9237627/full/max/0/default.jpg
287393,9237631,digital color photograph,https://media.rkd.nl/iiif/9237631/full/max/0/default.jpg
287394,9237633,digital color photograph,https://media.rkd.nl/iiif/9237633/full/max/0/default.jpg
287396,10685197,digital image,https://media.rkd.nl/iiif/10685197/full/max/0/default.jpg
287401,9237657,digital color photograph,https://media.rkd.nl/iiif/9237657/full/max/0/default.jpg
287402,9237661,digital color photograph,https://media.rkd.nl/iiif/9237661/full/max/0/default.jpg
287403,10685202,digital image,https://media.rkd.nl/iiif/10685202/full/max/0/default.jpg
287404,10685203,digital image,https://media.rkd.nl/iiif/10685203/full/max/0/default.jpg
287409,9237677,digital color photograph,https://media.rkd.nl/iiif/9237677/full/max/0/default.jpg
287410,10685216,digital image,https://media.rkd.nl/iiif/10685216/full/max/0/default.jpg
287410,10685207,digital image,https://media.rkd.nl/iiif/10685207/full/max/0/default.jpg
287417,10685214,digital color photograph,https://media.rkd.nl/iiif/10685214/full/max/0/default.jpg
287424,10685420,digital image,https://media.rkd.nl/iiif/10685420/full/max/0/default.jpg
287432,10685233,color reproduction,https://media.rkd.nl/iiif/10685233/full/max/0/default.jpg
287437,10685240,black-and-white reproduction,https://media.rkd.nl/iiif/10685240/full/max/0/default.jpg
287439,10685238,digital image,https://media.rkd.nl/iiif/10685238/full/max/0/default.jpg
287440,10685241,color reproduction,https://media.rkd.nl/iiif/10685241/full/max/0/default.jpg
287442,10685243,color reproduction,https://media.rkd.nl/iiif/10685243/full/max/0/default.jpg
287450,10685251,color reproduction,https://media.rkd.nl/iiif/10685251/full/max/0/default.jpg
287451,10685252,color reproduction,https://media.rkd.nl/iiif/10685252/full/max/0/default.jpg
287453,10685254,color reproduction,https://media.rkd.nl/iiif/10685254/full/max/0/default.jpg
287456,10685250,digital image,https://media.rkd.nl/iiif/10685250/full/max/0/default.jpg
287467,10685282,color reproduction,https://media.rkd.nl/iiif/10685282/full/max/0/default.jpg
287499,10685329,color reproduction,https://media.rkd.nl/iiif/10685329/full/max/0/default.jpg
287499,10685323,digital image,https://media.rkd.nl/iiif/10685323/full/max/0/default.jpg
287500,10685324,black and white photograph,https://media.rkd.nl/iiif/10685324/full/max/0/default.jpg
287514,10685333,black and white photograph,https://media.rkd.nl/iiif/10685333/full/max/0/default.jpg
287515,10685336,black and white photograph,https://media.rkd.nl/iiif/10685336/full/max/0/default.jpg
287516,10685338,black-and-white reproduction,https://media.rkd.nl/iiif/10685338/full/max/0/default.jpg
287517,10685351,color reproduction,https://media.rkd.nl/iiif/10685351/full/max/0/default.jpg
287518,10685354,color reproduction,https://media.rkd.nl/iiif/10685354/full/max/0/default.jpg
287519,11115464,digital image,https://media.rkd.nl/iiif/11115464/full/max/0/default.jpg
287530,10685418,black and white photograph,https://media.rkd.nl/iiif/10685418/full/max/0/default.jpg
287531,10685425,digital image,https://media.rkd.nl/iiif/10685425/full/max/0/default.jpg
287534,10685428,digital image,https://media.rkd.nl/iiif/10685428/full/max/0/default.jpg
287570,10685469,digital image,https://media.rkd.nl/iiif/10685469/full/max/0/default.jpg
287667,10685641,digital image,https://media.rkd.nl/iiif/10685641/full/max/0/default.jpg
287678,9163210,black and white photograph,https://media.rkd.nl/iiif/9163210/full/max/0/default.jpg
287686,10685634,digital image,https://media.rkd.nl/iiif/10685634/full/max/0/default.jpg
287696,10685633,digital image,https://media.rkd.nl/iiif/10685633/full/max/0/default.jpg
287708,9163076,black and white photograph,https://media.rkd.nl/iiif/9163076/full/max/0/default.jpg
287740,10685732,black-and-white reproduction,https://media.rkd.nl/iiif/10685732/full/max/0/default.jpg
287741,9163091,black and white photograph,https://media.rkd.nl/iiif/9163091/full/max/0/default.jpg
287762,10685777,black-and-white reproduction,https://media.rkd.nl/iiif/10685777/full/max/0/default.jpg
287777,10685793,digital image,https://media.rkd.nl/iiif/10685793/full/max/0/default.jpg
287785,10685802,digital image,https://media.rkd.nl/iiif/10685802/full/max/0/default.jpg
287808,10685828,digital image,https://media.rkd.nl/iiif/10685828/full/max/0/default.jpg
287810,10685833,digital image,https://media.rkd.nl/iiif/10685833/full/max/0/default.jpg
287813,10685837,black-and-white reproduction,https://media.rkd.nl/iiif/10685837/full/max/0/default.jpg
287819,10685847,digital image,https://media.rkd.nl/iiif/10685847/full/max/0/default.jpg
287837,10685905,digital image,https://media.rkd.nl/iiif/10685905/full/max/0/default.jpg
287842,10685943,digital color photograph,https://media.rkd.nl/iiif/10685943/full/max/0/default.jpg
287843,10685944,digital black-and-white photograph,https://media.rkd.nl/iiif/10685944/full/max/0/default.jpg
287844,10685945,color reproduction,https://media.rkd.nl/iiif/10685945/full/max/0/default.jpg
287846,10394115,digital color photograph,https://media.rkd.nl/iiif/10394115/full/max/0/default.jpg
287879,10686082,black-and-white reproduction,https://media.rkd.nl/iiif/10686082/full/max/0/default.jpg
287880,10686085,black-and-white reproduction,https://media.rkd.nl/iiif/10686085/full/max/0/default.jpg
287905,10686104,black-and-white reproduction,https://media.rkd.nl/iiif/10686104/full/max/0/default.jpg
287908,10686119,black-and-white reproduction,https://media.rkd.nl/iiif/10686119/full/max/0/default.jpg
287908,10686123,digital image,https://media.rkd.nl/iiif/10686123/full/max/0/default.jpg
287923,10688342,digital image,https://media.rkd.nl/iiif/10688342/full/max/0/default.jpg
287923,10686138,black-and-white reproduction,https://media.rkd.nl/iiif/10686138/full/max/0/default.jpg
287924,10686140,digital image,https://media.rkd.nl/iiif/10686140/full/max/0/default.jpg
287951,10686531,black-and-white reproduction,https://media.rkd.nl/iiif/10686531/full/max/0/default.jpg
287954,10686220,color reproduction,https://media.rkd.nl/iiif/10686220/full/max/0/default.jpg
287961,10686252,digital image,https://media.rkd.nl/iiif/10686252/full/max/0/default.jpg
287962,10686253,digital color photograph,https://media.rkd.nl/iiif/10686253/full/max/0/default.jpg
287965,10394308,digital color photograph,https://media.rkd.nl/iiif/10394308/full/max/0/default.jpg
287965,10394309,digital color photograph,https://media.rkd.nl/iiif/10394309/full/max/0/default.jpg
287970,10394314,digital color photograph,https://media.rkd.nl/iiif/10394314/full/max/0/default.jpg
287970,10394315,digital color photograph,https://media.rkd.nl/iiif/10394315/full/max/0/default.jpg
287971,10394318,digital color photograph,https://media.rkd.nl/iiif/10394318/full/max/0/default.jpg
287971,10394319,digital color photograph,https://media.rkd.nl/iiif/10394319/full/max/0/default.jpg
287973,10394330,digital color photograph,https://media.rkd.nl/iiif/10394330/full/max/0/default.jpg
287975,10394316,digital color photograph,https://media.rkd.nl/iiif/10394316/full/max/0/default.jpg
287975,10394317,digital color photograph,https://media.rkd.nl/iiif/10394317/full/max/0/default.jpg
287976,10394320,digital color photograph,https://media.rkd.nl/iiif/10394320/full/max/0/default.jpg
287976,10394321,digital color photograph,https://media.rkd.nl/iiif/10394321/full/max/0/default.jpg
287977,10394322,digital color photograph,https://media.rkd.nl/iiif/10394322/full/max/0/default.jpg
287981,10394327,digital color photograph,https://media.rkd.nl/iiif/10394327/full/max/0/default.jpg
287983,10394328,digital color photograph,https://media.rkd.nl/iiif/10394328/full/max/0/default.jpg
287983,10394329,digital color photograph,https://media.rkd.nl/iiif/10394329/full/max/0/default.jpg
287985,10394310,digital color photograph,https://media.rkd.nl/iiif/10394310/full/max/0/default.jpg
287995,10394334,digital color photograph,https://media.rkd.nl/iiif/10394334/full/max/0/default.jpg
287996,10394333,digital color photograph,https://media.rkd.nl/iiif/10394333/full/max/0/default.jpg
288010,9163100,black and white photograph,https://media.rkd.nl/iiif/9163100/full/max/0/default.jpg
288011,9163101,black and white photograph,https://media.rkd.nl/iiif/9163101/full/max/0/default.jpg
288015,10686316,digital image,https://media.rkd.nl/iiif/10686316/full/max/0/default.jpg
288016,10686317,digital image,https://media.rkd.nl/iiif/10686317/full/max/0/default.jpg
288028,10686329,digital image,https://media.rkd.nl/iiif/10686329/full/max/0/default.jpg
288031,9163130,black and white photograph,https://media.rkd.nl/iiif/9163130/full/max/0/default.jpg
288037,10686388,digital image,https://media.rkd.nl/iiif/10686388/full/max/0/default.jpg
288041,9237653,digital color photograph,https://media.rkd.nl/iiif/9237653/full/max/0/default.jpg
288042,9237655,digital color photograph,https://media.rkd.nl/iiif/9237655/full/max/0/default.jpg
288047,9237693,digital color photograph,https://media.rkd.nl/iiif/9237693/full/max/0/default.jpg
288051,9237635,digital color photograph,https://media.rkd.nl/iiif/9237635/full/max/0/default.jpg
288052,9237667,digital color photograph,https://media.rkd.nl/iiif/9237667/full/max/0/default.jpg
288053,10803124,digital image,https://media.rkd.nl/iiif/10803124/full/max/0/default.jpg
288055,9237669,digital color photograph,https://media.rkd.nl/iiif/9237669/full/max/0/default.jpg
288059,9237671,digital color photograph,https://media.rkd.nl/iiif/9237671/full/max/0/default.jpg
288060,10803127,digital image,https://media.rkd.nl/iiif/10803127/full/max/0/default.jpg
288061,9237683,digital color photograph,https://media.rkd.nl/iiif/9237683/full/max/0/default.jpg
288062,9237695,digital color photograph,https://media.rkd.nl/iiif/9237695/full/max/0/default.jpg
288066,10685628,digital image,https://media.rkd.nl/iiif/10685628/full/max/0/default.jpg
288068,9237629,digital color photograph,https://media.rkd.nl/iiif/9237629/full/max/0/default.jpg
288073,10686503,digital image,https://media.rkd.nl/iiif/10686503/full/max/0/default.jpg
288084,10686517,digital image,https://media.rkd.nl/iiif/10686517/full/max/0/default.jpg
288086,10686521,digital image,https://media.rkd.nl/iiif/10686521/full/max/0/default.jpg
288087,10686522,digital image,https://media.rkd.nl/iiif/10686522/full/max/0/default.jpg
288091,10686525,digital image,https://media.rkd.nl/iiif/10686525/full/max/0/default.jpg
288092,10394417,digital color photograph,https://media.rkd.nl/iiif/10394417/full/max/0/default.jpg
288095,10394364,digital color photograph,https://media.rkd.nl/iiif/10394364/full/max/0/default.jpg
288104,10394410,digital color photograph,https://media.rkd.nl/iiif/10394410/full/max/0/default.jpg
288104,10394411,digital color photograph,https://media.rkd.nl/iiif/10394411/full/max/0/default.jpg
288105,10394420,digital color photograph,https://media.rkd.nl/iiif/10394420/full/max/0/default.jpg
288105,10394421,digital color photograph,https://media.rkd.nl/iiif/10394421/full/max/0/default.jpg
288106,10394419,digital color photograph,https://media.rkd.nl/iiif/10394419/full/max/0/default.jpg
288108,10394432,digital color photograph,https://media.rkd.nl/iiif/10394432/full/max/0/default.jpg
288109,10394430,digital color photograph,https://media.rkd.nl/iiif/10394430/full/max/0/default.jpg
288109,10394431,digital color photograph,https://media.rkd.nl/iiif/10394431/full/max/0/default.jpg
288111,10394429,digital color photograph,https://media.rkd.nl/iiif/10394429/full/max/0/default.jpg
288116,10394424,digital color photograph,https://media.rkd.nl/iiif/10394424/full/max/0/default.jpg
288116,10394425,digital color photograph,https://media.rkd.nl/iiif/10394425/full/max/0/default.jpg
288117,10394409,digital color photograph,https://media.rkd.nl/iiif/10394409/full/max/0/default.jpg
288119,10394407,digital color photograph,https://media.rkd.nl/iiif/10394407/full/max/0/default.jpg
288120,10394404,digital color photograph,https://media.rkd.nl/iiif/10394404/full/max/0/default.jpg
288120,10394405,digital color photograph,https://media.rkd.nl/iiif/10394405/full/max/0/default.jpg
288121,10394402,digital color photograph,https://media.rkd.nl/iiif/10394402/full/max/0/default.jpg
288122,10394400,digital color photograph,https://media.rkd.nl/iiif/10394400/full/max/0/default.jpg
288124,10394434,digital color photograph,https://media.rkd.nl/iiif/10394434/full/max/0/default.jpg
288124,10394435,digital color photograph,https://media.rkd.nl/iiif/10394435/full/max/0/default.jpg
288125,10394438,digital color photograph,https://media.rkd.nl/iiif/10394438/full/max/0/default.jpg
288125,10394439,digital color photograph,https://media.rkd.nl/iiif/10394439/full/max/0/default.jpg
288143,10686594,digital image,https://media.rkd.nl/iiif/10686594/full/max/0/default.jpg
288168,10686630,digital image,https://media.rkd.nl/iiif/10686630/full/max/0/default.jpg
288169,10686632,digital image,https://media.rkd.nl/iiif/10686632/full/max/0/default.jpg
288170,10686633,digital image,https://media.rkd.nl/iiif/10686633/full/max/0/default.jpg
288171,10686634,digital image,https://media.rkd.nl/iiif/10686634/full/max/0/default.jpg
288205,10394569,digital color photograph,https://media.rkd.nl/iiif/10394569/full/max/0/default.jpg
288205,10394570,digital color photograph,https://media.rkd.nl/iiif/10394570/full/max/0/default.jpg
288206,10394571,digital color photograph,https://media.rkd.nl/iiif/10394571/full/max/0/default.jpg
288206,10394572,digital color photograph,https://media.rkd.nl/iiif/10394572/full/max/0/default.jpg
288207,10394681,digital color photograph,https://media.rkd.nl/iiif/10394681/full/max/0/default.jpg
288209,10686741,digital image,https://media.rkd.nl/iiif/10686741/full/max/0/default.jpg
288213,10394612,digital color photograph,https://media.rkd.nl/iiif/10394612/full/max/0/default.jpg
288214,10394609,digital color photograph,https://media.rkd.nl/iiif/10394609/full/max/0/default.jpg
288214,10394610,digital color photograph,https://media.rkd.nl/iiif/10394610/full/max/0/default.jpg
288215,10394573,digital color photograph,https://media.rkd.nl/iiif/10394573/full/max/0/default.jpg
288216,10394575,digital color photograph,https://media.rkd.nl/iiif/10394575/full/max/0/default.jpg
288217,10394559,digital color photograph,https://media.rkd.nl/iiif/10394559/full/max/0/default.jpg
288217,10394560,digital color photograph,https://media.rkd.nl/iiif/10394560/full/max/0/default.jpg
288218,10394557,digital color photograph,https://media.rkd.nl/iiif/10394557/full/max/0/default.jpg
288218,10394558,digital color photograph,https://media.rkd.nl/iiif/10394558/full/max/0/default.jpg
288222,10394567,digital color photograph,https://media.rkd.nl/iiif/10394567/full/max/0/default.jpg
288222,10394568,digital color photograph,https://media.rkd.nl/iiif/10394568/full/max/0/default.jpg
288223,10394607,digital color photograph,https://media.rkd.nl/iiif/10394607/full/max/0/default.jpg
288223,10394608,digital color photograph,https://media.rkd.nl/iiif/10394608/full/max/0/default.jpg
288225,10394680,digital color photograph,https://media.rkd.nl/iiif/10394680/full/max/0/default.jpg
288227,10394554,digital color photograph,https://media.rkd.nl/iiif/10394554/full/max/0/default.jpg
288228,10394588,digital color photograph,https://media.rkd.nl/iiif/10394588/full/max/0/default.jpg
288233,10394601,digital color photograph,https://media.rkd.nl/iiif/10394601/full/max/0/default.jpg
288233,10394602,digital color photograph,https://media.rkd.nl/iiif/10394602/full/max/0/default.jpg
288234,10394662,digital color photograph,https://media.rkd.nl/iiif/10394662/full/max/0/default.jpg
288272,10394653,digital color photograph,https://media.rkd.nl/iiif/10394653/full/max/0/default.jpg
288272,10394654,digital color photograph,https://media.rkd.nl/iiif/10394654/full/max/0/default.jpg
288273,10394599,digital color photograph,https://media.rkd.nl/iiif/10394599/full/max/0/default.jpg
288273,10394600,digital color photograph,https://media.rkd.nl/iiif/10394600/full/max/0/default.jpg
288274,10394657,digital color photograph,https://media.rkd.nl/iiif/10394657/full/max/0/default.jpg
288277,10394677,digital color photograph,https://media.rkd.nl/iiif/10394677/full/max/0/default.jpg
288278,10394666,digital color photograph,https://media.rkd.nl/iiif/10394666/full/max/0/default.jpg
288279,10394586,digital color photograph,https://media.rkd.nl/iiif/10394586/full/max/0/default.jpg
288280,10394584,digital color photograph,https://media.rkd.nl/iiif/10394584/full/max/0/default.jpg
288283,10394578,digital color photograph,https://media.rkd.nl/iiif/10394578/full/max/0/default.jpg
288286,10394598,digital color photograph,https://media.rkd.nl/iiif/10394598/full/max/0/default.jpg
288287,10394595,digital color photograph,https://media.rkd.nl/iiif/10394595/full/max/0/default.jpg
288287,10394596,digital color photograph,https://media.rkd.nl/iiif/10394596/full/max/0/default.jpg
288288,10394594,digital color photograph,https://media.rkd.nl/iiif/10394594/full/max/0/default.jpg
288292,10394589,digital color photograph,https://media.rkd.nl/iiif/10394589/full/max/0/default.jpg
288292,10394590,digital color photograph,https://media.rkd.nl/iiif/10394590/full/max/0/default.jpg
288293,10394655,digital color photograph,https://media.rkd.nl/iiif/10394655/full/max/0/default.jpg
288293,10394656,digital color photograph,https://media.rkd.nl/iiif/10394656/full/max/0/default.jpg
288294,10394625,digital color photograph,https://media.rkd.nl/iiif/10394625/full/max/0/default.jpg
288298,10686884,digital image,https://media.rkd.nl/iiif/10686884/full/max/0/default.jpg
288299,10394631,digital color photograph,https://media.rkd.nl/iiif/10394631/full/max/0/default.jpg
288304,10394633,digital color photograph,https://media.rkd.nl/iiif/10394633/full/max/0/default.jpg
288306,10394635,digital color photograph,https://media.rkd.nl/iiif/10394635/full/max/0/default.jpg
288313,10394667,digital color photograph,https://media.rkd.nl/iiif/10394667/full/max/0/default.jpg
288319,10394671,digital color photograph,https://media.rkd.nl/iiif/10394671/full/max/0/default.jpg
288322,10394636,digital color photograph,https://media.rkd.nl/iiif/10394636/full/max/0/default.jpg
288322,10394637,digital color photograph,https://media.rkd.nl/iiif/10394637/full/max/0/default.jpg
288324,10394561,digital color photograph,https://media.rkd.nl/iiif/10394561/full/max/0/default.jpg
288325,10394639,digital color photograph,https://media.rkd.nl/iiif/10394639/full/max/0/default.jpg
288326,10394672,digital color photograph,https://media.rkd.nl/iiif/10394672/full/max/0/default.jpg
288326,10394673,digital color photograph,https://media.rkd.nl/iiif/10394673/full/max/0/default.jpg
288327,10394640,digital color photograph,https://media.rkd.nl/iiif/10394640/full/max/0/default.jpg
288327,10394641,digital color photograph,https://media.rkd.nl/iiif/10394641/full/max/0/default.jpg
288333,10394622,digital color photograph,https://media.rkd.nl/iiif/10394622/full/max/0/default.jpg
288335,10394564,digital color photograph,https://media.rkd.nl/iiif/10394564/full/max/0/default.jpg
288336,10394674,digital color photograph,https://media.rkd.nl/iiif/10394674/full/max/0/default.jpg
288336,10394675,digital color photograph,https://media.rkd.nl/iiif/10394675/full/max/0/default.jpg
288338,10394648,digital color photograph,https://media.rkd.nl/iiif/10394648/full/max/0/default.jpg
288340,10394661,digital color photograph,https://media.rkd.nl/iiif/10394661/full/max/0/default.jpg
288341,10394619,digital color photograph,https://media.rkd.nl/iiif/10394619/full/max/0/default.jpg
288341,10394620,digital color photograph,https://media.rkd.nl/iiif/10394620/full/max/0/default.jpg
288342,10394617,digital color photograph,https://media.rkd.nl/iiif/10394617/full/max/0/default.jpg
288342,10394618,digital color photograph,https://media.rkd.nl/iiif/10394618/full/max/0/default.jpg
288400,10803145,digital image,https://media.rkd.nl/iiif/10803145/full/max/0/default.jpg
288402,10425508,digital color photograph,https://media.rkd.nl/iiif/10425508/full/max/0/default.jpg
288402,10425509,digital color photograph,https://media.rkd.nl/iiif/10425509/full/max/0/default.jpg
288403,10425513,digital color photograph,https://media.rkd.nl/iiif/10425513/full/max/0/default.jpg
288403,10803746,digital color photograph,https://media.rkd.nl/iiif/10803746/full/max/0/default.jpg
288404,10425515,digital color photograph,https://media.rkd.nl/iiif/10425515/full/max/0/default.jpg
288404,10425516,digital color photograph,https://media.rkd.nl/iiif/10425516/full/max/0/default.jpg
288406,10425521,digital color photograph,https://media.rkd.nl/iiif/10425521/full/max/0/default.jpg
288407,10425520,digital color photograph,https://media.rkd.nl/iiif/10425520/full/max/0/default.jpg
288408,10425517,digital color photograph,https://media.rkd.nl/iiif/10425517/full/max/0/default.jpg
288409,10425528,digital color photograph,https://media.rkd.nl/iiif/10425528/full/max/0/default.jpg
288410,10425523,digital color photograph,https://media.rkd.nl/iiif/10425523/full/max/0/default.jpg
288410,10425524,digital color photograph,https://media.rkd.nl/iiif/10425524/full/max/0/default.jpg
288411,10687139,color reproduction,https://media.rkd.nl/iiif/10687139/full/max/0/default.jpg
288412,10425530,digital color photograph,https://media.rkd.nl/iiif/10425530/full/max/0/default.jpg
288417,9905045,color photograph,https://media.rkd.nl/iiif/9905045/full/max/0/default.jpg
288417,9525591,black and white photograph,https://media.rkd.nl/iiif/9525591/full/max/0/default.jpg
288419,10394353,digital color photograph,https://media.rkd.nl/iiif/10394353/full/max/0/default.jpg
288421,10394355,digital color photograph,https://media.rkd.nl/iiif/10394355/full/max/0/default.jpg
288424,10687147,digital image,https://media.rkd.nl/iiif/10687147/full/max/0/default.jpg
288426,10394348,digital color photograph,https://media.rkd.nl/iiif/10394348/full/max/0/default.jpg
288429,10394345,digital color photograph,https://media.rkd.nl/iiif/10394345/full/max/0/default.jpg
288432,10394351,digital color photograph,https://media.rkd.nl/iiif/10394351/full/max/0/default.jpg
288433,10394341,digital color photograph,https://media.rkd.nl/iiif/10394341/full/max/0/default.jpg
288436,10394339,digital color photograph,https://media.rkd.nl/iiif/10394339/full/max/0/default.jpg
288443,10803146,digital black-and-white photograph,https://media.rkd.nl/iiif/10803146/full/max/0/default.jpg
288444,10803147,digital black-and-white photograph,https://media.rkd.nl/iiif/10803147/full/max/0/default.jpg
288467,10687207,digital image,https://media.rkd.nl/iiif/10687207/full/max/0/default.jpg
288478,10687250,color reproduction,https://media.rkd.nl/iiif/10687250/full/max/0/default.jpg
288503,10687279,digital image,https://media.rkd.nl/iiif/10687279/full/max/0/default.jpg
288504,10687280,digital image,https://media.rkd.nl/iiif/10687280/full/max/0/default.jpg
288505,10687281,black-and-white reproduction,https://media.rkd.nl/iiif/10687281/full/max/0/default.jpg
288510,10687285,digital image,https://media.rkd.nl/iiif/10687285/full/max/0/default.jpg
288518,10687297,black and white photograph,https://media.rkd.nl/iiif/10687297/full/max/0/default.jpg
288532,10687890,digital image,https://media.rkd.nl/iiif/10687890/full/max/0/default.jpg
288532,10687891,digital image,https://media.rkd.nl/iiif/10687891/full/max/0/default.jpg
288535,10687318,digital image,https://media.rkd.nl/iiif/10687318/full/max/0/default.jpg
288557,10687338,digital image,https://media.rkd.nl/iiif/10687338/full/max/0/default.jpg
288560,10687360,color reproduction,https://media.rkd.nl/iiif/10687360/full/max/0/default.jpg
288564,10687363,color reproduction,https://media.rkd.nl/iiif/10687363/full/max/0/default.jpg
288565,10687364,color reproduction,https://media.rkd.nl/iiif/10687364/full/max/0/default.jpg
288567,10687365,color reproduction,https://media.rkd.nl/iiif/10687365/full/max/0/default.jpg
288568,10687366,color reproduction,https://media.rkd.nl/iiif/10687366/full/max/0/default.jpg
288571,10687370,color reproduction,https://media.rkd.nl/iiif/10687370/full/max/0/default.jpg
288586,10687382,digital image,https://media.rkd.nl/iiif/10687382/full/max/0/default.jpg
288587,10687383,digital image,https://media.rkd.nl/iiif/10687383/full/max/0/default.jpg
288589,10687384,digital image,https://media.rkd.nl/iiif/10687384/full/max/0/default.jpg
288590,10687385,digital image,https://media.rkd.nl/iiif/10687385/full/max/0/default.jpg
288594,10687392,digital image,https://media.rkd.nl/iiif/10687392/full/max/0/default.jpg
288610,10425507,digital color photograph,https://media.rkd.nl/iiif/10425507/full/max/0/default.jpg
288621,10394377,digital color photograph,https://media.rkd.nl/iiif/10394377/full/max/0/default.jpg
288622,10394379,digital color photograph,https://media.rkd.nl/iiif/10394379/full/max/0/default.jpg
288622,10394380,digital color photograph,https://media.rkd.nl/iiif/10394380/full/max/0/default.jpg
288652,10687462,digital image,https://media.rkd.nl/iiif/10687462/full/max/0/default.jpg
288662,10687476,digital image,https://media.rkd.nl/iiif/10687476/full/max/0/default.jpg
288663,10687477,digital image,https://media.rkd.nl/iiif/10687477/full/max/0/default.jpg
288669,10687482,digital image,https://media.rkd.nl/iiif/10687482/full/max/0/default.jpg
288724,10035308,black and white photograph,https://media.rkd.nl/iiif/10035308/full/max/0/default.jpg
288728,10035312,black and white photograph,https://media.rkd.nl/iiif/10035312/full/max/0/default.jpg
288763,10035348,black and white photograph,https://media.rkd.nl/iiif/10035348/full/max/0/default.jpg
288802,10688166,black and white photograph,https://media.rkd.nl/iiif/10688166/full/max/0/default.jpg
288806,10687514,digital image,https://media.rkd.nl/iiif/10687514/full/max/0/default.jpg
288811,10687517,digital image,https://media.rkd.nl/iiif/10687517/full/max/0/default.jpg
288824,10716442,BD/Digital Collection,https://media.rkd.nl/iiif/10716442/full/max/0/default.jpg
288829,10687567,digital image,https://media.rkd.nl/iiif/10687567/full/max/0/default.jpg
288846,10687586,digital image,https://media.rkd.nl/iiif/10687586/full/max/0/default.jpg
288847,10687587,digital image,https://media.rkd.nl/iiif/10687587/full/max/0/default.jpg
288875,10687622,digital image,https://media.rkd.nl/iiif/10687622/full/max/0/default.jpg
288876,10687623,digital image,https://media.rkd.nl/iiif/10687623/full/max/0/default.jpg
288877,10687624,digital image,https://media.rkd.nl/iiif/10687624/full/max/0/default.jpg
288880,10687627,digital image,https://media.rkd.nl/iiif/10687627/full/max/0/default.jpg
288881,10687630,digital image,https://media.rkd.nl/iiif/10687630/full/max/0/default.jpg
288888,10687639,digital image,https://media.rkd.nl/iiif/10687639/full/max/0/default.jpg
288894,10687651,digital image,https://media.rkd.nl/iiif/10687651/full/max/0/default.jpg
288898,10687656,digital image,https://media.rkd.nl/iiif/10687656/full/max/0/default.jpg
288903,10687662,digital image,https://media.rkd.nl/iiif/10687662/full/max/0/default.jpg
288903,10687663,digital image,https://media.rkd.nl/iiif/10687663/full/max/0/default.jpg
288911,10687684,digital image,https://media.rkd.nl/iiif/10687684/full/max/0/default.jpg
288911,10803188,digital image,https://media.rkd.nl/iiif/10803188/full/max/0/default.jpg
288912,10687688,digital image,https://media.rkd.nl/iiif/10687688/full/max/0/default.jpg
288912,10687689,digital image,https://media.rkd.nl/iiif/10687689/full/max/0/default.jpg
288930,10687749,digital image,https://media.rkd.nl/iiif/10687749/full/max/0/default.jpg
288933,10687756,digital image,https://media.rkd.nl/iiif/10687756/full/max/0/default.jpg
288934,10687757,digital image,https://media.rkd.nl/iiif/10687757/full/max/0/default.jpg
288941,10687765,digital image,https://media.rkd.nl/iiif/10687765/full/max/0/default.jpg
288944,10687783,digital image,https://media.rkd.nl/iiif/10687783/full/max/0/default.jpg
288946,10687786,digital image,https://media.rkd.nl/iiif/10687786/full/max/0/default.jpg
289000,10687858,print,https://media.rkd.nl/iiif/10687858/full/max/0/default.jpg
289000,10687857,digital image,https://media.rkd.nl/iiif/10687857/full/max/0/default.jpg
289001,10687859,color reproduction,https://media.rkd.nl/iiif/10687859/full/max/0/default.jpg
289004,10974800,digital image,https://media.rkd.nl/iiif/10974800/full/max/0/default.jpg
289017,10687889,digital image,https://media.rkd.nl/iiif/10687889/full/max/0/default.jpg
289028,10687952,color reproduction,https://media.rkd.nl/iiif/10687952/full/max/0/default.jpg
289030,10687953,color reproduction,https://media.rkd.nl/iiif/10687953/full/max/0/default.jpg
289043,10687974,digital image,https://media.rkd.nl/iiif/10687974/full/max/0/default.jpg
289054,10688022,digital image,https://media.rkd.nl/iiif/10688022/full/max/0/default.jpg
289068,10688073,digital image,https://media.rkd.nl/iiif/10688073/full/max/0/default.jpg
289088,10688107,color reproduction,https://media.rkd.nl/iiif/10688107/full/max/0/default.jpg
289093,10688151,digital image,https://media.rkd.nl/iiif/10688151/full/max/0/default.jpg
289139,10688226,digital image,https://media.rkd.nl/iiif/10688226/full/max/0/default.jpg
289143,10688232,digital image,https://media.rkd.nl/iiif/10688232/full/max/0/default.jpg
289147,10688228,digital image,https://media.rkd.nl/iiif/10688228/full/max/0/default.jpg
289154,10688242,digital image,https://media.rkd.nl/iiif/10688242/full/max/0/default.jpg
289160,10688244,digital image,https://media.rkd.nl/iiif/10688244/full/max/0/default.jpg
289168,10688248,digital image,https://media.rkd.nl/iiif/10688248/full/max/0/default.jpg
289187,10688265,color reproduction,https://media.rkd.nl/iiif/10688265/full/max/0/default.jpg
289199,10688275,digital image,https://media.rkd.nl/iiif/10688275/full/max/0/default.jpg
289200,10688276,color reproduction,https://media.rkd.nl/iiif/10688276/full/max/0/default.jpg
289201,10688278,color reproduction,https://media.rkd.nl/iiif/10688278/full/max/0/default.jpg
289202,10688279,color reproduction,https://media.rkd.nl/iiif/10688279/full/max/0/default.jpg
289205,10688370,digital image,https://media.rkd.nl/iiif/10688370/full/max/0/default.jpg
289222,10688313,color reproduction,https://media.rkd.nl/iiif/10688313/full/max/0/default.jpg
289230,10688352,digital image,https://media.rkd.nl/iiif/10688352/full/max/0/default.jpg
289233,10803261,digital image,https://media.rkd.nl/iiif/10803261/full/max/0/default.jpg
289235,10688360,black-and-white reproduction,https://media.rkd.nl/iiif/10688360/full/max/0/default.jpg
289238,10688361,digital image,https://media.rkd.nl/iiif/10688361/full/max/0/default.jpg
289242,10688371,digital image,https://media.rkd.nl/iiif/10688371/full/max/0/default.jpg
289251,10688378,digital image,https://media.rkd.nl/iiif/10688378/full/max/0/default.jpg
289254,10688381,digital image,https://media.rkd.nl/iiif/10688381/full/max/0/default.jpg
289265,10688399,digital image,https://media.rkd.nl/iiif/10688399/full/max/0/default.jpg
289265,10713220,digital image,https://media.rkd.nl/iiif/10713220/full/max/0/default.jpg
289274,10426069,digital color photograph,https://media.rkd.nl/iiif/10426069/full/max/0/default.jpg
289274,10425709,digital color photograph,https://media.rkd.nl/iiif/10425709/full/max/0/default.jpg
289274,10425710,digital color photograph,https://media.rkd.nl/iiif/10425710/full/max/0/default.jpg
289274,10425711,digital color photograph,https://media.rkd.nl/iiif/10425711/full/max/0/default.jpg
289274,10425712,digital color photograph,https://media.rkd.nl/iiif/10425712/full/max/0/default.jpg
289274,10425713,digital color photograph,https://media.rkd.nl/iiif/10425713/full/max/0/default.jpg
289274,10425716,digital color photograph,https://media.rkd.nl/iiif/10425716/full/max/0/default.jpg
289274,10425717,digital color photograph,https://media.rkd.nl/iiif/10425717/full/max/0/default.jpg
289274,10425718,digital color photograph,https://media.rkd.nl/iiif/10425718/full/max/0/default.jpg
289274,10425719,digital color photograph,https://media.rkd.nl/iiif/10425719/full/max/0/default.jpg
289274,10425720,digital color photograph,https://media.rkd.nl/iiif/10425720/full/max/0/default.jpg
289274,10425721,digital color photograph,https://media.rkd.nl/iiif/10425721/full/max/0/default.jpg
289274,10425723,digital color photograph,https://media.rkd.nl/iiif/10425723/full/max/0/default.jpg
289274,10425724,digital color photograph,https://media.rkd.nl/iiif/10425724/full/max/0/default.jpg
289274,10425725,digital color photograph,https://media.rkd.nl/iiif/10425725/full/max/0/default.jpg
289274,10425726,digital color photograph,https://media.rkd.nl/iiif/10425726/full/max/0/default.jpg
289274,10425727,digital color photograph,https://media.rkd.nl/iiif/10425727/full/max/0/default.jpg
289274,10425728,digital color photograph,https://media.rkd.nl/iiif/10425728/full/max/0/default.jpg
289274,10425729,digital color photograph,https://media.rkd.nl/iiif/10425729/full/max/0/default.jpg
289274,10425730,digital color photograph,https://media.rkd.nl/iiif/10425730/full/max/0/default.jpg
289274,10425731,digital color photograph,https://media.rkd.nl/iiif/10425731/full/max/0/default.jpg
289274,10425732,digital color photograph,https://media.rkd.nl/iiif/10425732/full/max/0/default.jpg
289274,10425733,digital color photograph,https://media.rkd.nl/iiif/10425733/full/max/0/default.jpg
289274,10425734,digital color photograph,https://media.rkd.nl/iiif/10425734/full/max/0/default.jpg
289274,10425735,digital color photograph,https://media.rkd.nl/iiif/10425735/full/max/0/default.jpg
289274,10425736,digital color photograph,https://media.rkd.nl/iiif/10425736/full/max/0/default.jpg
289274,10425737,digital color photograph,https://media.rkd.nl/iiif/10425737/full/max/0/default.jpg
289280,10900027,digital image,https://media.rkd.nl/iiif/10900027/full/max/0/default.jpg
289282,10688446,digital image,https://media.rkd.nl/iiif/10688446/full/max/0/default.jpg
289284,10688447,digital image,https://media.rkd.nl/iiif/10688447/full/max/0/default.jpg
289284,10688449,digital image,https://media.rkd.nl/iiif/10688449/full/max/0/default.jpg
289284,10688450,digital image,https://media.rkd.nl/iiif/10688450/full/max/0/default.jpg
289284,10688451,digital image,https://media.rkd.nl/iiif/10688451/full/max/0/default.jpg
289285,10688461,digital image,https://media.rkd.nl/iiif/10688461/full/max/0/default.jpg
289285,10688452,color reproduction,https://media.rkd.nl/iiif/10688452/full/max/0/default.jpg
289286,10688453,digital image,https://media.rkd.nl/iiif/10688453/full/max/0/default.jpg
289287,10688456,color reproduction,https://media.rkd.nl/iiif/10688456/full/max/0/default.jpg
289304,10688471,color reproduction,https://media.rkd.nl/iiif/10688471/full/max/0/default.jpg
289306,10688473,digital image,https://media.rkd.nl/iiif/10688473/full/max/0/default.jpg
289319,10688483,digital image,https://media.rkd.nl/iiif/10688483/full/max/0/default.jpg
289323,10688490,digital image,https://media.rkd.nl/iiif/10688490/full/max/0/default.jpg
289324,10688491,black-and-white reproduction,https://media.rkd.nl/iiif/10688491/full/max/0/default.jpg
289328,10688496,black and white photograph,https://media.rkd.nl/iiif/10688496/full/max/0/default.jpg
289332,10688508,black-and-white reproduction,https://media.rkd.nl/iiif/10688508/full/max/0/default.jpg
289339,10688515,digital image,https://media.rkd.nl/iiif/10688515/full/max/0/default.jpg
289340,10688516,digital image,https://media.rkd.nl/iiif/10688516/full/max/0/default.jpg
289341,10688517,digital image,https://media.rkd.nl/iiif/10688517/full/max/0/default.jpg
289343,10688519,digital image,https://media.rkd.nl/iiif/10688519/full/max/0/default.jpg
289347,10688521,digital image,https://media.rkd.nl/iiif/10688521/full/max/0/default.jpg
289348,10688523,digital image,https://media.rkd.nl/iiif/10688523/full/max/0/default.jpg
289349,10688522,digital image,https://media.rkd.nl/iiif/10688522/full/max/0/default.jpg
289352,10688528,black-and-white reproduction,https://media.rkd.nl/iiif/10688528/full/max/0/default.jpg
289370,10688542,digital image,https://media.rkd.nl/iiif/10688542/full/max/0/default.jpg
289381,10688552,digital image,https://media.rkd.nl/iiif/10688552/full/max/0/default.jpg
289389,10688563,digital image,https://media.rkd.nl/iiif/10688563/full/max/0/default.jpg
289393,10688553,color reproduction,https://media.rkd.nl/iiif/10688553/full/max/0/default.jpg
289394,10688570,color reproduction,https://media.rkd.nl/iiif/10688570/full/max/0/default.jpg
289397,10688569,digital image,https://media.rkd.nl/iiif/10688569/full/max/0/default.jpg
289414,10688636,reproduction (derivative object),https://media.rkd.nl/iiif/10688636/full/max/0/default.jpg
289428,10688658,digital image,https://media.rkd.nl/iiif/10688658/full/max/0/default.jpg
289432,10688657,reproduction (derivative object),https://media.rkd.nl/iiif/10688657/full/max/0/default.jpg
289436,10688663,black-and-white reproduction,https://media.rkd.nl/iiif/10688663/full/max/0/default.jpg
289439,10688670,digital image,https://media.rkd.nl/iiif/10688670/full/max/0/default.jpg
289444,10688673,black-and-white reproduction,https://media.rkd.nl/iiif/10688673/full/max/0/default.jpg
289449,10688682,digital image,https://media.rkd.nl/iiif/10688682/full/max/0/default.jpg
289452,10688685,digital image,https://media.rkd.nl/iiif/10688685/full/max/0/default.jpg
289454,10688687,black and white photograph,https://media.rkd.nl/iiif/10688687/full/max/0/default.jpg
289457,10688691,black and white photograph,https://media.rkd.nl/iiif/10688691/full/max/0/default.jpg
289459,10688693,black-and-white reproduction,https://media.rkd.nl/iiif/10688693/full/max/0/default.jpg
289463,10688699,color reproduction,https://media.rkd.nl/iiif/10688699/full/max/0/default.jpg
289470,10688712,digital image,https://media.rkd.nl/iiif/10688712/full/max/0/default.jpg
289479,10688746,reproduction (derivative object),https://media.rkd.nl/iiif/10688746/full/max/0/default.jpg
289484,10688751,digital image,https://media.rkd.nl/iiif/10688751/full/max/0/default.jpg
289491,10688770,black-and-white reproduction,https://media.rkd.nl/iiif/10688770/full/max/0/default.jpg
289495,10688773,digital image,https://media.rkd.nl/iiif/10688773/full/max/0/default.jpg
289496,10688774,digital image,https://media.rkd.nl/iiif/10688774/full/max/0/default.jpg
289498,10688776,digital image,https://media.rkd.nl/iiif/10688776/full/max/0/default.jpg
289508,10688785,digital image,https://media.rkd.nl/iiif/10688785/full/max/0/default.jpg
289513,10688788,digital image,https://media.rkd.nl/iiif/10688788/full/max/0/default.jpg
289514,10688790,digital image,https://media.rkd.nl/iiif/10688790/full/max/0/default.jpg
289522,10688797,digital image,https://media.rkd.nl/iiif/10688797/full/max/0/default.jpg
289524,10688799,digital image,https://media.rkd.nl/iiif/10688799/full/max/0/default.jpg
289533,10688804,digital image,https://media.rkd.nl/iiif/10688804/full/max/0/default.jpg
289539,10688811,digital image,https://media.rkd.nl/iiif/10688811/full/max/0/default.jpg
289540,10688812,digital image,https://media.rkd.nl/iiif/10688812/full/max/0/default.jpg
289555,10688830,digital image,https://media.rkd.nl/iiif/10688830/full/max/0/default.jpg
289577,10688857,digital image,https://media.rkd.nl/iiif/10688857/full/max/0/default.jpg
289582,10688863,color reproduction,https://media.rkd.nl/iiif/10688863/full/max/0/default.jpg
289583,10688864,color reproduction,https://media.rkd.nl/iiif/10688864/full/max/0/default.jpg
289587,10688866,digital color photograph,https://media.rkd.nl/iiif/10688866/full/max/0/default.jpg
289595,10688878,black-and-white reproduction,https://media.rkd.nl/iiif/10688878/full/max/0/default.jpg
289619,10803431,digital image,https://media.rkd.nl/iiif/10803431/full/max/0/default.jpg
289619,10688909,BD/RKD/0952 - BUI/Paintings and Drawings/Central European States excluding Russia,https://media.rkd.nl/iiif/10688909/full/max/0/default.jpg
289621,10688911,digital image,https://media.rkd.nl/iiif/10688911/full/max/0/default.jpg
289622,10688912,color reproduction,https://media.rkd.nl/iiif/10688912/full/max/0/default.jpg
289631,10688920,black-and-white reproduction,https://media.rkd.nl/iiif/10688920/full/max/0/default.jpg
289634,10688924,black-and-white reproduction,https://media.rkd.nl/iiif/10688924/full/max/0/default.jpg
289641,10688929,digital image,https://media.rkd.nl/iiif/10688929/full/max/0/default.jpg
289647,10688934,digital image,https://media.rkd.nl/iiif/10688934/full/max/0/default.jpg
289648,10688935,digital image,https://media.rkd.nl/iiif/10688935/full/max/0/default.jpg
289649,10688936,digital image,https://media.rkd.nl/iiif/10688936/full/max/0/default.jpg
289650,10688937,black and white photograph,https://media.rkd.nl/iiif/10688937/full/max/0/default.jpg
289653,10688940,digital image,https://media.rkd.nl/iiif/10688940/full/max/0/default.jpg
289654,10688941,digital image,https://media.rkd.nl/iiif/10688941/full/max/0/default.jpg
289655,10688943,digital image,https://media.rkd.nl/iiif/10688943/full/max/0/default.jpg
289664,10688951,digital image,https://media.rkd.nl/iiif/10688951/full/max/0/default.jpg
289666,10688952,digital image,https://media.rkd.nl/iiif/10688952/full/max/0/default.jpg
289666,10688959,digital image,https://media.rkd.nl/iiif/10688959/full/max/0/default.jpg
289668,10688954,digital black-and-white photograph,https://media.rkd.nl/iiif/10688954/full/max/0/default.jpg
289669,10803430,digital image,https://media.rkd.nl/iiif/10803430/full/max/0/default.jpg
289671,10688963,digital image,https://media.rkd.nl/iiif/10688963/full/max/0/default.jpg
289672,10688966,digital image,https://media.rkd.nl/iiif/10688966/full/max/0/default.jpg
289694,10689030,digital image,https://media.rkd.nl/iiif/10689030/full/max/0/default.jpg
289696,10689033,digital image,https://media.rkd.nl/iiif/10689033/full/max/0/default.jpg
289697,10689034,digital image,https://media.rkd.nl/iiif/10689034/full/max/0/default.jpg
289707,10689080,black-and-white reproduction,https://media.rkd.nl/iiif/10689080/full/max/0/default.jpg
289711,10689086,black-and-white reproduction,https://media.rkd.nl/iiif/10689086/full/max/0/default.jpg
289712,10689088,black-and-white reproduction,https://media.rkd.nl/iiif/10689088/full/max/0/default.jpg
289717,10689096,black-and-white reproduction,https://media.rkd.nl/iiif/10689096/full/max/0/default.jpg
289727,10689107,digital image,https://media.rkd.nl/iiif/10689107/full/max/0/default.jpg
289734,10689113,digital image,https://media.rkd.nl/iiif/10689113/full/max/0/default.jpg
289742,10426423,digital image,https://media.rkd.nl/iiif/10426423/full/max/0/default.jpg
289742,10689133,BD/Digital Collection,https://media.rkd.nl/iiif/10689133/full/max/0/default.jpg
289757,10689174,digital image,https://media.rkd.nl/iiif/10689174/full/max/0/default.jpg
289759,10689176,digital image,https://media.rkd.nl/iiif/10689176/full/max/0/default.jpg
289775,10689229,digital image,https://media.rkd.nl/iiif/10689229/full/max/0/default.jpg
289779,10689253,digital image,https://media.rkd.nl/iiif/10689253/full/max/0/default.jpg
289783,10689323,digital image,https://media.rkd.nl/iiif/10689323/full/max/0/default.jpg
289793,10689357,digital image,https://media.rkd.nl/iiif/10689357/full/max/0/default.jpg
289794,10689361,digital image,https://media.rkd.nl/iiif/10689361/full/max/0/default.jpg
289801,10689374,digital image,https://media.rkd.nl/iiif/10689374/full/max/0/default.jpg
289810,10689405,color reproduction,https://media.rkd.nl/iiif/10689405/full/max/0/default.jpg
289813,10689406,color reproduction,https://media.rkd.nl/iiif/10689406/full/max/0/default.jpg
289814,10689408,digital image,https://media.rkd.nl/iiif/10689408/full/max/0/default.jpg
289816,10689410,digital image,https://media.rkd.nl/iiif/10689410/full/max/0/default.jpg
289825,10689422,digital image,https://media.rkd.nl/iiif/10689422/full/max/0/default.jpg
289835,10689432,digital image,https://media.rkd.nl/iiif/10689432/full/max/0/default.jpg
289839,10689433,digital image,https://media.rkd.nl/iiif/10689433/full/max/0/default.jpg
289840,10689434,digital image,https://media.rkd.nl/iiif/10689434/full/max/0/default.jpg
289841,10689435,digital image,https://media.rkd.nl/iiif/10689435/full/max/0/default.jpg
289870,10689482,digital black-and-white photograph,https://media.rkd.nl/iiif/10689482/full/max/0/default.jpg
289872,10689484,digital image,https://media.rkd.nl/iiif/10689484/full/max/0/default.jpg
289882,10689496,digital image,https://media.rkd.nl/iiif/10689496/full/max/0/default.jpg
289883,10689494,digital image,https://media.rkd.nl/iiif/10689494/full/max/0/default.jpg
289884,10689497,digital black-and-white photograph,https://media.rkd.nl/iiif/10689497/full/max/0/default.jpg
289896,10689530,digital image,https://media.rkd.nl/iiif/10689530/full/max/0/default.jpg
289898,10689067,digital image,https://media.rkd.nl/iiif/10689067/full/max/0/default.jpg
289899,10689533,color reproduction,https://media.rkd.nl/iiif/10689533/full/max/0/default.jpg
289901,10689066,digital image,https://media.rkd.nl/iiif/10689066/full/max/0/default.jpg
289903,10689065,digital image,https://media.rkd.nl/iiif/10689065/full/max/0/default.jpg
289905,10689064,digital image,https://media.rkd.nl/iiif/10689064/full/max/0/default.jpg
289912,10689543,digital image,https://media.rkd.nl/iiif/10689543/full/max/0/default.jpg
289915,10689545,BD/Digital Collection,https://media.rkd.nl/iiif/10689545/full/max/0/default.jpg
289919,10689550,digital image,https://media.rkd.nl/iiif/10689550/full/max/0/default.jpg
289923,10689554,digital image,https://media.rkd.nl/iiif/10689554/full/max/0/default.jpg
289946,10689639,black and white photograph,https://media.rkd.nl/iiif/10689639/full/max/0/default.jpg
289948,10689652,digital image,https://media.rkd.nl/iiif/10689652/full/max/0/default.jpg
289948,10689655,digital image,https://media.rkd.nl/iiif/10689655/full/max/0/default.jpg
289948,10689653,digital image,https://media.rkd.nl/iiif/10689653/full/max/0/default.jpg
289951,10689701,black-and-white reproduction,https://media.rkd.nl/iiif/10689701/full/max/0/default.jpg
289955,10689705,digital image,https://media.rkd.nl/iiif/10689705/full/max/0/default.jpg
289957,10689709,digital image,https://media.rkd.nl/iiif/10689709/full/max/0/default.jpg
289962,10689716,digital image,https://media.rkd.nl/iiif/10689716/full/max/0/default.jpg
289976,10689818,digital black-and-white photograph,https://media.rkd.nl/iiif/10689818/full/max/0/default.jpg
289979,10689820,digital image,https://media.rkd.nl/iiif/10689820/full/max/0/default.jpg
289984,10689825,digital image,https://media.rkd.nl/iiif/10689825/full/max/0/default.jpg
289986,10689827,digital black-and-white photograph,https://media.rkd.nl/iiif/10689827/full/max/0/default.jpg
289992,10689831,digital image,https://media.rkd.nl/iiif/10689831/full/max/0/default.jpg
289993,10689833,digital image,https://media.rkd.nl/iiif/10689833/full/max/0/default.jpg
289997,9156813,black and white photograph,https://media.rkd.nl/iiif/9156813/full/max/0/default.jpg
289999,9156815,black and white photograph,https://media.rkd.nl/iiif/9156815/full/max/0/default.jpg
290000,9154461,black and white photograph,https://media.rkd.nl/iiif/9154461/full/max/0/default.jpg
290001,9154459,black and white photograph,https://media.rkd.nl/iiif/9154459/full/max/0/default.jpg
290002,9156816,black and white photograph,https://media.rkd.nl/iiif/9156816/full/max/0/default.jpg
290003,10689868,color reproduction,https://media.rkd.nl/iiif/10689868/full/max/0/default.jpg
290005,9156814,black and white photograph,https://media.rkd.nl/iiif/9156814/full/max/0/default.jpg
290007,9156818,black and white photograph,https://media.rkd.nl/iiif/9156818/full/max/0/default.jpg
290008,9154460,black and white photograph,https://media.rkd.nl/iiif/9154460/full/max/0/default.jpg
290012,10689907,digital image,https://media.rkd.nl/iiif/10689907/full/max/0/default.jpg
290016,10689910,black-and-white reproduction,https://media.rkd.nl/iiif/10689910/full/max/0/default.jpg
290018,10689911,digital image,https://media.rkd.nl/iiif/10689911/full/max/0/default.jpg
290025,10689944,digital image,https://media.rkd.nl/iiif/10689944/full/max/0/default.jpg
290026,10690528,digital image,https://media.rkd.nl/iiif/10690528/full/max/0/default.jpg
290026,10689948,RKD/BIB,https://media.rkd.nl/iiif/10689948/full/max/0/default.jpg
290035,10689959,color reproduction,https://media.rkd.nl/iiif/10689959/full/max/0/default.jpg
290038,10689962,digital image,https://media.rkd.nl/iiif/10689962/full/max/0/default.jpg
290039,10689963,digital image,https://media.rkd.nl/iiif/10689963/full/max/0/default.jpg
290040,10689964,digital image,https://media.rkd.nl/iiif/10689964/full/max/0/default.jpg
290042,10689966,digital image,https://media.rkd.nl/iiif/10689966/full/max/0/default.jpg
290043,10689968,digital image,https://media.rkd.nl/iiif/10689968/full/max/0/default.jpg
290044,10689969,digital image,https://media.rkd.nl/iiif/10689969/full/max/0/default.jpg
290046,10689972,digital image,https://media.rkd.nl/iiif/10689972/full/max/0/default.jpg
290047,10689974,digital image,https://media.rkd.nl/iiif/10689974/full/max/0/default.jpg
290047,10689973,digital image,https://media.rkd.nl/iiif/10689973/full/max/0/default.jpg
290054,10689981,digital image,https://media.rkd.nl/iiif/10689981/full/max/0/default.jpg
290064,10689999,digital image,https://media.rkd.nl/iiif/10689999/full/max/0/default.jpg
290067,10690002,digital image,https://media.rkd.nl/iiif/10690002/full/max/0/default.jpg
290076,10690029,digital image,https://media.rkd.nl/iiif/10690029/full/max/0/default.jpg
290080,10690030,digital image,https://media.rkd.nl/iiif/10690030/full/max/0/default.jpg
290085,10690042,digital image,https://media.rkd.nl/iiif/10690042/full/max/0/default.jpg
290195,10690276,digital image,https://media.rkd.nl/iiif/10690276/full/max/0/default.jpg
290196,10690277,digital image,https://media.rkd.nl/iiif/10690277/full/max/0/default.jpg
290197,10690278,digital image,https://media.rkd.nl/iiif/10690278/full/max/0/default.jpg
290201,10692972,digital image,https://media.rkd.nl/iiif/10692972/full/max/0/default.jpg
290218,10690296,digital image,https://media.rkd.nl/iiif/10690296/full/max/0/default.jpg
290222,10690301,digital image,https://media.rkd.nl/iiif/10690301/full/max/0/default.jpg
290223,10690304,digital image,https://media.rkd.nl/iiif/10690304/full/max/0/default.jpg
290225,10690299,digital file,https://media.rkd.nl/iiif/10690299/full/max/0/default.jpg
290226,10690305,digital image,https://media.rkd.nl/iiif/10690305/full/max/0/default.jpg
290227,10690307,digital image,https://media.rkd.nl/iiif/10690307/full/max/0/default.jpg
290246,10690329,digital image,https://media.rkd.nl/iiif/10690329/full/max/0/default.jpg
290247,10690330,digital image,https://media.rkd.nl/iiif/10690330/full/max/0/default.jpg
290259,10803474,digital image,https://media.rkd.nl/iiif/10803474/full/max/0/default.jpg
290261,10690384,digital image,https://media.rkd.nl/iiif/10690384/full/max/0/default.jpg
290262,10690386,digital image,https://media.rkd.nl/iiif/10690386/full/max/0/default.jpg
290267,10690394,digital file,https://media.rkd.nl/iiif/10690394/full/max/0/default.jpg
290274,9293778,brown photograph,https://media.rkd.nl/iiif/9293778/full/max/0/default.jpg
290280,10690466,digital image,https://media.rkd.nl/iiif/10690466/full/max/0/default.jpg
290291,10690496,digital image,https://media.rkd.nl/iiif/10690496/full/max/0/default.jpg
290301,10690513,color reproduction,https://media.rkd.nl/iiif/10690513/full/max/0/default.jpg
290307,10690523,digital image,https://media.rkd.nl/iiif/10690523/full/max/0/default.jpg
290312,10690563,color reproduction,https://media.rkd.nl/iiif/10690563/full/max/0/default.jpg
290313,10690581,digital image,https://media.rkd.nl/iiif/10690581/full/max/0/default.jpg
290313,10690564,color reproduction,https://media.rkd.nl/iiif/10690564/full/max/0/default.jpg
290318,10690626,brown photograph,https://media.rkd.nl/iiif/10690626/full/max/0/default.jpg
290326,10690668,color reproduction,https://media.rkd.nl/iiif/10690668/full/max/0/default.jpg
290364,10690908,digital image,https://media.rkd.nl/iiif/10690908/full/max/0/default.jpg
290395,10690780,digital image,https://media.rkd.nl/iiif/10690780/full/max/0/default.jpg
290396,10691000,digital image,https://media.rkd.nl/iiif/10691000/full/max/0/default.jpg
290397,10690781,digital image,https://media.rkd.nl/iiif/10690781/full/max/0/default.jpg
290398,10690782,digital image,https://media.rkd.nl/iiif/10690782/full/max/0/default.jpg
290399,10690783,digital image,https://media.rkd.nl/iiif/10690783/full/max/0/default.jpg
290401,10691002,digital image,https://media.rkd.nl/iiif/10691002/full/max/0/default.jpg
290404,9293779,brown photograph,https://media.rkd.nl/iiif/9293779/full/max/0/default.jpg
290404,9293780,brown photograph,https://media.rkd.nl/iiif/9293780/full/max/0/default.jpg
290409,9293790,back-side (of image),https://media.rkd.nl/iiif/9293790/full/max/0/default.jpg
290412,10691015,digital image,https://media.rkd.nl/iiif/10691015/full/max/0/default.jpg
290439,10691129,digital image,https://media.rkd.nl/iiif/10691129/full/max/0/default.jpg
290441,10691134,digital image,https://media.rkd.nl/iiif/10691134/full/max/0/default.jpg
290445,10691138,digital image,https://media.rkd.nl/iiif/10691138/full/max/0/default.jpg
290460,10691154,digital image,https://media.rkd.nl/iiif/10691154/full/max/0/default.jpg
290461,10691155,digital image,https://media.rkd.nl/iiif/10691155/full/max/0/default.jpg
290490,10692648,digital image,https://media.rkd.nl/iiif/10692648/full/max/0/default.jpg
290504,10691283,black-and-white reproduction,https://media.rkd.nl/iiif/10691283/full/max/0/default.jpg
290505,10691284,black-and-white reproduction,https://media.rkd.nl/iiif/10691284/full/max/0/default.jpg
290509,10691286,color reproduction,https://media.rkd.nl/iiif/10691286/full/max/0/default.jpg
290512,10691287,reproduction (derivative object),https://media.rkd.nl/iiif/10691287/full/max/0/default.jpg
290518,10425504,digital color photograph,https://media.rkd.nl/iiif/10425504/full/max/0/default.jpg
290521,10425496,digital color photograph,https://media.rkd.nl/iiif/10425496/full/max/0/default.jpg
290522,10425500,digital color photograph,https://media.rkd.nl/iiif/10425500/full/max/0/default.jpg
290523,10691296,digital image,https://media.rkd.nl/iiif/10691296/full/max/0/default.jpg
290525,10425498,digital color photograph,https://media.rkd.nl/iiif/10425498/full/max/0/default.jpg
290527,10425494,digital color photograph,https://media.rkd.nl/iiif/10425494/full/max/0/default.jpg
290528,10425483,digital color photograph,https://media.rkd.nl/iiif/10425483/full/max/0/default.jpg
290529,10803744,digital color photograph,https://media.rkd.nl/iiif/10803744/full/max/0/default.jpg
290530,10425486,digital color photograph,https://media.rkd.nl/iiif/10425486/full/max/0/default.jpg
290531,10425488,digital color photograph,https://media.rkd.nl/iiif/10425488/full/max/0/default.jpg
290532,10425490,digital color photograph,https://media.rkd.nl/iiif/10425490/full/max/0/default.jpg
290533,10425492,digital color photograph,https://media.rkd.nl/iiif/10425492/full/max/0/default.jpg
290538,10692271,color photograph,https://media.rkd.nl/iiif/10692271/full/max/0/default.jpg
290538,10691342,black-and-white reproduction,https://media.rkd.nl/iiif/10691342/full/max/0/default.jpg
290539,10691343,black and white photograph,https://media.rkd.nl/iiif/10691343/full/max/0/default.jpg
290543,10691355,digital image,https://media.rkd.nl/iiif/10691355/full/max/0/default.jpg
290545,10691353,digital image,https://media.rkd.nl/iiif/10691353/full/max/0/default.jpg
290549,10691363,color reproduction,https://media.rkd.nl/iiif/10691363/full/max/0/default.jpg
290549,10691359,black and white photograph,https://media.rkd.nl/iiif/10691359/full/max/0/default.jpg
290555,10691367,color reproduction,https://media.rkd.nl/iiif/10691367/full/max/0/default.jpg
290584,10691418,digital image,https://media.rkd.nl/iiif/10691418/full/max/0/default.jpg
290585,10691419,digital image,https://media.rkd.nl/iiif/10691419/full/max/0/default.jpg
290586,10691420,digital image,https://media.rkd.nl/iiif/10691420/full/max/0/default.jpg
290587,10691425,digital image,https://media.rkd.nl/iiif/10691425/full/max/0/default.jpg
290602,10691493,digital image,https://media.rkd.nl/iiif/10691493/full/max/0/default.jpg
290619,10691499,digital image,https://media.rkd.nl/iiif/10691499/full/max/0/default.jpg
290620,10691501,digital image,https://media.rkd.nl/iiif/10691501/full/max/0/default.jpg
290625,10693604,digital image,https://media.rkd.nl/iiif/10693604/full/max/0/default.jpg
290625,10691515,color reproduction,https://media.rkd.nl/iiif/10691515/full/max/0/default.jpg
290627,10691522,digital image,https://media.rkd.nl/iiif/10691522/full/max/0/default.jpg
290635,10718422,digital image,https://media.rkd.nl/iiif/10718422/full/max/0/default.jpg
290635,10691531,digital image,https://media.rkd.nl/iiif/10691531/full/max/0/default.jpg
290656,10691590,digital image,https://media.rkd.nl/iiif/10691590/full/max/0/default.jpg
290664,10691596,digital image,https://media.rkd.nl/iiif/10691596/full/max/0/default.jpg
290693,10691659,digital file,https://media.rkd.nl/iiif/10691659/full/max/0/default.jpg
290696,10691661,digital image,https://media.rkd.nl/iiif/10691661/full/max/0/default.jpg
290699,10691664,brown photograph,https://media.rkd.nl/iiif/10691664/full/max/0/default.jpg
290700,10691669,black and white photograph,https://media.rkd.nl/iiif/10691669/full/max/0/default.jpg
290706,10691672,digital image,https://media.rkd.nl/iiif/10691672/full/max/0/default.jpg
290714,10691684,color reproduction,https://media.rkd.nl/iiif/10691684/full/max/0/default.jpg
290717,10691688,BD/Digital Collection,https://media.rkd.nl/iiif/10691688/full/max/0/default.jpg
290719,10691691,digital image,https://media.rkd.nl/iiif/10691691/full/max/0/default.jpg
290720,10691692,digital image,https://media.rkd.nl/iiif/10691692/full/max/0/default.jpg
290721,10691693,digital image,https://media.rkd.nl/iiif/10691693/full/max/0/default.jpg
290728,10691696,digital image,https://media.rkd.nl/iiif/10691696/full/max/0/default.jpg
290743,10691703,color photograph,https://media.rkd.nl/iiif/10691703/full/max/0/default.jpg
290745,10691708,digital color photograph,https://media.rkd.nl/iiif/10691708/full/max/0/default.jpg
290756,10691722,digital color photograph,https://media.rkd.nl/iiif/10691722/full/max/0/default.jpg
290758,10691725,digital image,https://media.rkd.nl/iiif/10691725/full/max/0/default.jpg
290799,10691838,color reproduction,https://media.rkd.nl/iiif/10691838/full/max/0/default.jpg
290805,10691847,digital image,https://media.rkd.nl/iiif/10691847/full/max/0/default.jpg
290816,10691856,digital image,https://media.rkd.nl/iiif/10691856/full/max/0/default.jpg
290825,10691871,digital image,https://media.rkd.nl/iiif/10691871/full/max/0/default.jpg
290831,10691896,color reproduction,https://media.rkd.nl/iiif/10691896/full/max/0/default.jpg
290832,10691898,digital image,https://media.rkd.nl/iiif/10691898/full/max/0/default.jpg
290834,10691901,digital image,https://media.rkd.nl/iiif/10691901/full/max/0/default.jpg
290835,10691902,digital image,https://media.rkd.nl/iiif/10691902/full/max/0/default.jpg
290837,10691903,black-and-white reproduction,https://media.rkd.nl/iiif/10691903/full/max/0/default.jpg
290838,10691904,color reproduction,https://media.rkd.nl/iiif/10691904/full/max/0/default.jpg
290842,10693377,digital image,https://media.rkd.nl/iiif/10693377/full/max/0/default.jpg
290842,10691906,color reproduction,https://media.rkd.nl/iiif/10691906/full/max/0/default.jpg
290852,10691931,color reproduction,https://media.rkd.nl/iiif/10691931/full/max/0/default.jpg
290864,10691952,color reproduction,https://media.rkd.nl/iiif/10691952/full/max/0/default.jpg
290864,10691947,color reproduction,https://media.rkd.nl/iiif/10691947/full/max/0/default.jpg
290872,10691953,color reproduction,https://media.rkd.nl/iiif/10691953/full/max/0/default.jpg
290883,10691980,digital image,https://media.rkd.nl/iiif/10691980/full/max/0/default.jpg
290888,10691989,black-and-white reproduction,https://media.rkd.nl/iiif/10691989/full/max/0/default.jpg
290899,10691999,digital file,https://media.rkd.nl/iiif/10691999/full/max/0/default.jpg
290902,10692003,digital image,https://media.rkd.nl/iiif/10692003/full/max/0/default.jpg
290904,10692007,digital image,https://media.rkd.nl/iiif/10692007/full/max/0/default.jpg
290907,10692009,digital image,https://media.rkd.nl/iiif/10692009/full/max/0/default.jpg
290912,10425375,digital image,https://media.rkd.nl/iiif/10425375/full/max/0/default.jpg
290920,10692021,black-and-white reproduction,https://media.rkd.nl/iiif/10692021/full/max/0/default.jpg
290928,10692029,digital image,https://media.rkd.nl/iiif/10692029/full/max/0/default.jpg
290944,10692060,digital image,https://media.rkd.nl/iiif/10692060/full/max/0/default.jpg
290944,10692061,digital image,https://media.rkd.nl/iiif/10692061/full/max/0/default.jpg
290969,10692087,digital image,https://media.rkd.nl/iiif/10692087/full/max/0/default.jpg
290972,10692089,digital image,https://media.rkd.nl/iiif/10692089/full/max/0/default.jpg
290973,10692088,digital image,https://media.rkd.nl/iiif/10692088/full/max/0/default.jpg
290974,10692090,black-and-white reproduction,https://media.rkd.nl/iiif/10692090/full/max/0/default.jpg
290975,10692091,digital image,https://media.rkd.nl/iiif/10692091/full/max/0/default.jpg
290975,10692092,digital image,https://media.rkd.nl/iiif/10692092/full/max/0/default.jpg
290976,10803554,black-and-white reproduction,https://media.rkd.nl/iiif/10803554/full/max/0/default.jpg
290978,10691679,digital image,https://media.rkd.nl/iiif/10691679/full/max/0/default.jpg
290985,10692104,digital image,https://media.rkd.nl/iiif/10692104/full/max/0/default.jpg
290999,10692119,black and white photograph,https://media.rkd.nl/iiif/10692119/full/max/0/default.jpg
291001,10692121,black and white photograph,https://media.rkd.nl/iiif/10692121/full/max/0/default.jpg
291009,10692131,black-and-white reproduction,https://media.rkd.nl/iiif/10692131/full/max/0/default.jpg
291010,10692132,black-and-white reproduction,https://media.rkd.nl/iiif/10692132/full/max/0/default.jpg
291011,10079262,digital image,https://media.rkd.nl/iiif/10079262/full/max/0/default.jpg
291033,10079250,digital image,https://media.rkd.nl/iiif/10079250/full/max/0/default.jpg
291034,10079254,digital image,https://media.rkd.nl/iiif/10079254/full/max/0/default.jpg
291049,10692155,digital image,https://media.rkd.nl/iiif/10692155/full/max/0/default.jpg
291057,10692162,color reproduction,https://media.rkd.nl/iiif/10692162/full/max/0/default.jpg
291060,10803557,black-and-white reproduction,https://media.rkd.nl/iiif/10803557/full/max/0/default.jpg
291079,10692228,color reproduction,https://media.rkd.nl/iiif/10692228/full/max/0/default.jpg
291091,10692238,digital image,https://media.rkd.nl/iiif/10692238/full/max/0/default.jpg
291095,10692243,digital image,https://media.rkd.nl/iiif/10692243/full/max/0/default.jpg
291106,10692258,digital image,https://media.rkd.nl/iiif/10692258/full/max/0/default.jpg
291109,10692262,digital image,https://media.rkd.nl/iiif/10692262/full/max/0/default.jpg
291112,10692265,digital image,https://media.rkd.nl/iiif/10692265/full/max/0/default.jpg
291119,10692272,digital image,https://media.rkd.nl/iiif/10692272/full/max/0/default.jpg
291121,10692274,color reproduction,https://media.rkd.nl/iiif/10692274/full/max/0/default.jpg
291133,10692284,digital image,https://media.rkd.nl/iiif/10692284/full/max/0/default.jpg
291136,10692290,digital image,https://media.rkd.nl/iiif/10692290/full/max/0/default.jpg
291139,10692292,digital image,https://media.rkd.nl/iiif/10692292/full/max/0/default.jpg
291142,10692295,digital image,https://media.rkd.nl/iiif/10692295/full/max/0/default.jpg
291144,10692296,digital image,https://media.rkd.nl/iiif/10692296/full/max/0/default.jpg
291145,10692298,color reproduction,https://media.rkd.nl/iiif/10692298/full/max/0/default.jpg
291158,10692327,digital image,https://media.rkd.nl/iiif/10692327/full/max/0/default.jpg
291160,10692330,digital image,https://media.rkd.nl/iiif/10692330/full/max/0/default.jpg
291162,10692333,digital image,https://media.rkd.nl/iiif/10692333/full/max/0/default.jpg
291163,10692332,digital image,https://media.rkd.nl/iiif/10692332/full/max/0/default.jpg
291165,10692335,digital image,https://media.rkd.nl/iiif/10692335/full/max/0/default.jpg
291185,10692354,digital image,https://media.rkd.nl/iiif/10692354/full/max/0/default.jpg
291186,10692356,color reproduction,https://media.rkd.nl/iiif/10692356/full/max/0/default.jpg
291187,10692353,digital image,https://media.rkd.nl/iiif/10692353/full/max/0/default.jpg
291189,10692359,black-and-white reproduction,https://media.rkd.nl/iiif/10692359/full/max/0/default.jpg
291191,10692358,digital image,https://media.rkd.nl/iiif/10692358/full/max/0/default.jpg
291197,10692368,black-and-white reproduction,https://media.rkd.nl/iiif/10692368/full/max/0/default.jpg
291199,10692369,digital image,https://media.rkd.nl/iiif/10692369/full/max/0/default.jpg
291200,10692372,black-and-white reproduction,https://media.rkd.nl/iiif/10692372/full/max/0/default.jpg
291203,10425822,digital color photograph,https://media.rkd.nl/iiif/10425822/full/max/0/default.jpg
291213,9293783,brown photograph,https://media.rkd.nl/iiif/9293783/full/max/0/default.jpg
291213,9293784,brown photograph,https://media.rkd.nl/iiif/9293784/full/max/0/default.jpg
291214,10692379,digital image,https://media.rkd.nl/iiif/10692379/full/max/0/default.jpg
291218,10692382,digital image,https://media.rkd.nl/iiif/10692382/full/max/0/default.jpg
291232,10692463,digital image,https://media.rkd.nl/iiif/10692463/full/max/0/default.jpg
291237,10692403,digital image,https://media.rkd.nl/iiif/10692403/full/max/0/default.jpg
291240,10692445,digital image,https://media.rkd.nl/iiif/10692445/full/max/0/default.jpg
291240,10692409,black-and-white reproduction,https://media.rkd.nl/iiif/10692409/full/max/0/default.jpg
291241,10696764,digital image,https://media.rkd.nl/iiif/10696764/full/max/0/default.jpg
291242,10692411,digital image,https://media.rkd.nl/iiif/10692411/full/max/0/default.jpg
291242,10692412,digital image,https://media.rkd.nl/iiif/10692412/full/max/0/default.jpg
291243,10692413,digital image,https://media.rkd.nl/iiif/10692413/full/max/0/default.jpg
291244,10692414,color reproduction,https://media.rkd.nl/iiif/10692414/full/max/0/default.jpg
291249,10803573,digital image,https://media.rkd.nl/iiif/10803573/full/max/0/default.jpg
291257,10692431,black-and-white reproduction,https://media.rkd.nl/iiif/10692431/full/max/0/default.jpg
291263,10692441,digital image,https://media.rkd.nl/iiif/10692441/full/max/0/default.jpg
291264,10692443,color reproduction,https://media.rkd.nl/iiif/10692443/full/max/0/default.jpg
291265,10709257,BD/Digital Collection,https://media.rkd.nl/iiif/10709257/full/max/0/default.jpg
291265,10692424,color reproduction,https://media.rkd.nl/iiif/10692424/full/max/0/default.jpg
291307,10803610,color reproduction,https://media.rkd.nl/iiif/10803610/full/max/0/default.jpg
291332,10692541,color reproduction,https://media.rkd.nl/iiif/10692541/full/max/0/default.jpg
291349,10803617,digital image,https://media.rkd.nl/iiif/10803617/full/max/0/default.jpg
291350,10803618,digital image,https://media.rkd.nl/iiif/10803618/full/max/0/default.jpg
291354,10692559,digital image,https://media.rkd.nl/iiif/10692559/full/max/0/default.jpg
291355,10692561,color reproduction,https://media.rkd.nl/iiif/10692561/full/max/0/default.jpg
291357,10692724,digital image,https://media.rkd.nl/iiif/10692724/full/max/0/default.jpg
291357,10692725,digital image,https://media.rkd.nl/iiif/10692725/full/max/0/default.jpg
291358,10692563,digital image,https://media.rkd.nl/iiif/10692563/full/max/0/default.jpg
291360,10692565,digital image,https://media.rkd.nl/iiif/10692565/full/max/0/default.jpg
291364,10692573,digital image,https://media.rkd.nl/iiif/10692573/full/max/0/default.jpg
291365,9293785,brown photograph,https://media.rkd.nl/iiif/9293785/full/max/0/default.jpg
291365,9293786,brown photograph,https://media.rkd.nl/iiif/9293786/full/max/0/default.jpg
291381,10692637,digital image,https://media.rkd.nl/iiif/10692637/full/max/0/default.jpg
291390,10692653,black-and-white reproduction,https://media.rkd.nl/iiif/10692653/full/max/0/default.jpg
291392,10692652,digital image,https://media.rkd.nl/iiif/10692652/full/max/0/default.jpg
291412,10692672,digital image,https://media.rkd.nl/iiif/10692672/full/max/0/default.jpg
291432,10692726,digital image,https://media.rkd.nl/iiif/10692726/full/max/0/default.jpg
291439,10692735,digital image,https://media.rkd.nl/iiif/10692735/full/max/0/default.jpg
291451,10692747,black-and-white reproduction,https://media.rkd.nl/iiif/10692747/full/max/0/default.jpg
291468,10692757,digital image,https://media.rkd.nl/iiif/10692757/full/max/0/default.jpg
291468,10692758,digital image,https://media.rkd.nl/iiif/10692758/full/max/0/default.jpg
291491,10692764,digital image,https://media.rkd.nl/iiif/10692764/full/max/0/default.jpg
291494,10692766,digital image,https://media.rkd.nl/iiif/10692766/full/max/0/default.jpg
291496,10692769,digital image,https://media.rkd.nl/iiif/10692769/full/max/0/default.jpg
291497,10692771,digital image,https://media.rkd.nl/iiif/10692771/full/max/0/default.jpg
291518,10803639,digital image,https://media.rkd.nl/iiif/10803639/full/max/0/default.jpg
291519,10692798,digital image,https://media.rkd.nl/iiif/10692798/full/max/0/default.jpg
291531,10692805,digital image,https://media.rkd.nl/iiif/10692805/full/max/0/default.jpg
291535,10692808,digital image,https://media.rkd.nl/iiif/10692808/full/max/0/default.jpg
291546,10692812,digital image,https://media.rkd.nl/iiif/10692812/full/max/0/default.jpg
291552,10803645,black-and-white reproduction,https://media.rkd.nl/iiif/10803645/full/max/0/default.jpg
291558,10692840,digital image,https://media.rkd.nl/iiif/10692840/full/max/0/default.jpg
291597,10394752,color reproduction,https://media.rkd.nl/iiif/10394752/full/max/0/default.jpg
291607,10692946,color reproduction,https://media.rkd.nl/iiif/10692946/full/max/0/default.jpg
291612,9293793,black and white photograph,https://media.rkd.nl/iiif/9293793/full/max/0/default.jpg
291612,9293794,black and white photograph,https://media.rkd.nl/iiif/9293794/full/max/0/default.jpg
291615,9293795,black and white photograph,https://media.rkd.nl/iiif/9293795/full/max/0/default.jpg
291615,9293796,black and white photograph,https://media.rkd.nl/iiif/9293796/full/max/0/default.jpg
291618,10708227,BD/Digital Collection,https://media.rkd.nl/iiif/10708227/full/max/0/default.jpg
291698,10693064,digital image,https://media.rkd.nl/iiif/10693064/full/max/0/default.jpg
291717,10693091,color reproduction,https://media.rkd.nl/iiif/10693091/full/max/0/default.jpg
291720,9293799,black and white photograph,https://media.rkd.nl/iiif/9293799/full/max/0/default.jpg
291720,9293800,black and white photograph,https://media.rkd.nl/iiif/9293800/full/max/0/default.jpg
291727,9293801,black and white photograph,https://media.rkd.nl/iiif/9293801/full/max/0/default.jpg
291727,9293802,black and white photograph,https://media.rkd.nl/iiif/9293802/full/max/0/default.jpg
291737,10693140,color reproduction,https://media.rkd.nl/iiif/10693140/full/max/0/default.jpg
291748,10693161,digital image,https://media.rkd.nl/iiif/10693161/full/max/0/default.jpg
291750,10693163,digital image,https://media.rkd.nl/iiif/10693163/full/max/0/default.jpg
291753,10693166,digital image,https://media.rkd.nl/iiif/10693166/full/max/0/default.jpg
291763,10693179,digital image,https://media.rkd.nl/iiif/10693179/full/max/0/default.jpg
291767,10693186,digital image,https://media.rkd.nl/iiif/10693186/full/max/0/default.jpg
291769,10693192,digital image,https://media.rkd.nl/iiif/10693192/full/max/0/default.jpg
291770,10693193,digital image,https://media.rkd.nl/iiif/10693193/full/max/0/default.jpg
291773,11102815,digital image,https://media.rkd.nl/iiif/11102815/full/max/0/default.jpg
291773,10693178,digital image,https://media.rkd.nl/iiif/10693178/full/max/0/default.jpg
291782,10693203,digital image,https://media.rkd.nl/iiif/10693203/full/max/0/default.jpg
291787,10693206,color reproduction,https://media.rkd.nl/iiif/10693206/full/max/0/default.jpg
291790,10693209,digital image,https://media.rkd.nl/iiif/10693209/full/max/0/default.jpg
291798,10803724,color reproduction,https://media.rkd.nl/iiif/10803724/full/max/0/default.jpg
291816,10693236,digital image,https://media.rkd.nl/iiif/10693236/full/max/0/default.jpg
291819,10693240,color reproduction,https://media.rkd.nl/iiif/10693240/full/max/0/default.jpg
291831,10693256,digital image,https://media.rkd.nl/iiif/10693256/full/max/0/default.jpg
291845,10693268,black-and-white reproduction,https://media.rkd.nl/iiif/10693268/full/max/0/default.jpg
291845,10693388,black-and-white reproduction,https://media.rkd.nl/iiif/10693388/full/max/0/default.jpg
291862,10693286,color reproduction,https://media.rkd.nl/iiif/10693286/full/max/0/default.jpg
291863,10693287,color reproduction,https://media.rkd.nl/iiif/10693287/full/max/0/default.jpg
291864,10693288,color reproduction,https://media.rkd.nl/iiif/10693288/full/max/0/default.jpg
291873,10693299,digital image,https://media.rkd.nl/iiif/10693299/full/max/0/default.jpg
291874,10693300,digital image,https://media.rkd.nl/iiif/10693300/full/max/0/default.jpg
291875,10693302,digital image,https://media.rkd.nl/iiif/10693302/full/max/0/default.jpg
291876,10803732,BD/RKD/0928 - BUI/Paintings and Drawings/Germany - Austria 3,https://media.rkd.nl/iiif/10803732/full/max/0/default.jpg
291882,10693306,digital image,https://media.rkd.nl/iiif/10693306/full/max/0/default.jpg
291883,10693308,digital image,https://media.rkd.nl/iiif/10693308/full/max/0/default.jpg
291885,10693310,color reproduction,https://media.rkd.nl/iiif/10693310/full/max/0/default.jpg
291895,10693371,digital image,https://media.rkd.nl/iiif/10693371/full/max/0/default.jpg
291907,10693389,digital image,https://media.rkd.nl/iiif/10693389/full/max/0/default.jpg
291912,10693396,color reproduction,https://media.rkd.nl/iiif/10693396/full/max/0/default.jpg
291916,10693398,digital image,https://media.rkd.nl/iiif/10693398/full/max/0/default.jpg
291928,10693421,digital image,https://media.rkd.nl/iiif/10693421/full/max/0/default.jpg
291932,10693424,color reproduction,https://media.rkd.nl/iiif/10693424/full/max/0/default.jpg
291940,10693433,digital image,https://media.rkd.nl/iiif/10693433/full/max/0/default.jpg
291944,10693437,color reproduction,https://media.rkd.nl/iiif/10693437/full/max/0/default.jpg
291948,10693439,color reproduction,https://media.rkd.nl/iiif/10693439/full/max/0/default.jpg
291958,10693452,color reproduction,https://media.rkd.nl/iiif/10693452/full/max/0/default.jpg
291968,10693471,black-and-white reproduction,https://media.rkd.nl/iiif/10693471/full/max/0/default.jpg
291970,10394984,black and white photograph,https://media.rkd.nl/iiif/10394984/full/max/0/default.jpg
291980,10693482,color reproduction,https://media.rkd.nl/iiif/10693482/full/max/0/default.jpg
291985,10803740,black-and-white reproduction,https://media.rkd.nl/iiif/10803740/full/max/0/default.jpg
291987,10693486,black-and-white reproduction,https://media.rkd.nl/iiif/10693486/full/max/0/default.jpg
291989,10693496,color reproduction,https://media.rkd.nl/iiif/10693496/full/max/0/default.jpg
291990,10693499,digital image,https://media.rkd.nl/iiif/10693499/full/max/0/default.jpg
291991,10693497,digital image,https://media.rkd.nl/iiif/10693497/full/max/0/default.jpg
291991,10693498,digital image,https://media.rkd.nl/iiif/10693498/full/max/0/default.jpg
291992,10693502,digital image,https://media.rkd.nl/iiif/10693502/full/max/0/default.jpg
291994,10693506,color reproduction,https://media.rkd.nl/iiif/10693506/full/max/0/default.jpg
291995,10693503,BD/Digital Collection,https://media.rkd.nl/iiif/10693503/full/max/0/default.jpg
292000,10394996,color reproduction,https://media.rkd.nl/iiif/10394996/full/max/0/default.jpg
292002,10425839,digital image,https://media.rkd.nl/iiif/10425839/full/max/0/default.jpg
292002,10425838,digital image,https://media.rkd.nl/iiif/10425838/full/max/0/default.jpg
292002,10693537,digital image,https://media.rkd.nl/iiif/10693537/full/max/0/default.jpg
292003,10425837,digital image,https://media.rkd.nl/iiif/10425837/full/max/0/default.jpg
292003,10425836,digital image,https://media.rkd.nl/iiif/10425836/full/max/0/default.jpg
292003,10694205,print,https://media.rkd.nl/iiif/10694205/full/max/0/default.jpg
292004,10697414,digital image,https://media.rkd.nl/iiif/10697414/full/max/0/default.jpg
292004,10693541,digital image,https://media.rkd.nl/iiif/10693541/full/max/0/default.jpg
292007,10693549,color reproduction,https://media.rkd.nl/iiif/10693549/full/max/0/default.jpg
292008,10693550,digital image,https://media.rkd.nl/iiif/10693550/full/max/0/default.jpg
292010,10693552,print,https://media.rkd.nl/iiif/10693552/full/max/0/default.jpg
292018,10693560,print,https://media.rkd.nl/iiif/10693560/full/max/0/default.jpg
292020,10693561,print,https://media.rkd.nl/iiif/10693561/full/max/0/default.jpg
292023,10693566,digital image,https://media.rkd.nl/iiif/10693566/full/max/0/default.jpg
292027,10693573,color reproduction,https://media.rkd.nl/iiif/10693573/full/max/0/default.jpg
292030,10693575,digital image,https://media.rkd.nl/iiif/10693575/full/max/0/default.jpg
292046,10693581,digital image,https://media.rkd.nl/iiif/10693581/full/max/0/default.jpg
292050,10900769,digital image,https://media.rkd.nl/iiif/10900769/full/max/0/default.jpg
292050,10693586,digital image,https://media.rkd.nl/iiif/10693586/full/max/0/default.jpg
292053,10693588,BD/Digital Collection,https://media.rkd.nl/iiif/10693588/full/max/0/default.jpg
292076,10693595,digital image,https://media.rkd.nl/iiif/10693595/full/max/0/default.jpg
292080,10693599,digital image,https://media.rkd.nl/iiif/10693599/full/max/0/default.jpg
292084,10693635,black-and-white reproduction,https://media.rkd.nl/iiif/10693635/full/max/0/default.jpg
292085,10693602,digital image,https://media.rkd.nl/iiif/10693602/full/max/0/default.jpg
292087,10693603,color reproduction,https://media.rkd.nl/iiif/10693603/full/max/0/default.jpg
292096,10693617,print,https://media.rkd.nl/iiif/10693617/full/max/0/default.jpg
292101,10693624,print,https://media.rkd.nl/iiif/10693624/full/max/0/default.jpg
292103,10693627,print,https://media.rkd.nl/iiif/10693627/full/max/0/default.jpg
292105,10693625,color reproduction,https://media.rkd.nl/iiif/10693625/full/max/0/default.jpg
292108,10693632,digital image,https://media.rkd.nl/iiif/10693632/full/max/0/default.jpg
292111,10693637,digital image,https://media.rkd.nl/iiif/10693637/full/max/0/default.jpg
292112,10693634,color reproduction,https://media.rkd.nl/iiif/10693634/full/max/0/default.jpg
292123,10693657,digital image,https://media.rkd.nl/iiif/10693657/full/max/0/default.jpg
292126,10693735,digital image,https://media.rkd.nl/iiif/10693735/full/max/0/default.jpg
292126,10693660,digital image,https://media.rkd.nl/iiif/10693660/full/max/0/default.jpg
292133,10693700,digital image,https://media.rkd.nl/iiif/10693700/full/max/0/default.jpg
292134,10693701,digital image,https://media.rkd.nl/iiif/10693701/full/max/0/default.jpg
292140,10693705,digital image,https://media.rkd.nl/iiif/10693705/full/max/0/default.jpg
292141,10693706,digital image,https://media.rkd.nl/iiif/10693706/full/max/0/default.jpg
292144,10425465,digital image,https://media.rkd.nl/iiif/10425465/full/max/0/default.jpg
292173,10693763,digital image,https://media.rkd.nl/iiif/10693763/full/max/0/default.jpg
292184,10708590,digital image,https://media.rkd.nl/iiif/10708590/full/max/0/default.jpg
292184,10693774,black and white photograph,https://media.rkd.nl/iiif/10693774/full/max/0/default.jpg
292185,10693776,black and white photograph,https://media.rkd.nl/iiif/10693776/full/max/0/default.jpg
292192,10693835,digital image,https://media.rkd.nl/iiif/10693835/full/max/0/default.jpg
292200,10693840,digital image,https://media.rkd.nl/iiif/10693840/full/max/0/default.jpg
292201,10693842,digital image,https://media.rkd.nl/iiif/10693842/full/max/0/default.jpg
292202,10693850,color reproduction,https://media.rkd.nl/iiif/10693850/full/max/0/default.jpg
292206,10693853,color reproduction,https://media.rkd.nl/iiif/10693853/full/max/0/default.jpg
292221,10693916,color reproduction,https://media.rkd.nl/iiif/10693916/full/max/0/default.jpg
292230,10803759,color reproduction,https://media.rkd.nl/iiif/10803759/full/max/0/default.jpg
292231,10693932,digital image,https://media.rkd.nl/iiif/10693932/full/max/0/default.jpg
292234,10693938,digital color photograph,https://media.rkd.nl/iiif/10693938/full/max/0/default.jpg
292242,10693948,color reproduction,https://media.rkd.nl/iiif/10693948/full/max/0/default.jpg
292245,10693953,digital image,https://media.rkd.nl/iiif/10693953/full/max/0/default.jpg
292250,10693957,print,https://media.rkd.nl/iiif/10693957/full/max/0/default.jpg
292253,10693966,digital image,https://media.rkd.nl/iiif/10693966/full/max/0/default.jpg
292254,10693967,digital image,https://media.rkd.nl/iiif/10693967/full/max/0/default.jpg
292264,10693984,black-and-white reproduction,https://media.rkd.nl/iiif/10693984/full/max/0/default.jpg
292274,10694010,digital image,https://media.rkd.nl/iiif/10694010/full/max/0/default.jpg
292277,10803761,black-and-white reproduction,https://media.rkd.nl/iiif/10803761/full/max/0/default.jpg
292279,10803763,black-and-white reproduction,https://media.rkd.nl/iiif/10803763/full/max/0/default.jpg
292281,10694012,color reproduction,https://media.rkd.nl/iiif/10694012/full/max/0/default.jpg
292282,10694013,digital image,https://media.rkd.nl/iiif/10694013/full/max/0/default.jpg
292288,10694019,digital image,https://media.rkd.nl/iiif/10694019/full/max/0/default.jpg
292291,10694022,digital image,https://media.rkd.nl/iiif/10694022/full/max/0/default.jpg
292293,10694025,digital image,https://media.rkd.nl/iiif/10694025/full/max/0/default.jpg
292294,10694026,digital image,https://media.rkd.nl/iiif/10694026/full/max/0/default.jpg
292295,10694028,BD/Digital Collection,https://media.rkd.nl/iiif/10694028/full/max/0/default.jpg
292296,10803765,black-and-white reproduction,https://media.rkd.nl/iiif/10803765/full/max/0/default.jpg
292300,10694038,color reproduction,https://media.rkd.nl/iiif/10694038/full/max/0/default.jpg
292301,10694039,color reproduction,https://media.rkd.nl/iiif/10694039/full/max/0/default.jpg
292302,10694040,color reproduction,https://media.rkd.nl/iiif/10694040/full/max/0/default.jpg
292303,10694041,digital image,https://media.rkd.nl/iiif/10694041/full/max/0/default.jpg
292304,10694066,black-and-white reproduction,https://media.rkd.nl/iiif/10694066/full/max/0/default.jpg
292310,10694097,black-and-white reproduction,https://media.rkd.nl/iiif/10694097/full/max/0/default.jpg
292313,9237920,digital file,https://media.rkd.nl/iiif/9237920/full/max/0/default.jpg
292313,10694103,BD/Digital Collection,https://media.rkd.nl/iiif/10694103/full/max/0/default.jpg
292317,10694105,print,https://media.rkd.nl/iiif/10694105/full/max/0/default.jpg
292323,10694109,color reproduction,https://media.rkd.nl/iiif/10694109/full/max/0/default.jpg
292326,10694121,digital image,https://media.rkd.nl/iiif/10694121/full/max/0/default.jpg
292326,10694122,digital image,https://media.rkd.nl/iiif/10694122/full/max/0/default.jpg
292339,9293711,old black-and-white photograph,https://media.rkd.nl/iiif/9293711/full/max/0/default.jpg
292339,9293712,back-side (of image),https://media.rkd.nl/iiif/9293712/full/max/0/default.jpg
292356,10694199,print,https://media.rkd.nl/iiif/10694199/full/max/0/default.jpg
292362,10694212,digital image,https://media.rkd.nl/iiif/10694212/full/max/0/default.jpg
292363,10694297,digital image,https://media.rkd.nl/iiif/10694297/full/max/0/default.jpg
292363,10694211,digital image,https://media.rkd.nl/iiif/10694211/full/max/0/default.jpg
292364,10694216,digital image,https://media.rkd.nl/iiif/10694216/full/max/0/default.jpg
292369,10803835,black-and-white reproduction,https://media.rkd.nl/iiif/10803835/full/max/0/default.jpg
292375,10694233,black-and-white reproduction,https://media.rkd.nl/iiif/10694233/full/max/0/default.jpg
292376,10803836,black-and-white reproduction,https://media.rkd.nl/iiif/10803836/full/max/0/default.jpg
292378,10694237,black-and-white reproduction,https://media.rkd.nl/iiif/10694237/full/max/0/default.jpg
292379,10425824,digital color photograph,https://media.rkd.nl/iiif/10425824/full/max/0/default.jpg
292382,10694245,black-and-white reproduction,https://media.rkd.nl/iiif/10694245/full/max/0/default.jpg
292392,10694267,color reproduction,https://media.rkd.nl/iiif/10694267/full/max/0/default.jpg
292395,10694269,color reproduction,https://media.rkd.nl/iiif/10694269/full/max/0/default.jpg
292400,10694290,print,https://media.rkd.nl/iiif/10694290/full/max/0/default.jpg
292403,10694295,print,https://media.rkd.nl/iiif/10694295/full/max/0/default.jpg
292413,10694318,digital image,https://media.rkd.nl/iiif/10694318/full/max/0/default.jpg
292427,10694361,digital image,https://media.rkd.nl/iiif/10694361/full/max/0/default.jpg
292427,10694362,digital image,https://media.rkd.nl/iiif/10694362/full/max/0/default.jpg
292447,10426056,digital image,https://media.rkd.nl/iiif/10426056/full/max/0/default.jpg
292447,10426058,digital image,https://media.rkd.nl/iiif/10426058/full/max/0/default.jpg
292467,10694455,digital file,https://media.rkd.nl/iiif/10694455/full/max/0/default.jpg
292478,10694464,digital image,https://media.rkd.nl/iiif/10694464/full/max/0/default.jpg
292494,10694372,digital image,https://media.rkd.nl/iiif/10694372/full/max/0/default.jpg
292497,10694496,digital image,https://media.rkd.nl/iiif/10694496/full/max/0/default.jpg
292499,10694338,digital image,https://media.rkd.nl/iiif/10694338/full/max/0/default.jpg
292508,10694569,BD/Digital Collection,https://media.rkd.nl/iiif/10694569/full/max/0/default.jpg
292515,10694590,print,https://media.rkd.nl/iiif/10694590/full/max/0/default.jpg
292522,10694603,digital image,https://media.rkd.nl/iiif/10694603/full/max/0/default.jpg
292523,9333488,black and white photograph,https://media.rkd.nl/iiif/9333488/full/max/0/default.jpg
292523,9333489,black and white photograph,https://media.rkd.nl/iiif/9333489/full/max/0/default.jpg
292524,9333490,black and white photograph,https://media.rkd.nl/iiif/9333490/full/max/0/default.jpg
292524,9333491,black and white photograph,https://media.rkd.nl/iiif/9333491/full/max/0/default.jpg
292528,10426055,digital image,https://media.rkd.nl/iiif/10426055/full/max/0/default.jpg
292529,10426053,digital image,https://media.rkd.nl/iiif/10426053/full/max/0/default.jpg
292531,10694645,digital image,https://media.rkd.nl/iiif/10694645/full/max/0/default.jpg
292532,10710909,BD/Digital Collection,https://media.rkd.nl/iiif/10710909/full/max/0/default.jpg
292532,10814342,digital image,https://media.rkd.nl/iiif/10814342/full/max/0/default.jpg
292538,10425643,digital image,https://media.rkd.nl/iiif/10425643/full/max/0/default.jpg
292540,10425645,digital image,https://media.rkd.nl/iiif/10425645/full/max/0/default.jpg
292554,10694663,digital image,https://media.rkd.nl/iiif/10694663/full/max/0/default.jpg
292558,10694668,digital image,https://media.rkd.nl/iiif/10694668/full/max/0/default.jpg
292572,10694687,digital image,https://media.rkd.nl/iiif/10694687/full/max/0/default.jpg
292573,10426051,digital image,https://media.rkd.nl/iiif/10426051/full/max/0/default.jpg
292574,10694688,digital image,https://media.rkd.nl/iiif/10694688/full/max/0/default.jpg
292575,10694691,digital image,https://media.rkd.nl/iiif/10694691/full/max/0/default.jpg
292575,10694692,digital image,https://media.rkd.nl/iiif/10694692/full/max/0/default.jpg
292577,10694693,digital image,https://media.rkd.nl/iiif/10694693/full/max/0/default.jpg
292579,10425707,digital image,https://media.rkd.nl/iiif/10425707/full/max/0/default.jpg
292586,10425705,digital image,https://media.rkd.nl/iiif/10425705/full/max/0/default.jpg
292589,10694699,digital image,https://media.rkd.nl/iiif/10694699/full/max/0/default.jpg
292602,10694803,digital image,https://media.rkd.nl/iiif/10694803/full/max/0/default.jpg
292603,10694617,BD/Digital Collection,https://media.rkd.nl/iiif/10694617/full/max/0/default.jpg
292612,10694832,digital image,https://media.rkd.nl/iiif/10694832/full/max/0/default.jpg
292621,10694845,digital image,https://media.rkd.nl/iiif/10694845/full/max/0/default.jpg
292622,10694846,digital image,https://media.rkd.nl/iiif/10694846/full/max/0/default.jpg
292658,10694940,digital image,https://media.rkd.nl/iiif/10694940/full/max/0/default.jpg
292659,10694965,digital image,https://media.rkd.nl/iiif/10694965/full/max/0/default.jpg
292661,10694967,digital image,https://media.rkd.nl/iiif/10694967/full/max/0/default.jpg
292662,10694968,digital image,https://media.rkd.nl/iiif/10694968/full/max/0/default.jpg
292670,10425820,digital color photograph,https://media.rkd.nl/iiif/10425820/full/max/0/default.jpg
292678,10426075,color reproduction,https://media.rkd.nl/iiif/10426075/full/max/0/default.jpg
292685,10425479,digital image,https://media.rkd.nl/iiif/10425479/full/max/0/default.jpg
292692,10695037,digital image,https://media.rkd.nl/iiif/10695037/full/max/0/default.jpg
292702,10695047,digital image,https://media.rkd.nl/iiif/10695047/full/max/0/default.jpg
292719,10695073,digital image,https://media.rkd.nl/iiif/10695073/full/max/0/default.jpg
292730,10695085,digital image,https://media.rkd.nl/iiif/10695085/full/max/0/default.jpg
292746,10695148,color reproduction,https://media.rkd.nl/iiif/10695148/full/max/0/default.jpg
292747,10695149,digital image,https://media.rkd.nl/iiif/10695149/full/max/0/default.jpg
292749,10695151,digital image,https://media.rkd.nl/iiif/10695151/full/max/0/default.jpg
292751,10695156,digital image,https://media.rkd.nl/iiif/10695156/full/max/0/default.jpg
292753,10695159,digital image,https://media.rkd.nl/iiif/10695159/full/max/0/default.jpg
292762,10425668,digital image,https://media.rkd.nl/iiif/10425668/full/max/0/default.jpg
292768,10426067,black-and-white reproduction,https://media.rkd.nl/iiif/10426067/full/max/0/default.jpg
292769,10426066,black-and-white reproduction,https://media.rkd.nl/iiif/10426066/full/max/0/default.jpg
292781,10695241,digital color photograph,https://media.rkd.nl/iiif/10695241/full/max/0/default.jpg
292781,10695243,digital color photograph,https://media.rkd.nl/iiif/10695243/full/max/0/default.jpg
292785,10695249,digital color photograph,https://media.rkd.nl/iiif/10695249/full/max/0/default.jpg
292785,10695708,digital color photograph,https://media.rkd.nl/iiif/10695708/full/max/0/default.jpg
292792,10695260,digital color photograph,https://media.rkd.nl/iiif/10695260/full/max/0/default.jpg
292795,10695261,digital color photograph,https://media.rkd.nl/iiif/10695261/full/max/0/default.jpg
292796,10695263,reproduction (derivative object),https://media.rkd.nl/iiif/10695263/full/max/0/default.jpg
292797,10695267,BD/Digital Collection,https://media.rkd.nl/iiif/10695267/full/max/0/default.jpg
292806,10695286,digital color photograph,https://media.rkd.nl/iiif/10695286/full/max/0/default.jpg
292823,10695296,digital image,https://media.rkd.nl/iiif/10695296/full/max/0/default.jpg
292825,10695413,BD/Rubenianum/digital collections,https://media.rkd.nl/iiif/10695413/full/max/0/default.jpg
292828,10695417,black-and-white reproduction,https://media.rkd.nl/iiif/10695417/full/max/0/default.jpg
292829,10695421,black-and-white reproduction,https://media.rkd.nl/iiif/10695421/full/max/0/default.jpg
292830,10695422,black-and-white reproduction,https://media.rkd.nl/iiif/10695422/full/max/0/default.jpg
292831,10695423,black-and-white reproduction,https://media.rkd.nl/iiif/10695423/full/max/0/default.jpg
292832,10695424,black-and-white reproduction,https://media.rkd.nl/iiif/10695424/full/max/0/default.jpg
292833,10695425,black-and-white reproduction,https://media.rkd.nl/iiif/10695425/full/max/0/default.jpg
292837,10695429,digital color photograph,https://media.rkd.nl/iiif/10695429/full/max/0/default.jpg
292840,10695433,digital image,https://media.rkd.nl/iiif/10695433/full/max/0/default.jpg
292842,10695437,reproduction (derivative object),https://media.rkd.nl/iiif/10695437/full/max/0/default.jpg
292878,10695447,digital image,https://media.rkd.nl/iiif/10695447/full/max/0/default.jpg
292879,10425886,digital image,https://media.rkd.nl/iiif/10425886/full/max/0/default.jpg
292879,10425887,digital image,https://media.rkd.nl/iiif/10425887/full/max/0/default.jpg
292879,10695456,black and white photograph,https://media.rkd.nl/iiif/10695456/full/max/0/default.jpg
292880,10697343,digital image,https://media.rkd.nl/iiif/10697343/full/max/0/default.jpg
292883,10697472,digital image,https://media.rkd.nl/iiif/10697472/full/max/0/default.jpg
292885,10697358,digital image,https://media.rkd.nl/iiif/10697358/full/max/0/default.jpg
292886,10697473,digital image,https://media.rkd.nl/iiif/10697473/full/max/0/default.jpg
292887,10697360,digital image,https://media.rkd.nl/iiif/10697360/full/max/0/default.jpg
292888,10695457,digital color photograph,https://media.rkd.nl/iiif/10695457/full/max/0/default.jpg
292889,10803914,digital image,https://media.rkd.nl/iiif/10803914/full/max/0/default.jpg
292890,10697466,digital image,https://media.rkd.nl/iiif/10697466/full/max/0/default.jpg
292891,10695458,digital color photograph,https://media.rkd.nl/iiif/10695458/full/max/0/default.jpg
292893,10697366,digital image,https://media.rkd.nl/iiif/10697366/full/max/0/default.jpg
292895,10697370,digital file,https://media.rkd.nl/iiif/10697370/full/max/0/default.jpg
292897,10697373,digital image,https://media.rkd.nl/iiif/10697373/full/max/0/default.jpg
292898,10697374,digital image,https://media.rkd.nl/iiif/10697374/full/max/0/default.jpg
292905,10695475,digital image,https://media.rkd.nl/iiif/10695475/full/max/0/default.jpg
292906,10695477,digital image,https://media.rkd.nl/iiif/10695477/full/max/0/default.jpg
292909,10803924,RKD/BIB,https://media.rkd.nl/iiif/10803924/full/max/0/default.jpg
292911,10697467,digital image,https://media.rkd.nl/iiif/10697467/full/max/0/default.jpg
292913,10697948,digital image,https://media.rkd.nl/iiif/10697948/full/max/0/default.jpg
292915,10697452,digital image,https://media.rkd.nl/iiif/10697452/full/max/0/default.jpg
292916,10697457,digital image,https://media.rkd.nl/iiif/10697457/full/max/0/default.jpg
292917,10695488,digital image,https://media.rkd.nl/iiif/10695488/full/max/0/default.jpg
292918,10697335,digital image,https://media.rkd.nl/iiif/10697335/full/max/0/default.jpg
292918,10697336,digital image,https://media.rkd.nl/iiif/10697336/full/max/0/default.jpg
292919,10697338,digital image,https://media.rkd.nl/iiif/10697338/full/max/0/default.jpg
292919,10697339,digital image,https://media.rkd.nl/iiif/10697339/full/max/0/default.jpg
292921,10697471,digital image,https://media.rkd.nl/iiif/10697471/full/max/0/default.jpg
292923,10697962,digital image,https://media.rkd.nl/iiif/10697962/full/max/0/default.jpg
292925,10697967,digital image,https://media.rkd.nl/iiif/10697967/full/max/0/default.jpg
292926,10695492,digital image,https://media.rkd.nl/iiif/10695492/full/max/0/default.jpg
292931,10695509,digital color photograph,https://media.rkd.nl/iiif/10695509/full/max/0/default.jpg
292932,10695510,digital color photograph,https://media.rkd.nl/iiif/10695510/full/max/0/default.jpg
292936,10695513,digital color photograph,https://media.rkd.nl/iiif/10695513/full/max/0/default.jpg
292938,10695516,digital color photograph,https://media.rkd.nl/iiif/10695516/full/max/0/default.jpg
292941,10695521,digital image,https://media.rkd.nl/iiif/10695521/full/max/0/default.jpg
292943,10695524,digital image,https://media.rkd.nl/iiif/10695524/full/max/0/default.jpg
292944,10695525,digital image,https://media.rkd.nl/iiif/10695525/full/max/0/default.jpg
292951,10695646,reproduction (derivative object),https://media.rkd.nl/iiif/10695646/full/max/0/default.jpg
292955,10695522,BD/Digital Collection,https://media.rkd.nl/iiif/10695522/full/max/0/default.jpg
292956,10695543,digital image,https://media.rkd.nl/iiif/10695543/full/max/0/default.jpg
292959,10695560,digital color photograph,https://media.rkd.nl/iiif/10695560/full/max/0/default.jpg
292967,10695603,digital color photograph,https://media.rkd.nl/iiif/10695603/full/max/0/default.jpg
292970,10695606,BD/Digital Collection,https://media.rkd.nl/iiif/10695606/full/max/0/default.jpg
292971,10425892,digital image,https://media.rkd.nl/iiif/10425892/full/max/0/default.jpg
292971,10425909,digital image,https://media.rkd.nl/iiif/10425909/full/max/0/default.jpg
292971,10695650,black and white photograph,https://media.rkd.nl/iiif/10695650/full/max/0/default.jpg
292973,10425893,digital image,https://media.rkd.nl/iiif/10425893/full/max/0/default.jpg
292973,10695655,black and white photograph,https://media.rkd.nl/iiif/10695655/full/max/0/default.jpg
292979,10900122,digital image,https://media.rkd.nl/iiif/10900122/full/max/0/default.jpg
292982,10425894,digital image,https://media.rkd.nl/iiif/10425894/full/max/0/default.jpg
292982,10425896,digital image,https://media.rkd.nl/iiif/10425896/full/max/0/default.jpg
292982,10695685,black and white photograph,https://media.rkd.nl/iiif/10695685/full/max/0/default.jpg
292997,10695899,digital color photograph,https://media.rkd.nl/iiif/10695899/full/max/0/default.jpg
292999,10803931,black-and-white reproduction,https://media.rkd.nl/iiif/10803931/full/max/0/default.jpg
293001,10695710,reproduction (derivative object),https://media.rkd.nl/iiif/10695710/full/max/0/default.jpg
293007,10695717,digital image,https://media.rkd.nl/iiif/10695717/full/max/0/default.jpg
293019,10695781,reproduction (derivative object),https://media.rkd.nl/iiif/10695781/full/max/0/default.jpg
293053,10425889,digital image,https://media.rkd.nl/iiif/10425889/full/max/0/default.jpg
293053,10425890,digital image,https://media.rkd.nl/iiif/10425890/full/max/0/default.jpg
293053,10695906,black and white photograph,https://media.rkd.nl/iiif/10695906/full/max/0/default.jpg
293069,10425899,digital image,https://media.rkd.nl/iiif/10425899/full/max/0/default.jpg
293069,10425900,digital image,https://media.rkd.nl/iiif/10425900/full/max/0/default.jpg
293069,10425901,digital image,https://media.rkd.nl/iiif/10425901/full/max/0/default.jpg
293072,10695928,BD/Digital Collection,https://media.rkd.nl/iiif/10695928/full/max/0/default.jpg
293074,10695932,digital image,https://media.rkd.nl/iiif/10695932/full/max/0/default.jpg
293092,10695963,digital image,https://media.rkd.nl/iiif/10695963/full/max/0/default.jpg
293131,10695996,digital image,https://media.rkd.nl/iiif/10695996/full/max/0/default.jpg
293134,10696010,digital image,https://media.rkd.nl/iiif/10696010/full/max/0/default.jpg
293142,10696070,digital image,https://media.rkd.nl/iiif/10696070/full/max/0/default.jpg
293143,10696069,color reproduction,https://media.rkd.nl/iiif/10696069/full/max/0/default.jpg
293147,10696083,digital image,https://media.rkd.nl/iiif/10696083/full/max/0/default.jpg
293159,10696327,digital image,https://media.rkd.nl/iiif/10696327/full/max/0/default.jpg
293173,10696454,BD/Digital Collection,https://media.rkd.nl/iiif/10696454/full/max/0/default.jpg
293176,10696457,digital image,https://media.rkd.nl/iiif/10696457/full/max/0/default.jpg
293179,10697965,digital image,https://media.rkd.nl/iiif/10697965/full/max/0/default.jpg
293185,10707154,digital image,https://media.rkd.nl/iiif/10707154/full/max/0/default.jpg
293186,10697950,digital image,https://media.rkd.nl/iiif/10697950/full/max/0/default.jpg
293187,10697957,digital image,https://media.rkd.nl/iiif/10697957/full/max/0/default.jpg
293189,10697953,digital image,https://media.rkd.nl/iiif/10697953/full/max/0/default.jpg
293191,10696567,reproduction (derivative object),https://media.rkd.nl/iiif/10696567/full/max/0/default.jpg
293193,10696569,digital image,https://media.rkd.nl/iiif/10696569/full/max/0/default.jpg
293194,10697363,digital image,https://media.rkd.nl/iiif/10697363/full/max/0/default.jpg
293210,10705588,color reproduction,https://media.rkd.nl/iiif/10705588/full/max/0/default.jpg
293216,10696624,BD/Digital Collection,https://media.rkd.nl/iiif/10696624/full/max/0/default.jpg
293236,10696783,BD/Digital Collection,https://media.rkd.nl/iiif/10696783/full/max/0/default.jpg
293244,10804063,BD/Digital Collection,https://media.rkd.nl/iiif/10804063/full/max/0/default.jpg
293244,10697153,BD/Digital Collection,https://media.rkd.nl/iiif/10697153/full/max/0/default.jpg
293245,10697155,BD/Digital Collection,https://media.rkd.nl/iiif/10697155/full/max/0/default.jpg
293247,10697156,BD/Digital Collection,https://media.rkd.nl/iiif/10697156/full/max/0/default.jpg
293249,10696820,BD/Digital Collection,https://media.rkd.nl/iiif/10696820/full/max/0/default.jpg
293250,10696823,digital image,https://media.rkd.nl/iiif/10696823/full/max/0/default.jpg
293270,10696912,digital color photograph,https://media.rkd.nl/iiif/10696912/full/max/0/default.jpg
293271,10696936,digital image,https://media.rkd.nl/iiif/10696936/full/max/0/default.jpg
293273,10696953,digital image,https://media.rkd.nl/iiif/10696953/full/max/0/default.jpg
293274,10696965,digital image,https://media.rkd.nl/iiif/10696965/full/max/0/default.jpg
293275,9307857,color photograph,https://media.rkd.nl/iiif/9307857/full/max/0/default.jpg
293275,10415841,digital color photograph,https://media.rkd.nl/iiif/10415841/full/max/0/default.jpg
293276,9307846,color photograph,https://media.rkd.nl/iiif/9307846/full/max/0/default.jpg
293276,9307848,color photograph,https://media.rkd.nl/iiif/9307848/full/max/0/default.jpg
293278,10696971,digital image,https://media.rkd.nl/iiif/10696971/full/max/0/default.jpg
293285,10697010,digital color photograph,https://media.rkd.nl/iiif/10697010/full/max/0/default.jpg
293286,10697027,digital color photograph,https://media.rkd.nl/iiif/10697027/full/max/0/default.jpg
293302,10697193,color reproduction,https://media.rkd.nl/iiif/10697193/full/max/0/default.jpg
293310,10697268,digital image,https://media.rkd.nl/iiif/10697268/full/max/0/default.jpg
293329,10697318,reproduction (derivative object),https://media.rkd.nl/iiif/10697318/full/max/0/default.jpg
293331,10697320,digital image,https://media.rkd.nl/iiif/10697320/full/max/0/default.jpg
293339,10706367,digital color photograph,https://media.rkd.nl/iiif/10706367/full/max/0/default.jpg
293339,10697326,digital color photograph,https://media.rkd.nl/iiif/10697326/full/max/0/default.jpg
293341,10706366,digital color photograph,https://media.rkd.nl/iiif/10706366/full/max/0/default.jpg
293341,10697328,digital color photograph,https://media.rkd.nl/iiif/10697328/full/max/0/default.jpg
293345,10697351,digital image,https://media.rkd.nl/iiif/10697351/full/max/0/default.jpg
293345,9290337,black and white photograph,https://media.rkd.nl/iiif/9290337/full/max/0/default.jpg
293346,10701131,digital image,https://media.rkd.nl/iiif/10701131/full/max/0/default.jpg
293346,10697334,reproduction (derivative object),https://media.rkd.nl/iiif/10697334/full/max/0/default.jpg
293351,10697350,digital image,https://media.rkd.nl/iiif/10697350/full/max/0/default.jpg
293354,10697354,digital image,https://media.rkd.nl/iiif/10697354/full/max/0/default.jpg
293358,10697369,digital image,https://media.rkd.nl/iiif/10697369/full/max/0/default.jpg
293383,10697425,color reproduction,https://media.rkd.nl/iiif/10697425/full/max/0/default.jpg
293384,10697426,black-and-white reproduction,https://media.rkd.nl/iiif/10697426/full/max/0/default.jpg
293386,10697441,digital image,https://media.rkd.nl/iiif/10697441/full/max/0/default.jpg
293388,10697449,digital image,https://media.rkd.nl/iiif/10697449/full/max/0/default.jpg
293390,10697450,digital image,https://media.rkd.nl/iiif/10697450/full/max/0/default.jpg
293392,10697462,digital image,https://media.rkd.nl/iiif/10697462/full/max/0/default.jpg
293393,10697464,digital image,https://media.rkd.nl/iiif/10697464/full/max/0/default.jpg
293394,10697468,digital image,https://media.rkd.nl/iiif/10697468/full/max/0/default.jpg
293399,10705422,BD/Digital Collection,https://media.rkd.nl/iiif/10705422/full/max/0/default.jpg
293399,10697489,digital image,https://media.rkd.nl/iiif/10697489/full/max/0/default.jpg
293400,10697491,digital image,https://media.rkd.nl/iiif/10697491/full/max/0/default.jpg
293402,10697884,digital image,https://media.rkd.nl/iiif/10697884/full/max/0/default.jpg
293402,10697492,digital image,https://media.rkd.nl/iiif/10697492/full/max/0/default.jpg
293403,10697494,digital image,https://media.rkd.nl/iiif/10697494/full/max/0/default.jpg
293405,10697497,digital image,https://media.rkd.nl/iiif/10697497/full/max/0/default.jpg
293405,10697498,digital image,https://media.rkd.nl/iiif/10697498/full/max/0/default.jpg
293407,10697504,digital image,https://media.rkd.nl/iiif/10697504/full/max/0/default.jpg
293408,10697508,digital image,https://media.rkd.nl/iiif/10697508/full/max/0/default.jpg
293408,10697509,digital image,https://media.rkd.nl/iiif/10697509/full/max/0/default.jpg
293410,10697510,digital image,https://media.rkd.nl/iiif/10697510/full/max/0/default.jpg
293411,10697513,digital image,https://media.rkd.nl/iiif/10697513/full/max/0/default.jpg
293411,10697514,digital image,https://media.rkd.nl/iiif/10697514/full/max/0/default.jpg
293421,10697535,digital image,https://media.rkd.nl/iiif/10697535/full/max/0/default.jpg
293421,10697536,digital image,https://media.rkd.nl/iiif/10697536/full/max/0/default.jpg
293422,10697539,digital image,https://media.rkd.nl/iiif/10697539/full/max/0/default.jpg
293422,10697541,digital image,https://media.rkd.nl/iiif/10697541/full/max/0/default.jpg
293423,10697543,digital image,https://media.rkd.nl/iiif/10697543/full/max/0/default.jpg
293423,10697544,digital image,https://media.rkd.nl/iiif/10697544/full/max/0/default.jpg
293427,10697550,digital image,https://media.rkd.nl/iiif/10697550/full/max/0/default.jpg
293432,10697586,digital image,https://media.rkd.nl/iiif/10697586/full/max/0/default.jpg
293435,10697590,color reproduction,https://media.rkd.nl/iiif/10697590/full/max/0/default.jpg
293436,10697592,BD/Digital Collection,https://media.rkd.nl/iiif/10697592/full/max/0/default.jpg
293437,10697603,black-and-white reproduction,https://media.rkd.nl/iiif/10697603/full/max/0/default.jpg
293440,10697606,color reproduction,https://media.rkd.nl/iiif/10697606/full/max/0/default.jpg
293446,10697612,color reproduction,https://media.rkd.nl/iiif/10697612/full/max/0/default.jpg
293451,10697618,digital image,https://media.rkd.nl/iiif/10697618/full/max/0/default.jpg
293452,10697619,digital image,https://media.rkd.nl/iiif/10697619/full/max/0/default.jpg
293479,10427389,digital color photograph,https://media.rkd.nl/iiif/10427389/full/max/0/default.jpg
293480,10697764,BD/Digital Collection,https://media.rkd.nl/iiif/10697764/full/max/0/default.jpg
293480,10697760,digital image,https://media.rkd.nl/iiif/10697760/full/max/0/default.jpg
293481,10697766,digital image,https://media.rkd.nl/iiif/10697766/full/max/0/default.jpg
293481,10697767,digital image,https://media.rkd.nl/iiif/10697767/full/max/0/default.jpg
293483,10697791,digital image,https://media.rkd.nl/iiif/10697791/full/max/0/default.jpg
293484,10697792,digital image,https://media.rkd.nl/iiif/10697792/full/max/0/default.jpg
293485,10697813,digital image,https://media.rkd.nl/iiif/10697813/full/max/0/default.jpg
293492,10697844,digital image,https://media.rkd.nl/iiif/10697844/full/max/0/default.jpg
293501,10697899,digital image,https://media.rkd.nl/iiif/10697899/full/max/0/default.jpg
293505,10697970,digital image,https://media.rkd.nl/iiif/10697970/full/max/0/default.jpg
293505,10697971,digital image,https://media.rkd.nl/iiif/10697971/full/max/0/default.jpg
293506,10697972,digital image,https://media.rkd.nl/iiif/10697972/full/max/0/default.jpg
293506,10697973,digital image,https://media.rkd.nl/iiif/10697973/full/max/0/default.jpg
293508,10697974,digital image,https://media.rkd.nl/iiif/10697974/full/max/0/default.jpg
293510,10697975,digital image,https://media.rkd.nl/iiif/10697975/full/max/0/default.jpg
293512,10697977,digital image,https://media.rkd.nl/iiif/10697977/full/max/0/default.jpg
293519,10697864,digital image,https://media.rkd.nl/iiif/10697864/full/max/0/default.jpg
293533,10697880,digital image,https://media.rkd.nl/iiif/10697880/full/max/0/default.jpg
293537,10697891,digital image,https://media.rkd.nl/iiif/10697891/full/max/0/default.jpg
293539,10426293,digital image,https://media.rkd.nl/iiif/10426293/full/max/0/default.jpg
293544,10697905,digital image,https://media.rkd.nl/iiif/10697905/full/max/0/default.jpg
293546,10697906,digital image,https://media.rkd.nl/iiif/10697906/full/max/0/default.jpg
293564,10698013,black-and-white reproduction,https://media.rkd.nl/iiif/10698013/full/max/0/default.jpg
293575,10698024,color reproduction,https://media.rkd.nl/iiif/10698024/full/max/0/default.jpg
293579,10698042,digital image,https://media.rkd.nl/iiif/10698042/full/max/0/default.jpg
293583,10698049,digital image,https://media.rkd.nl/iiif/10698049/full/max/0/default.jpg
293586,10426259,digital color photograph,https://media.rkd.nl/iiif/10426259/full/max/0/default.jpg
293589,10394940,digital image,https://media.rkd.nl/iiif/10394940/full/max/0/default.jpg
293589,10394939,digital image,https://media.rkd.nl/iiif/10394939/full/max/0/default.jpg
293590,10698070,digital color photograph,https://media.rkd.nl/iiif/10698070/full/max/0/default.jpg
293591,10394938,digital image,https://media.rkd.nl/iiif/10394938/full/max/0/default.jpg
293633,10698169,digital image,https://media.rkd.nl/iiif/10698169/full/max/0/default.jpg
293634,10698170,digital image,https://media.rkd.nl/iiif/10698170/full/max/0/default.jpg
293636,10698202,digital image,https://media.rkd.nl/iiif/10698202/full/max/0/default.jpg
293637,10698203,digital image,https://media.rkd.nl/iiif/10698203/full/max/0/default.jpg
293640,10698206,digital image,https://media.rkd.nl/iiif/10698206/full/max/0/default.jpg
293668,10698251,BD/Digital Collection,https://media.rkd.nl/iiif/10698251/full/max/0/default.jpg
293668,10698255,BD/Digital Collection,https://media.rkd.nl/iiif/10698255/full/max/0/default.jpg
293668,10698254,BD/Digital Collection,https://media.rkd.nl/iiif/10698254/full/max/0/default.jpg
293669,10698253,BD/Digital Collection,https://media.rkd.nl/iiif/10698253/full/max/0/default.jpg
293671,10698256,color reproduction,https://media.rkd.nl/iiif/10698256/full/max/0/default.jpg
293694,10698304,digital image,https://media.rkd.nl/iiif/10698304/full/max/0/default.jpg
293696,10698300,digital color photograph,https://media.rkd.nl/iiif/10698300/full/max/0/default.jpg
293698,10698306,digital image,https://media.rkd.nl/iiif/10698306/full/max/0/default.jpg
293706,10698324,digital image,https://media.rkd.nl/iiif/10698324/full/max/0/default.jpg
293725,10698355,digital image,https://media.rkd.nl/iiif/10698355/full/max/0/default.jpg
293726,10698358,digital image,https://media.rkd.nl/iiif/10698358/full/max/0/default.jpg
293727,10698362,digital color photograph,https://media.rkd.nl/iiif/10698362/full/max/0/default.jpg
293728,10698363,digital color photograph,https://media.rkd.nl/iiif/10698363/full/max/0/default.jpg
293749,10698447,digital image,https://media.rkd.nl/iiif/10698447/full/max/0/default.jpg
293758,10698455,digital image,https://media.rkd.nl/iiif/10698455/full/max/0/default.jpg
293760,10698457,digital image,https://media.rkd.nl/iiif/10698457/full/max/0/default.jpg
293763,10698458,digital image,https://media.rkd.nl/iiif/10698458/full/max/0/default.jpg
293766,10698464,digital image,https://media.rkd.nl/iiif/10698464/full/max/0/default.jpg
293775,10353765,digital black-and-white photograph,https://media.rkd.nl/iiif/10353765/full/max/0/default.jpg
293777,10353766,digital black-and-white photograph,https://media.rkd.nl/iiif/10353766/full/max/0/default.jpg
293778,10353767,digital black-and-white photograph,https://media.rkd.nl/iiif/10353767/full/max/0/default.jpg
293779,10353768,digital black-and-white photograph,https://media.rkd.nl/iiif/10353768/full/max/0/default.jpg
293782,10698493,color reproduction,https://media.rkd.nl/iiif/10698493/full/max/0/default.jpg
293792,10698517,BD/Digital Collection,https://media.rkd.nl/iiif/10698517/full/max/0/default.jpg
293793,10698518,BD/Digital Collection,https://media.rkd.nl/iiif/10698518/full/max/0/default.jpg
293796,10698519,digital image,https://media.rkd.nl/iiif/10698519/full/max/0/default.jpg
293806,10426224,digital image,https://media.rkd.nl/iiif/10426224/full/max/0/default.jpg
293806,10426225,digital image,https://media.rkd.nl/iiif/10426225/full/max/0/default.jpg
293807,10698527,digital image,https://media.rkd.nl/iiif/10698527/full/max/0/default.jpg
293809,10698528,digital image,https://media.rkd.nl/iiif/10698528/full/max/0/default.jpg
293812,10698533,digital image,https://media.rkd.nl/iiif/10698533/full/max/0/default.jpg
293825,10353769,digital black-and-white photograph,https://media.rkd.nl/iiif/10353769/full/max/0/default.jpg
293826,10353770,digital black-and-white photograph,https://media.rkd.nl/iiif/10353770/full/max/0/default.jpg
293827,10353771,black and white photograph,https://media.rkd.nl/iiif/10353771/full/max/0/default.jpg
293828,10353772,digital color photograph,https://media.rkd.nl/iiif/10353772/full/max/0/default.jpg
293830,10353774,digital black-and-white photograph,https://media.rkd.nl/iiif/10353774/full/max/0/default.jpg
293831,10353775,digital black-and-white photograph,https://media.rkd.nl/iiif/10353775/full/max/0/default.jpg
293832,10353776,digital black-and-white photograph,https://media.rkd.nl/iiif/10353776/full/max/0/default.jpg
293833,10814237,digital image,https://media.rkd.nl/iiif/10814237/full/max/0/default.jpg
293836,10353777,digital black-and-white photograph,https://media.rkd.nl/iiif/10353777/full/max/0/default.jpg
293839,10353779,digital black-and-white photograph,https://media.rkd.nl/iiif/10353779/full/max/0/default.jpg
293840,10353780,digital black-and-white photograph,https://media.rkd.nl/iiif/10353780/full/max/0/default.jpg
293842,10353781,digital black-and-white photograph,https://media.rkd.nl/iiif/10353781/full/max/0/default.jpg
293844,10353782,digital black-and-white photograph,https://media.rkd.nl/iiif/10353782/full/max/0/default.jpg
293845,10353783,digital black-and-white photograph,https://media.rkd.nl/iiif/10353783/full/max/0/default.jpg
293847,10353784,digital black-and-white photograph,https://media.rkd.nl/iiif/10353784/full/max/0/default.jpg
293849,10353785,digital black-and-white photograph,https://media.rkd.nl/iiif/10353785/full/max/0/default.jpg
293896,10814243,BD/Digital Collection,https://media.rkd.nl/iiif/10814243/full/max/0/default.jpg
293905,10698671,digital image,https://media.rkd.nl/iiif/10698671/full/max/0/default.jpg
293905,10698672,digital image,https://media.rkd.nl/iiif/10698672/full/max/0/default.jpg
293905,10698673,digital image,https://media.rkd.nl/iiif/10698673/full/max/0/default.jpg
293931,10698705,reproduction (derivative object),https://media.rkd.nl/iiif/10698705/full/max/0/default.jpg
293938,10353786,digital black-and-white photograph,https://media.rkd.nl/iiif/10353786/full/max/0/default.jpg
293939,10353788,digital black-and-white photograph,https://media.rkd.nl/iiif/10353788/full/max/0/default.jpg
293940,10698710,digital color photograph,https://media.rkd.nl/iiif/10698710/full/max/0/default.jpg
293941,10353789,digital black-and-white photograph,https://media.rkd.nl/iiif/10353789/full/max/0/default.jpg
293951,10353790,digital black-and-white photograph,https://media.rkd.nl/iiif/10353790/full/max/0/default.jpg
293953,10353791,digital black-and-white photograph,https://media.rkd.nl/iiif/10353791/full/max/0/default.jpg
293957,10353792,digital black-and-white photograph,https://media.rkd.nl/iiif/10353792/full/max/0/default.jpg
293961,10353793,digital black-and-white photograph,https://media.rkd.nl/iiif/10353793/full/max/0/default.jpg
293964,10353795,digital black-and-white photograph,https://media.rkd.nl/iiif/10353795/full/max/0/default.jpg
293965,10353796,digital black-and-white photograph,https://media.rkd.nl/iiif/10353796/full/max/0/default.jpg
293967,10353797,digital color photograph,https://media.rkd.nl/iiif/10353797/full/max/0/default.jpg
293969,10353800,digital color photograph,https://media.rkd.nl/iiif/10353800/full/max/0/default.jpg
293972,10353801,digital black-and-white photograph,https://media.rkd.nl/iiif/10353801/full/max/0/default.jpg
293974,10353802,digital black-and-white photograph,https://media.rkd.nl/iiif/10353802/full/max/0/default.jpg
293975,10353803,digital black-and-white photograph,https://media.rkd.nl/iiif/10353803/full/max/0/default.jpg
293982,10698746,color reproduction,https://media.rkd.nl/iiif/10698746/full/max/0/default.jpg
293992,10698755,digital image,https://media.rkd.nl/iiif/10698755/full/max/0/default.jpg
294005,10698766,digital color photograph,https://media.rkd.nl/iiif/10698766/full/max/0/default.jpg
294006,10698767,digital color photograph,https://media.rkd.nl/iiif/10698767/full/max/0/default.jpg
294010,10702029,RKD/BIB,https://media.rkd.nl/iiif/10702029/full/max/0/default.jpg
294023,10698793,digital image,https://media.rkd.nl/iiif/10698793/full/max/0/default.jpg
294027,10698801,digital color photograph,https://media.rkd.nl/iiif/10698801/full/max/0/default.jpg
294032,10698805,digital color photograph,https://media.rkd.nl/iiif/10698805/full/max/0/default.jpg
294037,10353804,digital black-and-white photograph,https://media.rkd.nl/iiif/10353804/full/max/0/default.jpg
294038,10353805,digital black-and-white photograph,https://media.rkd.nl/iiif/10353805/full/max/0/default.jpg
294039,10353806,digital black-and-white photograph,https://media.rkd.nl/iiif/10353806/full/max/0/default.jpg
294040,10353807,digital black-and-white photograph,https://media.rkd.nl/iiif/10353807/full/max/0/default.jpg
294042,10353808,digital black-and-white photograph,https://media.rkd.nl/iiif/10353808/full/max/0/default.jpg
294043,10353809,digital black-and-white photograph,https://media.rkd.nl/iiif/10353809/full/max/0/default.jpg
294045,10353810,digital black-and-white photograph,https://media.rkd.nl/iiif/10353810/full/max/0/default.jpg
294046,10353811,digital black-and-white photograph,https://media.rkd.nl/iiif/10353811/full/max/0/default.jpg
294047,10353812,digital black-and-white photograph,https://media.rkd.nl/iiif/10353812/full/max/0/default.jpg
294048,10353813,digital black-and-white photograph,https://media.rkd.nl/iiif/10353813/full/max/0/default.jpg
294049,10353814,digital black-and-white photograph,https://media.rkd.nl/iiif/10353814/full/max/0/default.jpg
294050,10353815,digital black-and-white photograph,https://media.rkd.nl/iiif/10353815/full/max/0/default.jpg
294051,10353816,digital black-and-white photograph,https://media.rkd.nl/iiif/10353816/full/max/0/default.jpg
294053,10353817,digital black-and-white photograph,https://media.rkd.nl/iiif/10353817/full/max/0/default.jpg
294054,10353818,digital black-and-white photograph,https://media.rkd.nl/iiif/10353818/full/max/0/default.jpg
294055,10353819,digital black-and-white photograph,https://media.rkd.nl/iiif/10353819/full/max/0/default.jpg
294056,10353820,digital black-and-white photograph,https://media.rkd.nl/iiif/10353820/full/max/0/default.jpg
294057,10353821,digital black-and-white photograph,https://media.rkd.nl/iiif/10353821/full/max/0/default.jpg
294058,10353822,digital black-and-white photograph,https://media.rkd.nl/iiif/10353822/full/max/0/default.jpg
294059,10353823,digital black-and-white photograph,https://media.rkd.nl/iiif/10353823/full/max/0/default.jpg
294060,10353824,digital black-and-white photograph,https://media.rkd.nl/iiif/10353824/full/max/0/default.jpg
294070,10698845,digital color photograph,https://media.rkd.nl/iiif/10698845/full/max/0/default.jpg
294091,10698904,digital black-and-white photograph,https://media.rkd.nl/iiif/10698904/full/max/0/default.jpg
294092,10698914,digital black-and-white photograph,https://media.rkd.nl/iiif/10698914/full/max/0/default.jpg
294095,10698917,digital black-and-white photograph,https://media.rkd.nl/iiif/10698917/full/max/0/default.jpg
294097,10698919,digital black-and-white photograph,https://media.rkd.nl/iiif/10698919/full/max/0/default.jpg
294100,10698927,digital black-and-white photograph,https://media.rkd.nl/iiif/10698927/full/max/0/default.jpg
294101,10698929,digital black-and-white photograph,https://media.rkd.nl/iiif/10698929/full/max/0/default.jpg
294105,10353825,digital black-and-white photograph,https://media.rkd.nl/iiif/10353825/full/max/0/default.jpg
294106,10698950,digital image,https://media.rkd.nl/iiif/10698950/full/max/0/default.jpg
294106,10814265,black-and-white reproduction,https://media.rkd.nl/iiif/10814265/full/max/0/default.jpg
294108,10353826,digital black-and-white photograph,https://media.rkd.nl/iiif/10353826/full/max/0/default.jpg
294131,10353827,digital black-and-white photograph,https://media.rkd.nl/iiif/10353827/full/max/0/default.jpg
294132,10353828,digital black-and-white photograph,https://media.rkd.nl/iiif/10353828/full/max/0/default.jpg
294133,10353831,digital black-and-white photograph,https://media.rkd.nl/iiif/10353831/full/max/0/default.jpg
294134,10353836,digital black-and-white photograph,https://media.rkd.nl/iiif/10353836/full/max/0/default.jpg
294136,10353834,digital black-and-white photograph,https://media.rkd.nl/iiif/10353834/full/max/0/default.jpg
294137,10353835,digital black-and-white photograph,https://media.rkd.nl/iiif/10353835/full/max/0/default.jpg
294138,10353833,digital black-and-white photograph,https://media.rkd.nl/iiif/10353833/full/max/0/default.jpg
294139,10353837,digital black-and-white photograph,https://media.rkd.nl/iiif/10353837/full/max/0/default.jpg
294141,10353838,digital color photograph,https://media.rkd.nl/iiif/10353838/full/max/0/default.jpg
294142,10353839,digital black-and-white photograph,https://media.rkd.nl/iiif/10353839/full/max/0/default.jpg
294143,10353840,digital black-and-white photograph,https://media.rkd.nl/iiif/10353840/full/max/0/default.jpg
294144,10353841,digital black-and-white photograph,https://media.rkd.nl/iiif/10353841/full/max/0/default.jpg
294145,10353842,digital black-and-white photograph,https://media.rkd.nl/iiif/10353842/full/max/0/default.jpg
294147,10353843,digital black-and-white photograph,https://media.rkd.nl/iiif/10353843/full/max/0/default.jpg
294149,10699034,digital image,https://media.rkd.nl/iiif/10699034/full/max/0/default.jpg
294152,10699040,digital black-and-white photograph,https://media.rkd.nl/iiif/10699040/full/max/0/default.jpg
294156,10353844,digital black-and-white photograph,https://media.rkd.nl/iiif/10353844/full/max/0/default.jpg
294158,10353845,digital black-and-white photograph,https://media.rkd.nl/iiif/10353845/full/max/0/default.jpg
294160,10353846,digital black-and-white photograph,https://media.rkd.nl/iiif/10353846/full/max/0/default.jpg
294168,10353847,digital black-and-white photograph,https://media.rkd.nl/iiif/10353847/full/max/0/default.jpg
294169,10353848,digital black-and-white photograph,https://media.rkd.nl/iiif/10353848/full/max/0/default.jpg
294172,10353849,digital black-and-white photograph,https://media.rkd.nl/iiif/10353849/full/max/0/default.jpg
294173,10353850,digital black-and-white photograph,https://media.rkd.nl/iiif/10353850/full/max/0/default.jpg
294175,10353851,digital black-and-white photograph,https://media.rkd.nl/iiif/10353851/full/max/0/default.jpg
294178,10353852,digital color photograph,https://media.rkd.nl/iiif/10353852/full/max/0/default.jpg
294179,10353853,digital black-and-white photograph,https://media.rkd.nl/iiif/10353853/full/max/0/default.jpg
294180,10353855,digital black-and-white photograph,https://media.rkd.nl/iiif/10353855/full/max/0/default.jpg
294181,10353856,digital black-and-white photograph,https://media.rkd.nl/iiif/10353856/full/max/0/default.jpg
294182,10353857,digital black-and-white photograph,https://media.rkd.nl/iiif/10353857/full/max/0/default.jpg
294184,10353858,digital black-and-white photograph,https://media.rkd.nl/iiif/10353858/full/max/0/default.jpg
294185,10353859,digital black-and-white photograph,https://media.rkd.nl/iiif/10353859/full/max/0/default.jpg
294186,10353860,digital black-and-white photograph,https://media.rkd.nl/iiif/10353860/full/max/0/default.jpg
294187,10353861,digital black-and-white photograph,https://media.rkd.nl/iiif/10353861/full/max/0/default.jpg
294189,10699063,digital color photograph,https://media.rkd.nl/iiif/10699063/full/max/0/default.jpg
294199,10699077,digital image,https://media.rkd.nl/iiif/10699077/full/max/0/default.jpg
294206,10699085,digital color photograph,https://media.rkd.nl/iiif/10699085/full/max/0/default.jpg
294207,10699086,digital color photograph,https://media.rkd.nl/iiif/10699086/full/max/0/default.jpg
294208,10699088,digital color photograph,https://media.rkd.nl/iiif/10699088/full/max/0/default.jpg
294218,10353862,digital black-and-white photograph,https://media.rkd.nl/iiif/10353862/full/max/0/default.jpg
294219,10353863,digital black-and-white photograph,https://media.rkd.nl/iiif/10353863/full/max/0/default.jpg
294220,10353864,digital black-and-white photograph,https://media.rkd.nl/iiif/10353864/full/max/0/default.jpg
294222,10353865,digital black-and-white photograph,https://media.rkd.nl/iiif/10353865/full/max/0/default.jpg
294223,10353866,digital black-and-white photograph,https://media.rkd.nl/iiif/10353866/full/max/0/default.jpg
294224,10353867,digital black-and-white photograph,https://media.rkd.nl/iiif/10353867/full/max/0/default.jpg
294225,10353868,digital black-and-white photograph,https://media.rkd.nl/iiif/10353868/full/max/0/default.jpg
294227,10353869,digital black-and-white photograph,https://media.rkd.nl/iiif/10353869/full/max/0/default.jpg
294229,10353870,digital black-and-white photograph,https://media.rkd.nl/iiif/10353870/full/max/0/default.jpg
294230,10353871,digital black-and-white photograph,https://media.rkd.nl/iiif/10353871/full/max/0/default.jpg
294231,10353872,digital black-and-white photograph,https://media.rkd.nl/iiif/10353872/full/max/0/default.jpg
294235,10353873,digital black-and-white photograph,https://media.rkd.nl/iiif/10353873/full/max/0/default.jpg
294237,10353874,digital black-and-white photograph,https://media.rkd.nl/iiif/10353874/full/max/0/default.jpg
294240,10353875,digital black-and-white photograph,https://media.rkd.nl/iiif/10353875/full/max/0/default.jpg
294242,10353876,digital black-and-white photograph,https://media.rkd.nl/iiif/10353876/full/max/0/default.jpg
294243,10699068,digital color photograph,https://media.rkd.nl/iiif/10699068/full/max/0/default.jpg
294244,10353877,digital black-and-white photograph,https://media.rkd.nl/iiif/10353877/full/max/0/default.jpg
294245,10353878,digital black-and-white photograph,https://media.rkd.nl/iiif/10353878/full/max/0/default.jpg
294246,10353879,digital black-and-white photograph,https://media.rkd.nl/iiif/10353879/full/max/0/default.jpg
294247,10353880,digital black-and-white photograph,https://media.rkd.nl/iiif/10353880/full/max/0/default.jpg
294282,10699161,digital image,https://media.rkd.nl/iiif/10699161/full/max/0/default.jpg
294303,10353883,digital black-and-white photograph,https://media.rkd.nl/iiif/10353883/full/max/0/default.jpg
294304,10353884,digital black-and-white photograph,https://media.rkd.nl/iiif/10353884/full/max/0/default.jpg
294306,10353885,digital black-and-white photograph,https://media.rkd.nl/iiif/10353885/full/max/0/default.jpg
294307,10353886,digital black-and-white photograph,https://media.rkd.nl/iiif/10353886/full/max/0/default.jpg
294310,10353890,digital black-and-white photograph,https://media.rkd.nl/iiif/10353890/full/max/0/default.jpg
294312,10353888,digital black-and-white photograph,https://media.rkd.nl/iiif/10353888/full/max/0/default.jpg
294314,10353889,digital black-and-white photograph,https://media.rkd.nl/iiif/10353889/full/max/0/default.jpg
294316,10353887,digital black-and-white photograph,https://media.rkd.nl/iiif/10353887/full/max/0/default.jpg
294317,10353891,digital black-and-white photograph,https://media.rkd.nl/iiif/10353891/full/max/0/default.jpg
294318,10353892,digital black-and-white photograph,https://media.rkd.nl/iiif/10353892/full/max/0/default.jpg
294319,10353893,digital black-and-white photograph,https://media.rkd.nl/iiif/10353893/full/max/0/default.jpg
294320,10353895,digital black-and-white photograph,https://media.rkd.nl/iiif/10353895/full/max/0/default.jpg
294321,10353896,digital black-and-white photograph,https://media.rkd.nl/iiif/10353896/full/max/0/default.jpg
294322,10353897,digital black-and-white photograph,https://media.rkd.nl/iiif/10353897/full/max/0/default.jpg
294324,10353898,digital black-and-white photograph,https://media.rkd.nl/iiif/10353898/full/max/0/default.jpg
294325,10353899,digital black-and-white photograph,https://media.rkd.nl/iiif/10353899/full/max/0/default.jpg
294327,10353900,digital black-and-white photograph,https://media.rkd.nl/iiif/10353900/full/max/0/default.jpg
294329,10353901,digital black-and-white photograph,https://media.rkd.nl/iiif/10353901/full/max/0/default.jpg
294330,10353902,digital black-and-white photograph,https://media.rkd.nl/iiif/10353902/full/max/0/default.jpg
294349,10353904,digital black-and-white photograph,https://media.rkd.nl/iiif/10353904/full/max/0/default.jpg
294350,10353905,digital black-and-white photograph,https://media.rkd.nl/iiif/10353905/full/max/0/default.jpg
294352,10353906,digital black-and-white photograph,https://media.rkd.nl/iiif/10353906/full/max/0/default.jpg
294354,10353908,digital black-and-white photograph,https://media.rkd.nl/iiif/10353908/full/max/0/default.jpg
294355,10353909,digital black-and-white photograph,https://media.rkd.nl/iiif/10353909/full/max/0/default.jpg
294358,10353910,digital black-and-white photograph,https://media.rkd.nl/iiif/10353910/full/max/0/default.jpg
294359,10353911,digital black-and-white photograph,https://media.rkd.nl/iiif/10353911/full/max/0/default.jpg
294360,10353912,digital color photograph,https://media.rkd.nl/iiif/10353912/full/max/0/default.jpg
294363,10699229,digital image,https://media.rkd.nl/iiif/10699229/full/max/0/default.jpg
294366,10353915,digital black-and-white photograph,https://media.rkd.nl/iiif/10353915/full/max/0/default.jpg
294368,10353916,digital black-and-white photograph,https://media.rkd.nl/iiif/10353916/full/max/0/default.jpg
294370,10353917,digital black-and-white photograph,https://media.rkd.nl/iiif/10353917/full/max/0/default.jpg
294388,10353918,digital black-and-white photograph,https://media.rkd.nl/iiif/10353918/full/max/0/default.jpg
294390,10353919,digital black-and-white photograph,https://media.rkd.nl/iiif/10353919/full/max/0/default.jpg
294391,10353920,digital black-and-white photograph,https://media.rkd.nl/iiif/10353920/full/max/0/default.jpg
294392,10353921,digital black-and-white photograph,https://media.rkd.nl/iiif/10353921/full/max/0/default.jpg
294393,10353922,digital black-and-white photograph,https://media.rkd.nl/iiif/10353922/full/max/0/default.jpg
294394,10353923,digital black-and-white photograph,https://media.rkd.nl/iiif/10353923/full/max/0/default.jpg
294395,10353924,digital black-and-white photograph,https://media.rkd.nl/iiif/10353924/full/max/0/default.jpg
294396,10353925,digital black-and-white photograph,https://media.rkd.nl/iiif/10353925/full/max/0/default.jpg
294397,10353926,digital black-and-white photograph,https://media.rkd.nl/iiif/10353926/full/max/0/default.jpg
294398,10353927,digital black-and-white photograph,https://media.rkd.nl/iiif/10353927/full/max/0/default.jpg
294399,10353928,digital black-and-white photograph,https://media.rkd.nl/iiif/10353928/full/max/0/default.jpg
294400,10353929,digital black-and-white photograph,https://media.rkd.nl/iiif/10353929/full/max/0/default.jpg
294401,10353930,digital black-and-white photograph,https://media.rkd.nl/iiif/10353930/full/max/0/default.jpg
294402,10353931,digital color photograph,https://media.rkd.nl/iiif/10353931/full/max/0/default.jpg
294403,10353932,digital color photograph,https://media.rkd.nl/iiif/10353932/full/max/0/default.jpg
294404,10353933,digital black-and-white photograph,https://media.rkd.nl/iiif/10353933/full/max/0/default.jpg
294405,10353934,digital black-and-white photograph,https://media.rkd.nl/iiif/10353934/full/max/0/default.jpg
294407,10353935,digital black-and-white photograph,https://media.rkd.nl/iiif/10353935/full/max/0/default.jpg
294409,10353936,digital black-and-white photograph,https://media.rkd.nl/iiif/10353936/full/max/0/default.jpg
294410,10353937,digital black-and-white photograph,https://media.rkd.nl/iiif/10353937/full/max/0/default.jpg
294412,10353938,digital black-and-white photograph,https://media.rkd.nl/iiif/10353938/full/max/0/default.jpg
294413,10353939,digital black-and-white photograph,https://media.rkd.nl/iiif/10353939/full/max/0/default.jpg
294415,10353940,digital color photograph,https://media.rkd.nl/iiif/10353940/full/max/0/default.jpg
294416,10353941,digital color photograph,https://media.rkd.nl/iiif/10353941/full/max/0/default.jpg
294418,10353942,digital black-and-white photograph,https://media.rkd.nl/iiif/10353942/full/max/0/default.jpg
294419,10353943,digital black-and-white photograph,https://media.rkd.nl/iiif/10353943/full/max/0/default.jpg
294420,10353944,digital black-and-white photograph,https://media.rkd.nl/iiif/10353944/full/max/0/default.jpg
294425,10353945,digital color photograph,https://media.rkd.nl/iiif/10353945/full/max/0/default.jpg
294426,10353946,digital black-and-white photograph,https://media.rkd.nl/iiif/10353946/full/max/0/default.jpg
294428,10353947,digital black-and-white photograph,https://media.rkd.nl/iiif/10353947/full/max/0/default.jpg
294429,10353948,digital black-and-white photograph,https://media.rkd.nl/iiif/10353948/full/max/0/default.jpg
294430,10353949,digital black-and-white photograph,https://media.rkd.nl/iiif/10353949/full/max/0/default.jpg
294431,10353950,digital black-and-white photograph,https://media.rkd.nl/iiif/10353950/full/max/0/default.jpg
294432,10353951,digital black-and-white photograph,https://media.rkd.nl/iiif/10353951/full/max/0/default.jpg
294434,10353952,digital black-and-white photograph,https://media.rkd.nl/iiif/10353952/full/max/0/default.jpg
294435,10353953,digital black-and-white photograph,https://media.rkd.nl/iiif/10353953/full/max/0/default.jpg
294436,10353954,digital black-and-white photograph,https://media.rkd.nl/iiif/10353954/full/max/0/default.jpg
294437,10353955,digital black-and-white photograph,https://media.rkd.nl/iiif/10353955/full/max/0/default.jpg
294439,10353956,digital black-and-white photograph,https://media.rkd.nl/iiif/10353956/full/max/0/default.jpg
294440,10353957,digital black-and-white photograph,https://media.rkd.nl/iiif/10353957/full/max/0/default.jpg
294441,10353958,digital black-and-white photograph,https://media.rkd.nl/iiif/10353958/full/max/0/default.jpg
294443,10353959,digital black-and-white photograph,https://media.rkd.nl/iiif/10353959/full/max/0/default.jpg
294444,10353960,digital black-and-white photograph,https://media.rkd.nl/iiif/10353960/full/max/0/default.jpg
294461,10699301,digital image,https://media.rkd.nl/iiif/10699301/full/max/0/default.jpg
294469,10699314,digital image,https://media.rkd.nl/iiif/10699314/full/max/0/default.jpg
294472,10699322,digital image,https://media.rkd.nl/iiif/10699322/full/max/0/default.jpg
294484,10699332,digital image,https://media.rkd.nl/iiif/10699332/full/max/0/default.jpg
294485,10699333,digital image,https://media.rkd.nl/iiif/10699333/full/max/0/default.jpg
294494,10427444,digital color photograph,https://media.rkd.nl/iiif/10427444/full/max/0/default.jpg
294524,10699414,digital color photograph,https://media.rkd.nl/iiif/10699414/full/max/0/default.jpg
294538,10699457,digital image,https://media.rkd.nl/iiif/10699457/full/max/0/default.jpg
294540,10699479,digital black-and-white photograph,https://media.rkd.nl/iiif/10699479/full/max/0/default.jpg
294542,10699480,BD/Digital Collection,https://media.rkd.nl/iiif/10699480/full/max/0/default.jpg
294545,10699484,digital black-and-white photograph,https://media.rkd.nl/iiif/10699484/full/max/0/default.jpg
294560,10699522,digital color photograph,https://media.rkd.nl/iiif/10699522/full/max/0/default.jpg
294579,10699578,digital image,https://media.rkd.nl/iiif/10699578/full/max/0/default.jpg
294600,11114531,digital image,https://media.rkd.nl/iiif/11114531/full/max/0/default.jpg
294600,11114532,digital image,https://media.rkd.nl/iiif/11114532/full/max/0/default.jpg
294600,10699691,color reproduction,https://media.rkd.nl/iiif/10699691/full/max/0/default.jpg
294601,10814395,digital color photograph,https://media.rkd.nl/iiif/10814395/full/max/0/default.jpg
294622,10848919,digital image,https://media.rkd.nl/iiif/10848919/full/max/0/default.jpg
294622,10814397,digital image,https://media.rkd.nl/iiif/10814397/full/max/0/default.jpg
294647,9293136,old black-and-white photograph,https://media.rkd.nl/iiif/9293136/full/max/0/default.jpg
294648,10814399,BD/Digital Collection,https://media.rkd.nl/iiif/10814399/full/max/0/default.jpg
294648,10814400,BD/Digital Collection,https://media.rkd.nl/iiif/10814400/full/max/0/default.jpg
294657,10699799,digital image,https://media.rkd.nl/iiif/10699799/full/max/0/default.jpg
294659,10699807,digital image,https://media.rkd.nl/iiif/10699807/full/max/0/default.jpg
294660,10699809,digital color photograph,https://media.rkd.nl/iiif/10699809/full/max/0/default.jpg
294666,10699845,black-and-white reproduction,https://media.rkd.nl/iiif/10699845/full/max/0/default.jpg
294667,10699846,black-and-white reproduction,https://media.rkd.nl/iiif/10699846/full/max/0/default.jpg
294671,10814405,digital image,https://media.rkd.nl/iiif/10814405/full/max/0/default.jpg
294675,10699898,black-and-white reproduction,https://media.rkd.nl/iiif/10699898/full/max/0/default.jpg
294676,10699899,digital color photograph,https://media.rkd.nl/iiif/10699899/full/max/0/default.jpg
294688,10699895,digital color photograph,https://media.rkd.nl/iiif/10699895/full/max/0/default.jpg
294691,10699926,digital image,https://media.rkd.nl/iiif/10699926/full/max/0/default.jpg
294695,10425817,digital image,https://media.rkd.nl/iiif/10425817/full/max/0/default.jpg
294695,10699929,digital image,https://media.rkd.nl/iiif/10699929/full/max/0/default.jpg
294696,10699932,digital image,https://media.rkd.nl/iiif/10699932/full/max/0/default.jpg
294697,10699935,digital image,https://media.rkd.nl/iiif/10699935/full/max/0/default.jpg
294697,10699937,digital image,https://media.rkd.nl/iiif/10699937/full/max/0/default.jpg
294701,10814407,digital image,https://media.rkd.nl/iiif/10814407/full/max/0/default.jpg
294719,10699959,digital image,https://media.rkd.nl/iiif/10699959/full/max/0/default.jpg
294722,10814409,digital image,https://media.rkd.nl/iiif/10814409/full/max/0/default.jpg
294724,10814410,digital image,https://media.rkd.nl/iiif/10814410/full/max/0/default.jpg
294729,10699965,digital color photograph,https://media.rkd.nl/iiif/10699965/full/max/0/default.jpg
294739,10699984,digital image,https://media.rkd.nl/iiif/10699984/full/max/0/default.jpg
294740,10699986,digital image,https://media.rkd.nl/iiif/10699986/full/max/0/default.jpg
294744,10699991,digital image,https://media.rkd.nl/iiif/10699991/full/max/0/default.jpg
294745,10699997,BD/Digital Collection,https://media.rkd.nl/iiif/10699997/full/max/0/default.jpg
294746,10699998,digital image,https://media.rkd.nl/iiif/10699998/full/max/0/default.jpg
294763,10700034,digital black-and-white photograph,https://media.rkd.nl/iiif/10700034/full/max/0/default.jpg
294765,10700036,digital black-and-white photograph,https://media.rkd.nl/iiif/10700036/full/max/0/default.jpg
294766,10700037,digital image,https://media.rkd.nl/iiif/10700037/full/max/0/default.jpg
294766,10700038,digital image,https://media.rkd.nl/iiif/10700038/full/max/0/default.jpg
294767,10700039,digital image,https://media.rkd.nl/iiif/10700039/full/max/0/default.jpg
294767,10700040,digital image,https://media.rkd.nl/iiif/10700040/full/max/0/default.jpg
294791,9334486,digital image,https://media.rkd.nl/iiif/9334486/full/max/0/default.jpg
294807,10700077,digital image,https://media.rkd.nl/iiif/10700077/full/max/0/default.jpg
294808,10700078,digital image,https://media.rkd.nl/iiif/10700078/full/max/0/default.jpg
294809,10814424,digital image,https://media.rkd.nl/iiif/10814424/full/max/0/default.jpg
294810,10814425,digital image,https://media.rkd.nl/iiif/10814425/full/max/0/default.jpg
294811,10700080,digital image,https://media.rkd.nl/iiif/10700080/full/max/0/default.jpg
294820,10427454,digital color photograph,https://media.rkd.nl/iiif/10427454/full/max/0/default.jpg
294821,10427457,digital color photograph,https://media.rkd.nl/iiif/10427457/full/max/0/default.jpg
294823,10427458,digital color photograph,https://media.rkd.nl/iiif/10427458/full/max/0/default.jpg
294826,10427471,digital color photograph,https://media.rkd.nl/iiif/10427471/full/max/0/default.jpg
294827,10427472,digital color photograph,https://media.rkd.nl/iiif/10427472/full/max/0/default.jpg
294827,10427474,digital color photograph,https://media.rkd.nl/iiif/10427474/full/max/0/default.jpg
294837,10427475,digital color photograph,https://media.rkd.nl/iiif/10427475/full/max/0/default.jpg
294837,10427477,digital color photograph,https://media.rkd.nl/iiif/10427477/full/max/0/default.jpg
294838,10427478,digital color photograph,https://media.rkd.nl/iiif/10427478/full/max/0/default.jpg
294838,10427480,digital color photograph,https://media.rkd.nl/iiif/10427480/full/max/0/default.jpg
294839,10700098,digital color photograph,https://media.rkd.nl/iiif/10700098/full/max/0/default.jpg
294840,10427484,digital color photograph,https://media.rkd.nl/iiif/10427484/full/max/0/default.jpg
294840,10427483,digital color photograph,https://media.rkd.nl/iiif/10427483/full/max/0/default.jpg
294842,10427485,digital color photograph,https://media.rkd.nl/iiif/10427485/full/max/0/default.jpg
294849,10700145,digital image,https://media.rkd.nl/iiif/10700145/full/max/0/default.jpg
294856,10700111,digital image,https://media.rkd.nl/iiif/10700111/full/max/0/default.jpg
294858,10700112,digital image,https://media.rkd.nl/iiif/10700112/full/max/0/default.jpg
294859,10700113,digital image,https://media.rkd.nl/iiif/10700113/full/max/0/default.jpg
294862,10427838,digital color photograph,https://media.rkd.nl/iiif/10427838/full/max/0/default.jpg
294863,10700116,digital image,https://media.rkd.nl/iiif/10700116/full/max/0/default.jpg
294865,10427452,digital color photograph,https://media.rkd.nl/iiif/10427452/full/max/0/default.jpg
294875,10427467,digital color photograph,https://media.rkd.nl/iiif/10427467/full/max/0/default.jpg
294875,10427468,digital color photograph,https://media.rkd.nl/iiif/10427468/full/max/0/default.jpg
294877,10427482,digital color photograph,https://media.rkd.nl/iiif/10427482/full/max/0/default.jpg
294877,10427481,digital color photograph,https://media.rkd.nl/iiif/10427481/full/max/0/default.jpg
294878,10427488,digital color photograph,https://media.rkd.nl/iiif/10427488/full/max/0/default.jpg
294878,10427487,digital color photograph,https://media.rkd.nl/iiif/10427487/full/max/0/default.jpg
294880,10427490,digital color photograph,https://media.rkd.nl/iiif/10427490/full/max/0/default.jpg
294880,10427489,digital color photograph,https://media.rkd.nl/iiif/10427489/full/max/0/default.jpg
294880,10427491,digital color photograph,https://media.rkd.nl/iiif/10427491/full/max/0/default.jpg
294888,10700146,digital image,https://media.rkd.nl/iiif/10700146/full/max/0/default.jpg
294928,10463829,digital color photograph,https://media.rkd.nl/iiif/10463829/full/max/0/default.jpg
294928,10463830,digital color photograph,https://media.rkd.nl/iiif/10463830/full/max/0/default.jpg
294928,10700192,digital image,https://media.rkd.nl/iiif/10700192/full/max/0/default.jpg
294928,10700194,digital image,https://media.rkd.nl/iiif/10700194/full/max/0/default.jpg
294931,10700196,digital color photograph,https://media.rkd.nl/iiif/10700196/full/max/0/default.jpg
294932,10700207,digital image,https://media.rkd.nl/iiif/10700207/full/max/0/default.jpg
294940,10427504,digital image,https://media.rkd.nl/iiif/10427504/full/max/0/default.jpg
294941,10700214,digital image,https://media.rkd.nl/iiif/10700214/full/max/0/default.jpg
294941,10700215,black and white photograph,https://media.rkd.nl/iiif/10700215/full/max/0/default.jpg
294943,10700217,digital image,https://media.rkd.nl/iiif/10700217/full/max/0/default.jpg
294944,10700218,digital image,https://media.rkd.nl/iiif/10700218/full/max/0/default.jpg
294945,10463895,digital color photograph,https://media.rkd.nl/iiif/10463895/full/max/0/default.jpg
294947,10463897,digital color photograph,https://media.rkd.nl/iiif/10463897/full/max/0/default.jpg
294949,10463901,digital color photograph,https://media.rkd.nl/iiif/10463901/full/max/0/default.jpg
294950,10700220,digital image,https://media.rkd.nl/iiif/10700220/full/max/0/default.jpg
294956,10463903,digital color photograph,https://media.rkd.nl/iiif/10463903/full/max/0/default.jpg
294957,10463860,digital color photograph,https://media.rkd.nl/iiif/10463860/full/max/0/default.jpg
294959,10463905,digital color photograph,https://media.rkd.nl/iiif/10463905/full/max/0/default.jpg
294960,10463862,digital color photograph,https://media.rkd.nl/iiif/10463862/full/max/0/default.jpg
294961,10463907,digital color photograph,https://media.rkd.nl/iiif/10463907/full/max/0/default.jpg
294962,10700225,digital image,https://media.rkd.nl/iiif/10700225/full/max/0/default.jpg
294963,10463909,digital color photograph,https://media.rkd.nl/iiif/10463909/full/max/0/default.jpg
294964,10463911,digital color photograph,https://media.rkd.nl/iiif/10463911/full/max/0/default.jpg
294965,10463913,digital color photograph,https://media.rkd.nl/iiif/10463913/full/max/0/default.jpg
294966,10463915,digital color photograph,https://media.rkd.nl/iiif/10463915/full/max/0/default.jpg
294967,10463863,digital color photograph,https://media.rkd.nl/iiif/10463863/full/max/0/default.jpg
294967,10463864,digital color photograph,https://media.rkd.nl/iiif/10463864/full/max/0/default.jpg
294968,10463866,digital color photograph,https://media.rkd.nl/iiif/10463866/full/max/0/default.jpg
294969,10463868,digital color photograph,https://media.rkd.nl/iiif/10463868/full/max/0/default.jpg
294970,10463870,digital color photograph,https://media.rkd.nl/iiif/10463870/full/max/0/default.jpg
294976,10700229,BD/Digital Collection,https://media.rkd.nl/iiif/10700229/full/max/0/default.jpg
294991,10814447,digital image,https://media.rkd.nl/iiif/10814447/full/max/0/default.jpg
294994,10814448,digital image,https://media.rkd.nl/iiif/10814448/full/max/0/default.jpg
294996,10814449,digital image,https://media.rkd.nl/iiif/10814449/full/max/0/default.jpg
295011,10463917,digital color photograph,https://media.rkd.nl/iiif/10463917/full/max/0/default.jpg
295012,10463919,digital color photograph,https://media.rkd.nl/iiif/10463919/full/max/0/default.jpg
295013,10463872,digital color photograph,https://media.rkd.nl/iiif/10463872/full/max/0/default.jpg
295014,10463874,digital color photograph,https://media.rkd.nl/iiif/10463874/full/max/0/default.jpg
295015,10463921,digital color photograph,https://media.rkd.nl/iiif/10463921/full/max/0/default.jpg
295016,10463923,digital color photograph,https://media.rkd.nl/iiif/10463923/full/max/0/default.jpg
295017,10463925,digital color photograph,https://media.rkd.nl/iiif/10463925/full/max/0/default.jpg
295018,10463876,digital color photograph,https://media.rkd.nl/iiif/10463876/full/max/0/default.jpg
295021,10463878,digital color photograph,https://media.rkd.nl/iiif/10463878/full/max/0/default.jpg
295022,10463927,digital color photograph,https://media.rkd.nl/iiif/10463927/full/max/0/default.jpg
295024,10463929,digital color photograph,https://media.rkd.nl/iiif/10463929/full/max/0/default.jpg
295025,10463931,digital color photograph,https://media.rkd.nl/iiif/10463931/full/max/0/default.jpg
295028,10463880,digital color photograph,https://media.rkd.nl/iiif/10463880/full/max/0/default.jpg
295030,10463882,digital color photograph,https://media.rkd.nl/iiif/10463882/full/max/0/default.jpg
295031,10463884,digital color photograph,https://media.rkd.nl/iiif/10463884/full/max/0/default.jpg
295032,10463886,digital color photograph,https://media.rkd.nl/iiif/10463886/full/max/0/default.jpg
295033,10463888,digital color photograph,https://media.rkd.nl/iiif/10463888/full/max/0/default.jpg
295034,10463890,digital color photograph,https://media.rkd.nl/iiif/10463890/full/max/0/default.jpg
295035,10463892,digital color photograph,https://media.rkd.nl/iiif/10463892/full/max/0/default.jpg
295039,10700255,digital image,https://media.rkd.nl/iiif/10700255/full/max/0/default.jpg
295040,10700256,digital image,https://media.rkd.nl/iiif/10700256/full/max/0/default.jpg
295043,10700259,digital image,https://media.rkd.nl/iiif/10700259/full/max/0/default.jpg
295049,9293138,back-side (of image),https://media.rkd.nl/iiif/9293138/full/max/0/default.jpg
295054,10700269,color reproduction,https://media.rkd.nl/iiif/10700269/full/max/0/default.jpg
295058,10700290,digital image,https://media.rkd.nl/iiif/10700290/full/max/0/default.jpg
295066,10700297,digital image,https://media.rkd.nl/iiif/10700297/full/max/0/default.jpg
295069,10700300,digital image,https://media.rkd.nl/iiif/10700300/full/max/0/default.jpg
295072,10700303,digital image,https://media.rkd.nl/iiif/10700303/full/max/0/default.jpg
295073,10700304,digital image,https://media.rkd.nl/iiif/10700304/full/max/0/default.jpg
295075,10700306,digital image,https://media.rkd.nl/iiif/10700306/full/max/0/default.jpg
295078,10700310,digital image,https://media.rkd.nl/iiif/10700310/full/max/0/default.jpg
295078,10700312,digital image,https://media.rkd.nl/iiif/10700312/full/max/0/default.jpg
295079,10700316,digital image,https://media.rkd.nl/iiif/10700316/full/max/0/default.jpg
295079,10700318,black and white photograph,https://media.rkd.nl/iiif/10700318/full/max/0/default.jpg
295082,10700326,digital image,https://media.rkd.nl/iiif/10700326/full/max/0/default.jpg
295083,10700322,digital image,https://media.rkd.nl/iiif/10700322/full/max/0/default.jpg
295087,10700329,black-and-white reproduction,https://media.rkd.nl/iiif/10700329/full/max/0/default.jpg
295109,10463766,digital color photograph,https://media.rkd.nl/iiif/10463766/full/max/0/default.jpg
295123,10700381,BD/Digital Collection,https://media.rkd.nl/iiif/10700381/full/max/0/default.jpg
295136,10700400,digital image,https://media.rkd.nl/iiif/10700400/full/max/0/default.jpg
295174,10700477,black-and-white reproduction,https://media.rkd.nl/iiif/10700477/full/max/0/default.jpg
295174,10899867,BD/Digital Collection,https://media.rkd.nl/iiif/10899867/full/max/0/default.jpg
295176,10700479,digital image,https://media.rkd.nl/iiif/10700479/full/max/0/default.jpg
295177,10700480,black-and-white reproduction,https://media.rkd.nl/iiif/10700480/full/max/0/default.jpg
295184,9293140,back-side (of image),https://media.rkd.nl/iiif/9293140/full/max/0/default.jpg
295190,9293140,back-side (of image),https://media.rkd.nl/iiif/9293140/full/max/0/default.jpg
295193,10700471,digital color photograph,https://media.rkd.nl/iiif/10700471/full/max/0/default.jpg
295203,10427752,digital image,https://media.rkd.nl/iiif/10427752/full/max/0/default.jpg
295203,10427753,digital image,https://media.rkd.nl/iiif/10427753/full/max/0/default.jpg
295203,10463661,digital image,https://media.rkd.nl/iiif/10463661/full/max/0/default.jpg
295213,10427758,digital image,https://media.rkd.nl/iiif/10427758/full/max/0/default.jpg
295215,10427759,digital image,https://media.rkd.nl/iiif/10427759/full/max/0/default.jpg
295215,10463662,digital image,https://media.rkd.nl/iiif/10463662/full/max/0/default.jpg
295231,10700531,digital image,https://media.rkd.nl/iiif/10700531/full/max/0/default.jpg
295235,10700532,black-and-white reproduction,https://media.rkd.nl/iiif/10700532/full/max/0/default.jpg
295239,10463578,digital color photograph,https://media.rkd.nl/iiif/10463578/full/max/0/default.jpg
295256,10700548,digital image,https://media.rkd.nl/iiif/10700548/full/max/0/default.jpg
295257,9293142,back-side (of image),https://media.rkd.nl/iiif/9293142/full/max/0/default.jpg
295258,10699789,black-and-white reproduction,https://media.rkd.nl/iiif/10699789/full/max/0/default.jpg
295260,10700549,digital image,https://media.rkd.nl/iiif/10700549/full/max/0/default.jpg
295265,10700551,digital image,https://media.rkd.nl/iiif/10700551/full/max/0/default.jpg
295274,10427768,digital image,https://media.rkd.nl/iiif/10427768/full/max/0/default.jpg
295276,10427771,digital image,https://media.rkd.nl/iiif/10427771/full/max/0/default.jpg
295277,10427772,digital image,https://media.rkd.nl/iiif/10427772/full/max/0/default.jpg
295277,10427773,digital image,https://media.rkd.nl/iiif/10427773/full/max/0/default.jpg
295278,10427775,digital image,https://media.rkd.nl/iiif/10427775/full/max/0/default.jpg
295287,10426301,black-and-white reproduction,https://media.rkd.nl/iiif/10426301/full/max/0/default.jpg
295287,10426303,black and white photograph,https://media.rkd.nl/iiif/10426303/full/max/0/default.jpg
295287,10700577,BD/Digital Collection,https://media.rkd.nl/iiif/10700577/full/max/0/default.jpg
295288,10700576,digital image,https://media.rkd.nl/iiif/10700576/full/max/0/default.jpg
295290,10426302,black and white photograph,https://media.rkd.nl/iiif/10426302/full/max/0/default.jpg
295290,10700582,BD/Digital Collection,https://media.rkd.nl/iiif/10700582/full/max/0/default.jpg
295290,10898861,BD/Digital Collection,https://media.rkd.nl/iiif/10898861/full/max/0/default.jpg
295298,10700597,digital image,https://media.rkd.nl/iiif/10700597/full/max/0/default.jpg
295299,10700600,digital image,https://media.rkd.nl/iiif/10700600/full/max/0/default.jpg
295300,10700602,digital image,https://media.rkd.nl/iiif/10700602/full/max/0/default.jpg
295301,10700603,digital image,https://media.rkd.nl/iiif/10700603/full/max/0/default.jpg
295303,10700604,digital image,https://media.rkd.nl/iiif/10700604/full/max/0/default.jpg
295306,10700611,digital image,https://media.rkd.nl/iiif/10700611/full/max/0/default.jpg
295307,10700612,digital image,https://media.rkd.nl/iiif/10700612/full/max/0/default.jpg
295316,10814495,digital image,https://media.rkd.nl/iiif/10814495/full/max/0/default.jpg
295317,10700623,BD/Digital Collection,https://media.rkd.nl/iiif/10700623/full/max/0/default.jpg
295318,10700625,digital image,https://media.rkd.nl/iiif/10700625/full/max/0/default.jpg
295320,9293148,back-side (of image),https://media.rkd.nl/iiif/9293148/full/max/0/default.jpg
295322,10427777,digital image,https://media.rkd.nl/iiif/10427777/full/max/0/default.jpg
295328,10427784,digital image,https://media.rkd.nl/iiif/10427784/full/max/0/default.jpg
295329,10427786,digital file,https://media.rkd.nl/iiif/10427786/full/max/0/default.jpg
295329,10427787,digital image,https://media.rkd.nl/iiif/10427787/full/max/0/default.jpg
295356,10700671,digital image,https://media.rkd.nl/iiif/10700671/full/max/0/default.jpg
295360,10700678,digital image,https://media.rkd.nl/iiif/10700678/full/max/0/default.jpg
295361,10700680,digital image,https://media.rkd.nl/iiif/10700680/full/max/0/default.jpg
295361,10700682,digital image,https://media.rkd.nl/iiif/10700682/full/max/0/default.jpg
295362,10700683,digital image,https://media.rkd.nl/iiif/10700683/full/max/0/default.jpg
295362,10700706,digital image,https://media.rkd.nl/iiif/10700706/full/max/0/default.jpg
295362,10700707,digital image,https://media.rkd.nl/iiif/10700707/full/max/0/default.jpg
295362,10700708,digital image,https://media.rkd.nl/iiif/10700708/full/max/0/default.jpg
295362,10700710,digital image,https://media.rkd.nl/iiif/10700710/full/max/0/default.jpg
295366,10700705,digital image,https://media.rkd.nl/iiif/10700705/full/max/0/default.jpg
295367,10700711,BD/Digital Collection,https://media.rkd.nl/iiif/10700711/full/max/0/default.jpg
295369,10700713,BD/Digital Collection,https://media.rkd.nl/iiif/10700713/full/max/0/default.jpg
295376,10700741,digital image,https://media.rkd.nl/iiif/10700741/full/max/0/default.jpg
295377,10814512,black-and-white reproduction,https://media.rkd.nl/iiif/10814512/full/max/0/default.jpg
295390,10700775,BD/Digital Collection,https://media.rkd.nl/iiif/10700775/full/max/0/default.jpg
295395,10700781,BD/Digital Collection,https://media.rkd.nl/iiif/10700781/full/max/0/default.jpg
295396,10700783,BD/Digital Collection,https://media.rkd.nl/iiif/10700783/full/max/0/default.jpg
295398,10700793,BD/Digital Collection,https://media.rkd.nl/iiif/10700793/full/max/0/default.jpg
295401,10700799,BD/Digital Collection,https://media.rkd.nl/iiif/10700799/full/max/0/default.jpg
295405,10700812,color reproduction,https://media.rkd.nl/iiif/10700812/full/max/0/default.jpg
295406,10700819,black and white photograph,https://media.rkd.nl/iiif/10700819/full/max/0/default.jpg
295407,10700820,color reproduction,https://media.rkd.nl/iiif/10700820/full/max/0/default.jpg
295409,10700822,black and white photograph,https://media.rkd.nl/iiif/10700822/full/max/0/default.jpg
295410,10700824,BD/Digital Collection,https://media.rkd.nl/iiif/10700824/full/max/0/default.jpg
295419,10700834,digital image,https://media.rkd.nl/iiif/10700834/full/max/0/default.jpg
295426,10700838,digital image,https://media.rkd.nl/iiif/10700838/full/max/0/default.jpg
295429,10700840,digital image,https://media.rkd.nl/iiif/10700840/full/max/0/default.jpg
295433,9293144,back-side (of image),https://media.rkd.nl/iiif/9293144/full/max/0/default.jpg
295434,10700847,digital image,https://media.rkd.nl/iiif/10700847/full/max/0/default.jpg
295440,10700872,digital image,https://media.rkd.nl/iiif/10700872/full/max/0/default.jpg
295442,10700878,digital image,https://media.rkd.nl/iiif/10700878/full/max/0/default.jpg
295459,10700902,black and white photograph,https://media.rkd.nl/iiif/10700902/full/max/0/default.jpg
295461,10814523,digital image,https://media.rkd.nl/iiif/10814523/full/max/0/default.jpg
295464,10700907,black and white photograph,https://media.rkd.nl/iiif/10700907/full/max/0/default.jpg
295465,10700908,black and white photograph,https://media.rkd.nl/iiif/10700908/full/max/0/default.jpg
295467,10463743,unknown,https://media.rkd.nl/iiif/10463743/full/max/0/default.jpg
295468,10700911,digital image,https://media.rkd.nl/iiif/10700911/full/max/0/default.jpg
295471,10700918,black and white photograph,https://media.rkd.nl/iiif/10700918/full/max/0/default.jpg
295488,10463759,digital color photograph,https://media.rkd.nl/iiif/10463759/full/max/0/default.jpg
295488,10463760,digital color photograph,https://media.rkd.nl/iiif/10463760/full/max/0/default.jpg
295488,10700937,black and white photograph,https://media.rkd.nl/iiif/10700937/full/max/0/default.jpg
295497,10814525,digital image,https://media.rkd.nl/iiif/10814525/full/max/0/default.jpg
295498,10814526,digital image,https://media.rkd.nl/iiif/10814526/full/max/0/default.jpg
295501,10814527,digital image,https://media.rkd.nl/iiif/10814527/full/max/0/default.jpg
295510,10700966,digital image,https://media.rkd.nl/iiif/10700966/full/max/0/default.jpg
295518,9293146,back-side (of image),https://media.rkd.nl/iiif/9293146/full/max/0/default.jpg
295520,10700977,digital image,https://media.rkd.nl/iiif/10700977/full/max/0/default.jpg
295553,10701078,digital color photograph,https://media.rkd.nl/iiif/10701078/full/max/0/default.jpg
295574,10701141,digital image,https://media.rkd.nl/iiif/10701141/full/max/0/default.jpg
295591,10701167,digital image,https://media.rkd.nl/iiif/10701167/full/max/0/default.jpg
295592,10701168,digital image,https://media.rkd.nl/iiif/10701168/full/max/0/default.jpg
295594,10702307,digital file,https://media.rkd.nl/iiif/10702307/full/max/0/default.jpg
295600,10701187,BD/Digital Collection,https://media.rkd.nl/iiif/10701187/full/max/0/default.jpg
295601,10701191,RKD/BIB,https://media.rkd.nl/iiif/10701191/full/max/0/default.jpg
295613,10701211,digital image,https://media.rkd.nl/iiif/10701211/full/max/0/default.jpg
295637,10701244,digital image,https://media.rkd.nl/iiif/10701244/full/max/0/default.jpg
295641,10701247,digital image,https://media.rkd.nl/iiif/10701247/full/max/0/default.jpg
295648,10701256,digital image,https://media.rkd.nl/iiif/10701256/full/max/0/default.jpg
295664,10701355,digital image,https://media.rkd.nl/iiif/10701355/full/max/0/default.jpg
295679,10701394,digital image,https://media.rkd.nl/iiif/10701394/full/max/0/default.jpg
295688,10701411,digital image,https://media.rkd.nl/iiif/10701411/full/max/0/default.jpg
295746,10701511,digital image,https://media.rkd.nl/iiif/10701511/full/max/0/default.jpg
295749,10701519,color reproduction,https://media.rkd.nl/iiif/10701519/full/max/0/default.jpg
295764,10701554,color reproduction,https://media.rkd.nl/iiif/10701554/full/max/0/default.jpg
295777,10701579,digital image,https://media.rkd.nl/iiif/10701579/full/max/0/default.jpg
295778,10701581,color reproduction,https://media.rkd.nl/iiif/10701581/full/max/0/default.jpg
295784,10701431,digital color photograph,https://media.rkd.nl/iiif/10701431/full/max/0/default.jpg
295801,10701609,digital image,https://media.rkd.nl/iiif/10701609/full/max/0/default.jpg
295819,10701654,BD/RKD/1834 - IB/XXB,https://media.rkd.nl/iiif/10701654/full/max/0/default.jpg
295821,10701656,black-and-white reproduction,https://media.rkd.nl/iiif/10701656/full/max/0/default.jpg
295822,10701659,color reproduction,https://media.rkd.nl/iiif/10701659/full/max/0/default.jpg
295825,10701667,black-and-white reproduction,https://media.rkd.nl/iiif/10701667/full/max/0/default.jpg
295832,10701702,digital image,https://media.rkd.nl/iiif/10701702/full/max/0/default.jpg
295849,10701762,black-and-white reproduction,https://media.rkd.nl/iiif/10701762/full/max/0/default.jpg
295851,10701760,digital image,https://media.rkd.nl/iiif/10701760/full/max/0/default.jpg
295861,10701774,digital image,https://media.rkd.nl/iiif/10701774/full/max/0/default.jpg
295865,10701789,digital image,https://media.rkd.nl/iiif/10701789/full/max/0/default.jpg
295866,10701793,digital image,https://media.rkd.nl/iiif/10701793/full/max/0/default.jpg
295868,10701790,digital color photograph,https://media.rkd.nl/iiif/10701790/full/max/0/default.jpg
295869,10701791,digital color photograph,https://media.rkd.nl/iiif/10701791/full/max/0/default.jpg
295870,10701792,digital color photograph,https://media.rkd.nl/iiif/10701792/full/max/0/default.jpg
295871,10701799,digital image,https://media.rkd.nl/iiif/10701799/full/max/0/default.jpg
295874,10701809,color reproduction,https://media.rkd.nl/iiif/10701809/full/max/0/default.jpg
295875,10701840,digital image,https://media.rkd.nl/iiif/10701840/full/max/0/default.jpg
295880,10701872,digital color photograph,https://media.rkd.nl/iiif/10701872/full/max/0/default.jpg
295880,10701911,digital color photograph,https://media.rkd.nl/iiif/10701911/full/max/0/default.jpg
295882,10701897,digital image,https://media.rkd.nl/iiif/10701897/full/max/0/default.jpg
295883,10701900,digital image,https://media.rkd.nl/iiif/10701900/full/max/0/default.jpg
295884,10701961,digital image,https://media.rkd.nl/iiif/10701961/full/max/0/default.jpg
295884,10701964,digital image,https://media.rkd.nl/iiif/10701964/full/max/0/default.jpg
295886,10701922,digital image,https://media.rkd.nl/iiif/10701922/full/max/0/default.jpg
295887,10701927,digital image,https://media.rkd.nl/iiif/10701927/full/max/0/default.jpg
295888,10701935,digital image,https://media.rkd.nl/iiif/10701935/full/max/0/default.jpg
295890,10701965,digital image,https://media.rkd.nl/iiif/10701965/full/max/0/default.jpg
295890,10701966,BD/Digital Collection,https://media.rkd.nl/iiif/10701966/full/max/0/default.jpg
295893,10701969,digital image,https://media.rkd.nl/iiif/10701969/full/max/0/default.jpg
295895,10701971,digital image,https://media.rkd.nl/iiif/10701971/full/max/0/default.jpg
295896,10701972,digital image,https://media.rkd.nl/iiif/10701972/full/max/0/default.jpg
295901,10701996,digital image,https://media.rkd.nl/iiif/10701996/full/max/0/default.jpg
295902,10701997,digital image,https://media.rkd.nl/iiif/10701997/full/max/0/default.jpg
295914,10702017,digital image,https://media.rkd.nl/iiif/10702017/full/max/0/default.jpg
295915,10702019,color reproduction,https://media.rkd.nl/iiif/10702019/full/max/0/default.jpg
295916,10702018,digital image,https://media.rkd.nl/iiif/10702018/full/max/0/default.jpg
295918,10702025,digital image,https://media.rkd.nl/iiif/10702025/full/max/0/default.jpg
295919,10702027,digital image,https://media.rkd.nl/iiif/10702027/full/max/0/default.jpg
295921,10702026,color reproduction,https://media.rkd.nl/iiif/10702026/full/max/0/default.jpg
295923,10702032,color reproduction,https://media.rkd.nl/iiif/10702032/full/max/0/default.jpg
295924,10717091,color reproduction,https://media.rkd.nl/iiif/10717091/full/max/0/default.jpg
295924,10702034,black-and-white reproduction,https://media.rkd.nl/iiif/10702034/full/max/0/default.jpg
295925,10702036,color reproduction,https://media.rkd.nl/iiif/10702036/full/max/0/default.jpg
295926,10702039,black-and-white reproduction,https://media.rkd.nl/iiif/10702039/full/max/0/default.jpg
295928,10702043,digital image,https://media.rkd.nl/iiif/10702043/full/max/0/default.jpg
295928,10702041,digital image,https://media.rkd.nl/iiif/10702041/full/max/0/default.jpg
295932,10702046,color reproduction,https://media.rkd.nl/iiif/10702046/full/max/0/default.jpg
295940,10702064,color reproduction,https://media.rkd.nl/iiif/10702064/full/max/0/default.jpg
295941,10702065,color reproduction,https://media.rkd.nl/iiif/10702065/full/max/0/default.jpg
295945,10702072,digital color photograph,https://media.rkd.nl/iiif/10702072/full/max/0/default.jpg
295945,10702073,digital black-and-white photograph,https://media.rkd.nl/iiif/10702073/full/max/0/default.jpg
295946,10702071,digital image,https://media.rkd.nl/iiif/10702071/full/max/0/default.jpg
295947,10702074,digital image,https://media.rkd.nl/iiif/10702074/full/max/0/default.jpg
295948,10702076,black and white photograph,https://media.rkd.nl/iiif/10702076/full/max/0/default.jpg
295956,10814573,digital image,https://media.rkd.nl/iiif/10814573/full/max/0/default.jpg
295957,10702081,digital image,https://media.rkd.nl/iiif/10702081/full/max/0/default.jpg
295962,10463845,digital color photograph,https://media.rkd.nl/iiif/10463845/full/max/0/default.jpg
295965,10702084,color reproduction,https://media.rkd.nl/iiif/10702084/full/max/0/default.jpg
295969,10702099,digital image,https://media.rkd.nl/iiif/10702099/full/max/0/default.jpg
295971,10702110,digital image,https://media.rkd.nl/iiif/10702110/full/max/0/default.jpg
295972,10702190,digital image,https://media.rkd.nl/iiif/10702190/full/max/0/default.jpg
295972,10702111,black-and-white reproduction,https://media.rkd.nl/iiif/10702111/full/max/0/default.jpg
295973,10702113,digital image,https://media.rkd.nl/iiif/10702113/full/max/0/default.jpg
295975,10702191,digital image,https://media.rkd.nl/iiif/10702191/full/max/0/default.jpg
295975,10702118,black-and-white reproduction,https://media.rkd.nl/iiif/10702118/full/max/0/default.jpg
295977,9317658,unknown,https://media.rkd.nl/iiif/9317658/full/max/0/default.jpg
295979,10702128,color reproduction,https://media.rkd.nl/iiif/10702128/full/max/0/default.jpg
295989,10702145,digital image,https://media.rkd.nl/iiif/10702145/full/max/0/default.jpg
295990,10702148,digital image,https://media.rkd.nl/iiif/10702148/full/max/0/default.jpg
296006,10427824,digital image,https://media.rkd.nl/iiif/10427824/full/max/0/default.jpg
296006,9154457,BD/RKD/1640 - MHK/The Netherlands/Artist's Portraits,https://media.rkd.nl/iiif/9154457/full/max/0/default.jpg
296007,10427823,digital image,https://media.rkd.nl/iiif/10427823/full/max/0/default.jpg
296009,10427825,digital image,https://media.rkd.nl/iiif/10427825/full/max/0/default.jpg
296028,10463984,digital color photograph,https://media.rkd.nl/iiif/10463984/full/max/0/default.jpg
296029,10463986,digital color photograph,https://media.rkd.nl/iiif/10463986/full/max/0/default.jpg
296030,10463987,digital color photograph,https://media.rkd.nl/iiif/10463987/full/max/0/default.jpg
296030,10463988,digital color photograph,https://media.rkd.nl/iiif/10463988/full/max/0/default.jpg
296031,10463990,digital color photograph,https://media.rkd.nl/iiif/10463990/full/max/0/default.jpg
296031,10463991,digital color photograph,https://media.rkd.nl/iiif/10463991/full/max/0/default.jpg
296032,10463996,digital color photograph,https://media.rkd.nl/iiif/10463996/full/max/0/default.jpg
296032,10463997,digital color photograph,https://media.rkd.nl/iiif/10463997/full/max/0/default.jpg
296033,10463993,digital color photograph,https://media.rkd.nl/iiif/10463993/full/max/0/default.jpg
296033,10463994,digital color photograph,https://media.rkd.nl/iiif/10463994/full/max/0/default.jpg
296036,10080487,color photograph,https://media.rkd.nl/iiif/10080487/full/max/0/default.jpg
296037,10415556,digital color photograph,https://media.rkd.nl/iiif/10415556/full/max/0/default.jpg
296038,10415554,digital color photograph,https://media.rkd.nl/iiif/10415554/full/max/0/default.jpg
296039,10415552,digital color photograph,https://media.rkd.nl/iiif/10415552/full/max/0/default.jpg
296040,10415550,digital color photograph,https://media.rkd.nl/iiif/10415550/full/max/0/default.jpg
296041,10415548,digital color photograph,https://media.rkd.nl/iiif/10415548/full/max/0/default.jpg
296042,10415546,digital color photograph,https://media.rkd.nl/iiif/10415546/full/max/0/default.jpg
296043,10415544,digital color photograph,https://media.rkd.nl/iiif/10415544/full/max/0/default.jpg
296044,10702194,digital image,https://media.rkd.nl/iiif/10702194/full/max/0/default.jpg
296045,10415542,digital color photograph,https://media.rkd.nl/iiif/10415542/full/max/0/default.jpg
296046,10415558,digital color photograph,https://media.rkd.nl/iiif/10415558/full/max/0/default.jpg
296050,10702198,digital image,https://media.rkd.nl/iiif/10702198/full/max/0/default.jpg
296066,10702209,digital image,https://media.rkd.nl/iiif/10702209/full/max/0/default.jpg
296072,10415568,digital color photograph,https://media.rkd.nl/iiif/10415568/full/max/0/default.jpg
296074,10415540,digital color photograph,https://media.rkd.nl/iiif/10415540/full/max/0/default.jpg
296075,10415538,digital color photograph,https://media.rkd.nl/iiif/10415538/full/max/0/default.jpg
296076,10415536,digital color photograph,https://media.rkd.nl/iiif/10415536/full/max/0/default.jpg
296077,10415534,digital color photograph,https://media.rkd.nl/iiif/10415534/full/max/0/default.jpg
296078,10415532,digital color photograph,https://media.rkd.nl/iiif/10415532/full/max/0/default.jpg
296081,10702219,black-and-white reproduction,https://media.rkd.nl/iiif/10702219/full/max/0/default.jpg
296083,10814581,digital image,https://media.rkd.nl/iiif/10814581/full/max/0/default.jpg
296088,10702229,digital image,https://media.rkd.nl/iiif/10702229/full/max/0/default.jpg
296090,10702237,black-and-white reproduction,https://media.rkd.nl/iiif/10702237/full/max/0/default.jpg
296092,10702240,digital image,https://media.rkd.nl/iiif/10702240/full/max/0/default.jpg
296114,10702265,black-and-white reproduction,https://media.rkd.nl/iiif/10702265/full/max/0/default.jpg
296122,10702270,digital image,https://media.rkd.nl/iiif/10702270/full/max/0/default.jpg
296124,10702284,color reproduction,https://media.rkd.nl/iiif/10702284/full/max/0/default.jpg
296124,10702276,digital image,https://media.rkd.nl/iiif/10702276/full/max/0/default.jpg
296124,10702277,digital image,https://media.rkd.nl/iiif/10702277/full/max/0/default.jpg
296133,10702290,digital image,https://media.rkd.nl/iiif/10702290/full/max/0/default.jpg
296134,10702291,digital image,https://media.rkd.nl/iiif/10702291/full/max/0/default.jpg
296135,10702292,digital image,https://media.rkd.nl/iiif/10702292/full/max/0/default.jpg
296138,10415530,digital color photograph,https://media.rkd.nl/iiif/10415530/full/max/0/default.jpg
296139,10415528,digital color photograph,https://media.rkd.nl/iiif/10415528/full/max/0/default.jpg
296140,10702296,color reproduction,https://media.rkd.nl/iiif/10702296/full/max/0/default.jpg
296141,10415526,digital color photograph,https://media.rkd.nl/iiif/10415526/full/max/0/default.jpg
296142,10415524,digital color photograph,https://media.rkd.nl/iiif/10415524/full/max/0/default.jpg
296143,10425993,digital color photograph,https://media.rkd.nl/iiif/10425993/full/max/0/default.jpg
296144,10702297,digital image,https://media.rkd.nl/iiif/10702297/full/max/0/default.jpg
296145,10464235,digital color photograph,https://media.rkd.nl/iiif/10464235/full/max/0/default.jpg
296147,10464237,digital color photograph,https://media.rkd.nl/iiif/10464237/full/max/0/default.jpg
296148,10464239,digital color photograph,https://media.rkd.nl/iiif/10464239/full/max/0/default.jpg
296149,10415560,digital color photograph,https://media.rkd.nl/iiif/10415560/full/max/0/default.jpg
296150,10415576,digital color photograph,https://media.rkd.nl/iiif/10415576/full/max/0/default.jpg
296151,10464267,digital color photograph,https://media.rkd.nl/iiif/10464267/full/max/0/default.jpg
296152,10464269,digital color photograph,https://media.rkd.nl/iiif/10464269/full/max/0/default.jpg
296153,10464271,digital color photograph,https://media.rkd.nl/iiif/10464271/full/max/0/default.jpg
296155,10464273,digital color photograph,https://media.rkd.nl/iiif/10464273/full/max/0/default.jpg
296156,10702301,digital image,https://media.rkd.nl/iiif/10702301/full/max/0/default.jpg
296158,10464275,digital color photograph,https://media.rkd.nl/iiif/10464275/full/max/0/default.jpg
296159,10464277,digital color photograph,https://media.rkd.nl/iiif/10464277/full/max/0/default.jpg
296160,10464279,digital color photograph,https://media.rkd.nl/iiif/10464279/full/max/0/default.jpg
296162,10464281,digital color photograph,https://media.rkd.nl/iiif/10464281/full/max/0/default.jpg
296163,10464283,digital color photograph,https://media.rkd.nl/iiif/10464283/full/max/0/default.jpg
296164,10464285,digital color photograph,https://media.rkd.nl/iiif/10464285/full/max/0/default.jpg
296166,10464287,digital color photograph,https://media.rkd.nl/iiif/10464287/full/max/0/default.jpg
296167,10702303,digital image,https://media.rkd.nl/iiif/10702303/full/max/0/default.jpg
296168,10464289,digital color photograph,https://media.rkd.nl/iiif/10464289/full/max/0/default.jpg
296169,10464291,digital color photograph,https://media.rkd.nl/iiif/10464291/full/max/0/default.jpg
296174,10464293,digital color photograph,https://media.rkd.nl/iiif/10464293/full/max/0/default.jpg
296175,10426305,digital color photograph,https://media.rkd.nl/iiif/10426305/full/max/0/default.jpg
296176,10426307,digital color photograph,https://media.rkd.nl/iiif/10426307/full/max/0/default.jpg
296180,10288688,black-and-white reproduction,https://media.rkd.nl/iiif/10288688/full/max/0/default.jpg
296180,10463947,black-and-white reproduction,https://media.rkd.nl/iiif/10463947/full/max/0/default.jpg
296185,10288687,black-and-white reproduction,https://media.rkd.nl/iiif/10288687/full/max/0/default.jpg
296185,10463949,black-and-white reproduction,https://media.rkd.nl/iiif/10463949/full/max/0/default.jpg
296200,10701785,digital color photograph,https://media.rkd.nl/iiif/10701785/full/max/0/default.jpg
296209,10702343,digital image,https://media.rkd.nl/iiif/10702343/full/max/0/default.jpg
296211,10702395,digital image,https://media.rkd.nl/iiif/10702395/full/max/0/default.jpg
296211,10702396,black-and-white reproduction,https://media.rkd.nl/iiif/10702396/full/max/0/default.jpg
296213,10814598,BD/Digital Collection,https://media.rkd.nl/iiif/10814598/full/max/0/default.jpg
296215,10814597,BD/Digital Collection,https://media.rkd.nl/iiif/10814597/full/max/0/default.jpg
296225,10415566,digital color photograph,https://media.rkd.nl/iiif/10415566/full/max/0/default.jpg
296228,10702494,BD/Digital Collection,https://media.rkd.nl/iiif/10702494/full/max/0/default.jpg
296229,10415564,digital color photograph,https://media.rkd.nl/iiif/10415564/full/max/0/default.jpg
296230,10426308,digital color photograph,https://media.rkd.nl/iiif/10426308/full/max/0/default.jpg
296230,10426309,digital color photograph,https://media.rkd.nl/iiif/10426309/full/max/0/default.jpg
296231,10426311,digital color photograph,https://media.rkd.nl/iiif/10426311/full/max/0/default.jpg
296232,10427865,digital color photograph,https://media.rkd.nl/iiif/10427865/full/max/0/default.jpg
296239,10702499,digital image,https://media.rkd.nl/iiif/10702499/full/max/0/default.jpg
296278,10702641,digital image,https://media.rkd.nl/iiif/10702641/full/max/0/default.jpg
296288,10702660,digital image,https://media.rkd.nl/iiif/10702660/full/max/0/default.jpg
296293,10702671,color reproduction,https://media.rkd.nl/iiif/10702671/full/max/0/default.jpg
296310,10702664,digital image,https://media.rkd.nl/iiif/10702664/full/max/0/default.jpg
296311,10702665,digital image,https://media.rkd.nl/iiif/10702665/full/max/0/default.jpg
296312,10702712,digital image,https://media.rkd.nl/iiif/10702712/full/max/0/default.jpg
296322,10702725,digital image,https://media.rkd.nl/iiif/10702725/full/max/0/default.jpg
296329,10702734,color reproduction,https://media.rkd.nl/iiif/10702734/full/max/0/default.jpg
296389,10427867,digital color photograph,https://media.rkd.nl/iiif/10427867/full/max/0/default.jpg
296390,10464014,digital color photograph,https://media.rkd.nl/iiif/10464014/full/max/0/default.jpg
296391,10702948,digital image,https://media.rkd.nl/iiif/10702948/full/max/0/default.jpg
296392,10464029,digital color photograph,https://media.rkd.nl/iiif/10464029/full/max/0/default.jpg
296393,10425979,digital color photograph,https://media.rkd.nl/iiif/10425979/full/max/0/default.jpg
296394,10425981,digital color photograph,https://media.rkd.nl/iiif/10425981/full/max/0/default.jpg
296396,10425983,digital color photograph,https://media.rkd.nl/iiif/10425983/full/max/0/default.jpg
296397,10425985,digital color photograph,https://media.rkd.nl/iiif/10425985/full/max/0/default.jpg
296398,10425987,digital color photograph,https://media.rkd.nl/iiif/10425987/full/max/0/default.jpg
296401,10702952,digital image,https://media.rkd.nl/iiif/10702952/full/max/0/default.jpg
296420,10463673,digital black-and-white photograph,https://media.rkd.nl/iiif/10463673/full/max/0/default.jpg
296422,10463674,digital black-and-white photograph,https://media.rkd.nl/iiif/10463674/full/max/0/default.jpg
296432,10702990,digital image,https://media.rkd.nl/iiif/10702990/full/max/0/default.jpg
296439,10703014,digital image,https://media.rkd.nl/iiif/10703014/full/max/0/default.jpg
296451,10703020,digital image,https://media.rkd.nl/iiif/10703020/full/max/0/default.jpg
296452,10703022,digital image,https://media.rkd.nl/iiif/10703022/full/max/0/default.jpg
296453,10703021,digital image,https://media.rkd.nl/iiif/10703021/full/max/0/default.jpg
296455,10703026,color reproduction,https://media.rkd.nl/iiif/10703026/full/max/0/default.jpg
296456,10703031,digital image,https://media.rkd.nl/iiif/10703031/full/max/0/default.jpg
296456,10703030,digital image,https://media.rkd.nl/iiif/10703030/full/max/0/default.jpg
296457,10703029,digital image,https://media.rkd.nl/iiif/10703029/full/max/0/default.jpg
296458,10703032,digital image,https://media.rkd.nl/iiif/10703032/full/max/0/default.jpg
296459,10703033,digital image,https://media.rkd.nl/iiif/10703033/full/max/0/default.jpg
296467,10703060,BD/Digital Collection,https://media.rkd.nl/iiif/10703060/full/max/0/default.jpg
296479,10702431,BD/Digital Collection,https://media.rkd.nl/iiif/10702431/full/max/0/default.jpg
296493,10703146,BD/Digital Collection,https://media.rkd.nl/iiif/10703146/full/max/0/default.jpg
296500,10703187,digital image,https://media.rkd.nl/iiif/10703187/full/max/0/default.jpg
296501,10703188,digital image,https://media.rkd.nl/iiif/10703188/full/max/0/default.jpg
296502,10463827,digital image,https://media.rkd.nl/iiif/10463827/full/max/0/default.jpg
296503,10463825,digital image,https://media.rkd.nl/iiif/10463825/full/max/0/default.jpg
296504,10703190,digital image,https://media.rkd.nl/iiif/10703190/full/max/0/default.jpg
296508,10463832,digital image,https://media.rkd.nl/iiif/10463832/full/max/0/default.jpg
296508,10463831,digital image,https://media.rkd.nl/iiif/10463831/full/max/0/default.jpg
296508,10463833,digital image,https://media.rkd.nl/iiif/10463833/full/max/0/default.jpg
296508,10463834,digital image,https://media.rkd.nl/iiif/10463834/full/max/0/default.jpg
296509,10703194,digital image,https://media.rkd.nl/iiif/10703194/full/max/0/default.jpg
296512,10703200,digital image,https://media.rkd.nl/iiif/10703200/full/max/0/default.jpg
296516,10703205,digital image,https://media.rkd.nl/iiif/10703205/full/max/0/default.jpg
296532,10702441,BD/Digital Collection,https://media.rkd.nl/iiif/10702441/full/max/0/default.jpg
296540,10702443,BD/Digital Collection,https://media.rkd.nl/iiif/10702443/full/max/0/default.jpg
296546,10702429,BD/Digital Collection,https://media.rkd.nl/iiif/10702429/full/max/0/default.jpg
296548,10702427,BD/Digital Collection,https://media.rkd.nl/iiif/10702427/full/max/0/default.jpg
296552,10703376,digital image,https://media.rkd.nl/iiif/10703376/full/max/0/default.jpg
296553,10703340,digital image,https://media.rkd.nl/iiif/10703340/full/max/0/default.jpg
296568,10703377,digital image,https://media.rkd.nl/iiif/10703377/full/max/0/default.jpg
296569,10703378,digital image,https://media.rkd.nl/iiif/10703378/full/max/0/default.jpg
296570,10703379,digital image,https://media.rkd.nl/iiif/10703379/full/max/0/default.jpg
296572,10703383,digital image,https://media.rkd.nl/iiif/10703383/full/max/0/default.jpg
296574,10702662,digital image,https://media.rkd.nl/iiif/10702662/full/max/0/default.jpg
296580,10703387,digital image,https://media.rkd.nl/iiif/10703387/full/max/0/default.jpg
296587,10703391,black-and-white reproduction,https://media.rkd.nl/iiif/10703391/full/max/0/default.jpg
296588,10702991,digital image,https://media.rkd.nl/iiif/10702991/full/max/0/default.jpg
296600,10703450,color reproduction,https://media.rkd.nl/iiif/10703450/full/max/0/default.jpg
296604,10703451,digital image,https://media.rkd.nl/iiif/10703451/full/max/0/default.jpg
296605,10425988,digital color photograph,https://media.rkd.nl/iiif/10425988/full/max/0/default.jpg
296605,10425989,digital color photograph,https://media.rkd.nl/iiif/10425989/full/max/0/default.jpg
296606,10464241,digital color photograph,https://media.rkd.nl/iiif/10464241/full/max/0/default.jpg
296609,10464242,digital color photograph,https://media.rkd.nl/iiif/10464242/full/max/0/default.jpg
296609,10464243,digital color photograph,https://media.rkd.nl/iiif/10464243/full/max/0/default.jpg
296610,10464244,digital color photograph,https://media.rkd.nl/iiif/10464244/full/max/0/default.jpg
296610,10464245,digital color photograph,https://media.rkd.nl/iiif/10464245/full/max/0/default.jpg
296611,10464247,digital color photograph,https://media.rkd.nl/iiif/10464247/full/max/0/default.jpg
296612,10464248,digital color photograph,https://media.rkd.nl/iiif/10464248/full/max/0/default.jpg
296612,10464249,digital color photograph,https://media.rkd.nl/iiif/10464249/full/max/0/default.jpg
296614,10464064,unknown,https://media.rkd.nl/iiif/10464064/full/max/0/default.jpg
296619,10703459,digital image,https://media.rkd.nl/iiif/10703459/full/max/0/default.jpg
296620,10463836,digital image,https://media.rkd.nl/iiif/10463836/full/max/0/default.jpg
296621,10463835,digital image,https://media.rkd.nl/iiif/10463835/full/max/0/default.jpg
296649,10703535,digital image,https://media.rkd.nl/iiif/10703535/full/max/0/default.jpg
296670,10703571,digital image,https://media.rkd.nl/iiif/10703571/full/max/0/default.jpg
296675,10703576,digital color photograph,https://media.rkd.nl/iiif/10703576/full/max/0/default.jpg
296689,10703595,digital image,https://media.rkd.nl/iiif/10703595/full/max/0/default.jpg
296690,10703597,digital image,https://media.rkd.nl/iiif/10703597/full/max/0/default.jpg
296697,10703611,digital color photograph,https://media.rkd.nl/iiif/10703611/full/max/0/default.jpg
296724,10415570,digital color photograph,https://media.rkd.nl/iiif/10415570/full/max/0/default.jpg
296725,10703677,black and white photograph,https://media.rkd.nl/iiif/10703677/full/max/0/default.jpg
296726,10464251,digital color photograph,https://media.rkd.nl/iiif/10464251/full/max/0/default.jpg
296727,10464253,digital color photograph,https://media.rkd.nl/iiif/10464253/full/max/0/default.jpg
296728,10703678,digital image,https://media.rkd.nl/iiif/10703678/full/max/0/default.jpg
296729,10464255,digital color photograph,https://media.rkd.nl/iiif/10464255/full/max/0/default.jpg
296730,10464257,digital color photograph,https://media.rkd.nl/iiif/10464257/full/max/0/default.jpg
296731,10464258,digital color photograph,https://media.rkd.nl/iiif/10464258/full/max/0/default.jpg
296731,10464259,digital color photograph,https://media.rkd.nl/iiif/10464259/full/max/0/default.jpg
296732,10464262,digital color photograph,https://media.rkd.nl/iiif/10464262/full/max/0/default.jpg
296732,10464263,digital color photograph,https://media.rkd.nl/iiif/10464263/full/max/0/default.jpg
296733,10464260,digital color photograph,https://media.rkd.nl/iiif/10464260/full/max/0/default.jpg
296733,10464261,digital color photograph,https://media.rkd.nl/iiif/10464261/full/max/0/default.jpg
296734,10425990,digital color photograph,https://media.rkd.nl/iiif/10425990/full/max/0/default.jpg
296734,10425991,digital color photograph,https://media.rkd.nl/iiif/10425991/full/max/0/default.jpg
296735,10415573,digital color photograph,https://media.rkd.nl/iiif/10415573/full/max/0/default.jpg
296735,10415574,digital color photograph,https://media.rkd.nl/iiif/10415574/full/max/0/default.jpg
296736,10415571,digital color photograph,https://media.rkd.nl/iiif/10415571/full/max/0/default.jpg
296736,10415572,digital color photograph,https://media.rkd.nl/iiif/10415572/full/max/0/default.jpg
296737,10415561,digital color photograph,https://media.rkd.nl/iiif/10415561/full/max/0/default.jpg
296737,10415562,digital color photograph,https://media.rkd.nl/iiif/10415562/full/max/0/default.jpg
296738,10464265,digital color photograph,https://media.rkd.nl/iiif/10464265/full/max/0/default.jpg
296749,10703743,digital image,https://media.rkd.nl/iiif/10703743/full/max/0/default.jpg
296753,10703747,digital image,https://media.rkd.nl/iiif/10703747/full/max/0/default.jpg
296754,11148284,digital image,https://media.rkd.nl/iiif/11148284/full/max/0/default.jpg
296754,11148285,digital image,https://media.rkd.nl/iiif/11148285/full/max/0/default.jpg
296754,10703748,digital image,https://media.rkd.nl/iiif/10703748/full/max/0/default.jpg
296761,10463775,digital color photograph,https://media.rkd.nl/iiif/10463775/full/max/0/default.jpg
296762,10463776,digital color photograph,https://media.rkd.nl/iiif/10463776/full/max/0/default.jpg
296770,10703767,digital image,https://media.rkd.nl/iiif/10703767/full/max/0/default.jpg
296771,10703768,digital image,https://media.rkd.nl/iiif/10703768/full/max/0/default.jpg
296774,10463777,digital color photograph,https://media.rkd.nl/iiif/10463777/full/max/0/default.jpg
296776,10463779,digital color photograph,https://media.rkd.nl/iiif/10463779/full/max/0/default.jpg
296806,10703841,digital image,https://media.rkd.nl/iiif/10703841/full/max/0/default.jpg
296824,10814657,digital image,https://media.rkd.nl/iiif/10814657/full/max/0/default.jpg
296828,10703892,digital image,https://media.rkd.nl/iiif/10703892/full/max/0/default.jpg
296829,10703894,digital image,https://media.rkd.nl/iiif/10703894/full/max/0/default.jpg
296830,10703893,BD/Digital Collection,https://media.rkd.nl/iiif/10703893/full/max/0/default.jpg
296835,10703901,digital image,https://media.rkd.nl/iiif/10703901/full/max/0/default.jpg
296839,10703910,digital image,https://media.rkd.nl/iiif/10703910/full/max/0/default.jpg
296861,10564465,digital image,https://media.rkd.nl/iiif/10564465/full/max/0/default.jpg
296861,10564463,digital image,https://media.rkd.nl/iiif/10564463/full/max/0/default.jpg
296861,10703944,digital image,https://media.rkd.nl/iiif/10703944/full/max/0/default.jpg
296869,10703952,digital image,https://media.rkd.nl/iiif/10703952/full/max/0/default.jpg
296877,10814670,digital image,https://media.rkd.nl/iiif/10814670/full/max/0/default.jpg
296878,10703960,digital color photograph,https://media.rkd.nl/iiif/10703960/full/max/0/default.jpg
296879,10703961,digital image,https://media.rkd.nl/iiif/10703961/full/max/0/default.jpg
296881,10703963,digital black-and-white photograph,https://media.rkd.nl/iiif/10703963/full/max/0/default.jpg
296889,10715994,BD/Digital Collection,https://media.rkd.nl/iiif/10715994/full/max/0/default.jpg
296889,10464094,black-and-white reproduction,https://media.rkd.nl/iiif/10464094/full/max/0/default.jpg
296892,10703494,BD/Digital Collection,https://media.rkd.nl/iiif/10703494/full/max/0/default.jpg
296893,10703500,BD/Digital Collection,https://media.rkd.nl/iiif/10703500/full/max/0/default.jpg
296897,10814671,digital image,https://media.rkd.nl/iiif/10814671/full/max/0/default.jpg
296906,10713197,digital image,https://media.rkd.nl/iiif/10713197/full/max/0/default.jpg
296906,10704000,digital image,https://media.rkd.nl/iiif/10704000/full/max/0/default.jpg
296907,10704003,digital image,https://media.rkd.nl/iiif/10704003/full/max/0/default.jpg
296909,10704005,digital image,https://media.rkd.nl/iiif/10704005/full/max/0/default.jpg
296916,10464233,digital color photograph,https://media.rkd.nl/iiif/10464233/full/max/0/default.jpg
296925,10704025,color reproduction,https://media.rkd.nl/iiif/10704025/full/max/0/default.jpg
296931,10415613,digital color photograph,https://media.rkd.nl/iiif/10415613/full/max/0/default.jpg
296950,10704048,digital image,https://media.rkd.nl/iiif/10704048/full/max/0/default.jpg
296955,10703680,digital color photograph,https://media.rkd.nl/iiif/10703680/full/max/0/default.jpg
296956,10704054,digital image,https://media.rkd.nl/iiif/10704054/full/max/0/default.jpg
296970,10703436,BD/Digital Collection,https://media.rkd.nl/iiif/10703436/full/max/0/default.jpg
296974,10703430,BD/Digital Collection,https://media.rkd.nl/iiif/10703430/full/max/0/default.jpg
296979,10703434,BD/Digital Collection,https://media.rkd.nl/iiif/10703434/full/max/0/default.jpg
296982,10703435,BD/Digital Collection,https://media.rkd.nl/iiif/10703435/full/max/0/default.jpg
297077,10704199,digital image,https://media.rkd.nl/iiif/10704199/full/max/0/default.jpg
297097,10704217,digital image,https://media.rkd.nl/iiif/10704217/full/max/0/default.jpg
297102,10704223,digital image,https://media.rkd.nl/iiif/10704223/full/max/0/default.jpg
297106,10704228,digital image,https://media.rkd.nl/iiif/10704228/full/max/0/default.jpg
297113,10703443,BD/Digital Collection,https://media.rkd.nl/iiif/10703443/full/max/0/default.jpg
297144,10704297,digital image,https://media.rkd.nl/iiif/10704297/full/max/0/default.jpg
297168,10704356,digital image,https://media.rkd.nl/iiif/10704356/full/max/0/default.jpg
297169,10704364,color reproduction,https://media.rkd.nl/iiif/10704364/full/max/0/default.jpg
297170,10704345,color reproduction,https://media.rkd.nl/iiif/10704345/full/max/0/default.jpg
297193,10704368,BD/Digital Collection,https://media.rkd.nl/iiif/10704368/full/max/0/default.jpg
297259,10564495,digital image,https://media.rkd.nl/iiif/10564495/full/max/0/default.jpg
297259,10704508,digital image,https://media.rkd.nl/iiif/10704508/full/max/0/default.jpg
297260,10564496,digital image,https://media.rkd.nl/iiif/10564496/full/max/0/default.jpg
297260,10704509,digital image,https://media.rkd.nl/iiif/10704509/full/max/0/default.jpg
297261,10564497,digital image,https://media.rkd.nl/iiif/10564497/full/max/0/default.jpg
297261,10704510,digital image,https://media.rkd.nl/iiif/10704510/full/max/0/default.jpg
297262,10564498,digital image,https://media.rkd.nl/iiif/10564498/full/max/0/default.jpg
297262,10704511,digital image,https://media.rkd.nl/iiif/10704511/full/max/0/default.jpg
297263,10564499,digital image,https://media.rkd.nl/iiif/10564499/full/max/0/default.jpg
297263,10704512,digital image,https://media.rkd.nl/iiif/10704512/full/max/0/default.jpg
297266,10564502,digital image,https://media.rkd.nl/iiif/10564502/full/max/0/default.jpg
297266,10704515,digital image,https://media.rkd.nl/iiif/10704515/full/max/0/default.jpg
297314,10704621,BD/Digital Collection,https://media.rkd.nl/iiif/10704621/full/max/0/default.jpg
297348,10564231,unknown,https://media.rkd.nl/iiif/10564231/full/max/0/default.jpg
297383,10564246,unknown,https://media.rkd.nl/iiif/10564246/full/max/0/default.jpg
297384,10564247,unknown,https://media.rkd.nl/iiif/10564247/full/max/0/default.jpg
297413,10704889,digital image,https://media.rkd.nl/iiif/10704889/full/max/0/default.jpg
297431,10564503,digital image,https://media.rkd.nl/iiif/10564503/full/max/0/default.jpg
297431,10704902,digital image,https://media.rkd.nl/iiif/10704902/full/max/0/default.jpg
297433,10564504,digital image,https://media.rkd.nl/iiif/10564504/full/max/0/default.jpg
297433,10704916,digital image,https://media.rkd.nl/iiif/10704916/full/max/0/default.jpg
297436,10564505,digital image,https://media.rkd.nl/iiif/10564505/full/max/0/default.jpg
297436,10704930,digital image,https://media.rkd.nl/iiif/10704930/full/max/0/default.jpg
297441,10564506,digital image,https://media.rkd.nl/iiif/10564506/full/max/0/default.jpg
297441,10704933,digital image,https://media.rkd.nl/iiif/10704933/full/max/0/default.jpg
297442,10704941,digital image,https://media.rkd.nl/iiif/10704941/full/max/0/default.jpg
297442,10640568,digital image,https://media.rkd.nl/iiif/10640568/full/max/0/default.jpg
297445,10564508,digital image,https://media.rkd.nl/iiif/10564508/full/max/0/default.jpg
297445,10704948,digital image,https://media.rkd.nl/iiif/10704948/full/max/0/default.jpg
297450,10564509,digital image,https://media.rkd.nl/iiif/10564509/full/max/0/default.jpg
297450,10704952,digital image,https://media.rkd.nl/iiif/10704952/full/max/0/default.jpg
297452,10564510,digital image,https://media.rkd.nl/iiif/10564510/full/max/0/default.jpg
297452,10704957,digital image,https://media.rkd.nl/iiif/10704957/full/max/0/default.jpg
297460,10564517,digital image,https://media.rkd.nl/iiif/10564517/full/max/0/default.jpg
297460,10704988,digital image,https://media.rkd.nl/iiif/10704988/full/max/0/default.jpg
297464,10705024,digital image,https://media.rkd.nl/iiif/10705024/full/max/0/default.jpg
297464,10705025,digital image,https://media.rkd.nl/iiif/10705025/full/max/0/default.jpg
297476,10564431,digital image,https://media.rkd.nl/iiif/10564431/full/max/0/default.jpg
297476,10705060,digital image,https://media.rkd.nl/iiif/10705060/full/max/0/default.jpg
297477,10564433,digital image,https://media.rkd.nl/iiif/10564433/full/max/0/default.jpg
297477,10705061,digital image,https://media.rkd.nl/iiif/10705061/full/max/0/default.jpg
297480,10705082,BD/Digital Collection,https://media.rkd.nl/iiif/10705082/full/max/0/default.jpg
297488,10564437,digital image,https://media.rkd.nl/iiif/10564437/full/max/0/default.jpg
297488,10705095,digital image,https://media.rkd.nl/iiif/10705095/full/max/0/default.jpg
297489,10564447,digital image,https://media.rkd.nl/iiif/10564447/full/max/0/default.jpg
297489,10705135,digital image,https://media.rkd.nl/iiif/10705135/full/max/0/default.jpg
297504,10564441,digital image,https://media.rkd.nl/iiif/10564441/full/max/0/default.jpg
297504,10705116,digital image,https://media.rkd.nl/iiif/10705116/full/max/0/default.jpg
297505,10564442,digital image,https://media.rkd.nl/iiif/10564442/full/max/0/default.jpg
297505,10705119,digital image,https://media.rkd.nl/iiif/10705119/full/max/0/default.jpg
297516,10564444,digital image,https://media.rkd.nl/iiif/10564444/full/max/0/default.jpg
297516,10705132,digital image,https://media.rkd.nl/iiif/10705132/full/max/0/default.jpg
297535,10564446,digital image,https://media.rkd.nl/iiif/10564446/full/max/0/default.jpg
297535,10705136,digital image,https://media.rkd.nl/iiif/10705136/full/max/0/default.jpg
297536,10564448,digital image,https://media.rkd.nl/iiif/10564448/full/max/0/default.jpg
297536,10705137,digital image,https://media.rkd.nl/iiif/10705137/full/max/0/default.jpg
297537,10564451,digital image,https://media.rkd.nl/iiif/10564451/full/max/0/default.jpg
297537,10705143,digital image,https://media.rkd.nl/iiif/10705143/full/max/0/default.jpg
297540,10705140,digital color photograph,https://media.rkd.nl/iiif/10705140/full/max/0/default.jpg
297544,10564450,digital image,https://media.rkd.nl/iiif/10564450/full/max/0/default.jpg
297544,10705142,digital image,https://media.rkd.nl/iiif/10705142/full/max/0/default.jpg
297551,10564452,digital image,https://media.rkd.nl/iiif/10564452/full/max/0/default.jpg
297551,10705188,digital image,https://media.rkd.nl/iiif/10705188/full/max/0/default.jpg
297552,10564454,digital image,https://media.rkd.nl/iiif/10564454/full/max/0/default.jpg
297552,10705189,digital image,https://media.rkd.nl/iiif/10705189/full/max/0/default.jpg
297553,10564453,digital image,https://media.rkd.nl/iiif/10564453/full/max/0/default.jpg
297553,10705190,digital image,https://media.rkd.nl/iiif/10705190/full/max/0/default.jpg
297556,10705204,digital image,https://media.rkd.nl/iiif/10705204/full/max/0/default.jpg
297557,10705205,digital image,https://media.rkd.nl/iiif/10705205/full/max/0/default.jpg
297565,10705228,digital file,https://media.rkd.nl/iiif/10705228/full/max/0/default.jpg
297580,10705343,digital image,https://media.rkd.nl/iiif/10705343/full/max/0/default.jpg
297581,10564456,digital image,https://media.rkd.nl/iiif/10564456/full/max/0/default.jpg
297581,10705344,digital image,https://media.rkd.nl/iiif/10705344/full/max/0/default.jpg
297591,10705470,digital image,https://media.rkd.nl/iiif/10705470/full/max/0/default.jpg
297592,10705477,digital image,https://media.rkd.nl/iiif/10705477/full/max/0/default.jpg
297593,10705472,digital image,https://media.rkd.nl/iiif/10705472/full/max/0/default.jpg
297601,10564458,digital image,https://media.rkd.nl/iiif/10564458/full/max/0/default.jpg
297601,10705520,digital image,https://media.rkd.nl/iiif/10705520/full/max/0/default.jpg
297602,10564457,digital image,https://media.rkd.nl/iiif/10564457/full/max/0/default.jpg
297602,10705521,digital image,https://media.rkd.nl/iiif/10705521/full/max/0/default.jpg
297603,10564459,digital image,https://media.rkd.nl/iiif/10564459/full/max/0/default.jpg
297603,10705523,digital image,https://media.rkd.nl/iiif/10705523/full/max/0/default.jpg
297609,10705529,digital image,https://media.rkd.nl/iiif/10705529/full/max/0/default.jpg
297612,10564472,digital image,https://media.rkd.nl/iiif/10564472/full/max/0/default.jpg
297612,10705531,digital image,https://media.rkd.nl/iiif/10705531/full/max/0/default.jpg
297615,10564470,digital image,https://media.rkd.nl/iiif/10564470/full/max/0/default.jpg
297615,10705532,digital image,https://media.rkd.nl/iiif/10705532/full/max/0/default.jpg
297616,10564474,digital image,https://media.rkd.nl/iiif/10564474/full/max/0/default.jpg
297616,10705534,digital image,https://media.rkd.nl/iiif/10705534/full/max/0/default.jpg
297617,10564473,digital image,https://media.rkd.nl/iiif/10564473/full/max/0/default.jpg
297617,10705535,digital image,https://media.rkd.nl/iiif/10705535/full/max/0/default.jpg
297624,10705546,digital image,https://media.rkd.nl/iiif/10705546/full/max/0/default.jpg
297637,10705557,BD/Digital Collection,https://media.rkd.nl/iiif/10705557/full/max/0/default.jpg
297645,10564439,digital image,https://media.rkd.nl/iiif/10564439/full/max/0/default.jpg
297645,10705567,digital image,https://media.rkd.nl/iiif/10705567/full/max/0/default.jpg
297647,10564462,digital image,https://media.rkd.nl/iiif/10564462/full/max/0/default.jpg
297647,10705569,digital image,https://media.rkd.nl/iiif/10705569/full/max/0/default.jpg
297650,10564461,digital image,https://media.rkd.nl/iiif/10564461/full/max/0/default.jpg
297650,10705571,digital image,https://media.rkd.nl/iiif/10705571/full/max/0/default.jpg
297654,10564464,digital image,https://media.rkd.nl/iiif/10564464/full/max/0/default.jpg
297654,10705586,digital image,https://media.rkd.nl/iiif/10705586/full/max/0/default.jpg
297657,10705589,black-and-white reproduction,https://media.rkd.nl/iiif/10705589/full/max/0/default.jpg
297658,10705596,digital image,https://media.rkd.nl/iiif/10705596/full/max/0/default.jpg
297659,10564410,digital image,https://media.rkd.nl/iiif/10564410/full/max/0/default.jpg
297659,10705597,digital image,https://media.rkd.nl/iiif/10705597/full/max/0/default.jpg
297664,10705603,digital image,https://media.rkd.nl/iiif/10705603/full/max/0/default.jpg
297699,10564540,digital image,https://media.rkd.nl/iiif/10564540/full/max/0/default.jpg
297699,10705695,digital image,https://media.rkd.nl/iiif/10705695/full/max/0/default.jpg
297703,10705701,digital image,https://media.rkd.nl/iiif/10705701/full/max/0/default.jpg
297704,10564411,digital image,https://media.rkd.nl/iiif/10564411/full/max/0/default.jpg
297704,10705706,digital image,https://media.rkd.nl/iiif/10705706/full/max/0/default.jpg
297705,10705707,color photograph,https://media.rkd.nl/iiif/10705707/full/max/0/default.jpg
297706,10564541,digital image,https://media.rkd.nl/iiif/10564541/full/max/0/default.jpg
297706,10705712,BD/Digital Collection,https://media.rkd.nl/iiif/10705712/full/max/0/default.jpg
297709,10564544,digital image,https://media.rkd.nl/iiif/10564544/full/max/0/default.jpg
297709,10705731,digital image,https://media.rkd.nl/iiif/10705731/full/max/0/default.jpg
297715,10564545,digital image,https://media.rkd.nl/iiif/10564545/full/max/0/default.jpg
297715,10705812,digital image,https://media.rkd.nl/iiif/10705812/full/max/0/default.jpg
297716,10564412,digital image,https://media.rkd.nl/iiif/10564412/full/max/0/default.jpg
297716,10705826,digital image,https://media.rkd.nl/iiif/10705826/full/max/0/default.jpg
297717,10564542,digital image,https://media.rkd.nl/iiif/10564542/full/max/0/default.jpg
297717,10705827,digital image,https://media.rkd.nl/iiif/10705827/full/max/0/default.jpg
297718,10564413,digital image,https://media.rkd.nl/iiif/10564413/full/max/0/default.jpg
297718,10705829,digital image,https://media.rkd.nl/iiif/10705829/full/max/0/default.jpg
297719,10564543,digital image,https://media.rkd.nl/iiif/10564543/full/max/0/default.jpg
297719,10705830,digital image,https://media.rkd.nl/iiif/10705830/full/max/0/default.jpg
297722,10564546,digital image,https://media.rkd.nl/iiif/10564546/full/max/0/default.jpg
297730,10564536,digital image,https://media.rkd.nl/iiif/10564536/full/max/0/default.jpg
297730,10705848,digital image,https://media.rkd.nl/iiif/10705848/full/max/0/default.jpg
297734,11184738,digital color photograph,https://media.rkd.nl/iiif/11184738/full/max/0/default.jpg
297734,11184824,digital color photograph,https://media.rkd.nl/iiif/11184824/full/max/0/default.jpg
297734,10705852,digital color photograph,https://media.rkd.nl/iiif/10705852/full/max/0/default.jpg
297739,10705853,digital image,https://media.rkd.nl/iiif/10705853/full/max/0/default.jpg
297742,10705856,digital color photograph,https://media.rkd.nl/iiif/10705856/full/max/0/default.jpg
297743,10705857,digital color photograph,https://media.rkd.nl/iiif/10705857/full/max/0/default.jpg
297745,10705864,BD/Digital Collection,https://media.rkd.nl/iiif/10705864/full/max/0/default.jpg
297753,10705872,digital color photograph,https://media.rkd.nl/iiif/10705872/full/max/0/default.jpg
297757,10705883,BD/Digital Collection,https://media.rkd.nl/iiif/10705883/full/max/0/default.jpg
297759,10705885,BD/Digital Collection,https://media.rkd.nl/iiif/10705885/full/max/0/default.jpg
297761,10705887,BD/Digital Collection,https://media.rkd.nl/iiif/10705887/full/max/0/default.jpg
297762,10705889,BD/Digital Collection,https://media.rkd.nl/iiif/10705889/full/max/0/default.jpg
297770,10705903,BD/Digital Collection,https://media.rkd.nl/iiif/10705903/full/max/0/default.jpg
297775,10705912,digital image,https://media.rkd.nl/iiif/10705912/full/max/0/default.jpg
297776,10705915,BD/Digital Collection,https://media.rkd.nl/iiif/10705915/full/max/0/default.jpg
297783,10705926,BD/Digital Collection,https://media.rkd.nl/iiif/10705926/full/max/0/default.jpg
297815,10705991,BD/Digital Collection,https://media.rkd.nl/iiif/10705991/full/max/0/default.jpg
297816,10705993,BD/Digital Collection,https://media.rkd.nl/iiif/10705993/full/max/0/default.jpg
297820,10705977,digital color photograph,https://media.rkd.nl/iiif/10705977/full/max/0/default.jpg
297839,10706045,BD/Digital Collection,https://media.rkd.nl/iiif/10706045/full/max/0/default.jpg
297841,10706046,BD/Digital Collection,https://media.rkd.nl/iiif/10706046/full/max/0/default.jpg
297842,10706047,BD/Digital Collection,https://media.rkd.nl/iiif/10706047/full/max/0/default.jpg
297843,10706049,digital image,https://media.rkd.nl/iiif/10706049/full/max/0/default.jpg
297844,10706083,BD/Digital Collection,https://media.rkd.nl/iiif/10706083/full/max/0/default.jpg
297850,10706081,BD/Digital Collection,https://media.rkd.nl/iiif/10706081/full/max/0/default.jpg
297851,10706085,BD/Digital Collection,https://media.rkd.nl/iiif/10706085/full/max/0/default.jpg
297852,10706086,BD/Digital Collection,https://media.rkd.nl/iiif/10706086/full/max/0/default.jpg
297853,10706087,BD/Digital Collection,https://media.rkd.nl/iiif/10706087/full/max/0/default.jpg
297854,10706088,BD/Digital Collection,https://media.rkd.nl/iiif/10706088/full/max/0/default.jpg
297857,10706092,BD/Digital Collection,https://media.rkd.nl/iiif/10706092/full/max/0/default.jpg
297858,10706093,BD/Digital Collection,https://media.rkd.nl/iiif/10706093/full/max/0/default.jpg
297859,10706094,BD/Digital Collection,https://media.rkd.nl/iiif/10706094/full/max/0/default.jpg
297860,10706095,BD/Digital Collection,https://media.rkd.nl/iiif/10706095/full/max/0/default.jpg
297861,10706096,BD/Digital Collection,https://media.rkd.nl/iiif/10706096/full/max/0/default.jpg
297862,10706097,BD/Digital Collection,https://media.rkd.nl/iiif/10706097/full/max/0/default.jpg
297868,10706117,BD/Digital Collection,https://media.rkd.nl/iiif/10706117/full/max/0/default.jpg
297873,10706119,BD/Digital Collection,https://media.rkd.nl/iiif/10706119/full/max/0/default.jpg
297876,10706135,BD/Digital Collection,https://media.rkd.nl/iiif/10706135/full/max/0/default.jpg
297881,10706159,BD/Digital Collection,https://media.rkd.nl/iiif/10706159/full/max/0/default.jpg
297882,10706160,BD/Digital Collection,https://media.rkd.nl/iiif/10706160/full/max/0/default.jpg
297884,10706161,BD/Digital Collection,https://media.rkd.nl/iiif/10706161/full/max/0/default.jpg
297887,10706170,BD/Digital Collection,https://media.rkd.nl/iiif/10706170/full/max/0/default.jpg
297889,10706171,BD/Digital Collection,https://media.rkd.nl/iiif/10706171/full/max/0/default.jpg
297890,10706174,digital image,https://media.rkd.nl/iiif/10706174/full/max/0/default.jpg
297891,10706173,BD/Digital Collection,https://media.rkd.nl/iiif/10706173/full/max/0/default.jpg
297893,10706181,digital image,https://media.rkd.nl/iiif/10706181/full/max/0/default.jpg
297896,10706188,digital image,https://media.rkd.nl/iiif/10706188/full/max/0/default.jpg
297921,10706235,digital image,https://media.rkd.nl/iiif/10706235/full/max/0/default.jpg
297934,10706337,digital color photograph,https://media.rkd.nl/iiif/10706337/full/max/0/default.jpg
297938,10706349,digital color photograph,https://media.rkd.nl/iiif/10706349/full/max/0/default.jpg
297940,10706340,BD/Digital Collection,https://media.rkd.nl/iiif/10706340/full/max/0/default.jpg
297941,10706355,digital color photograph,https://media.rkd.nl/iiif/10706355/full/max/0/default.jpg
297943,10706361,digital color photograph,https://media.rkd.nl/iiif/10706361/full/max/0/default.jpg
297947,10706364,BD/Digital Collection,https://media.rkd.nl/iiif/10706364/full/max/0/default.jpg
297955,10706401,digital image,https://media.rkd.nl/iiif/10706401/full/max/0/default.jpg
297958,10706429,digital image,https://media.rkd.nl/iiif/10706429/full/max/0/default.jpg
297958,10706430,digital image,https://media.rkd.nl/iiif/10706430/full/max/0/default.jpg
297959,10706431,digital image,https://media.rkd.nl/iiif/10706431/full/max/0/default.jpg
297959,10706432,digital image,https://media.rkd.nl/iiif/10706432/full/max/0/default.jpg
297960,10706433,BD/Digital Collection,https://media.rkd.nl/iiif/10706433/full/max/0/default.jpg
297961,10706434,BD/Digital Collection,https://media.rkd.nl/iiif/10706434/full/max/0/default.jpg
297962,10706436,BD/Digital Collection,https://media.rkd.nl/iiif/10706436/full/max/0/default.jpg
297963,10706439,digital image,https://media.rkd.nl/iiif/10706439/full/max/0/default.jpg
297963,10706435,digital image,https://media.rkd.nl/iiif/10706435/full/max/0/default.jpg
297964,10706438,BD/Digital Collection,https://media.rkd.nl/iiif/10706438/full/max/0/default.jpg
297966,10706441,digital image,https://media.rkd.nl/iiif/10706441/full/max/0/default.jpg
297967,10706443,digital image,https://media.rkd.nl/iiif/10706443/full/max/0/default.jpg
297971,10706448,BD/Digital Collection,https://media.rkd.nl/iiif/10706448/full/max/0/default.jpg
297972,10706481,BD/Digital Collection,https://media.rkd.nl/iiif/10706481/full/max/0/default.jpg
297973,10706484,BD/Digital Collection,https://media.rkd.nl/iiif/10706484/full/max/0/default.jpg
297977,10706485,BD/Digital Collection,https://media.rkd.nl/iiif/10706485/full/max/0/default.jpg
297978,10706492,BD/Digital Collection,https://media.rkd.nl/iiif/10706492/full/max/0/default.jpg
297980,10706491,BD/Digital Collection,https://media.rkd.nl/iiif/10706491/full/max/0/default.jpg
297981,10706543,digital color photograph,https://media.rkd.nl/iiif/10706543/full/max/0/default.jpg
297982,10706545,digital color photograph,https://media.rkd.nl/iiif/10706545/full/max/0/default.jpg
297983,10706555,BD/Digital Collection,https://media.rkd.nl/iiif/10706555/full/max/0/default.jpg
297984,10706559,BD/Digital Collection,https://media.rkd.nl/iiif/10706559/full/max/0/default.jpg
297985,10706561,digital color photograph,https://media.rkd.nl/iiif/10706561/full/max/0/default.jpg
297986,10706562,digital color photograph,https://media.rkd.nl/iiif/10706562/full/max/0/default.jpg
297987,10706568,digital color photograph,https://media.rkd.nl/iiif/10706568/full/max/0/default.jpg
297988,10706598,BD/Digital Collection,https://media.rkd.nl/iiif/10706598/full/max/0/default.jpg
297998,10706639,digital image,https://media.rkd.nl/iiif/10706639/full/max/0/default.jpg
298006,10427081,color photograph,https://media.rkd.nl/iiif/10427081/full/max/0/default.jpg
298007,10706663,BD/Digital Collection,https://media.rkd.nl/iiif/10706663/full/max/0/default.jpg
298008,10706668,digital color photograph,https://media.rkd.nl/iiif/10706668/full/max/0/default.jpg
298013,10706673,BD/Digital Collection,https://media.rkd.nl/iiif/10706673/full/max/0/default.jpg
298018,10706728,digital image,https://media.rkd.nl/iiif/10706728/full/max/0/default.jpg
298037,10706778,digital image,https://media.rkd.nl/iiif/10706778/full/max/0/default.jpg
298038,10706781,digital image,https://media.rkd.nl/iiif/10706781/full/max/0/default.jpg
298047,10706784,digital image,https://media.rkd.nl/iiif/10706784/full/max/0/default.jpg
298049,10706785,digital image,https://media.rkd.nl/iiif/10706785/full/max/0/default.jpg
298050,10706803,digital image,https://media.rkd.nl/iiif/10706803/full/max/0/default.jpg
298051,10706804,digital image,https://media.rkd.nl/iiif/10706804/full/max/0/default.jpg
298052,10706806,digital image,https://media.rkd.nl/iiif/10706806/full/max/0/default.jpg
298054,10703693,digital color photograph,https://media.rkd.nl/iiif/10703693/full/max/0/default.jpg
298058,10703686,digital color photograph,https://media.rkd.nl/iiif/10703686/full/max/0/default.jpg
298059,10814652,digital color photograph,https://media.rkd.nl/iiif/10814652/full/max/0/default.jpg
298060,10706811,digital color photograph,https://media.rkd.nl/iiif/10706811/full/max/0/default.jpg
298065,10706825,digital color photograph,https://media.rkd.nl/iiif/10706825/full/max/0/default.jpg
298066,10706674,BD/Digital Collection,https://media.rkd.nl/iiif/10706674/full/max/0/default.jpg
298072,10706678,BD/Digital Collection,https://media.rkd.nl/iiif/10706678/full/max/0/default.jpg
298076,10706906,digital image,https://media.rkd.nl/iiif/10706906/full/max/0/default.jpg
298077,10706931,digital image,https://media.rkd.nl/iiif/10706931/full/max/0/default.jpg
298082,10706946,BD/Digital Collection,https://media.rkd.nl/iiif/10706946/full/max/0/default.jpg
298086,10707005,digital image,https://media.rkd.nl/iiif/10707005/full/max/0/default.jpg
298088,10707013,BD/Digital Collection,https://media.rkd.nl/iiif/10707013/full/max/0/default.jpg
298089,10707014,digital image,https://media.rkd.nl/iiif/10707014/full/max/0/default.jpg
298091,10564409,digital image,https://media.rkd.nl/iiif/10564409/full/max/0/default.jpg
298092,10564632,digital image,https://media.rkd.nl/iiif/10564632/full/max/0/default.jpg
298092,10564530,digital image,https://media.rkd.nl/iiif/10564530/full/max/0/default.jpg
298095,10707018,digital image,https://media.rkd.nl/iiif/10707018/full/max/0/default.jpg
298106,10707042,digital image,https://media.rkd.nl/iiif/10707042/full/max/0/default.jpg
298108,10706681,BD/Digital Collection,https://media.rkd.nl/iiif/10706681/full/max/0/default.jpg
298110,10707061,digital image,https://media.rkd.nl/iiif/10707061/full/max/0/default.jpg
298111,10707070,digital image,https://media.rkd.nl/iiif/10707070/full/max/0/default.jpg
298113,10707078,digital image,https://media.rkd.nl/iiif/10707078/full/max/0/default.jpg
298114,10707079,BD/Digital Collection,https://media.rkd.nl/iiif/10707079/full/max/0/default.jpg
298116,10707088,BD/Digital Collection,https://media.rkd.nl/iiif/10707088/full/max/0/default.jpg
298117,10707091,digital image,https://media.rkd.nl/iiif/10707091/full/max/0/default.jpg
298128,10707102,digital image,https://media.rkd.nl/iiif/10707102/full/max/0/default.jpg
298135,10707104,digital image,https://media.rkd.nl/iiif/10707104/full/max/0/default.jpg
298147,10706682,BD/Digital Collection,https://media.rkd.nl/iiif/10706682/full/max/0/default.jpg
298148,10706683,BD/Digital Collection,https://media.rkd.nl/iiif/10706683/full/max/0/default.jpg
298149,10706684,BD/Digital Collection,https://media.rkd.nl/iiif/10706684/full/max/0/default.jpg
298151,10707122,digital image,https://media.rkd.nl/iiif/10707122/full/max/0/default.jpg
298152,10706686,BD/Digital Collection,https://media.rkd.nl/iiif/10706686/full/max/0/default.jpg
298153,10706687,BD/Digital Collection,https://media.rkd.nl/iiif/10706687/full/max/0/default.jpg
298156,10706691,BD/Digital Collection,https://media.rkd.nl/iiif/10706691/full/max/0/default.jpg
298158,10706693,BD/Digital Collection,https://media.rkd.nl/iiif/10706693/full/max/0/default.jpg
298159,10706694,BD/Digital Collection,https://media.rkd.nl/iiif/10706694/full/max/0/default.jpg
298163,10707135,digital image,https://media.rkd.nl/iiif/10707135/full/max/0/default.jpg
298167,10707141,digital image,https://media.rkd.nl/iiif/10707141/full/max/0/default.jpg
298176,10706705,BD/Digital Collection,https://media.rkd.nl/iiif/10706705/full/max/0/default.jpg
298188,10706713,BD/Digital Collection,https://media.rkd.nl/iiif/10706713/full/max/0/default.jpg
298193,10707173,BD/Digital Collection,https://media.rkd.nl/iiif/10707173/full/max/0/default.jpg
298193,10707172,black and white photograph,https://media.rkd.nl/iiif/10707172/full/max/0/default.jpg
298203,10707184,digital image,https://media.rkd.nl/iiif/10707184/full/max/0/default.jpg
298203,10707188,digital image,https://media.rkd.nl/iiif/10707188/full/max/0/default.jpg
298220,10707237,BD/Digital Collection,https://media.rkd.nl/iiif/10707237/full/max/0/default.jpg
298220,10900003,digital image,https://media.rkd.nl/iiif/10900003/full/max/0/default.jpg
298220,10900005,digital image,https://media.rkd.nl/iiif/10900005/full/max/0/default.jpg
298229,10707246,digital image,https://media.rkd.nl/iiif/10707246/full/max/0/default.jpg
298250,10707280,digital image,https://media.rkd.nl/iiif/10707280/full/max/0/default.jpg
298251,10707282,digital image,https://media.rkd.nl/iiif/10707282/full/max/0/default.jpg
298252,10707283,digital image,https://media.rkd.nl/iiif/10707283/full/max/0/default.jpg
298256,10707285,digital image,https://media.rkd.nl/iiif/10707285/full/max/0/default.jpg
298271,10707308,BD/Digital Collection,https://media.rkd.nl/iiif/10707308/full/max/0/default.jpg
298274,10707313,BD/Digital Collection,https://media.rkd.nl/iiif/10707313/full/max/0/default.jpg
298274,10707312,BD/Digital Collection,https://media.rkd.nl/iiif/10707312/full/max/0/default.jpg
298282,10707332,digital image,https://media.rkd.nl/iiif/10707332/full/max/0/default.jpg
298283,10707333,digital image,https://media.rkd.nl/iiif/10707333/full/max/0/default.jpg
298284,10707334,digital image,https://media.rkd.nl/iiif/10707334/full/max/0/default.jpg
298285,10707335,digital image,https://media.rkd.nl/iiif/10707335/full/max/0/default.jpg
298285,10707336,digital image,https://media.rkd.nl/iiif/10707336/full/max/0/default.jpg
298303,10707407,digital image,https://media.rkd.nl/iiif/10707407/full/max/0/default.jpg
298309,10707440,color reproduction,https://media.rkd.nl/iiif/10707440/full/max/0/default.jpg
298320,10707499,digital image,https://media.rkd.nl/iiif/10707499/full/max/0/default.jpg
298321,10707500,digital image,https://media.rkd.nl/iiif/10707500/full/max/0/default.jpg
298323,10707540,digital image,https://media.rkd.nl/iiif/10707540/full/max/0/default.jpg
298324,10707543,digital image,https://media.rkd.nl/iiif/10707543/full/max/0/default.jpg
298339,10707567,digital image,https://media.rkd.nl/iiif/10707567/full/max/0/default.jpg
298339,10707568,digital image,https://media.rkd.nl/iiif/10707568/full/max/0/default.jpg
298342,10707574,digital color photograph,https://media.rkd.nl/iiif/10707574/full/max/0/default.jpg
298365,10707646,digital image,https://media.rkd.nl/iiif/10707646/full/max/0/default.jpg
298367,10707650,digital image,https://media.rkd.nl/iiif/10707650/full/max/0/default.jpg
298375,10707676,digital image,https://media.rkd.nl/iiif/10707676/full/max/0/default.jpg
298376,10707688,digital image,https://media.rkd.nl/iiif/10707688/full/max/0/default.jpg
298377,10707697,digital image,https://media.rkd.nl/iiif/10707697/full/max/0/default.jpg
298383,10707722,digital image,https://media.rkd.nl/iiif/10707722/full/max/0/default.jpg
298384,10707723,digital image,https://media.rkd.nl/iiif/10707723/full/max/0/default.jpg
298391,10707732,digital image,https://media.rkd.nl/iiif/10707732/full/max/0/default.jpg
298398,10707740,digital image,https://media.rkd.nl/iiif/10707740/full/max/0/default.jpg
298409,10707769,digital image,https://media.rkd.nl/iiif/10707769/full/max/0/default.jpg
298411,10707781,digital image,https://media.rkd.nl/iiif/10707781/full/max/0/default.jpg
298425,10707799,digital image,https://media.rkd.nl/iiif/10707799/full/max/0/default.jpg
298428,10427217,digital color photograph,https://media.rkd.nl/iiif/10427217/full/max/0/default.jpg
298447,10707864,digital image,https://media.rkd.nl/iiif/10707864/full/max/0/default.jpg
298448,10707870,digital image,https://media.rkd.nl/iiif/10707870/full/max/0/default.jpg
298457,10707888,digital image,https://media.rkd.nl/iiif/10707888/full/max/0/default.jpg
298458,10707891,digital image,https://media.rkd.nl/iiif/10707891/full/max/0/default.jpg
298460,10707907,digital image,https://media.rkd.nl/iiif/10707907/full/max/0/default.jpg
298461,10707908,digital image,https://media.rkd.nl/iiif/10707908/full/max/0/default.jpg
298463,10707924,BD/Digital Collection,https://media.rkd.nl/iiif/10707924/full/max/0/default.jpg
298476,10707989,digital image,https://media.rkd.nl/iiif/10707989/full/max/0/default.jpg
298477,10427004,digital color photograph,https://media.rkd.nl/iiif/10427004/full/max/0/default.jpg
298482,10708018,BD/Digital Collection,https://media.rkd.nl/iiif/10708018/full/max/0/default.jpg
298484,10708044,digital image,https://media.rkd.nl/iiif/10708044/full/max/0/default.jpg
298487,10708116,black and white photograph,https://media.rkd.nl/iiif/10708116/full/max/0/default.jpg
298489,10708133,digital color photograph,https://media.rkd.nl/iiif/10708133/full/max/0/default.jpg
298490,10708134,BD/Digital Collection,https://media.rkd.nl/iiif/10708134/full/max/0/default.jpg
298539,10708361,digital image,https://media.rkd.nl/iiif/10708361/full/max/0/default.jpg
298547,10708373,BD/Digital Collection,https://media.rkd.nl/iiif/10708373/full/max/0/default.jpg
298556,10708377,BD/Digital Collection,https://media.rkd.nl/iiif/10708377/full/max/0/default.jpg
298559,10708380,digital image,https://media.rkd.nl/iiif/10708380/full/max/0/default.jpg
298568,10393780,digital image,https://media.rkd.nl/iiif/10393780/full/max/0/default.jpg
298569,10393781,digital image,https://media.rkd.nl/iiif/10393781/full/max/0/default.jpg
298570,10393782,digital image,https://media.rkd.nl/iiif/10393782/full/max/0/default.jpg
298574,10708421,BD/Digital Collection,https://media.rkd.nl/iiif/10708421/full/max/0/default.jpg
298575,10708422,digital image,https://media.rkd.nl/iiif/10708422/full/max/0/default.jpg
298577,10708424,BD/Digital Collection,https://media.rkd.nl/iiif/10708424/full/max/0/default.jpg
298578,10708425,digital image,https://media.rkd.nl/iiif/10708425/full/max/0/default.jpg
298583,10708429,digital image,https://media.rkd.nl/iiif/10708429/full/max/0/default.jpg
298589,10708434,digital image,https://media.rkd.nl/iiif/10708434/full/max/0/default.jpg
298590,10708435,BD/Digital Collection,https://media.rkd.nl/iiif/10708435/full/max/0/default.jpg
298592,10708472,digital image,https://media.rkd.nl/iiif/10708472/full/max/0/default.jpg
298593,10708473,digital image,https://media.rkd.nl/iiif/10708473/full/max/0/default.jpg
298594,10708477,digital image,https://media.rkd.nl/iiif/10708477/full/max/0/default.jpg
298596,10708482,digital image,https://media.rkd.nl/iiif/10708482/full/max/0/default.jpg
298597,10708487,digital image,https://media.rkd.nl/iiif/10708487/full/max/0/default.jpg
298599,10708490,digital image,https://media.rkd.nl/iiif/10708490/full/max/0/default.jpg
298606,10708513,digital image,https://media.rkd.nl/iiif/10708513/full/max/0/default.jpg
298621,10870455,digital image,https://media.rkd.nl/iiif/10870455/full/max/0/default.jpg
298621,10708565,digital image,https://media.rkd.nl/iiif/10708565/full/max/0/default.jpg
298629,10716526,BD/Digital Collection,https://media.rkd.nl/iiif/10716526/full/max/0/default.jpg
298629,10708575,digital image,https://media.rkd.nl/iiif/10708575/full/max/0/default.jpg
298639,10708593,digital image,https://media.rkd.nl/iiif/10708593/full/max/0/default.jpg
298645,10708601,digital image,https://media.rkd.nl/iiif/10708601/full/max/0/default.jpg
298646,10708602,digital image,https://media.rkd.nl/iiif/10708602/full/max/0/default.jpg
298653,10708640,digital image,https://media.rkd.nl/iiif/10708640/full/max/0/default.jpg
298670,10708728,digital image,https://media.rkd.nl/iiif/10708728/full/max/0/default.jpg
298674,10564656,digital color photograph,https://media.rkd.nl/iiif/10564656/full/max/0/default.jpg
298675,10564658,digital color photograph,https://media.rkd.nl/iiif/10564658/full/max/0/default.jpg
298683,10708749,digital image,https://media.rkd.nl/iiif/10708749/full/max/0/default.jpg
298686,10708761,digital image,https://media.rkd.nl/iiif/10708761/full/max/0/default.jpg
298687,10708624,digital color photograph,https://media.rkd.nl/iiif/10708624/full/max/0/default.jpg
298698,10708913,digital image,https://media.rkd.nl/iiif/10708913/full/max/0/default.jpg
298701,10708921,digital image,https://media.rkd.nl/iiif/10708921/full/max/0/default.jpg
298703,10708926,digital image,https://media.rkd.nl/iiif/10708926/full/max/0/default.jpg
298715,10815017,BD/Digital Collection,https://media.rkd.nl/iiif/10815017/full/max/0/default.jpg
298736,10709057,digital image,https://media.rkd.nl/iiif/10709057/full/max/0/default.jpg
298737,10709058,digital image,https://media.rkd.nl/iiif/10709058/full/max/0/default.jpg
298739,10709069,digital image,https://media.rkd.nl/iiif/10709069/full/max/0/default.jpg
298741,10709070,digital image,https://media.rkd.nl/iiif/10709070/full/max/0/default.jpg
298742,10709080,digital color photograph,https://media.rkd.nl/iiif/10709080/full/max/0/default.jpg
298743,10709083,digital image,https://media.rkd.nl/iiif/10709083/full/max/0/default.jpg
298747,10709129,BD/Digital Collection,https://media.rkd.nl/iiif/10709129/full/max/0/default.jpg
298749,10709150,digital image,https://media.rkd.nl/iiif/10709150/full/max/0/default.jpg
298750,10709149,BD/Digital Collection,https://media.rkd.nl/iiif/10709149/full/max/0/default.jpg
298763,10900058,digital image,https://media.rkd.nl/iiif/10900058/full/max/0/default.jpg
298765,10709183,BD/Digital Collection,https://media.rkd.nl/iiif/10709183/full/max/0/default.jpg
298768,10815024,digital image,https://media.rkd.nl/iiif/10815024/full/max/0/default.jpg
298770,10815025,digital image,https://media.rkd.nl/iiif/10815025/full/max/0/default.jpg
298776,10709218,digital image,https://media.rkd.nl/iiif/10709218/full/max/0/default.jpg
298783,10709256,BD/Digital Collection,https://media.rkd.nl/iiif/10709256/full/max/0/default.jpg
298784,10709259,digital color photograph,https://media.rkd.nl/iiif/10709259/full/max/0/default.jpg
298805,11083066,digital image,https://media.rkd.nl/iiif/11083066/full/max/0/default.jpg
298805,10709280,digital color photograph,https://media.rkd.nl/iiif/10709280/full/max/0/default.jpg
298809,10709144,BD/Digital Collection,https://media.rkd.nl/iiif/10709144/full/max/0/default.jpg
298813,10709287,digital image,https://media.rkd.nl/iiif/10709287/full/max/0/default.jpg
298814,10709289,digital image,https://media.rkd.nl/iiif/10709289/full/max/0/default.jpg
298816,10709297,digital image,https://media.rkd.nl/iiif/10709297/full/max/0/default.jpg
298817,10709298,digital image,https://media.rkd.nl/iiif/10709298/full/max/0/default.jpg
298819,10708948,BD/Digital Collection,https://media.rkd.nl/iiif/10708948/full/max/0/default.jpg
298820,10708949,BD/Digital Collection,https://media.rkd.nl/iiif/10708949/full/max/0/default.jpg
298822,10709145,BD/Digital Collection,https://media.rkd.nl/iiif/10709145/full/max/0/default.jpg
298824,10708950,BD/Digital Collection,https://media.rkd.nl/iiif/10708950/full/max/0/default.jpg
298825,10709146,BD/Digital Collection,https://media.rkd.nl/iiif/10709146/full/max/0/default.jpg
298826,10709147,BD/Digital Collection,https://media.rkd.nl/iiif/10709147/full/max/0/default.jpg
298833,10709319,BD/Digital Collection,https://media.rkd.nl/iiif/10709319/full/max/0/default.jpg
298836,10709321,BD/Digital Collection,https://media.rkd.nl/iiif/10709321/full/max/0/default.jpg
298839,10709322,BD/Digital Collection,https://media.rkd.nl/iiif/10709322/full/max/0/default.jpg
298840,10709323,BD/Digital Collection,https://media.rkd.nl/iiif/10709323/full/max/0/default.jpg
298850,10709359,digital image,https://media.rkd.nl/iiif/10709359/full/max/0/default.jpg
298859,10709379,BD/Digital Collection,https://media.rkd.nl/iiif/10709379/full/max/0/default.jpg
298861,10709380,BD/Digital Collection,https://media.rkd.nl/iiif/10709380/full/max/0/default.jpg
298863,10709382,BD/Digital Collection,https://media.rkd.nl/iiif/10709382/full/max/0/default.jpg
298865,10709387,digital image,https://media.rkd.nl/iiif/10709387/full/max/0/default.jpg
298866,10709389,digital image,https://media.rkd.nl/iiif/10709389/full/max/0/default.jpg
298867,10709390,digital image,https://media.rkd.nl/iiif/10709390/full/max/0/default.jpg
298869,10709403,digital image,https://media.rkd.nl/iiif/10709403/full/max/0/default.jpg
298869,10709404,digital image,https://media.rkd.nl/iiif/10709404/full/max/0/default.jpg
298899,10709455,BD/Digital Collection,https://media.rkd.nl/iiif/10709455/full/max/0/default.jpg
298900,10709456,BD/Digital Collection,https://media.rkd.nl/iiif/10709456/full/max/0/default.jpg
298903,10709460,digital image,https://media.rkd.nl/iiif/10709460/full/max/0/default.jpg
298922,10709490,digital image,https://media.rkd.nl/iiif/10709490/full/max/0/default.jpg
298927,10709521,digital image,https://media.rkd.nl/iiif/10709521/full/max/0/default.jpg
298928,10709522,digital image,https://media.rkd.nl/iiif/10709522/full/max/0/default.jpg
298929,10709526,digital image,https://media.rkd.nl/iiif/10709526/full/max/0/default.jpg
298929,10709527,digital image,https://media.rkd.nl/iiif/10709527/full/max/0/default.jpg
298931,10709530,BD/Digital Collection,https://media.rkd.nl/iiif/10709530/full/max/0/default.jpg
298931,10709529,BD/Digital Collection,https://media.rkd.nl/iiif/10709529/full/max/0/default.jpg
298933,10709533,digital image,https://media.rkd.nl/iiif/10709533/full/max/0/default.jpg
298939,10709544,digital image,https://media.rkd.nl/iiif/10709544/full/max/0/default.jpg
298942,10709557,digital image,https://media.rkd.nl/iiif/10709557/full/max/0/default.jpg
298952,10709580,BD/Digital Collection,https://media.rkd.nl/iiif/10709580/full/max/0/default.jpg
298954,10709603,BD/Digital Collection,https://media.rkd.nl/iiif/10709603/full/max/0/default.jpg
298956,10709607,BD/Digital Collection,https://media.rkd.nl/iiif/10709607/full/max/0/default.jpg
298970,10709626,BD/Digital Collection,https://media.rkd.nl/iiif/10709626/full/max/0/default.jpg
298971,10709627,digital image,https://media.rkd.nl/iiif/10709627/full/max/0/default.jpg
298971,10709628,digital image,https://media.rkd.nl/iiif/10709628/full/max/0/default.jpg
298974,10709635,BD/Digital Collection,https://media.rkd.nl/iiif/10709635/full/max/0/default.jpg
298974,10711236,BD/Digital Collection,https://media.rkd.nl/iiif/10711236/full/max/0/default.jpg
298989,10709651,digital image,https://media.rkd.nl/iiif/10709651/full/max/0/default.jpg
298990,10709641,BD/Digital Collection,https://media.rkd.nl/iiif/10709641/full/max/0/default.jpg
298998,10709670,BD/Digital Collection,https://media.rkd.nl/iiif/10709670/full/max/0/default.jpg
299000,10871191,BD/Digital Collection,https://media.rkd.nl/iiif/10871191/full/max/0/default.jpg
299000,10815042,BD/Digital Collection,https://media.rkd.nl/iiif/10815042/full/max/0/default.jpg
299005,10709680,digital image,https://media.rkd.nl/iiif/10709680/full/max/0/default.jpg
299006,10709682,BD/Digital Collection,https://media.rkd.nl/iiif/10709682/full/max/0/default.jpg
299023,10709710,BD/Digital Collection,https://media.rkd.nl/iiif/10709710/full/max/0/default.jpg
299024,10709711,BD/Digital Collection,https://media.rkd.nl/iiif/10709711/full/max/0/default.jpg
299025,10709715,BD/Digital Collection,https://media.rkd.nl/iiif/10709715/full/max/0/default.jpg
299039,10709720,BD/Digital Collection,https://media.rkd.nl/iiif/10709720/full/max/0/default.jpg
299052,10709746,BD/Digital Collection,https://media.rkd.nl/iiif/10709746/full/max/0/default.jpg
299056,10815058,BD/Digital Collection,https://media.rkd.nl/iiif/10815058/full/max/0/default.jpg
299059,10709752,BD/Digital Collection,https://media.rkd.nl/iiif/10709752/full/max/0/default.jpg
299060,10709753,BD/Digital Collection,https://media.rkd.nl/iiif/10709753/full/max/0/default.jpg
299064,10719422,BD/Digital Collection,https://media.rkd.nl/iiif/10719422/full/max/0/default.jpg
299065,10709759,BD/Digital Collection,https://media.rkd.nl/iiif/10709759/full/max/0/default.jpg
299066,10709762,BD/Digital Collection,https://media.rkd.nl/iiif/10709762/full/max/0/default.jpg
299067,10709765,BD/Digital Collection,https://media.rkd.nl/iiif/10709765/full/max/0/default.jpg
299068,10709766,digital image,https://media.rkd.nl/iiif/10709766/full/max/0/default.jpg
299069,10709780,BD/Digital Collection,https://media.rkd.nl/iiif/10709780/full/max/0/default.jpg
299071,10709781,BD/Digital Collection,https://media.rkd.nl/iiif/10709781/full/max/0/default.jpg
299073,10709782,BD/Digital Collection,https://media.rkd.nl/iiif/10709782/full/max/0/default.jpg
299076,10709787,BD/Digital Collection,https://media.rkd.nl/iiif/10709787/full/max/0/default.jpg
299077,10709789,BD/Digital Collection,https://media.rkd.nl/iiif/10709789/full/max/0/default.jpg
299078,10709788,digital image,https://media.rkd.nl/iiif/10709788/full/max/0/default.jpg
299080,10709791,digital image,https://media.rkd.nl/iiif/10709791/full/max/0/default.jpg
299082,10709793,digital image,https://media.rkd.nl/iiif/10709793/full/max/0/default.jpg
299085,10709797,BD/Digital Collection,https://media.rkd.nl/iiif/10709797/full/max/0/default.jpg
299086,10709798,BD/Digital Collection,https://media.rkd.nl/iiif/10709798/full/max/0/default.jpg
299090,10709807,BD/Digital Collection,https://media.rkd.nl/iiif/10709807/full/max/0/default.jpg
299091,10709808,BD/Digital Collection,https://media.rkd.nl/iiif/10709808/full/max/0/default.jpg
299092,10709809,BD/Digital Collection,https://media.rkd.nl/iiif/10709809/full/max/0/default.jpg
299098,10709820,BD/Digital Collection,https://media.rkd.nl/iiif/10709820/full/max/0/default.jpg
299114,10709862,digital color photograph,https://media.rkd.nl/iiif/10709862/full/max/0/default.jpg
299115,10709863,black and white photograph,https://media.rkd.nl/iiif/10709863/full/max/0/default.jpg
299120,10709873,BD/Digital Collection,https://media.rkd.nl/iiif/10709873/full/max/0/default.jpg
299121,10709874,BD/Digital Collection,https://media.rkd.nl/iiif/10709874/full/max/0/default.jpg
299126,10709879,BD/Digital Collection,https://media.rkd.nl/iiif/10709879/full/max/0/default.jpg
299127,10709880,BD/Digital Collection,https://media.rkd.nl/iiif/10709880/full/max/0/default.jpg
299128,10709881,BD/Digital Collection,https://media.rkd.nl/iiif/10709881/full/max/0/default.jpg
299129,10709888,digital image,https://media.rkd.nl/iiif/10709888/full/max/0/default.jpg
299135,10709911,digital image,https://media.rkd.nl/iiif/10709911/full/max/0/default.jpg
299145,10709931,BD/Digital Collection,https://media.rkd.nl/iiif/10709931/full/max/0/default.jpg
299162,10709976,digital image,https://media.rkd.nl/iiif/10709976/full/max/0/default.jpg
299165,10709983,digital image,https://media.rkd.nl/iiif/10709983/full/max/0/default.jpg
299221,10815074,BD/Digital Collection,https://media.rkd.nl/iiif/10815074/full/max/0/default.jpg
299224,10710372,digital image,https://media.rkd.nl/iiif/10710372/full/max/0/default.jpg
299224,10710189,digital image,https://media.rkd.nl/iiif/10710189/full/max/0/default.jpg
299225,10710373,digital image,https://media.rkd.nl/iiif/10710373/full/max/0/default.jpg
299225,10710188,digital image,https://media.rkd.nl/iiif/10710188/full/max/0/default.jpg
299226,10710190,digital image,https://media.rkd.nl/iiif/10710190/full/max/0/default.jpg
299229,10710225,BD/Digital Collection,https://media.rkd.nl/iiif/10710225/full/max/0/default.jpg
299258,10710331,digital image,https://media.rkd.nl/iiif/10710331/full/max/0/default.jpg
299259,10710332,digital image,https://media.rkd.nl/iiif/10710332/full/max/0/default.jpg
299260,10710333,digital image,https://media.rkd.nl/iiif/10710333/full/max/0/default.jpg
299288,10710374,digital image,https://media.rkd.nl/iiif/10710374/full/max/0/default.jpg
299307,10710395,BD/RKD/0908 - BUI/Paintings and Drawings/France 3,https://media.rkd.nl/iiif/10710395/full/max/0/default.jpg
299307,10415762,digital color photograph,https://media.rkd.nl/iiif/10415762/full/max/0/default.jpg
299309,10710398,BD/Digital Collection,https://media.rkd.nl/iiif/10710398/full/max/0/default.jpg
299311,10710403,digital image,https://media.rkd.nl/iiif/10710403/full/max/0/default.jpg
299642,10575073,unknown,https://media.rkd.nl/iiif/10575073/full/max/0/default.jpg
299760,10575293,unknown,https://media.rkd.nl/iiif/10575293/full/max/0/default.jpg
299761,10575294,unknown,https://media.rkd.nl/iiif/10575294/full/max/0/default.jpg
299762,10575295,unknown,https://media.rkd.nl/iiif/10575295/full/max/0/default.jpg
299763,10575296,unknown,https://media.rkd.nl/iiif/10575296/full/max/0/default.jpg
299983,10575505,unknown,https://media.rkd.nl/iiif/10575505/full/max/0/default.jpg
300055,10575599,unknown,https://media.rkd.nl/iiif/10575599/full/max/0/default.jpg
300087,10575631,unknown,https://media.rkd.nl/iiif/10575631/full/max/0/default.jpg
300088,10575632,unknown,https://media.rkd.nl/iiif/10575632/full/max/0/default.jpg
300089,10575633,unknown,https://media.rkd.nl/iiif/10575633/full/max/0/default.jpg
300182,10575699,unknown,https://media.rkd.nl/iiif/10575699/full/max/0/default.jpg
300196,10575715,unknown,https://media.rkd.nl/iiif/10575715/full/max/0/default.jpg
300206,10710430,digital image,https://media.rkd.nl/iiif/10710430/full/max/0/default.jpg
300207,10710431,digital image,https://media.rkd.nl/iiif/10710431/full/max/0/default.jpg
300212,10710438,digital image,https://media.rkd.nl/iiif/10710438/full/max/0/default.jpg
300213,10710447,digital image,https://media.rkd.nl/iiif/10710447/full/max/0/default.jpg
300214,10288634,digital black-and-white photograph,https://media.rkd.nl/iiif/10288634/full/max/0/default.jpg
300216,10710457,digital image,https://media.rkd.nl/iiif/10710457/full/max/0/default.jpg
300216,10710455,digital image,https://media.rkd.nl/iiif/10710455/full/max/0/default.jpg
300217,10710470,digital image,https://media.rkd.nl/iiif/10710470/full/max/0/default.jpg
300218,10710482,digital image,https://media.rkd.nl/iiif/10710482/full/max/0/default.jpg
300219,10710483,digital image,https://media.rkd.nl/iiif/10710483/full/max/0/default.jpg
300219,10710484,digital image,https://media.rkd.nl/iiif/10710484/full/max/0/default.jpg
300220,10711022,BD/Digital Collection,https://media.rkd.nl/iiif/10711022/full/max/0/default.jpg
300220,10710486,digital image,https://media.rkd.nl/iiif/10710486/full/max/0/default.jpg
300220,10710487,digital image,https://media.rkd.nl/iiif/10710487/full/max/0/default.jpg
300221,10710563,digital image,https://media.rkd.nl/iiif/10710563/full/max/0/default.jpg
300221,10710493,digital image,https://media.rkd.nl/iiif/10710493/full/max/0/default.jpg
300223,10710530,BD/Digital Collection,https://media.rkd.nl/iiif/10710530/full/max/0/default.jpg
300224,10710519,digital image,https://media.rkd.nl/iiif/10710519/full/max/0/default.jpg
300225,10710637,black-and-white reproduction,https://media.rkd.nl/iiif/10710637/full/max/0/default.jpg
300227,10710534,digital image,https://media.rkd.nl/iiif/10710534/full/max/0/default.jpg
300227,10710535,digital image,https://media.rkd.nl/iiif/10710535/full/max/0/default.jpg
300234,10710554,digital image,https://media.rkd.nl/iiif/10710554/full/max/0/default.jpg
300235,10710556,digital image,https://media.rkd.nl/iiif/10710556/full/max/0/default.jpg
300236,10710557,digital image,https://media.rkd.nl/iiif/10710557/full/max/0/default.jpg
300239,10710559,BD/Digital Collection,https://media.rkd.nl/iiif/10710559/full/max/0/default.jpg
300240,10710560,digital image,https://media.rkd.nl/iiif/10710560/full/max/0/default.jpg
300242,10710562,digital image,https://media.rkd.nl/iiif/10710562/full/max/0/default.jpg
300244,10710564,black-and-white reproduction,https://media.rkd.nl/iiif/10710564/full/max/0/default.jpg
300244,10415749,digital color photograph,https://media.rkd.nl/iiif/10415749/full/max/0/default.jpg
300249,10710569,digital image,https://media.rkd.nl/iiif/10710569/full/max/0/default.jpg
300249,10710600,black and white photograph,https://media.rkd.nl/iiif/10710600/full/max/0/default.jpg
300250,10710570,BD/Digital Collection,https://media.rkd.nl/iiif/10710570/full/max/0/default.jpg
300268,10710592,digital image,https://media.rkd.nl/iiif/10710592/full/max/0/default.jpg
300273,10711744,BD/Digital Collection,https://media.rkd.nl/iiif/10711744/full/max/0/default.jpg
300279,10710634,BD/Digital Collection,https://media.rkd.nl/iiif/10710634/full/max/0/default.jpg
300287,10710661,digital image,https://media.rkd.nl/iiif/10710661/full/max/0/default.jpg
300299,10710756,digital image,https://media.rkd.nl/iiif/10710756/full/max/0/default.jpg
300300,10710770,digital image,https://media.rkd.nl/iiif/10710770/full/max/0/default.jpg
300301,10710772,digital image,https://media.rkd.nl/iiif/10710772/full/max/0/default.jpg
300304,10710773,digital image,https://media.rkd.nl/iiif/10710773/full/max/0/default.jpg
300305,10710774,digital image,https://media.rkd.nl/iiif/10710774/full/max/0/default.jpg
300306,10710775,digital image,https://media.rkd.nl/iiif/10710775/full/max/0/default.jpg
300307,10710776,digital image,https://media.rkd.nl/iiif/10710776/full/max/0/default.jpg
300309,10710781,digital image,https://media.rkd.nl/iiif/10710781/full/max/0/default.jpg
300309,10710782,digital image,https://media.rkd.nl/iiif/10710782/full/max/0/default.jpg
300313,10710875,BD/Digital Collection,https://media.rkd.nl/iiif/10710875/full/max/0/default.jpg
300318,10710792,BD/Digital Collection,https://media.rkd.nl/iiif/10710792/full/max/0/default.jpg
300327,10710812,BD/Digital Collection,https://media.rkd.nl/iiif/10710812/full/max/0/default.jpg
300328,10710814,BD/Digital Collection,https://media.rkd.nl/iiif/10710814/full/max/0/default.jpg
300329,10710819,BD/Digital Collection,https://media.rkd.nl/iiif/10710819/full/max/0/default.jpg
300331,10710821,BD/Digital Collection,https://media.rkd.nl/iiif/10710821/full/max/0/default.jpg
300336,10815092,BD/Digital Collection,https://media.rkd.nl/iiif/10815092/full/max/0/default.jpg
300340,10710833,digital image,https://media.rkd.nl/iiif/10710833/full/max/0/default.jpg
300344,10710850,BD/Digital Collection,https://media.rkd.nl/iiif/10710850/full/max/0/default.jpg
300358,10710904,BD/Digital Collection,https://media.rkd.nl/iiif/10710904/full/max/0/default.jpg
300360,10815097,BD/Digital Collection,https://media.rkd.nl/iiif/10815097/full/max/0/default.jpg
300362,10710916,digital image,https://media.rkd.nl/iiif/10710916/full/max/0/default.jpg
300363,10710917,digital image,https://media.rkd.nl/iiif/10710917/full/max/0/default.jpg
300366,10710936,BD/Digital Collection,https://media.rkd.nl/iiif/10710936/full/max/0/default.jpg
300368,10710939,BD/Digital Collection,https://media.rkd.nl/iiif/10710939/full/max/0/default.jpg
300370,10710941,digital image,https://media.rkd.nl/iiif/10710941/full/max/0/default.jpg
300375,10710950,BD/Digital Collection,https://media.rkd.nl/iiif/10710950/full/max/0/default.jpg
300382,10710957,digital color photograph,https://media.rkd.nl/iiif/10710957/full/max/0/default.jpg
300394,10710998,BD/Digital Collection,https://media.rkd.nl/iiif/10710998/full/max/0/default.jpg
300395,10710999,BD/Digital Collection,https://media.rkd.nl/iiif/10710999/full/max/0/default.jpg
300401,10711004,digital image,https://media.rkd.nl/iiif/10711004/full/max/0/default.jpg
300402,10711007,digital image,https://media.rkd.nl/iiif/10711007/full/max/0/default.jpg
300406,10711040,BD/Digital Collection,https://media.rkd.nl/iiif/10711040/full/max/0/default.jpg
300429,10711079,digital image,https://media.rkd.nl/iiif/10711079/full/max/0/default.jpg
300433,10711090,BD/Digital Collection,https://media.rkd.nl/iiif/10711090/full/max/0/default.jpg
300436,10711095,digital image,https://media.rkd.nl/iiif/10711095/full/max/0/default.jpg
300446,10711111,digital color photograph,https://media.rkd.nl/iiif/10711111/full/max/0/default.jpg
300450,10711127,digital image,https://media.rkd.nl/iiif/10711127/full/max/0/default.jpg
300457,10711147,digital image,https://media.rkd.nl/iiif/10711147/full/max/0/default.jpg
300458,10710970,digital color photograph,https://media.rkd.nl/iiif/10710970/full/max/0/default.jpg
300459,10711148,digital image,https://media.rkd.nl/iiif/10711148/full/max/0/default.jpg
300470,10711194,digital file,https://media.rkd.nl/iiif/10711194/full/max/0/default.jpg
300470,10711195,digital image,https://media.rkd.nl/iiif/10711195/full/max/0/default.jpg
300472,10711197,digital image,https://media.rkd.nl/iiif/10711197/full/max/0/default.jpg
300472,10711198,digital image,https://media.rkd.nl/iiif/10711198/full/max/0/default.jpg
300473,10711202,BD/Digital Collection,https://media.rkd.nl/iiif/10711202/full/max/0/default.jpg
300474,10711201,digital image,https://media.rkd.nl/iiif/10711201/full/max/0/default.jpg
300475,10711204,digital image,https://media.rkd.nl/iiif/10711204/full/max/0/default.jpg
300478,10711207,digital image,https://media.rkd.nl/iiif/10711207/full/max/0/default.jpg
300479,10711218,digital image,https://media.rkd.nl/iiif/10711218/full/max/0/default.jpg
300482,10711224,digital image,https://media.rkd.nl/iiif/10711224/full/max/0/default.jpg
300484,10711234,digital image,https://media.rkd.nl/iiif/10711234/full/max/0/default.jpg
300510,10711331,digital image,https://media.rkd.nl/iiif/10711331/full/max/0/default.jpg
300512,10711333,digital image,https://media.rkd.nl/iiif/10711333/full/max/0/default.jpg
300538,10711420,digital image,https://media.rkd.nl/iiif/10711420/full/max/0/default.jpg
300541,10711431,digital image,https://media.rkd.nl/iiif/10711431/full/max/0/default.jpg
300541,10711432,digital image,https://media.rkd.nl/iiif/10711432/full/max/0/default.jpg
300542,10711436,BD/Digital Collection,https://media.rkd.nl/iiif/10711436/full/max/0/default.jpg
300553,10711482,digital image,https://media.rkd.nl/iiif/10711482/full/max/0/default.jpg
300554,10711483,digital image,https://media.rkd.nl/iiif/10711483/full/max/0/default.jpg
300557,10711493,digital image,https://media.rkd.nl/iiif/10711493/full/max/0/default.jpg
300560,10711502,digital image,https://media.rkd.nl/iiif/10711502/full/max/0/default.jpg
300561,10711503,digital image,https://media.rkd.nl/iiif/10711503/full/max/0/default.jpg
300566,10711518,digital image,https://media.rkd.nl/iiif/10711518/full/max/0/default.jpg
300568,10711519,digital image,https://media.rkd.nl/iiif/10711519/full/max/0/default.jpg
300569,10711521,digital image,https://media.rkd.nl/iiif/10711521/full/max/0/default.jpg
300579,10711575,digital image,https://media.rkd.nl/iiif/10711575/full/max/0/default.jpg
300580,10711586,digital image,https://media.rkd.nl/iiif/10711586/full/max/0/default.jpg
300590,10711600,BD/Digital Collection,https://media.rkd.nl/iiif/10711600/full/max/0/default.jpg
300591,10711601,digital image,https://media.rkd.nl/iiif/10711601/full/max/0/default.jpg
300596,10711607,BD/Digital Collection,https://media.rkd.nl/iiif/10711607/full/max/0/default.jpg
300597,10711606,digital image,https://media.rkd.nl/iiif/10711606/full/max/0/default.jpg
300607,10711617,color reproduction,https://media.rkd.nl/iiif/10711617/full/max/0/default.jpg
300613,10711626,BD/Digital Collection,https://media.rkd.nl/iiif/10711626/full/max/0/default.jpg
300615,10711629,BD/Digital Collection,https://media.rkd.nl/iiif/10711629/full/max/0/default.jpg
300616,10711630,BD/Digital Collection,https://media.rkd.nl/iiif/10711630/full/max/0/default.jpg
300617,10711632,digital image,https://media.rkd.nl/iiif/10711632/full/max/0/default.jpg
300619,10711634,digital image,https://media.rkd.nl/iiif/10711634/full/max/0/default.jpg
300620,10711636,BD/Digital Collection,https://media.rkd.nl/iiif/10711636/full/max/0/default.jpg
300621,10711635,digital image,https://media.rkd.nl/iiif/10711635/full/max/0/default.jpg
300622,10711637,digital image,https://media.rkd.nl/iiif/10711637/full/max/0/default.jpg
300623,10815113,digital image,https://media.rkd.nl/iiif/10815113/full/max/0/default.jpg
300624,10815114,digital image,https://media.rkd.nl/iiif/10815114/full/max/0/default.jpg
300624,10711638,digital image,https://media.rkd.nl/iiif/10711638/full/max/0/default.jpg
300626,10416063,color reproduction,https://media.rkd.nl/iiif/10416063/full/max/0/default.jpg
300626,10711642,digital image,https://media.rkd.nl/iiif/10711642/full/max/0/default.jpg
300627,10711643,digital image,https://media.rkd.nl/iiif/10711643/full/max/0/default.jpg
300630,10711654,BD/Digital Collection,https://media.rkd.nl/iiif/10711654/full/max/0/default.jpg
300632,10711656,digital image,https://media.rkd.nl/iiif/10711656/full/max/0/default.jpg
300633,10711657,digital image,https://media.rkd.nl/iiif/10711657/full/max/0/default.jpg
300639,10711471,digital color photograph,https://media.rkd.nl/iiif/10711471/full/max/0/default.jpg
300640,10711665,digital image,https://media.rkd.nl/iiif/10711665/full/max/0/default.jpg
300645,10711669,BD/Digital Collection,https://media.rkd.nl/iiif/10711669/full/max/0/default.jpg
300650,10711675,digital image,https://media.rkd.nl/iiif/10711675/full/max/0/default.jpg
300651,10902987,digital image,https://media.rkd.nl/iiif/10902987/full/max/0/default.jpg
300651,10711678,BD/Digital Collection,https://media.rkd.nl/iiif/10711678/full/max/0/default.jpg
300653,10711680,BD/Digital Collection,https://media.rkd.nl/iiif/10711680/full/max/0/default.jpg
300665,10711692,digital image,https://media.rkd.nl/iiif/10711692/full/max/0/default.jpg
300683,10427030,digital color photograph,https://media.rkd.nl/iiif/10427030/full/max/0/default.jpg
300691,10711726,BD/Digital Collection,https://media.rkd.nl/iiif/10711726/full/max/0/default.jpg
300697,10711735,digital image,https://media.rkd.nl/iiif/10711735/full/max/0/default.jpg
300704,10711748,digital image,https://media.rkd.nl/iiif/10711748/full/max/0/default.jpg
300705,10711749,digital image,https://media.rkd.nl/iiif/10711749/full/max/0/default.jpg
300715,10711766,digital image,https://media.rkd.nl/iiif/10711766/full/max/0/default.jpg
300716,10711769,digital image,https://media.rkd.nl/iiif/10711769/full/max/0/default.jpg
300717,10711770,BD/Digital Collection,https://media.rkd.nl/iiif/10711770/full/max/0/default.jpg
300717,10415966,digital color photograph,https://media.rkd.nl/iiif/10415966/full/max/0/default.jpg
300718,10564666,digital image,https://media.rkd.nl/iiif/10564666/full/max/0/default.jpg
300720,10564669,digital image,https://media.rkd.nl/iiif/10564669/full/max/0/default.jpg
300722,10711772,digital image,https://media.rkd.nl/iiif/10711772/full/max/0/default.jpg
300723,10711773,digital image,https://media.rkd.nl/iiif/10711773/full/max/0/default.jpg
300727,10711782,digital image,https://media.rkd.nl/iiif/10711782/full/max/0/default.jpg
300732,10711791,digital image,https://media.rkd.nl/iiif/10711791/full/max/0/default.jpg
300748,10711828,digital image,https://media.rkd.nl/iiif/10711828/full/max/0/default.jpg
300750,10711839,digital image,https://media.rkd.nl/iiif/10711839/full/max/0/default.jpg
300753,10711843,BD/Digital Collection,https://media.rkd.nl/iiif/10711843/full/max/0/default.jpg
300754,10416030,digital color photograph,https://media.rkd.nl/iiif/10416030/full/max/0/default.jpg
300755,10416031,digital color photograph,https://media.rkd.nl/iiif/10416031/full/max/0/default.jpg
300755,10711855,BD/Digital Collection,https://media.rkd.nl/iiif/10711855/full/max/0/default.jpg
300758,10711870,digital image,https://media.rkd.nl/iiif/10711870/full/max/0/default.jpg
300758,10415973,digital color photograph,https://media.rkd.nl/iiif/10415973/full/max/0/default.jpg
300769,10711961,BD/Digital Collection,https://media.rkd.nl/iiif/10711961/full/max/0/default.jpg
300770,10711984,black-and-white reproduction,https://media.rkd.nl/iiif/10711984/full/max/0/default.jpg
300771,10427210,digital color photograph,https://media.rkd.nl/iiif/10427210/full/max/0/default.jpg
300773,10712084,BD/Digital Collection,https://media.rkd.nl/iiif/10712084/full/max/0/default.jpg
300775,10712448,BD/Digital Collection,https://media.rkd.nl/iiif/10712448/full/max/0/default.jpg
300793,10712213,BD/Digital Collection,https://media.rkd.nl/iiif/10712213/full/max/0/default.jpg
300794,10712230,digital image,https://media.rkd.nl/iiif/10712230/full/max/0/default.jpg
300819,10712354,digital image,https://media.rkd.nl/iiif/10712354/full/max/0/default.jpg
300827,10712370,digital image,https://media.rkd.nl/iiif/10712370/full/max/0/default.jpg
300831,10712375,digital image,https://media.rkd.nl/iiif/10712375/full/max/0/default.jpg
300841,10712425,digital image,https://media.rkd.nl/iiif/10712425/full/max/0/default.jpg
300868,10712454,BD/Digital Collection,https://media.rkd.nl/iiif/10712454/full/max/0/default.jpg
300868,10416041,digital color photograph,https://media.rkd.nl/iiif/10416041/full/max/0/default.jpg
300869,10712455,BD/Digital Collection,https://media.rkd.nl/iiif/10712455/full/max/0/default.jpg
300869,10416042,digital color photograph,https://media.rkd.nl/iiif/10416042/full/max/0/default.jpg
300870,10427080,digital color photograph,https://media.rkd.nl/iiif/10427080/full/max/0/default.jpg
300871,10427082,digital color photograph,https://media.rkd.nl/iiif/10427082/full/max/0/default.jpg
300872,10427098,digital color photograph,https://media.rkd.nl/iiif/10427098/full/max/0/default.jpg
300873,10427073,digital color photograph,https://media.rkd.nl/iiif/10427073/full/max/0/default.jpg
300874,10712459,digital image,https://media.rkd.nl/iiif/10712459/full/max/0/default.jpg
300878,10712463,digital image,https://media.rkd.nl/iiif/10712463/full/max/0/default.jpg
300880,10718828,digital image,https://media.rkd.nl/iiif/10718828/full/max/0/default.jpg
300883,10712476,BD/Digital Collection,https://media.rkd.nl/iiif/10712476/full/max/0/default.jpg
300883,10415834,digital color photograph,https://media.rkd.nl/iiif/10415834/full/max/0/default.jpg
300886,10712485,BD/Digital Collection,https://media.rkd.nl/iiif/10712485/full/max/0/default.jpg
300888,10712489,BD/Digital Collection,https://media.rkd.nl/iiif/10712489/full/max/0/default.jpg
300890,10712491,digital image,https://media.rkd.nl/iiif/10712491/full/max/0/default.jpg
300891,10712493,BD/Digital Collection,https://media.rkd.nl/iiif/10712493/full/max/0/default.jpg
300892,10712495,BD/Digital Collection,https://media.rkd.nl/iiif/10712495/full/max/0/default.jpg
300893,10712496,BD/Digital Collection,https://media.rkd.nl/iiif/10712496/full/max/0/default.jpg
300894,10712497,BD/Digital Collection,https://media.rkd.nl/iiif/10712497/full/max/0/default.jpg
300896,10712498,BD/Digital Collection,https://media.rkd.nl/iiif/10712498/full/max/0/default.jpg
300916,10712539,BD/Digital Collection,https://media.rkd.nl/iiif/10712539/full/max/0/default.jpg
300924,10712559,digital image,https://media.rkd.nl/iiif/10712559/full/max/0/default.jpg
300928,10712568,digital image,https://media.rkd.nl/iiif/10712568/full/max/0/default.jpg
300929,10712572,digital image,https://media.rkd.nl/iiif/10712572/full/max/0/default.jpg
300930,10712574,digital image,https://media.rkd.nl/iiif/10712574/full/max/0/default.jpg
300933,10712578,digital image,https://media.rkd.nl/iiif/10712578/full/max/0/default.jpg
300940,10712615,BD/Digital Collection,https://media.rkd.nl/iiif/10712615/full/max/0/default.jpg
300949,10427302,digital color photograph,https://media.rkd.nl/iiif/10427302/full/max/0/default.jpg
300950,10427300,digital color photograph,https://media.rkd.nl/iiif/10427300/full/max/0/default.jpg
300951,10427301,digital color photograph,https://media.rkd.nl/iiif/10427301/full/max/0/default.jpg
300952,10427307,digital color photograph,https://media.rkd.nl/iiif/10427307/full/max/0/default.jpg
300953,10427306,digital color photograph,https://media.rkd.nl/iiif/10427306/full/max/0/default.jpg
300958,10712639,digital image,https://media.rkd.nl/iiif/10712639/full/max/0/default.jpg
300968,10712660,digital image,https://media.rkd.nl/iiif/10712660/full/max/0/default.jpg
300972,10712667,digital image,https://media.rkd.nl/iiif/10712667/full/max/0/default.jpg
300974,10712678,BD/Digital Collection,https://media.rkd.nl/iiif/10712678/full/max/0/default.jpg
300974,10416021,digital color photograph,https://media.rkd.nl/iiif/10416021/full/max/0/default.jpg
300981,10712687,digital image,https://media.rkd.nl/iiif/10712687/full/max/0/default.jpg
300984,10712690,digital image,https://media.rkd.nl/iiif/10712690/full/max/0/default.jpg
300996,10427304,digital color photograph,https://media.rkd.nl/iiif/10427304/full/max/0/default.jpg
300997,10427275,digital color photograph,https://media.rkd.nl/iiif/10427275/full/max/0/default.jpg
300998,10427276,digital color photograph,https://media.rkd.nl/iiif/10427276/full/max/0/default.jpg
300999,10712704,BD/Digital Collection,https://media.rkd.nl/iiif/10712704/full/max/0/default.jpg
300999,10415839,digital color photograph,https://media.rkd.nl/iiif/10415839/full/max/0/default.jpg
301002,10427280,digital color photograph,https://media.rkd.nl/iiif/10427280/full/max/0/default.jpg
301007,10712710,digital image,https://media.rkd.nl/iiif/10712710/full/max/0/default.jpg
301007,10712711,digital image,https://media.rkd.nl/iiif/10712711/full/max/0/default.jpg
301010,10712713,digital image,https://media.rkd.nl/iiif/10712713/full/max/0/default.jpg
301010,10712714,digital image,https://media.rkd.nl/iiif/10712714/full/max/0/default.jpg
301017,10712717,digital image,https://media.rkd.nl/iiif/10712717/full/max/0/default.jpg
301021,10712721,digital color photograph,https://media.rkd.nl/iiif/10712721/full/max/0/default.jpg
301027,10712730,digital image,https://media.rkd.nl/iiif/10712730/full/max/0/default.jpg
301038,10712770,BD/Digital Collection,https://media.rkd.nl/iiif/10712770/full/max/0/default.jpg
301058,10712817,BD/Digital Collection,https://media.rkd.nl/iiif/10712817/full/max/0/default.jpg
301060,10427279,digital color photograph,https://media.rkd.nl/iiif/10427279/full/max/0/default.jpg
301061,10427277,digital color photograph,https://media.rkd.nl/iiif/10427277/full/max/0/default.jpg
301062,10427255,digital color photograph,https://media.rkd.nl/iiif/10427255/full/max/0/default.jpg
301063,10427254,digital color photograph,https://media.rkd.nl/iiif/10427254/full/max/0/default.jpg
301064,10427278,digital color photograph,https://media.rkd.nl/iiif/10427278/full/max/0/default.jpg
301095,10712867,digital color photograph,https://media.rkd.nl/iiif/10712867/full/max/0/default.jpg
301103,10712876,digital image,https://media.rkd.nl/iiif/10712876/full/max/0/default.jpg
301105,10712859,digital color photograph,https://media.rkd.nl/iiif/10712859/full/max/0/default.jpg
301106,10712877,digital image,https://media.rkd.nl/iiif/10712877/full/max/0/default.jpg
301111,10712878,BD/Digital Collection,https://media.rkd.nl/iiif/10712878/full/max/0/default.jpg
301114,10712885,digital image,https://media.rkd.nl/iiif/10712885/full/max/0/default.jpg
301114,10712903,digital image,https://media.rkd.nl/iiif/10712903/full/max/0/default.jpg
301118,10712886,digital image,https://media.rkd.nl/iiif/10712886/full/max/0/default.jpg
301119,10712887,digital image,https://media.rkd.nl/iiif/10712887/full/max/0/default.jpg
301126,10427135,digital color photograph,https://media.rkd.nl/iiif/10427135/full/max/0/default.jpg
301127,10712900,BD/Digital Collection,https://media.rkd.nl/iiif/10712900/full/max/0/default.jpg
301128,10427138,digital color photograph,https://media.rkd.nl/iiif/10427138/full/max/0/default.jpg
301129,10712901,BD/Digital Collection,https://media.rkd.nl/iiif/10712901/full/max/0/default.jpg
301139,10712916,digital image,https://media.rkd.nl/iiif/10712916/full/max/0/default.jpg
301140,10427047,digital color photograph,https://media.rkd.nl/iiif/10427047/full/max/0/default.jpg
301141,10427053,digital color photograph,https://media.rkd.nl/iiif/10427053/full/max/0/default.jpg
301142,10427050,BD/Digital Collection,https://media.rkd.nl/iiif/10427050/full/max/0/default.jpg
301154,10712931,BD/Digital Collection,https://media.rkd.nl/iiif/10712931/full/max/0/default.jpg
301171,10712940,BD/Digital Collection,https://media.rkd.nl/iiif/10712940/full/max/0/default.jpg
301182,10902278,digital image,https://media.rkd.nl/iiif/10902278/full/max/0/default.jpg
301182,10712989,BD/Digital Collection,https://media.rkd.nl/iiif/10712989/full/max/0/default.jpg
301183,10712988,print,https://media.rkd.nl/iiif/10712988/full/max/0/default.jpg
301186,10712990,digital image,https://media.rkd.nl/iiif/10712990/full/max/0/default.jpg
301186,10712991,digital image,https://media.rkd.nl/iiif/10712991/full/max/0/default.jpg
301187,10712992,BD/Digital Collection,https://media.rkd.nl/iiif/10712992/full/max/0/default.jpg
301190,10427183,digital color photograph,https://media.rkd.nl/iiif/10427183/full/max/0/default.jpg
301191,10427250,digital color photograph,https://media.rkd.nl/iiif/10427250/full/max/0/default.jpg
301192,10427245,digital color photograph,https://media.rkd.nl/iiif/10427245/full/max/0/default.jpg
301195,10712998,digital image,https://media.rkd.nl/iiif/10712998/full/max/0/default.jpg
301196,10712999,BD/Digital Collection,https://media.rkd.nl/iiif/10712999/full/max/0/default.jpg
301200,10713002,digital image,https://media.rkd.nl/iiif/10713002/full/max/0/default.jpg
301202,10713003,digital image,https://media.rkd.nl/iiif/10713003/full/max/0/default.jpg
301204,10713004,digital image,https://media.rkd.nl/iiif/10713004/full/max/0/default.jpg
301205,10713006,digital image,https://media.rkd.nl/iiif/10713006/full/max/0/default.jpg
301208,10427246,digital color photograph,https://media.rkd.nl/iiif/10427246/full/max/0/default.jpg
301209,10427195,digital color photograph,https://media.rkd.nl/iiif/10427195/full/max/0/default.jpg
301215,10713014,BD/Digital Collection,https://media.rkd.nl/iiif/10713014/full/max/0/default.jpg
301216,10713013,BD/Digital Collection,https://media.rkd.nl/iiif/10713013/full/max/0/default.jpg
301218,10713017,digital image,https://media.rkd.nl/iiif/10713017/full/max/0/default.jpg
301220,10713018,digital image,https://media.rkd.nl/iiif/10713018/full/max/0/default.jpg
301228,10713027,digital image,https://media.rkd.nl/iiif/10713027/full/max/0/default.jpg
301234,10713033,BD/Digital Collection,https://media.rkd.nl/iiif/10713033/full/max/0/default.jpg
301235,10713035,digital image,https://media.rkd.nl/iiif/10713035/full/max/0/default.jpg
301239,10713041,BD/Digital Collection,https://media.rkd.nl/iiif/10713041/full/max/0/default.jpg
301245,10713025,BD/Digital Collection,https://media.rkd.nl/iiif/10713025/full/max/0/default.jpg
301246,10713022,BD/Digital Collection,https://media.rkd.nl/iiif/10713022/full/max/0/default.jpg
301247,10713026,BD/Digital Collection,https://media.rkd.nl/iiif/10713026/full/max/0/default.jpg
301248,10713039,BD/Digital Collection,https://media.rkd.nl/iiif/10713039/full/max/0/default.jpg
301249,10713024,BD/Digital Collection,https://media.rkd.nl/iiif/10713024/full/max/0/default.jpg
301250,10713021,BD/Digital Collection,https://media.rkd.nl/iiif/10713021/full/max/0/default.jpg
301251,10713023,BD/Digital Collection,https://media.rkd.nl/iiif/10713023/full/max/0/default.jpg
301252,10713020,BD/Digital Collection,https://media.rkd.nl/iiif/10713020/full/max/0/default.jpg
301253,10713019,BD/Digital Collection,https://media.rkd.nl/iiif/10713019/full/max/0/default.jpg
301255,10900282,BD/Digital Collection,https://media.rkd.nl/iiif/10900282/full/max/0/default.jpg
301255,10713045,BD/Digital Collection,https://media.rkd.nl/iiif/10713045/full/max/0/default.jpg
301259,10713064,BD/Digital Collection,https://media.rkd.nl/iiif/10713064/full/max/0/default.jpg
301261,10564707,unknown,https://media.rkd.nl/iiif/10564707/full/max/0/default.jpg
301267,10713058,BD/Digital Collection,https://media.rkd.nl/iiif/10713058/full/max/0/default.jpg
301270,10713059,BD/Digital Collection,https://media.rkd.nl/iiif/10713059/full/max/0/default.jpg
301271,10902034,digital image,https://media.rkd.nl/iiif/10902034/full/max/0/default.jpg
301274,10713122,black and white photograph,https://media.rkd.nl/iiif/10713122/full/max/0/default.jpg
301274,10815286,digital image,https://media.rkd.nl/iiif/10815286/full/max/0/default.jpg
301274,10815287,digital image,https://media.rkd.nl/iiif/10815287/full/max/0/default.jpg
301276,10427202,digital color photograph,https://media.rkd.nl/iiif/10427202/full/max/0/default.jpg
301277,10427157,digital color photograph,https://media.rkd.nl/iiif/10427157/full/max/0/default.jpg
301281,10713072,digital image,https://media.rkd.nl/iiif/10713072/full/max/0/default.jpg
301282,10713074,digital image,https://media.rkd.nl/iiif/10713074/full/max/0/default.jpg
301283,10713075,digital image,https://media.rkd.nl/iiif/10713075/full/max/0/default.jpg
301284,10713073,digital image,https://media.rkd.nl/iiif/10713073/full/max/0/default.jpg
301290,10427194,digital color photograph,https://media.rkd.nl/iiif/10427194/full/max/0/default.jpg
301291,10713078,BD/Digital Collection,https://media.rkd.nl/iiif/10713078/full/max/0/default.jpg
301292,10564831,unknown,https://media.rkd.nl/iiif/10564831/full/max/0/default.jpg
301293,10564803,unknown,https://media.rkd.nl/iiif/10564803/full/max/0/default.jpg
301294,10564832,unknown,https://media.rkd.nl/iiif/10564832/full/max/0/default.jpg
301303,10713089,BD/Digital Collection,https://media.rkd.nl/iiif/10713089/full/max/0/default.jpg
301304,10427179,digital color photograph,https://media.rkd.nl/iiif/10427179/full/max/0/default.jpg
301305,10427178,digital color photograph,https://media.rkd.nl/iiif/10427178/full/max/0/default.jpg
301311,10713092,digital image,https://media.rkd.nl/iiif/10713092/full/max/0/default.jpg
301312,10427220,digital color photograph,https://media.rkd.nl/iiif/10427220/full/max/0/default.jpg
301313,10713216,digital color photograph,https://media.rkd.nl/iiif/10713216/full/max/0/default.jpg
301314,10713215,digital color photograph,https://media.rkd.nl/iiif/10713215/full/max/0/default.jpg
301315,10713097,BD/Digital Collection,https://media.rkd.nl/iiif/10713097/full/max/0/default.jpg
301319,10713099,digital color photograph,https://media.rkd.nl/iiif/10713099/full/max/0/default.jpg
301338,10564719,unknown,https://media.rkd.nl/iiif/10564719/full/max/0/default.jpg
301346,10713125,digital image,https://media.rkd.nl/iiif/10713125/full/max/0/default.jpg
301350,10564729,unknown,https://media.rkd.nl/iiif/10564729/full/max/0/default.jpg
301351,10713126,digital image,https://media.rkd.nl/iiif/10713126/full/max/0/default.jpg
301356,10713128,digital image,https://media.rkd.nl/iiif/10713128/full/max/0/default.jpg
301363,10713137,black and white photograph,https://media.rkd.nl/iiif/10713137/full/max/0/default.jpg
301369,10564777,black and white photograph,https://media.rkd.nl/iiif/10564777/full/max/0/default.jpg
301375,10713152,digital image,https://media.rkd.nl/iiif/10713152/full/max/0/default.jpg
301376,10713154,digital image,https://media.rkd.nl/iiif/10713154/full/max/0/default.jpg
301390,10713170,digital image,https://media.rkd.nl/iiif/10713170/full/max/0/default.jpg
301402,10564745,unknown,https://media.rkd.nl/iiif/10564745/full/max/0/default.jpg
301404,10713176,digital image,https://media.rkd.nl/iiif/10713176/full/max/0/default.jpg
301407,10564747,unknown,https://media.rkd.nl/iiif/10564747/full/max/0/default.jpg
301419,10564754,unknown,https://media.rkd.nl/iiif/10564754/full/max/0/default.jpg
301420,10564755,unknown,https://media.rkd.nl/iiif/10564755/full/max/0/default.jpg
301424,10564757,unknown,https://media.rkd.nl/iiif/10564757/full/max/0/default.jpg
301432,10713206,digital image,https://media.rkd.nl/iiif/10713206/full/max/0/default.jpg
301436,10815310,digital black-and-white photograph,https://media.rkd.nl/iiif/10815310/full/max/0/default.jpg
301439,10713221,digital image,https://media.rkd.nl/iiif/10713221/full/max/0/default.jpg
301447,10713230,digital image,https://media.rkd.nl/iiif/10713230/full/max/0/default.jpg
301452,10713231,digital image,https://media.rkd.nl/iiif/10713231/full/max/0/default.jpg
301454,10713235,digital image,https://media.rkd.nl/iiif/10713235/full/max/0/default.jpg
301457,10713238,digital color photograph,https://media.rkd.nl/iiif/10713238/full/max/0/default.jpg
301460,10902245,digital image,https://media.rkd.nl/iiif/10902245/full/max/0/default.jpg
301462,10713249,digital image,https://media.rkd.nl/iiif/10713249/full/max/0/default.jpg
301467,10713252,digital image,https://media.rkd.nl/iiif/10713252/full/max/0/default.jpg
301468,10713254,BD/Digital Collection,https://media.rkd.nl/iiif/10713254/full/max/0/default.jpg
301469,10713255,BD/Digital Collection,https://media.rkd.nl/iiif/10713255/full/max/0/default.jpg
301472,10713260,digital image,https://media.rkd.nl/iiif/10713260/full/max/0/default.jpg
301484,10713268,digital image,https://media.rkd.nl/iiif/10713268/full/max/0/default.jpg
301486,10713262,digital color photograph,https://media.rkd.nl/iiif/10713262/full/max/0/default.jpg
301486,10815318,digital color photograph,https://media.rkd.nl/iiif/10815318/full/max/0/default.jpg
301496,10713285,BD/Digital Collection,https://media.rkd.nl/iiif/10713285/full/max/0/default.jpg
301501,10714109,BD/Digital Collection,https://media.rkd.nl/iiif/10714109/full/max/0/default.jpg
301501,10713295,digital image,https://media.rkd.nl/iiif/10713295/full/max/0/default.jpg
301503,10713297,digital image,https://media.rkd.nl/iiif/10713297/full/max/0/default.jpg
301504,10713298,digital image,https://media.rkd.nl/iiif/10713298/full/max/0/default.jpg
301505,10713299,digital image,https://media.rkd.nl/iiif/10713299/full/max/0/default.jpg
301506,10713304,digital image,https://media.rkd.nl/iiif/10713304/full/max/0/default.jpg
301510,10564894,digital image,https://media.rkd.nl/iiif/10564894/full/max/0/default.jpg
301511,10713309,digital image,https://media.rkd.nl/iiif/10713309/full/max/0/default.jpg
301513,10713310,digital image,https://media.rkd.nl/iiif/10713310/full/max/0/default.jpg
301514,10564898,digital image,https://media.rkd.nl/iiif/10564898/full/max/0/default.jpg
301518,10713318,digital image,https://media.rkd.nl/iiif/10713318/full/max/0/default.jpg
301521,10288757,color reproduction,https://media.rkd.nl/iiif/10288757/full/max/0/default.jpg
301522,10288755,color reproduction,https://media.rkd.nl/iiif/10288755/full/max/0/default.jpg
301528,10288754,color reproduction,https://media.rkd.nl/iiif/10288754/full/max/0/default.jpg
301534,10713335,digital image,https://media.rkd.nl/iiif/10713335/full/max/0/default.jpg
301534,10713336,digital image,https://media.rkd.nl/iiif/10713336/full/max/0/default.jpg
301538,10417321,digital color photograph,https://media.rkd.nl/iiif/10417321/full/max/0/default.jpg
301539,10417317,black and white photograph,https://media.rkd.nl/iiif/10417317/full/max/0/default.jpg
301541,10713345,BD/Digital Collection,https://media.rkd.nl/iiif/10713345/full/max/0/default.jpg
301553,10713366,digital image,https://media.rkd.nl/iiif/10713366/full/max/0/default.jpg
301555,10815325,digital image,https://media.rkd.nl/iiif/10815325/full/max/0/default.jpg
301573,10713402,digital image,https://media.rkd.nl/iiif/10713402/full/max/0/default.jpg
301575,10713404,digital image,https://media.rkd.nl/iiif/10713404/full/max/0/default.jpg
301576,10713405,digital image,https://media.rkd.nl/iiif/10713405/full/max/0/default.jpg
301577,10713406,digital image,https://media.rkd.nl/iiif/10713406/full/max/0/default.jpg
301578,10713407,digital image,https://media.rkd.nl/iiif/10713407/full/max/0/default.jpg
301587,10713452,digital image,https://media.rkd.nl/iiif/10713452/full/max/0/default.jpg
301588,10713424,digital color photograph,https://media.rkd.nl/iiif/10713424/full/max/0/default.jpg
301589,10713412,digital color photograph,https://media.rkd.nl/iiif/10713412/full/max/0/default.jpg
301595,10713456,digital image,https://media.rkd.nl/iiif/10713456/full/max/0/default.jpg
301595,10713457,digital image,https://media.rkd.nl/iiif/10713457/full/max/0/default.jpg
301598,10713459,BD/Digital Collection,https://media.rkd.nl/iiif/10713459/full/max/0/default.jpg
301607,10713476,digital image,https://media.rkd.nl/iiif/10713476/full/max/0/default.jpg
301610,10713478,digital image,https://media.rkd.nl/iiif/10713478/full/max/0/default.jpg
301614,10713485,digital image,https://media.rkd.nl/iiif/10713485/full/max/0/default.jpg
301617,10713489,BD/Digital Collection,https://media.rkd.nl/iiif/10713489/full/max/0/default.jpg
301620,10713497,BD/Digital Collection,https://media.rkd.nl/iiif/10713497/full/max/0/default.jpg
301621,10713500,BD/Digital Collection,https://media.rkd.nl/iiif/10713500/full/max/0/default.jpg
301625,10713504,digital image,https://media.rkd.nl/iiif/10713504/full/max/0/default.jpg
301636,10713511,BD/Digital Collection,https://media.rkd.nl/iiif/10713511/full/max/0/default.jpg
301637,10713512,digital image,https://media.rkd.nl/iiif/10713512/full/max/0/default.jpg
301638,10713513,digital image,https://media.rkd.nl/iiif/10713513/full/max/0/default.jpg
301645,10713518,digital image,https://media.rkd.nl/iiif/10713518/full/max/0/default.jpg
301646,10713519,digital image,https://media.rkd.nl/iiif/10713519/full/max/0/default.jpg
301649,10713521,digital image,https://media.rkd.nl/iiif/10713521/full/max/0/default.jpg
301651,10713523,digital image,https://media.rkd.nl/iiif/10713523/full/max/0/default.jpg
301654,10713525,digital image,https://media.rkd.nl/iiif/10713525/full/max/0/default.jpg
301662,10713376,digital color photograph,https://media.rkd.nl/iiif/10713376/full/max/0/default.jpg
301663,10713534,digital image,https://media.rkd.nl/iiif/10713534/full/max/0/default.jpg
301678,10713550,digital image,https://media.rkd.nl/iiif/10713550/full/max/0/default.jpg
301694,10713570,BD/Digital Collection,https://media.rkd.nl/iiif/10713570/full/max/0/default.jpg
301703,10713578,digital image,https://media.rkd.nl/iiif/10713578/full/max/0/default.jpg
301707,10713581,black-and-white reproduction,https://media.rkd.nl/iiif/10713581/full/max/0/default.jpg
301710,10713583,digital image,https://media.rkd.nl/iiif/10713583/full/max/0/default.jpg
301714,10713585,digital image,https://media.rkd.nl/iiif/10713585/full/max/0/default.jpg
301715,10713586,digital image,https://media.rkd.nl/iiif/10713586/full/max/0/default.jpg
301717,10713587,digital image,https://media.rkd.nl/iiif/10713587/full/max/0/default.jpg
301719,10713588,digital image,https://media.rkd.nl/iiif/10713588/full/max/0/default.jpg
301722,10713592,digital image,https://media.rkd.nl/iiif/10713592/full/max/0/default.jpg
301723,10713594,BD/Digital Collection,https://media.rkd.nl/iiif/10713594/full/max/0/default.jpg
301724,10713595,digital image,https://media.rkd.nl/iiif/10713595/full/max/0/default.jpg
301729,10713375,digital color photograph,https://media.rkd.nl/iiif/10713375/full/max/0/default.jpg
301730,10713599,digital image,https://media.rkd.nl/iiif/10713599/full/max/0/default.jpg
301733,10713600,BD/Digital Collection,https://media.rkd.nl/iiif/10713600/full/max/0/default.jpg
301734,10713602,BD/Digital Collection,https://media.rkd.nl/iiif/10713602/full/max/0/default.jpg
301735,10713601,digital image,https://media.rkd.nl/iiif/10713601/full/max/0/default.jpg
301737,10713603,ektachrome,https://media.rkd.nl/iiif/10713603/full/max/0/default.jpg
301738,10713607,digital image,https://media.rkd.nl/iiif/10713607/full/max/0/default.jpg
301746,10713620,BD/Digital Collection,https://media.rkd.nl/iiif/10713620/full/max/0/default.jpg
301750,10713627,BD/Digital Collection,https://media.rkd.nl/iiif/10713627/full/max/0/default.jpg
301776,10713645,digital image,https://media.rkd.nl/iiif/10713645/full/max/0/default.jpg
301789,10713657,BD/Digital Collection,https://media.rkd.nl/iiif/10713657/full/max/0/default.jpg
301791,10713661,BD/Digital Collection,https://media.rkd.nl/iiif/10713661/full/max/0/default.jpg
301792,10713660,digital image,https://media.rkd.nl/iiif/10713660/full/max/0/default.jpg
301793,10713665,digital image,https://media.rkd.nl/iiif/10713665/full/max/0/default.jpg
301802,10713673,digital image,https://media.rkd.nl/iiif/10713673/full/max/0/default.jpg
301804,10713676,digital image,https://media.rkd.nl/iiif/10713676/full/max/0/default.jpg
301808,10713686,digital image,https://media.rkd.nl/iiif/10713686/full/max/0/default.jpg
301810,10713690,digital image,https://media.rkd.nl/iiif/10713690/full/max/0/default.jpg
301811,10713689,digital image,https://media.rkd.nl/iiif/10713689/full/max/0/default.jpg
301811,10713691,digital image,https://media.rkd.nl/iiif/10713691/full/max/0/default.jpg
301816,10713696,digital image,https://media.rkd.nl/iiif/10713696/full/max/0/default.jpg
301817,10713697,digital image,https://media.rkd.nl/iiif/10713697/full/max/0/default.jpg
301829,10713711,digital color photograph,https://media.rkd.nl/iiif/10713711/full/max/0/default.jpg
301830,10713712,digital color photograph,https://media.rkd.nl/iiif/10713712/full/max/0/default.jpg
301831,10713713,digital color photograph,https://media.rkd.nl/iiif/10713713/full/max/0/default.jpg
301833,11083063,digital image,https://media.rkd.nl/iiif/11083063/full/max/0/default.jpg
301833,10713716,digital image,https://media.rkd.nl/iiif/10713716/full/max/0/default.jpg
301836,10746833,reproduction (derivative object),https://media.rkd.nl/iiif/10746833/full/max/0/default.jpg
301854,10713748,BD/Digital Collection,https://media.rkd.nl/iiif/10713748/full/max/0/default.jpg
301854,10713749,BD/Digital Collection,https://media.rkd.nl/iiif/10713749/full/max/0/default.jpg
301857,10713752,BD/Digital Collection,https://media.rkd.nl/iiif/10713752/full/max/0/default.jpg
301861,10713757,digital image,https://media.rkd.nl/iiif/10713757/full/max/0/default.jpg
301862,10905300,digital image,https://media.rkd.nl/iiif/10905300/full/max/0/default.jpg
301862,10713759,color reproduction,https://media.rkd.nl/iiif/10713759/full/max/0/default.jpg
301891,10815359,BD/Digital Collection,https://media.rkd.nl/iiif/10815359/full/max/0/default.jpg
301926,10713838,digital image,https://media.rkd.nl/iiif/10713838/full/max/0/default.jpg
301932,10415842,digital color photograph,https://media.rkd.nl/iiif/10415842/full/max/0/default.jpg
301936,10415832,digital color photograph,https://media.rkd.nl/iiif/10415832/full/max/0/default.jpg
301937,10999563,digital image,https://media.rkd.nl/iiif/10999563/full/max/0/default.jpg
301937,10713843,digital image,https://media.rkd.nl/iiif/10713843/full/max/0/default.jpg
301966,10415790,digital color photograph,https://media.rkd.nl/iiif/10415790/full/max/0/default.jpg
301967,10415789,digital color photograph,https://media.rkd.nl/iiif/10415789/full/max/0/default.jpg
301971,10415795,digital color photograph,https://media.rkd.nl/iiif/10415795/full/max/0/default.jpg
301972,10415787,digital color photograph,https://media.rkd.nl/iiif/10415787/full/max/0/default.jpg
301975,10713879,digital image,https://media.rkd.nl/iiif/10713879/full/max/0/default.jpg
301978,10415780,digital color photograph,https://media.rkd.nl/iiif/10415780/full/max/0/default.jpg
301982,10713893,BD/Digital Collection,https://media.rkd.nl/iiif/10713893/full/max/0/default.jpg
301987,10713900,digital image,https://media.rkd.nl/iiif/10713900/full/max/0/default.jpg
301987,10713899,digital image,https://media.rkd.nl/iiif/10713899/full/max/0/default.jpg
301988,10713902,digital image,https://media.rkd.nl/iiif/10713902/full/max/0/default.jpg
301994,10713908,BD/Digital Collection,https://media.rkd.nl/iiif/10713908/full/max/0/default.jpg
301996,10714003,BD/Digital Collection,https://media.rkd.nl/iiif/10714003/full/max/0/default.jpg
302010,10713969,BD/Digital Collection,https://media.rkd.nl/iiif/10713969/full/max/0/default.jpg
302012,10713948,BD/Digital Collection,https://media.rkd.nl/iiif/10713948/full/max/0/default.jpg
302014,10713967,BD/Digital Collection,https://media.rkd.nl/iiif/10713967/full/max/0/default.jpg
302058,10713970,digital image,https://media.rkd.nl/iiif/10713970/full/max/0/default.jpg
302061,10713981,digital image,https://media.rkd.nl/iiif/10713981/full/max/0/default.jpg
302065,10713982,digital image,https://media.rkd.nl/iiif/10713982/full/max/0/default.jpg
302069,10713986,BD/Digital Collection,https://media.rkd.nl/iiif/10713986/full/max/0/default.jpg
302070,10713987,BD/Digital Collection,https://media.rkd.nl/iiif/10713987/full/max/0/default.jpg
302074,10713990,BD/Digital Collection,https://media.rkd.nl/iiif/10713990/full/max/0/default.jpg
302078,10713994,digital image,https://media.rkd.nl/iiif/10713994/full/max/0/default.jpg
302080,10415754,digital color photograph,https://media.rkd.nl/iiif/10415754/full/max/0/default.jpg
302082,10713995,digital image,https://media.rkd.nl/iiif/10713995/full/max/0/default.jpg
302094,10714010,BD/Digital Collection,https://media.rkd.nl/iiif/10714010/full/max/0/default.jpg
302097,10714013,BD/Digital Collection,https://media.rkd.nl/iiif/10714013/full/max/0/default.jpg
302098,10714014,digital image,https://media.rkd.nl/iiif/10714014/full/max/0/default.jpg
302099,10565204,black and white photograph,https://media.rkd.nl/iiif/10565204/full/max/0/default.jpg
302100,10714015,digital image,https://media.rkd.nl/iiif/10714015/full/max/0/default.jpg
302101,10714016,digital image,https://media.rkd.nl/iiif/10714016/full/max/0/default.jpg
302106,10714019,digital color photograph,https://media.rkd.nl/iiif/10714019/full/max/0/default.jpg
302109,10714024,BD/Digital Collection,https://media.rkd.nl/iiif/10714024/full/max/0/default.jpg
302110,10714026,BD/Digital Collection,https://media.rkd.nl/iiif/10714026/full/max/0/default.jpg
302116,10714034,digital image,https://media.rkd.nl/iiif/10714034/full/max/0/default.jpg
302124,10714040,digital image,https://media.rkd.nl/iiif/10714040/full/max/0/default.jpg
302126,10714042,digital image,https://media.rkd.nl/iiif/10714042/full/max/0/default.jpg
302129,10714044,BD/Digital Collection,https://media.rkd.nl/iiif/10714044/full/max/0/default.jpg
302131,10714046,BD/Digital Collection,https://media.rkd.nl/iiif/10714046/full/max/0/default.jpg
302132,10714056,BD/Digital Collection,https://media.rkd.nl/iiif/10714056/full/max/0/default.jpg
302135,10714054,digital image,https://media.rkd.nl/iiif/10714054/full/max/0/default.jpg
302138,10714059,digital image,https://media.rkd.nl/iiif/10714059/full/max/0/default.jpg
302143,10714063,digital image,https://media.rkd.nl/iiif/10714063/full/max/0/default.jpg
302156,10415743,digital color photograph,https://media.rkd.nl/iiif/10415743/full/max/0/default.jpg
302157,10564815,unknown,https://media.rkd.nl/iiif/10564815/full/max/0/default.jpg
302158,10564816,unknown,https://media.rkd.nl/iiif/10564816/full/max/0/default.jpg
302159,10564817,unknown,https://media.rkd.nl/iiif/10564817/full/max/0/default.jpg
302160,10564818,unknown,https://media.rkd.nl/iiif/10564818/full/max/0/default.jpg
302163,10714071,digital image,https://media.rkd.nl/iiif/10714071/full/max/0/default.jpg
302185,10714088,digital image,https://media.rkd.nl/iiif/10714088/full/max/0/default.jpg
302188,10714089,BD/Digital Collection,https://media.rkd.nl/iiif/10714089/full/max/0/default.jpg
302188,10714094,BD/Digital Collection,https://media.rkd.nl/iiif/10714094/full/max/0/default.jpg
302189,10714095,digital image,https://media.rkd.nl/iiif/10714095/full/max/0/default.jpg
302190,10714096,BD/Digital Collection,https://media.rkd.nl/iiif/10714096/full/max/0/default.jpg
302196,10714103,digital image,https://media.rkd.nl/iiif/10714103/full/max/0/default.jpg
302200,10714108,digital image,https://media.rkd.nl/iiif/10714108/full/max/0/default.jpg
302202,10714110,digital image,https://media.rkd.nl/iiif/10714110/full/max/0/default.jpg
302203,10716220,BD/Digital Collection,https://media.rkd.nl/iiif/10716220/full/max/0/default.jpg
302214,10714115,BD/Digital Collection,https://media.rkd.nl/iiif/10714115/full/max/0/default.jpg
302220,10716219,BD/Digital Collection,https://media.rkd.nl/iiif/10716219/full/max/0/default.jpg
302220,10714122,BD/Digital Collection,https://media.rkd.nl/iiif/10714122/full/max/0/default.jpg
302226,10714131,BD/Digital Collection,https://media.rkd.nl/iiif/10714131/full/max/0/default.jpg
302262,10714164,BD/Digital Collection,https://media.rkd.nl/iiif/10714164/full/max/0/default.jpg
302272,10716233,BD/Digital Collection,https://media.rkd.nl/iiif/10716233/full/max/0/default.jpg
302293,10714197,BD/Digital Collection,https://media.rkd.nl/iiif/10714197/full/max/0/default.jpg
302301,10714218,digital image,https://media.rkd.nl/iiif/10714218/full/max/0/default.jpg
302304,10714220,digital image,https://media.rkd.nl/iiif/10714220/full/max/0/default.jpg
302314,10716232,BD/Digital Collection,https://media.rkd.nl/iiif/10716232/full/max/0/default.jpg
302314,10815392,BD/Digital Collection,https://media.rkd.nl/iiif/10815392/full/max/0/default.jpg
302319,10714237,BD/Digital Collection,https://media.rkd.nl/iiif/10714237/full/max/0/default.jpg
302321,10718753,BD/Digital Collection,https://media.rkd.nl/iiif/10718753/full/max/0/default.jpg
302321,10718605,digital image,https://media.rkd.nl/iiif/10718605/full/max/0/default.jpg
302327,10714247,digital image,https://media.rkd.nl/iiif/10714247/full/max/0/default.jpg
302330,10714248,BD/Digital Collection,https://media.rkd.nl/iiif/10714248/full/max/0/default.jpg
302343,10714261,digital image,https://media.rkd.nl/iiif/10714261/full/max/0/default.jpg
302361,10815396,BD/Digital Collection,https://media.rkd.nl/iiif/10815396/full/max/0/default.jpg
302374,10714299,digital image,https://media.rkd.nl/iiif/10714299/full/max/0/default.jpg
302398,10714352,digital image,https://media.rkd.nl/iiif/10714352/full/max/0/default.jpg
302409,10714334,digital image,https://media.rkd.nl/iiif/10714334/full/max/0/default.jpg
302427,10714361,digital image,https://media.rkd.nl/iiif/10714361/full/max/0/default.jpg
302428,10714362,digital image,https://media.rkd.nl/iiif/10714362/full/max/0/default.jpg
302429,10714364,digital image,https://media.rkd.nl/iiif/10714364/full/max/0/default.jpg
302430,10714365,BD/Digital Collection,https://media.rkd.nl/iiif/10714365/full/max/0/default.jpg
302431,10714366,BD/Digital Collection,https://media.rkd.nl/iiif/10714366/full/max/0/default.jpg
302444,10714388,digital image,https://media.rkd.nl/iiif/10714388/full/max/0/default.jpg
302445,10714389,BD/Digital Collection,https://media.rkd.nl/iiif/10714389/full/max/0/default.jpg
302446,10714390,black-and-white reproduction,https://media.rkd.nl/iiif/10714390/full/max/0/default.jpg
302446,10848538,digital image,https://media.rkd.nl/iiif/10848538/full/max/0/default.jpg
302447,10714391,black-and-white reproduction,https://media.rkd.nl/iiif/10714391/full/max/0/default.jpg
302454,10714534,BD/Digital Collection,https://media.rkd.nl/iiif/10714534/full/max/0/default.jpg
302455,10716231,BD/Digital Collection,https://media.rkd.nl/iiif/10716231/full/max/0/default.jpg
302455,10815438,BD/Digital Collection,https://media.rkd.nl/iiif/10815438/full/max/0/default.jpg
302458,10714403,BD/Digital Collection,https://media.rkd.nl/iiif/10714403/full/max/0/default.jpg
302484,10714436,digital image,https://media.rkd.nl/iiif/10714436/full/max/0/default.jpg
302486,10714435,BD/Digital Collection,https://media.rkd.nl/iiif/10714435/full/max/0/default.jpg
302504,10416097,digital image,https://media.rkd.nl/iiif/10416097/full/max/0/default.jpg
302522,10564920,unknown,https://media.rkd.nl/iiif/10564920/full/max/0/default.jpg
302522,10564921,unknown,https://media.rkd.nl/iiif/10564921/full/max/0/default.jpg
302523,11156092,digital color photograph,https://media.rkd.nl/iiif/11156092/full/max/0/default.jpg
302523,10564922,unknown,https://media.rkd.nl/iiif/10564922/full/max/0/default.jpg
302526,10564925,unknown,https://media.rkd.nl/iiif/10564925/full/max/0/default.jpg
302538,10714490,digital color photograph,https://media.rkd.nl/iiif/10714490/full/max/0/default.jpg
302557,10714489,digital color photograph,https://media.rkd.nl/iiif/10714489/full/max/0/default.jpg
302559,10714516,digital image,https://media.rkd.nl/iiif/10714516/full/max/0/default.jpg
302565,10564938,unknown,https://media.rkd.nl/iiif/10564938/full/max/0/default.jpg
302566,11156103,digital color photograph,https://media.rkd.nl/iiif/11156103/full/max/0/default.jpg
302566,10564939,unknown,https://media.rkd.nl/iiif/10564939/full/max/0/default.jpg
302570,10714519,digital image,https://media.rkd.nl/iiif/10714519/full/max/0/default.jpg
302570,10714520,digital image,https://media.rkd.nl/iiif/10714520/full/max/0/default.jpg
302572,10714523,digital image,https://media.rkd.nl/iiif/10714523/full/max/0/default.jpg
302579,10815445,digital color photograph,https://media.rkd.nl/iiif/10815445/full/max/0/default.jpg
302592,10714548,digital image,https://media.rkd.nl/iiif/10714548/full/max/0/default.jpg
302670,10714579,digital image,https://media.rkd.nl/iiif/10714579/full/max/0/default.jpg
302704,10716539,digital image,https://media.rkd.nl/iiif/10716539/full/max/0/default.jpg
302708,10714616,digital image,https://media.rkd.nl/iiif/10714616/full/max/0/default.jpg
302720,10714626,digital image,https://media.rkd.nl/iiif/10714626/full/max/0/default.jpg
302734,10714638,digital image,https://media.rkd.nl/iiif/10714638/full/max/0/default.jpg
302748,10714644,digital image,https://media.rkd.nl/iiif/10714644/full/max/0/default.jpg
302751,10564946,unknown,https://media.rkd.nl/iiif/10564946/full/max/0/default.jpg
302767,11156119,digital color photograph,https://media.rkd.nl/iiif/11156119/full/max/0/default.jpg
302767,10564958,unknown,https://media.rkd.nl/iiif/10564958/full/max/0/default.jpg
302769,10714649,digital image,https://media.rkd.nl/iiif/10714649/full/max/0/default.jpg
302770,10714651,digital image,https://media.rkd.nl/iiif/10714651/full/max/0/default.jpg
302792,10714656,BD/Digital Collection,https://media.rkd.nl/iiif/10714656/full/max/0/default.jpg
302793,10902203,color reproduction,https://media.rkd.nl/iiif/10902203/full/max/0/default.jpg
302793,10714657,BD/Digital Collection,https://media.rkd.nl/iiif/10714657/full/max/0/default.jpg
302796,10714658,digital image,https://media.rkd.nl/iiif/10714658/full/max/0/default.jpg
302797,10714659,BD/Digital Collection,https://media.rkd.nl/iiif/10714659/full/max/0/default.jpg
302800,10714668,digital image,https://media.rkd.nl/iiif/10714668/full/max/0/default.jpg
302801,10714669,digital image,https://media.rkd.nl/iiif/10714669/full/max/0/default.jpg
302802,10714670,digital image,https://media.rkd.nl/iiif/10714670/full/max/0/default.jpg
302809,10714666,digital color photograph,https://media.rkd.nl/iiif/10714666/full/max/0/default.jpg
302827,10714665,digital color photograph,https://media.rkd.nl/iiif/10714665/full/max/0/default.jpg
302845,10564968,unknown,https://media.rkd.nl/iiif/10564968/full/max/0/default.jpg
302845,10564969,unknown,https://media.rkd.nl/iiif/10564969/full/max/0/default.jpg
302846,11156125,unknown,https://media.rkd.nl/iiif/11156125/full/max/0/default.jpg
302847,10564971,unknown,https://media.rkd.nl/iiif/10564971/full/max/0/default.jpg
302848,10564972,unknown,https://media.rkd.nl/iiif/10564972/full/max/0/default.jpg
302849,11156127,digital color photograph,https://media.rkd.nl/iiif/11156127/full/max/0/default.jpg
302849,10564973,unknown,https://media.rkd.nl/iiif/10564973/full/max/0/default.jpg
302850,11156128,digital color photograph,https://media.rkd.nl/iiif/11156128/full/max/0/default.jpg
302850,10564974,unknown,https://media.rkd.nl/iiif/10564974/full/max/0/default.jpg
302851,10564975,unknown,https://media.rkd.nl/iiif/10564975/full/max/0/default.jpg
302865,10564989,unknown,https://media.rkd.nl/iiif/10564989/full/max/0/default.jpg
302878,10714705,BD/Digital Collection,https://media.rkd.nl/iiif/10714705/full/max/0/default.jpg
302895,11156085,digital color photograph,https://media.rkd.nl/iiif/11156085/full/max/0/default.jpg
302895,10564999,unknown,https://media.rkd.nl/iiif/10564999/full/max/0/default.jpg
302907,11156186,digital color photograph,https://media.rkd.nl/iiif/11156186/full/max/0/default.jpg
302907,10565037,unknown,https://media.rkd.nl/iiif/10565037/full/max/0/default.jpg
302908,10714728,digital image,https://media.rkd.nl/iiif/10714728/full/max/0/default.jpg
302908,10714729,digital image,https://media.rkd.nl/iiif/10714729/full/max/0/default.jpg
302908,10714730,digital image,https://media.rkd.nl/iiif/10714730/full/max/0/default.jpg
302909,11156187,digital color photograph,https://media.rkd.nl/iiif/11156187/full/max/0/default.jpg
302909,10565038,unknown,https://media.rkd.nl/iiif/10565038/full/max/0/default.jpg
302910,11156188,digital color photograph,https://media.rkd.nl/iiif/11156188/full/max/0/default.jpg
302910,10565039,unknown,https://media.rkd.nl/iiif/10565039/full/max/0/default.jpg
302910,10565040,unknown,https://media.rkd.nl/iiif/10565040/full/max/0/default.jpg
302939,10565047,unknown,https://media.rkd.nl/iiif/10565047/full/max/0/default.jpg
302947,10714765,digital image,https://media.rkd.nl/iiif/10714765/full/max/0/default.jpg
302948,10714767,digital image,https://media.rkd.nl/iiif/10714767/full/max/0/default.jpg
302949,10714768,digital image,https://media.rkd.nl/iiif/10714768/full/max/0/default.jpg
302950,10714769,digital image,https://media.rkd.nl/iiif/10714769/full/max/0/default.jpg
302952,10714770,BD/Digital Collection,https://media.rkd.nl/iiif/10714770/full/max/0/default.jpg
302954,10714778,BD/Digital Collection,https://media.rkd.nl/iiif/10714778/full/max/0/default.jpg
302960,10714783,digital image,https://media.rkd.nl/iiif/10714783/full/max/0/default.jpg
302988,10415874,digital color photograph,https://media.rkd.nl/iiif/10415874/full/max/0/default.jpg
302992,10815506,BD/Digital Collection,https://media.rkd.nl/iiif/10815506/full/max/0/default.jpg
302997,10714818,BD/Digital Collection,https://media.rkd.nl/iiif/10714818/full/max/0/default.jpg
303001,10714822,digital image,https://media.rkd.nl/iiif/10714822/full/max/0/default.jpg
303003,10714824,BD/Digital Collection,https://media.rkd.nl/iiif/10714824/full/max/0/default.jpg
303004,10714825,BD/Digital Collection,https://media.rkd.nl/iiif/10714825/full/max/0/default.jpg
303009,10714832,digital image,https://media.rkd.nl/iiif/10714832/full/max/0/default.jpg
303010,10415939,digital color photograph,https://media.rkd.nl/iiif/10415939/full/max/0/default.jpg
303011,10714833,BD/Digital Collection,https://media.rkd.nl/iiif/10714833/full/max/0/default.jpg
303013,10716298,BD/Digital Collection,https://media.rkd.nl/iiif/10716298/full/max/0/default.jpg
303017,10415947,digital color photograph,https://media.rkd.nl/iiif/10415947/full/max/0/default.jpg
303021,10714837,digital image,https://media.rkd.nl/iiif/10714837/full/max/0/default.jpg
303027,10714847,BD/Digital Collection,https://media.rkd.nl/iiif/10714847/full/max/0/default.jpg
303031,10714854,digital image,https://media.rkd.nl/iiif/10714854/full/max/0/default.jpg
303042,10714862,BD/Digital Collection,https://media.rkd.nl/iiif/10714862/full/max/0/default.jpg
303043,10415980,digital color photograph,https://media.rkd.nl/iiif/10415980/full/max/0/default.jpg
303056,10714870,digital image,https://media.rkd.nl/iiif/10714870/full/max/0/default.jpg
303058,10714881,digital image,https://media.rkd.nl/iiif/10714881/full/max/0/default.jpg
303080,10714895,digital image,https://media.rkd.nl/iiif/10714895/full/max/0/default.jpg
303081,10714896,digital image,https://media.rkd.nl/iiif/10714896/full/max/0/default.jpg
303082,10714897,digital image,https://media.rkd.nl/iiif/10714897/full/max/0/default.jpg
303084,10714900,digital image,https://media.rkd.nl/iiif/10714900/full/max/0/default.jpg
303089,10714911,BD/Digital Collection,https://media.rkd.nl/iiif/10714911/full/max/0/default.jpg
303091,10714918,digital image,https://media.rkd.nl/iiif/10714918/full/max/0/default.jpg
303096,10714922,digital image,https://media.rkd.nl/iiif/10714922/full/max/0/default.jpg
303097,10714923,digital image,https://media.rkd.nl/iiif/10714923/full/max/0/default.jpg
303107,10714932,BD/Digital Collection,https://media.rkd.nl/iiif/10714932/full/max/0/default.jpg
303109,10714938,digital image,https://media.rkd.nl/iiif/10714938/full/max/0/default.jpg
303110,10714934,BD/Digital Collection,https://media.rkd.nl/iiif/10714934/full/max/0/default.jpg
303111,10714931,BD/Digital Collection,https://media.rkd.nl/iiif/10714931/full/max/0/default.jpg
303112,10714933,BD/Digital Collection,https://media.rkd.nl/iiif/10714933/full/max/0/default.jpg
303116,10714943,digital image,https://media.rkd.nl/iiif/10714943/full/max/0/default.jpg
303122,10714947,digital image,https://media.rkd.nl/iiif/10714947/full/max/0/default.jpg
303125,10416025,digital color photograph,https://media.rkd.nl/iiif/10416025/full/max/0/default.jpg
303129,10714952,digital image,https://media.rkd.nl/iiif/10714952/full/max/0/default.jpg
303133,10714972,BD/Digital Collection,https://media.rkd.nl/iiif/10714972/full/max/0/default.jpg
303150,10714984,digital image,https://media.rkd.nl/iiif/10714984/full/max/0/default.jpg
303152,10714986,digital image,https://media.rkd.nl/iiif/10714986/full/max/0/default.jpg
303155,10714989,digital image,https://media.rkd.nl/iiif/10714989/full/max/0/default.jpg
303159,11156200,digital color photograph,https://media.rkd.nl/iiif/11156200/full/max/0/default.jpg
303159,10565079,unknown,https://media.rkd.nl/iiif/10565079/full/max/0/default.jpg
303160,11156202,digital color photograph,https://media.rkd.nl/iiif/11156202/full/max/0/default.jpg
303160,10565080,unknown,https://media.rkd.nl/iiif/10565080/full/max/0/default.jpg
303160,10565081,unknown,https://media.rkd.nl/iiif/10565081/full/max/0/default.jpg
303163,10715714,BD/Digital Collection,https://media.rkd.nl/iiif/10715714/full/max/0/default.jpg
303168,10714996,digital image,https://media.rkd.nl/iiif/10714996/full/max/0/default.jpg
303170,10715354,BD/Digital Collection,https://media.rkd.nl/iiif/10715354/full/max/0/default.jpg
303171,10716063,BD/Digital Collection,https://media.rkd.nl/iiif/10716063/full/max/0/default.jpg
303182,11156166,digital color photograph,https://media.rkd.nl/iiif/11156166/full/max/0/default.jpg
303182,10565008,unknown,https://media.rkd.nl/iiif/10565008/full/max/0/default.jpg
303183,10715114,BD/Digital Collection,https://media.rkd.nl/iiif/10715114/full/max/0/default.jpg
303184,11156167,digital color photograph,https://media.rkd.nl/iiif/11156167/full/max/0/default.jpg
303184,10565009,unknown,https://media.rkd.nl/iiif/10565009/full/max/0/default.jpg
303189,11156169,digital color photograph,https://media.rkd.nl/iiif/11156169/full/max/0/default.jpg
303189,10565012,unknown,https://media.rkd.nl/iiif/10565012/full/max/0/default.jpg
303200,11156179,digital color photograph,https://media.rkd.nl/iiif/11156179/full/max/0/default.jpg
303200,10565025,unknown,https://media.rkd.nl/iiif/10565025/full/max/0/default.jpg
303201,11156181,digital color photograph,https://media.rkd.nl/iiif/11156181/full/max/0/default.jpg
303201,10565027,unknown,https://media.rkd.nl/iiif/10565027/full/max/0/default.jpg
303204,10416120,digital black-and-white photograph,https://media.rkd.nl/iiif/10416120/full/max/0/default.jpg
303221,11156143,digital color photograph,https://media.rkd.nl/iiif/11156143/full/max/0/default.jpg
303221,10565034,unknown,https://media.rkd.nl/iiif/10565034/full/max/0/default.jpg
303227,11156150,digital color photograph,https://media.rkd.nl/iiif/11156150/full/max/0/default.jpg
303227,10565056,unknown,https://media.rkd.nl/iiif/10565056/full/max/0/default.jpg
303235,11156159,digital color photograph,https://media.rkd.nl/iiif/11156159/full/max/0/default.jpg
303235,10565067,unknown,https://media.rkd.nl/iiif/10565067/full/max/0/default.jpg
303253,15,digital image,https://media.rkd.nl/iiif/15/full/max/0/default.jpg
303258,11159943,digital color photograph,https://media.rkd.nl/iiif/11159943/full/max/0/default.jpg
303258,10565090,unknown,https://media.rkd.nl/iiif/10565090/full/max/0/default.jpg
303265,10715046,digital image,https://media.rkd.nl/iiif/10715046/full/max/0/default.jpg
303273,11159955,digital color photograph,https://media.rkd.nl/iiif/11159955/full/max/0/default.jpg
303283,20,digital image,https://media.rkd.nl/iiif/20/full/max/0/default.jpg
303295,10715056,BD/Digital Collection,https://media.rkd.nl/iiif/10715056/full/max/0/default.jpg
303318,10715057,BD/Digital Collection,https://media.rkd.nl/iiif/10715057/full/max/0/default.jpg
303356,11159961,digital color photograph,https://media.rkd.nl/iiif/11159961/full/max/0/default.jpg
303356,10565108,unknown,https://media.rkd.nl/iiif/10565108/full/max/0/default.jpg
303357,11159962,digital color photograph,https://media.rkd.nl/iiif/11159962/full/max/0/default.jpg
303357,11166431,digital color photograph,https://media.rkd.nl/iiif/11166431/full/max/0/default.jpg
303357,10565109,unknown,https://media.rkd.nl/iiif/10565109/full/max/0/default.jpg
303358,11159963,digital color photograph,https://media.rkd.nl/iiif/11159963/full/max/0/default.jpg
303358,10565110,unknown,https://media.rkd.nl/iiif/10565110/full/max/0/default.jpg
303359,11159964,digital color photograph,https://media.rkd.nl/iiif/11159964/full/max/0/default.jpg
303359,10565111,unknown,https://media.rkd.nl/iiif/10565111/full/max/0/default.jpg
303360,11159966,digital color photograph,https://media.rkd.nl/iiif/11159966/full/max/0/default.jpg
303360,10565113,unknown,https://media.rkd.nl/iiif/10565113/full/max/0/default.jpg
303361,11159965,digital color photograph,https://media.rkd.nl/iiif/11159965/full/max/0/default.jpg
303368,11159973,digital color photograph,https://media.rkd.nl/iiif/11159973/full/max/0/default.jpg
303368,10565120,unknown,https://media.rkd.nl/iiif/10565120/full/max/0/default.jpg
303369,10715055,BD/Digital Collection,https://media.rkd.nl/iiif/10715055/full/max/0/default.jpg
303370,10715062,BD/Digital Collection,https://media.rkd.nl/iiif/10715062/full/max/0/default.jpg
303372,10565121,unknown,https://media.rkd.nl/iiif/10565121/full/max/0/default.jpg
303373,11159975,digital color photograph,https://media.rkd.nl/iiif/11159975/full/max/0/default.jpg
303373,10565122,unknown,https://media.rkd.nl/iiif/10565122/full/max/0/default.jpg
303377,11159979,digital color photograph,https://media.rkd.nl/iiif/11159979/full/max/0/default.jpg
303377,10565126,unknown,https://media.rkd.nl/iiif/10565126/full/max/0/default.jpg
303378,10900157,digital image,https://media.rkd.nl/iiif/10900157/full/max/0/default.jpg
303383,10900159,digital image,https://media.rkd.nl/iiif/10900159/full/max/0/default.jpg
303383,10603196,black and white photograph,https://media.rkd.nl/iiif/10603196/full/max/0/default.jpg
303386,11159986,digital color photograph,https://media.rkd.nl/iiif/11159986/full/max/0/default.jpg
303386,10565134,unknown,https://media.rkd.nl/iiif/10565134/full/max/0/default.jpg
303387,11159987,digital color photograph,https://media.rkd.nl/iiif/11159987/full/max/0/default.jpg
303387,10565135,unknown,https://media.rkd.nl/iiif/10565135/full/max/0/default.jpg
303389,10715063,BD/Digital Collection,https://media.rkd.nl/iiif/10715063/full/max/0/default.jpg
303390,10715065,digital image,https://media.rkd.nl/iiif/10715065/full/max/0/default.jpg
303391,10718240,BD/Digital Collection,https://media.rkd.nl/iiif/10718240/full/max/0/default.jpg
303391,10715068,BD/Digital Collection,https://media.rkd.nl/iiif/10715068/full/max/0/default.jpg
303393,10715069,BD/Digital Collection,https://media.rkd.nl/iiif/10715069/full/max/0/default.jpg
303394,10715070,BD/Digital Collection,https://media.rkd.nl/iiif/10715070/full/max/0/default.jpg
303395,10715071,BD/Digital Collection,https://media.rkd.nl/iiif/10715071/full/max/0/default.jpg
303396,10715076,BD/Digital Collection,https://media.rkd.nl/iiif/10715076/full/max/0/default.jpg
303397,10715072,BD/Digital Collection,https://media.rkd.nl/iiif/10715072/full/max/0/default.jpg
303398,10715073,BD/Digital Collection,https://media.rkd.nl/iiif/10715073/full/max/0/default.jpg
303399,10715074,BD/Digital Collection,https://media.rkd.nl/iiif/10715074/full/max/0/default.jpg
303400,10715075,BD/Digital Collection,https://media.rkd.nl/iiif/10715075/full/max/0/default.jpg
303402,24,digital image,https://media.rkd.nl/iiif/24/full/max/0/default.jpg
303412,10715109,BD/Digital Collection,https://media.rkd.nl/iiif/10715109/full/max/0/default.jpg
303413,9681852,black and white photograph,https://media.rkd.nl/iiif/9681852/full/max/0/default.jpg
303416,10715099,BD/Digital Collection,https://media.rkd.nl/iiif/10715099/full/max/0/default.jpg
303417,10715105,BD/Digital Collection,https://media.rkd.nl/iiif/10715105/full/max/0/default.jpg
303419,10715106,BD/Digital Collection,https://media.rkd.nl/iiif/10715106/full/max/0/default.jpg
303420,10715107,BD/Digital Collection,https://media.rkd.nl/iiif/10715107/full/max/0/default.jpg
303421,10715108,BD/Digital Collection,https://media.rkd.nl/iiif/10715108/full/max/0/default.jpg
303422,26,digital image,https://media.rkd.nl/iiif/26/full/max/0/default.jpg
303423,10715113,BD/Digital Collection,https://media.rkd.nl/iiif/10715113/full/max/0/default.jpg
303443,10715203,BD/Digital Collection,https://media.rkd.nl/iiif/10715203/full/max/0/default.jpg
303444,10715204,BD/Digital Collection,https://media.rkd.nl/iiif/10715204/full/max/0/default.jpg
303449,10715211,BD/Digital Collection,https://media.rkd.nl/iiif/10715211/full/max/0/default.jpg
303459,10715228,BD/Digital Collection,https://media.rkd.nl/iiif/10715228/full/max/0/default.jpg
303488,10715263,BD/Digital Collection,https://media.rkd.nl/iiif/10715263/full/max/0/default.jpg
303489,10715264,BD/Digital Collection,https://media.rkd.nl/iiif/10715264/full/max/0/default.jpg
303492,10715270,BD/Digital Collection,https://media.rkd.nl/iiif/10715270/full/max/0/default.jpg
303496,10715276,BD/Digital Collection,https://media.rkd.nl/iiif/10715276/full/max/0/default.jpg
303497,10715277,BD/Digital Collection,https://media.rkd.nl/iiif/10715277/full/max/0/default.jpg
303501,10715278,BD/Digital Collection,https://media.rkd.nl/iiif/10715278/full/max/0/default.jpg
303504,10715290,BD/Digital Collection,https://media.rkd.nl/iiif/10715290/full/max/0/default.jpg
303506,10715291,digital image,https://media.rkd.nl/iiif/10715291/full/max/0/default.jpg
303507,10715293,BD/Digital Collection,https://media.rkd.nl/iiif/10715293/full/max/0/default.jpg
303510,10715295,BD/Digital Collection,https://media.rkd.nl/iiif/10715295/full/max/0/default.jpg
303512,10715297,BD/Digital Collection,https://media.rkd.nl/iiif/10715297/full/max/0/default.jpg
303513,10715298,BD/Digital Collection,https://media.rkd.nl/iiif/10715298/full/max/0/default.jpg
303514,10715299,BD/Digital Collection,https://media.rkd.nl/iiif/10715299/full/max/0/default.jpg
303515,10715300,BD/Digital Collection,https://media.rkd.nl/iiif/10715300/full/max/0/default.jpg
303516,10288861,digital color photograph,https://media.rkd.nl/iiif/10288861/full/max/0/default.jpg
303517,10715284,digital image,https://media.rkd.nl/iiif/10715284/full/max/0/default.jpg
303520,10715301,digital image,https://media.rkd.nl/iiif/10715301/full/max/0/default.jpg
303521,10715307,digital image,https://media.rkd.nl/iiif/10715307/full/max/0/default.jpg
303522,10715308,digital image,https://media.rkd.nl/iiif/10715308/full/max/0/default.jpg
303525,10715306,digital image,https://media.rkd.nl/iiif/10715306/full/max/0/default.jpg
303531,10715323,digital color photograph,https://media.rkd.nl/iiif/10715323/full/max/0/default.jpg
303538,10715346,digital image,https://media.rkd.nl/iiif/10715346/full/max/0/default.jpg
303539,10715347,digital image,https://media.rkd.nl/iiif/10715347/full/max/0/default.jpg
303542,48,digital image,https://media.rkd.nl/iiif/48/full/max/0/default.jpg
303543,49,digital image,https://media.rkd.nl/iiif/49/full/max/0/default.jpg
303559,51,digital image,https://media.rkd.nl/iiif/51/full/max/0/default.jpg
303559,50,digital image,https://media.rkd.nl/iiif/50/full/max/0/default.jpg
303561,52,digital image,https://media.rkd.nl/iiif/52/full/max/0/default.jpg
303568,10565287,color photograph,https://media.rkd.nl/iiif/10565287/full/max/0/default.jpg
303574,10715161,BD/Digital Collection,https://media.rkd.nl/iiif/10715161/full/max/0/default.jpg
303583,10715361,BD/Digital Collection,https://media.rkd.nl/iiif/10715361/full/max/0/default.jpg
303584,10288859,digital color photograph,https://media.rkd.nl/iiif/10288859/full/max/0/default.jpg
303585,10288858,digital color photograph,https://media.rkd.nl/iiif/10288858/full/max/0/default.jpg
303602,10715129,BD/Digital Collection,https://media.rkd.nl/iiif/10715129/full/max/0/default.jpg
303638,11156158,digital color photograph,https://media.rkd.nl/iiif/11156158/full/max/0/default.jpg
303638,10565066,unknown,https://media.rkd.nl/iiif/10565066/full/max/0/default.jpg
303640,10715367,BD/Digital Collection,https://media.rkd.nl/iiif/10715367/full/max/0/default.jpg
303654,10715385,BD/Digital Collection,https://media.rkd.nl/iiif/10715385/full/max/0/default.jpg
303708,10715392,BD/Digital Collection,https://media.rkd.nl/iiif/10715392/full/max/0/default.jpg
303716,10715400,digital image,https://media.rkd.nl/iiif/10715400/full/max/0/default.jpg
303730,10715405,digital image,https://media.rkd.nl/iiif/10715405/full/max/0/default.jpg
303748,10715409,digital image,https://media.rkd.nl/iiif/10715409/full/max/0/default.jpg
303768,10416631,digital color photograph,https://media.rkd.nl/iiif/10416631/full/max/0/default.jpg
303768,10416632,digital color photograph,https://media.rkd.nl/iiif/10416632/full/max/0/default.jpg
303768,10416633,digital color photograph,https://media.rkd.nl/iiif/10416633/full/max/0/default.jpg
303775,10715426,BD/Digital Collection,https://media.rkd.nl/iiif/10715426/full/max/0/default.jpg
303776,10715428,digital image,https://media.rkd.nl/iiif/10715428/full/max/0/default.jpg
303785,10715439,digital image,https://media.rkd.nl/iiif/10715439/full/max/0/default.jpg
303794,10715431,digital image,https://media.rkd.nl/iiif/10715431/full/max/0/default.jpg
303862,10715453,digital image,https://media.rkd.nl/iiif/10715453/full/max/0/default.jpg
303945,10715480,digital image,https://media.rkd.nl/iiif/10715480/full/max/0/default.jpg
303951,10715460,digital image,https://media.rkd.nl/iiif/10715460/full/max/0/default.jpg
303957,10715492,digital image,https://media.rkd.nl/iiif/10715492/full/max/0/default.jpg
303959,10715493,digital image,https://media.rkd.nl/iiif/10715493/full/max/0/default.jpg
303959,10603676,digital image,https://media.rkd.nl/iiif/10603676/full/max/0/default.jpg
303968,10715504,BD/Digital Collection,https://media.rkd.nl/iiif/10715504/full/max/0/default.jpg
303974,10715508,digital image,https://media.rkd.nl/iiif/10715508/full/max/0/default.jpg
303980,10715519,digital image,https://media.rkd.nl/iiif/10715519/full/max/0/default.jpg
303984,10715541,digital image,https://media.rkd.nl/iiif/10715541/full/max/0/default.jpg
303984,10715539,digital image,https://media.rkd.nl/iiif/10715539/full/max/0/default.jpg
303986,10715544,digital image,https://media.rkd.nl/iiif/10715544/full/max/0/default.jpg
303991,10715547,digital image,https://media.rkd.nl/iiif/10715547/full/max/0/default.jpg
303992,10416638,digital color photograph,https://media.rkd.nl/iiif/10416638/full/max/0/default.jpg
303993,10715549,digital image,https://media.rkd.nl/iiif/10715549/full/max/0/default.jpg
304068,10715672,BD/Digital Collection,https://media.rkd.nl/iiif/10715672/full/max/0/default.jpg
304082,10715687,BD/Digital Collection,https://media.rkd.nl/iiif/10715687/full/max/0/default.jpg
304089,10715699,digital image,https://media.rkd.nl/iiif/10715699/full/max/0/default.jpg
304113,10715730,digital image,https://media.rkd.nl/iiif/10715730/full/max/0/default.jpg
304119,10715738,digital image,https://media.rkd.nl/iiif/10715738/full/max/0/default.jpg
304121,10715736,digital image,https://media.rkd.nl/iiif/10715736/full/max/0/default.jpg
304127,10715760,digital image,https://media.rkd.nl/iiif/10715760/full/max/0/default.jpg
304128,10715761,BD/Digital Collection,https://media.rkd.nl/iiif/10715761/full/max/0/default.jpg
304130,10715763,digital image,https://media.rkd.nl/iiif/10715763/full/max/0/default.jpg
304131,10715764,digital image,https://media.rkd.nl/iiif/10715764/full/max/0/default.jpg
304132,10715766,digital image,https://media.rkd.nl/iiif/10715766/full/max/0/default.jpg
304133,10715767,digital image,https://media.rkd.nl/iiif/10715767/full/max/0/default.jpg
304134,10715770,digital image,https://media.rkd.nl/iiif/10715770/full/max/0/default.jpg
304139,10715779,digital image,https://media.rkd.nl/iiif/10715779/full/max/0/default.jpg
304140,10715784,digital image,https://media.rkd.nl/iiif/10715784/full/max/0/default.jpg
304141,10288807,black-and-white reproduction,https://media.rkd.nl/iiif/10288807/full/max/0/default.jpg
304152,10715788,digital image,https://media.rkd.nl/iiif/10715788/full/max/0/default.jpg
304156,10715793,digital image,https://media.rkd.nl/iiif/10715793/full/max/0/default.jpg
304158,10715795,digital image,https://media.rkd.nl/iiif/10715795/full/max/0/default.jpg
304168,10565249,color photograph,https://media.rkd.nl/iiif/10565249/full/max/0/default.jpg
304169,10565250,color photograph,https://media.rkd.nl/iiif/10565250/full/max/0/default.jpg
304170,10715831,digital image,https://media.rkd.nl/iiif/10715831/full/max/0/default.jpg
304176,10715840,digital image,https://media.rkd.nl/iiif/10715840/full/max/0/default.jpg
304181,10715851,digital image,https://media.rkd.nl/iiif/10715851/full/max/0/default.jpg
304181,10715853,old black-and-white photograph,https://media.rkd.nl/iiif/10715853/full/max/0/default.jpg
304186,10715855,digital image,https://media.rkd.nl/iiif/10715855/full/max/0/default.jpg
304190,10715858,digital image,https://media.rkd.nl/iiif/10715858/full/max/0/default.jpg
304203,10715861,digital image,https://media.rkd.nl/iiif/10715861/full/max/0/default.jpg
304205,10715863,digital image,https://media.rkd.nl/iiif/10715863/full/max/0/default.jpg
304206,10715865,digital image,https://media.rkd.nl/iiif/10715865/full/max/0/default.jpg
304207,10715864,digital image,https://media.rkd.nl/iiif/10715864/full/max/0/default.jpg
304208,10715866,digital image,https://media.rkd.nl/iiif/10715866/full/max/0/default.jpg
304240,10715903,digital image,https://media.rkd.nl/iiif/10715903/full/max/0/default.jpg
304241,10715906,digital image,https://media.rkd.nl/iiif/10715906/full/max/0/default.jpg
304257,10715925,digital image,https://media.rkd.nl/iiif/10715925/full/max/0/default.jpg
304257,10715927,digital image,https://media.rkd.nl/iiif/10715927/full/max/0/default.jpg
304258,10715928,digital image,https://media.rkd.nl/iiif/10715928/full/max/0/default.jpg
304264,10564788,digital color photograph,https://media.rkd.nl/iiif/10564788/full/max/0/default.jpg
304269,11097973,digital image,https://media.rkd.nl/iiif/11097973/full/max/0/default.jpg
304269,11097974,digital image,https://media.rkd.nl/iiif/11097974/full/max/0/default.jpg
304270,10715944,digital image,https://media.rkd.nl/iiif/10715944/full/max/0/default.jpg
304272,10715945,digital image,https://media.rkd.nl/iiif/10715945/full/max/0/default.jpg
304274,10715948,digital image,https://media.rkd.nl/iiif/10715948/full/max/0/default.jpg
304327,10564796,digital black-and-white photograph,https://media.rkd.nl/iiif/10564796/full/max/0/default.jpg
304352,10417116,unknown,https://media.rkd.nl/iiif/10417116/full/max/0/default.jpg
304361,10417120,unknown,https://media.rkd.nl/iiif/10417120/full/max/0/default.jpg
304362,10417021,unknown,https://media.rkd.nl/iiif/10417021/full/max/0/default.jpg
304363,10417022,unknown,https://media.rkd.nl/iiif/10417022/full/max/0/default.jpg
304364,10417023,unknown,https://media.rkd.nl/iiif/10417023/full/max/0/default.jpg
304365,10417024,unknown,https://media.rkd.nl/iiif/10417024/full/max/0/default.jpg
304366,10417025,unknown,https://media.rkd.nl/iiif/10417025/full/max/0/default.jpg
304367,10417020,unknown,https://media.rkd.nl/iiif/10417020/full/max/0/default.jpg
304368,10417043,unknown,https://media.rkd.nl/iiif/10417043/full/max/0/default.jpg
304369,10417044,unknown,https://media.rkd.nl/iiif/10417044/full/max/0/default.jpg
304370,10417045,unknown,https://media.rkd.nl/iiif/10417045/full/max/0/default.jpg
304371,10417046,unknown,https://media.rkd.nl/iiif/10417046/full/max/0/default.jpg
304372,10417042,unknown,https://media.rkd.nl/iiif/10417042/full/max/0/default.jpg
304373,10417041,unknown,https://media.rkd.nl/iiif/10417041/full/max/0/default.jpg
304374,10417040,unknown,https://media.rkd.nl/iiif/10417040/full/max/0/default.jpg
304375,10417047,unknown,https://media.rkd.nl/iiif/10417047/full/max/0/default.jpg
304376,10417039,unknown,https://media.rkd.nl/iiif/10417039/full/max/0/default.jpg
304377,10417038,unknown,https://media.rkd.nl/iiif/10417038/full/max/0/default.jpg
304378,10417037,unknown,https://media.rkd.nl/iiif/10417037/full/max/0/default.jpg
304383,10715964,digital image,https://media.rkd.nl/iiif/10715964/full/max/0/default.jpg
304384,10715966,digital image,https://media.rkd.nl/iiif/10715966/full/max/0/default.jpg
304404,10715991,digital image,https://media.rkd.nl/iiif/10715991/full/max/0/default.jpg
304405,10715992,digital image,https://media.rkd.nl/iiif/10715992/full/max/0/default.jpg
304406,10715993,digital image,https://media.rkd.nl/iiif/10715993/full/max/0/default.jpg
304411,10417121,unknown,https://media.rkd.nl/iiif/10417121/full/max/0/default.jpg
304418,10716024,digital image,https://media.rkd.nl/iiif/10716024/full/max/0/default.jpg
304421,10417065,unknown,https://media.rkd.nl/iiif/10417065/full/max/0/default.jpg
304423,10417058,unknown,https://media.rkd.nl/iiif/10417058/full/max/0/default.jpg
304426,10417050,unknown,https://media.rkd.nl/iiif/10417050/full/max/0/default.jpg
304435,10716002,digital image,https://media.rkd.nl/iiif/10716002/full/max/0/default.jpg
304436,10416653,digital color photograph,https://media.rkd.nl/iiif/10416653/full/max/0/default.jpg
304436,10416654,digital color photograph,https://media.rkd.nl/iiif/10416654/full/max/0/default.jpg
304472,10716056,digital image,https://media.rkd.nl/iiif/10716056/full/max/0/default.jpg
304482,10716068,digital image,https://media.rkd.nl/iiif/10716068/full/max/0/default.jpg
304483,10716069,digital image,https://media.rkd.nl/iiif/10716069/full/max/0/default.jpg
304484,10716072,digital image,https://media.rkd.nl/iiif/10716072/full/max/0/default.jpg
304492,10716081,digital image,https://media.rkd.nl/iiif/10716081/full/max/0/default.jpg
304494,10716083,digital image,https://media.rkd.nl/iiif/10716083/full/max/0/default.jpg
304509,10716099,digital image,https://media.rkd.nl/iiif/10716099/full/max/0/default.jpg
304514,10716102,digital image,https://media.rkd.nl/iiif/10716102/full/max/0/default.jpg
304515,10841726,BD/Digital Collection,https://media.rkd.nl/iiif/10841726/full/max/0/default.jpg
304517,10716105,digital image,https://media.rkd.nl/iiif/10716105/full/max/0/default.jpg
304518,10716106,digital image,https://media.rkd.nl/iiif/10716106/full/max/0/default.jpg
304519,10716107,digital image,https://media.rkd.nl/iiif/10716107/full/max/0/default.jpg
304520,10716108,digital image,https://media.rkd.nl/iiif/10716108/full/max/0/default.jpg
304521,10716110,digital image,https://media.rkd.nl/iiif/10716110/full/max/0/default.jpg
304522,10716111,digital image,https://media.rkd.nl/iiif/10716111/full/max/0/default.jpg
304522,10716112,digital image,https://media.rkd.nl/iiif/10716112/full/max/0/default.jpg
304524,10716114,digital image,https://media.rkd.nl/iiif/10716114/full/max/0/default.jpg
304528,10716118,digital image,https://media.rkd.nl/iiif/10716118/full/max/0/default.jpg
304529,10716120,digital image,https://media.rkd.nl/iiif/10716120/full/max/0/default.jpg
304533,10716124,digital image,https://media.rkd.nl/iiif/10716124/full/max/0/default.jpg
304534,10716125,digital image,https://media.rkd.nl/iiif/10716125/full/max/0/default.jpg
304535,10716126,digital image,https://media.rkd.nl/iiif/10716126/full/max/0/default.jpg
304538,10716129,digital image,https://media.rkd.nl/iiif/10716129/full/max/0/default.jpg
304540,10603198,unknown,https://media.rkd.nl/iiif/10603198/full/max/0/default.jpg
304544,10716134,digital image,https://media.rkd.nl/iiif/10716134/full/max/0/default.jpg
304545,10716136,BD/Digital Collection,https://media.rkd.nl/iiif/10716136/full/max/0/default.jpg
304561,10716152,digital image,https://media.rkd.nl/iiif/10716152/full/max/0/default.jpg
304563,10716155,digital image,https://media.rkd.nl/iiif/10716155/full/max/0/default.jpg
304565,10716157,digital image,https://media.rkd.nl/iiif/10716157/full/max/0/default.jpg
304566,10716159,digital image,https://media.rkd.nl/iiif/10716159/full/max/0/default.jpg
304569,10716160,digital image,https://media.rkd.nl/iiif/10716160/full/max/0/default.jpg
304571,10716164,digital image,https://media.rkd.nl/iiif/10716164/full/max/0/default.jpg
304605,10716173,digital image,https://media.rkd.nl/iiif/10716173/full/max/0/default.jpg
304609,10716182,BD/Digital Collection,https://media.rkd.nl/iiif/10716182/full/max/0/default.jpg
304610,10848369,digital image,https://media.rkd.nl/iiif/10848369/full/max/0/default.jpg
304611,10417290,digital color photograph,https://media.rkd.nl/iiif/10417290/full/max/0/default.jpg
304611,10603281,digital color photograph,https://media.rkd.nl/iiif/10603281/full/max/0/default.jpg
304612,10603276,digital color photograph,https://media.rkd.nl/iiif/10603276/full/max/0/default.jpg
304613,10716192,digital image,https://media.rkd.nl/iiif/10716192/full/max/0/default.jpg
304615,10603277,digital color photograph,https://media.rkd.nl/iiif/10603277/full/max/0/default.jpg
304616,10716194,digital image,https://media.rkd.nl/iiif/10716194/full/max/0/default.jpg
304619,10417283,digital color photograph,https://media.rkd.nl/iiif/10417283/full/max/0/default.jpg
304619,10603271,digital color photograph,https://media.rkd.nl/iiif/10603271/full/max/0/default.jpg
304621,10716200,digital image,https://media.rkd.nl/iiif/10716200/full/max/0/default.jpg
304623,10417282,digital color photograph,https://media.rkd.nl/iiif/10417282/full/max/0/default.jpg
304623,10603270,digital color photograph,https://media.rkd.nl/iiif/10603270/full/max/0/default.jpg
304643,10716214,digital image,https://media.rkd.nl/iiif/10716214/full/max/0/default.jpg
304644,10716215,digital image,https://media.rkd.nl/iiif/10716215/full/max/0/default.jpg
304645,10716216,digital image,https://media.rkd.nl/iiif/10716216/full/max/0/default.jpg
304646,10716218,digital image,https://media.rkd.nl/iiif/10716218/full/max/0/default.jpg
304647,10716217,digital image,https://media.rkd.nl/iiif/10716217/full/max/0/default.jpg
304658,10716234,BD/Digital Collection,https://media.rkd.nl/iiif/10716234/full/max/0/default.jpg
304664,10603202,unknown,https://media.rkd.nl/iiif/10603202/full/max/0/default.jpg
304666,10716244,digital image,https://media.rkd.nl/iiif/10716244/full/max/0/default.jpg
304670,10716246,digital image,https://media.rkd.nl/iiif/10716246/full/max/0/default.jpg
304674,10716249,digital image,https://media.rkd.nl/iiif/10716249/full/max/0/default.jpg
304679,10716253,digital image,https://media.rkd.nl/iiif/10716253/full/max/0/default.jpg
304680,10716254,digital image,https://media.rkd.nl/iiif/10716254/full/max/0/default.jpg
304694,10716271,black-and-white reproduction,https://media.rkd.nl/iiif/10716271/full/max/0/default.jpg
304700,10716277,digital image,https://media.rkd.nl/iiif/10716277/full/max/0/default.jpg
304701,10603205,black-and-white reproduction,https://media.rkd.nl/iiif/10603205/full/max/0/default.jpg
304701,10716283,black-and-white reproduction,https://media.rkd.nl/iiif/10716283/full/max/0/default.jpg
304704,10603210,unknown,https://media.rkd.nl/iiif/10603210/full/max/0/default.jpg
304705,10716287,digital image,https://media.rkd.nl/iiif/10716287/full/max/0/default.jpg
304708,10716303,digital image,https://media.rkd.nl/iiif/10716303/full/max/0/default.jpg
304709,10716304,digital image,https://media.rkd.nl/iiif/10716304/full/max/0/default.jpg
304710,10716305,digital image,https://media.rkd.nl/iiif/10716305/full/max/0/default.jpg
304711,10716307,digital image,https://media.rkd.nl/iiif/10716307/full/max/0/default.jpg
304712,10716306,digital image,https://media.rkd.nl/iiif/10716306/full/max/0/default.jpg
304714,10716309,digital image,https://media.rkd.nl/iiif/10716309/full/max/0/default.jpg
304727,10716325,digital image,https://media.rkd.nl/iiif/10716325/full/max/0/default.jpg
304728,10716326,digital image,https://media.rkd.nl/iiif/10716326/full/max/0/default.jpg
304739,10603211,color photograph,https://media.rkd.nl/iiif/10603211/full/max/0/default.jpg
304742,10716350,black-and-white reproduction,https://media.rkd.nl/iiif/10716350/full/max/0/default.jpg
304743,10716353,digital image,https://media.rkd.nl/iiif/10716353/full/max/0/default.jpg
304747,10603278,digital color photograph,https://media.rkd.nl/iiif/10603278/full/max/0/default.jpg
304748,10603269,digital color photograph,https://media.rkd.nl/iiif/10603269/full/max/0/default.jpg
304749,10603280,digital color photograph,https://media.rkd.nl/iiif/10603280/full/max/0/default.jpg
304750,10603279,digital color photograph,https://media.rkd.nl/iiif/10603279/full/max/0/default.jpg
304751,10417279,digital color photograph,https://media.rkd.nl/iiif/10417279/full/max/0/default.jpg
304751,10603267,digital color photograph,https://media.rkd.nl/iiif/10603267/full/max/0/default.jpg
304752,10603268,digital color photograph,https://media.rkd.nl/iiif/10603268/full/max/0/default.jpg
304753,10603275,digital color photograph,https://media.rkd.nl/iiif/10603275/full/max/0/default.jpg
304762,10716367,BD/Digital Collection,https://media.rkd.nl/iiif/10716367/full/max/0/default.jpg
304764,10716369,digital image,https://media.rkd.nl/iiif/10716369/full/max/0/default.jpg
304770,10716377,digital image,https://media.rkd.nl/iiif/10716377/full/max/0/default.jpg
304771,10716378,digital image,https://media.rkd.nl/iiif/10716378/full/max/0/default.jpg
304773,10716381,digital image,https://media.rkd.nl/iiif/10716381/full/max/0/default.jpg
304778,10716405,digital image,https://media.rkd.nl/iiif/10716405/full/max/0/default.jpg
304780,10716408,digital image,https://media.rkd.nl/iiif/10716408/full/max/0/default.jpg
304789,10716426,digital image,https://media.rkd.nl/iiif/10716426/full/max/0/default.jpg
304790,10716427,digital image,https://media.rkd.nl/iiif/10716427/full/max/0/default.jpg
304792,10716430,color reproduction,https://media.rkd.nl/iiif/10716430/full/max/0/default.jpg
304799,10716429,BD/Digital Collection,https://media.rkd.nl/iiif/10716429/full/max/0/default.jpg
304801,10848368,digital image,https://media.rkd.nl/iiif/10848368/full/max/0/default.jpg
304813,10716451,digital image,https://media.rkd.nl/iiif/10716451/full/max/0/default.jpg
304817,10716457,digital image,https://media.rkd.nl/iiif/10716457/full/max/0/default.jpg
304819,10716462,BD/Digital Collection,https://media.rkd.nl/iiif/10716462/full/max/0/default.jpg
304823,10603212,black and white photograph,https://media.rkd.nl/iiif/10603212/full/max/0/default.jpg
304824,10716466,digital image,https://media.rkd.nl/iiif/10716466/full/max/0/default.jpg
304826,10716469,BD/Digital Collection,https://media.rkd.nl/iiif/10716469/full/max/0/default.jpg
304831,10716473,BD/Digital Collection,https://media.rkd.nl/iiif/10716473/full/max/0/default.jpg
304832,10716475,BD/Digital Collection,https://media.rkd.nl/iiif/10716475/full/max/0/default.jpg
304835,10716478,BD/Digital Collection,https://media.rkd.nl/iiif/10716478/full/max/0/default.jpg
304836,10716479,BD/Digital Collection,https://media.rkd.nl/iiif/10716479/full/max/0/default.jpg
304837,10716480,BD/Digital Collection,https://media.rkd.nl/iiif/10716480/full/max/0/default.jpg
304840,10716484,digital image,https://media.rkd.nl/iiif/10716484/full/max/0/default.jpg
304842,10716486,digital image,https://media.rkd.nl/iiif/10716486/full/max/0/default.jpg
304843,10716487,digital image,https://media.rkd.nl/iiif/10716487/full/max/0/default.jpg
304852,10716495,digital image,https://media.rkd.nl/iiif/10716495/full/max/0/default.jpg
304852,10716496,digital image,https://media.rkd.nl/iiif/10716496/full/max/0/default.jpg
304854,10716499,digital image,https://media.rkd.nl/iiif/10716499/full/max/0/default.jpg
304860,10716505,digital file,https://media.rkd.nl/iiif/10716505/full/max/0/default.jpg
304861,10716506,digital image,https://media.rkd.nl/iiif/10716506/full/max/0/default.jpg
304866,10716510,black-and-white reproduction,https://media.rkd.nl/iiif/10716510/full/max/0/default.jpg
304871,10716515,digital image,https://media.rkd.nl/iiif/10716515/full/max/0/default.jpg
304874,10716517,black-and-white reproduction,https://media.rkd.nl/iiif/10716517/full/max/0/default.jpg
304875,10716518,black-and-white reproduction,https://media.rkd.nl/iiif/10716518/full/max/0/default.jpg
304878,10716520,digital image,https://media.rkd.nl/iiif/10716520/full/max/0/default.jpg
304880,10716521,digital color photograph,https://media.rkd.nl/iiif/10716521/full/max/0/default.jpg
304881,10716522,digital color photograph,https://media.rkd.nl/iiif/10716522/full/max/0/default.jpg
304886,10716530,digital color photograph,https://media.rkd.nl/iiif/10716530/full/max/0/default.jpg
304887,10716532,digital image,https://media.rkd.nl/iiif/10716532/full/max/0/default.jpg
304892,10716538,digital image,https://media.rkd.nl/iiif/10716538/full/max/0/default.jpg
304893,10716541,BD/Digital Collection,https://media.rkd.nl/iiif/10716541/full/max/0/default.jpg
304894,10718655,black-and-white reproduction,https://media.rkd.nl/iiif/10718655/full/max/0/default.jpg
304894,10716542,BD/Digital Collection,https://media.rkd.nl/iiif/10716542/full/max/0/default.jpg
304896,10716558,BD/Digital Collection,https://media.rkd.nl/iiif/10716558/full/max/0/default.jpg
304898,10603215,unknown,https://media.rkd.nl/iiif/10603215/full/max/0/default.jpg
304902,10716549,BD/Digital Collection,https://media.rkd.nl/iiif/10716549/full/max/0/default.jpg
304903,10716551,digital image,https://media.rkd.nl/iiif/10716551/full/max/0/default.jpg
304904,10716552,digital image,https://media.rkd.nl/iiif/10716552/full/max/0/default.jpg
304905,10716553,digital image,https://media.rkd.nl/iiif/10716553/full/max/0/default.jpg
304906,10716554,digital file,https://media.rkd.nl/iiif/10716554/full/max/0/default.jpg
304907,10716555,digital image,https://media.rkd.nl/iiif/10716555/full/max/0/default.jpg
304908,10716556,BD/Digital Collection,https://media.rkd.nl/iiif/10716556/full/max/0/default.jpg
304909,10716557,digital image,https://media.rkd.nl/iiif/10716557/full/max/0/default.jpg
304910,10716559,digital image,https://media.rkd.nl/iiif/10716559/full/max/0/default.jpg
304911,10716560,digital image,https://media.rkd.nl/iiif/10716560/full/max/0/default.jpg
304912,10716561,digital image,https://media.rkd.nl/iiif/10716561/full/max/0/default.jpg
304913,10716562,digital image,https://media.rkd.nl/iiif/10716562/full/max/0/default.jpg
304915,10716564,BD/Digital Collection,https://media.rkd.nl/iiif/10716564/full/max/0/default.jpg
304916,10603219,unknown,https://media.rkd.nl/iiif/10603219/full/max/0/default.jpg
304917,10603218,unknown,https://media.rkd.nl/iiif/10603218/full/max/0/default.jpg
304920,10603217,unknown,https://media.rkd.nl/iiif/10603217/full/max/0/default.jpg
304925,10716571,digital image,https://media.rkd.nl/iiif/10716571/full/max/0/default.jpg
304925,10900125,digital image,https://media.rkd.nl/iiif/10900125/full/max/0/default.jpg
304926,10603222,unknown,https://media.rkd.nl/iiif/10603222/full/max/0/default.jpg
304927,10716573,BD/Digital Collection,https://media.rkd.nl/iiif/10716573/full/max/0/default.jpg
304934,10603223,unknown,https://media.rkd.nl/iiif/10603223/full/max/0/default.jpg
304945,10603283,digital color photograph,https://media.rkd.nl/iiif/10603283/full/max/0/default.jpg
304946,10603284,digital color photograph,https://media.rkd.nl/iiif/10603284/full/max/0/default.jpg
304947,10603285,digital color photograph,https://media.rkd.nl/iiif/10603285/full/max/0/default.jpg
304948,10716587,digital image,https://media.rkd.nl/iiif/10716587/full/max/0/default.jpg
304949,10716588,color reproduction,https://media.rkd.nl/iiif/10716588/full/max/0/default.jpg
304950,10603286,digital color photograph,https://media.rkd.nl/iiif/10603286/full/max/0/default.jpg
304951,10603287,digital color photograph,https://media.rkd.nl/iiif/10603287/full/max/0/default.jpg
304952,10417291,digital color photograph,https://media.rkd.nl/iiif/10417291/full/max/0/default.jpg
304952,10603282,digital color photograph,https://media.rkd.nl/iiif/10603282/full/max/0/default.jpg
304955,10716602,BD/Digital Collection,https://media.rkd.nl/iiif/10716602/full/max/0/default.jpg
304955,10603220,black-and-white reproduction,https://media.rkd.nl/iiif/10603220/full/max/0/default.jpg
304957,10716595,digital image,https://media.rkd.nl/iiif/10716595/full/max/0/default.jpg
304958,10716593,digital image,https://media.rkd.nl/iiif/10716593/full/max/0/default.jpg
304960,10603221,black-and-white reproduction,https://media.rkd.nl/iiif/10603221/full/max/0/default.jpg
304962,10716598,digital image,https://media.rkd.nl/iiif/10716598/full/max/0/default.jpg
304963,10716601,BD/RKD/Witt Microfiches,https://media.rkd.nl/iiif/10716601/full/max/0/default.jpg
304965,10716605,digital image,https://media.rkd.nl/iiif/10716605/full/max/0/default.jpg
304973,10716616,digital image,https://media.rkd.nl/iiif/10716616/full/max/0/default.jpg
304975,10603225,unknown,https://media.rkd.nl/iiif/10603225/full/max/0/default.jpg
304976,10716626,digital file,https://media.rkd.nl/iiif/10716626/full/max/0/default.jpg
304977,10716628,digital image,https://media.rkd.nl/iiif/10716628/full/max/0/default.jpg
304978,10716630,digital image,https://media.rkd.nl/iiif/10716630/full/max/0/default.jpg
304979,10716631,digital image,https://media.rkd.nl/iiif/10716631/full/max/0/default.jpg
304983,10716635,digital image,https://media.rkd.nl/iiif/10716635/full/max/0/default.jpg
304984,10716636,digital image,https://media.rkd.nl/iiif/10716636/full/max/0/default.jpg
304985,10716637,digital image,https://media.rkd.nl/iiif/10716637/full/max/0/default.jpg
304986,10716639,digital image,https://media.rkd.nl/iiif/10716639/full/max/0/default.jpg
304989,10716645,BD/Digital Collection,https://media.rkd.nl/iiif/10716645/full/max/0/default.jpg
304990,10716658,digital image,https://media.rkd.nl/iiif/10716658/full/max/0/default.jpg
304991,10716663,digital image,https://media.rkd.nl/iiif/10716663/full/max/0/default.jpg
305003,10603226,unknown,https://media.rkd.nl/iiif/10603226/full/max/0/default.jpg
305006,10716728,digital image,https://media.rkd.nl/iiif/10716728/full/max/0/default.jpg
305009,11160011,digital color photograph,https://media.rkd.nl/iiif/11160011/full/max/0/default.jpg
305009,10565138,unknown,https://media.rkd.nl/iiif/10565138/full/max/0/default.jpg
305013,10718723,digital image,https://media.rkd.nl/iiif/10718723/full/max/0/default.jpg
305025,10716773,digital image,https://media.rkd.nl/iiif/10716773/full/max/0/default.jpg
305032,10716798,digital image,https://media.rkd.nl/iiif/10716798/full/max/0/default.jpg
305036,10716805,digital image,https://media.rkd.nl/iiif/10716805/full/max/0/default.jpg
305037,10716806,BD/Digital Collection,https://media.rkd.nl/iiif/10716806/full/max/0/default.jpg
305038,10716807,BD/Digital Collection,https://media.rkd.nl/iiif/10716807/full/max/0/default.jpg
305039,10716808,digital image,https://media.rkd.nl/iiif/10716808/full/max/0/default.jpg
305040,10716809,BD/Digital Collection,https://media.rkd.nl/iiif/10716809/full/max/0/default.jpg
305044,10716814,digital image,https://media.rkd.nl/iiif/10716814/full/max/0/default.jpg
305045,10716816,digital image,https://media.rkd.nl/iiif/10716816/full/max/0/default.jpg
305046,10716818,digital image,https://media.rkd.nl/iiif/10716818/full/max/0/default.jpg
305049,10716822,BD/Digital Collection,https://media.rkd.nl/iiif/10716822/full/max/0/default.jpg
305050,10716820,digital image,https://media.rkd.nl/iiif/10716820/full/max/0/default.jpg
305052,10716823,BD/Digital Collection,https://media.rkd.nl/iiif/10716823/full/max/0/default.jpg
305053,10716824,digital image,https://media.rkd.nl/iiif/10716824/full/max/0/default.jpg
305054,10716825,digital image,https://media.rkd.nl/iiif/10716825/full/max/0/default.jpg
305055,10716826,digital image,https://media.rkd.nl/iiif/10716826/full/max/0/default.jpg
305056,10716829,BD/Digital Collection,https://media.rkd.nl/iiif/10716829/full/max/0/default.jpg
305057,10716828,digital image,https://media.rkd.nl/iiif/10716828/full/max/0/default.jpg
305072,10716848,BD/Digital Collection,https://media.rkd.nl/iiif/10716848/full/max/0/default.jpg
305072,10716847,BD/Digital Collection,https://media.rkd.nl/iiif/10716847/full/max/0/default.jpg
305078,10716855,digital image,https://media.rkd.nl/iiif/10716855/full/max/0/default.jpg
305084,10716867,digital image,https://media.rkd.nl/iiif/10716867/full/max/0/default.jpg
305086,10716868,digital image,https://media.rkd.nl/iiif/10716868/full/max/0/default.jpg
305087,10716870,color reproduction,https://media.rkd.nl/iiif/10716870/full/max/0/default.jpg
305088,10716872,BD/Digital Collection,https://media.rkd.nl/iiif/10716872/full/max/0/default.jpg
305089,10716873,BD/Digital Collection,https://media.rkd.nl/iiif/10716873/full/max/0/default.jpg
305090,10716874,BD/Digital Collection,https://media.rkd.nl/iiif/10716874/full/max/0/default.jpg
305092,10716877,BD/Digital Collection,https://media.rkd.nl/iiif/10716877/full/max/0/default.jpg
305093,10716878,digital image,https://media.rkd.nl/iiif/10716878/full/max/0/default.jpg
305096,10716883,BD/Digital Collection,https://media.rkd.nl/iiif/10716883/full/max/0/default.jpg
305097,10716887,color reproduction,https://media.rkd.nl/iiif/10716887/full/max/0/default.jpg
305098,10716884,BD/Digital Collection,https://media.rkd.nl/iiif/10716884/full/max/0/default.jpg
305103,10716899,digital image,https://media.rkd.nl/iiif/10716899/full/max/0/default.jpg
305108,10716920,BD/Digital Collection,https://media.rkd.nl/iiif/10716920/full/max/0/default.jpg
305110,10716923,digital image,https://media.rkd.nl/iiif/10716923/full/max/0/default.jpg
305111,10716924,digital image,https://media.rkd.nl/iiif/10716924/full/max/0/default.jpg
305125,10716942,digital image,https://media.rkd.nl/iiif/10716942/full/max/0/default.jpg
305127,10716947,digital image,https://media.rkd.nl/iiif/10716947/full/max/0/default.jpg
305128,10716948,digital image,https://media.rkd.nl/iiif/10716948/full/max/0/default.jpg
305128,10716949,digital image,https://media.rkd.nl/iiif/10716949/full/max/0/default.jpg
305129,10716950,digital image,https://media.rkd.nl/iiif/10716950/full/max/0/default.jpg
305130,10716952,digital image,https://media.rkd.nl/iiif/10716952/full/max/0/default.jpg
305137,10716957,digital image,https://media.rkd.nl/iiif/10716957/full/max/0/default.jpg
305140,10716962,digital image,https://media.rkd.nl/iiif/10716962/full/max/0/default.jpg
305142,10716964,BD/Digital Collection,https://media.rkd.nl/iiif/10716964/full/max/0/default.jpg
305143,10716965,digital image,https://media.rkd.nl/iiif/10716965/full/max/0/default.jpg
305144,10716970,digital image,https://media.rkd.nl/iiif/10716970/full/max/0/default.jpg
305144,10716971,digital image,https://media.rkd.nl/iiif/10716971/full/max/0/default.jpg
305157,10716990,digital image,https://media.rkd.nl/iiif/10716990/full/max/0/default.jpg
305158,10716991,digital image,https://media.rkd.nl/iiif/10716991/full/max/0/default.jpg
305159,10716995,digital image,https://media.rkd.nl/iiif/10716995/full/max/0/default.jpg
305159,10716996,digital image,https://media.rkd.nl/iiif/10716996/full/max/0/default.jpg
305162,10717000,digital image,https://media.rkd.nl/iiif/10717000/full/max/0/default.jpg
305162,10717002,digital image,https://media.rkd.nl/iiif/10717002/full/max/0/default.jpg
305164,10717004,digital image,https://media.rkd.nl/iiif/10717004/full/max/0/default.jpg
305164,10717005,digital image,https://media.rkd.nl/iiif/10717005/full/max/0/default.jpg
305165,10717006,digital image,https://media.rkd.nl/iiif/10717006/full/max/0/default.jpg
305165,10717007,digital image,https://media.rkd.nl/iiif/10717007/full/max/0/default.jpg
305169,10717015,BD/Digital Collection,https://media.rkd.nl/iiif/10717015/full/max/0/default.jpg
305172,10717030,digital image,https://media.rkd.nl/iiif/10717030/full/max/0/default.jpg
305172,10717020,digital image,https://media.rkd.nl/iiif/10717020/full/max/0/default.jpg
305181,10717029,digital image,https://media.rkd.nl/iiif/10717029/full/max/0/default.jpg
305193,10717042,BD/Digital Collection,https://media.rkd.nl/iiif/10717042/full/max/0/default.jpg
305216,10717067,BD/Digital Collection,https://media.rkd.nl/iiif/10717067/full/max/0/default.jpg
305217,10717068,digital image,https://media.rkd.nl/iiif/10717068/full/max/0/default.jpg
305220,10717072,digital image,https://media.rkd.nl/iiif/10717072/full/max/0/default.jpg
305236,10848242,digital image,https://media.rkd.nl/iiif/10848242/full/max/0/default.jpg
305239,10717099,digital image,https://media.rkd.nl/iiif/10717099/full/max/0/default.jpg
305248,10717119,digital image,https://media.rkd.nl/iiif/10717119/full/max/0/default.jpg
305250,10717117,BD/Digital Collection,https://media.rkd.nl/iiif/10717117/full/max/0/default.jpg
305258,10717136,digital image,https://media.rkd.nl/iiif/10717136/full/max/0/default.jpg
305260,10717280,digital image,https://media.rkd.nl/iiif/10717280/full/max/0/default.jpg
305262,10717143,digital image,https://media.rkd.nl/iiif/10717143/full/max/0/default.jpg
305263,10717144,BD/Digital Collection,https://media.rkd.nl/iiif/10717144/full/max/0/default.jpg
305267,10717148,digital image,https://media.rkd.nl/iiif/10717148/full/max/0/default.jpg
305280,10717163,digital image,https://media.rkd.nl/iiif/10717163/full/max/0/default.jpg
305281,10717162,digital image,https://media.rkd.nl/iiif/10717162/full/max/0/default.jpg
305282,10717164,digital image,https://media.rkd.nl/iiif/10717164/full/max/0/default.jpg
305284,10717166,digital image,https://media.rkd.nl/iiif/10717166/full/max/0/default.jpg
305288,10717171,digital image,https://media.rkd.nl/iiif/10717171/full/max/0/default.jpg
305289,10717288,digital image,https://media.rkd.nl/iiif/10717288/full/max/0/default.jpg
305292,10717175,digital image,https://media.rkd.nl/iiif/10717175/full/max/0/default.jpg
305299,10717180,BD/Digital Collection,https://media.rkd.nl/iiif/10717180/full/max/0/default.jpg
305301,10717185,digital color photograph,https://media.rkd.nl/iiif/10717185/full/max/0/default.jpg
305301,10723997,black and white photograph,https://media.rkd.nl/iiif/10723997/full/max/0/default.jpg
305304,10717187,digital image,https://media.rkd.nl/iiif/10717187/full/max/0/default.jpg
305309,10717194,digital image,https://media.rkd.nl/iiif/10717194/full/max/0/default.jpg
305312,10603438,digital color photograph,https://media.rkd.nl/iiif/10603438/full/max/0/default.jpg
305313,10603236,unknown,https://media.rkd.nl/iiif/10603236/full/max/0/default.jpg
305316,10717200,digital image,https://media.rkd.nl/iiif/10717200/full/max/0/default.jpg
305318,10717204,digital image,https://media.rkd.nl/iiif/10717204/full/max/0/default.jpg
305319,10717203,digital image,https://media.rkd.nl/iiif/10717203/full/max/0/default.jpg
305320,10717205,digital image,https://media.rkd.nl/iiif/10717205/full/max/0/default.jpg
305320,10717206,digital image,https://media.rkd.nl/iiif/10717206/full/max/0/default.jpg
305321,10717207,digital image,https://media.rkd.nl/iiif/10717207/full/max/0/default.jpg
305322,10717208,digital image,https://media.rkd.nl/iiif/10717208/full/max/0/default.jpg
305327,10900041,digital image,https://media.rkd.nl/iiif/10900041/full/max/0/default.jpg
305328,10603659,digital color photograph,https://media.rkd.nl/iiif/10603659/full/max/0/default.jpg
305332,10717227,BD/Digital Collection,https://media.rkd.nl/iiif/10717227/full/max/0/default.jpg
305343,10717241,digital image,https://media.rkd.nl/iiif/10717241/full/max/0/default.jpg
305344,10717243,digital image,https://media.rkd.nl/iiif/10717243/full/max/0/default.jpg
305345,10717244,digital image,https://media.rkd.nl/iiif/10717244/full/max/0/default.jpg
305346,10717253,BD/Digital Collection,https://media.rkd.nl/iiif/10717253/full/max/0/default.jpg
305348,10717255,BD/Digital Collection,https://media.rkd.nl/iiif/10717255/full/max/0/default.jpg
305349,10717251,BD/Digital Collection,https://media.rkd.nl/iiif/10717251/full/max/0/default.jpg
305350,10717252,BD/Digital Collection,https://media.rkd.nl/iiif/10717252/full/max/0/default.jpg
305361,10717265,BD/Digital Collection,https://media.rkd.nl/iiif/10717265/full/max/0/default.jpg
305371,10717289,digital image,https://media.rkd.nl/iiif/10717289/full/max/0/default.jpg
305374,10869793,digital image,https://media.rkd.nl/iiif/10869793/full/max/0/default.jpg
305375,10717286,black-and-white reproduction,https://media.rkd.nl/iiif/10717286/full/max/0/default.jpg
305376,10718842,digital image,https://media.rkd.nl/iiif/10718842/full/max/0/default.jpg
305376,10717287,digital image,https://media.rkd.nl/iiif/10717287/full/max/0/default.jpg
305382,10717293,digital image,https://media.rkd.nl/iiif/10717293/full/max/0/default.jpg
305383,10603748,digital color photograph,https://media.rkd.nl/iiif/10603748/full/max/0/default.jpg
305384,10717304,BD/Digital Collection,https://media.rkd.nl/iiif/10717304/full/max/0/default.jpg
305391,10717311,digital image,https://media.rkd.nl/iiif/10717311/full/max/0/default.jpg
305394,10717315,digital image,https://media.rkd.nl/iiif/10717315/full/max/0/default.jpg
305397,10717318,BD/Digital Collection,https://media.rkd.nl/iiif/10717318/full/max/0/default.jpg
305402,10717324,digital image,https://media.rkd.nl/iiif/10717324/full/max/0/default.jpg
305410,10717332,BD/Digital Collection,https://media.rkd.nl/iiif/10717332/full/max/0/default.jpg
305412,10717334,digital image,https://media.rkd.nl/iiif/10717334/full/max/0/default.jpg
305414,10717337,digital image,https://media.rkd.nl/iiif/10717337/full/max/0/default.jpg
305415,10717338,digital image,https://media.rkd.nl/iiif/10717338/full/max/0/default.jpg
305416,10717339,digital image,https://media.rkd.nl/iiif/10717339/full/max/0/default.jpg
305417,10717340,digital image,https://media.rkd.nl/iiif/10717340/full/max/0/default.jpg
305418,10717341,digital image,https://media.rkd.nl/iiif/10717341/full/max/0/default.jpg
305419,10717342,digital image,https://media.rkd.nl/iiif/10717342/full/max/0/default.jpg
305420,10717343,digital image,https://media.rkd.nl/iiif/10717343/full/max/0/default.jpg
305421,10717349,digital image,https://media.rkd.nl/iiif/10717349/full/max/0/default.jpg
305422,10717351,digital image,https://media.rkd.nl/iiif/10717351/full/max/0/default.jpg
305422,10717350,digital image,https://media.rkd.nl/iiif/10717350/full/max/0/default.jpg
305423,10717352,digital image,https://media.rkd.nl/iiif/10717352/full/max/0/default.jpg
305424,10717354,digital image,https://media.rkd.nl/iiif/10717354/full/max/0/default.jpg
305425,10717355,digital image,https://media.rkd.nl/iiif/10717355/full/max/0/default.jpg
305426,10717356,digital image,https://media.rkd.nl/iiif/10717356/full/max/0/default.jpg
305430,10717363,digital image,https://media.rkd.nl/iiif/10717363/full/max/0/default.jpg
305432,10717364,digital image,https://media.rkd.nl/iiif/10717364/full/max/0/default.jpg
305433,10717365,black-and-white reproduction,https://media.rkd.nl/iiif/10717365/full/max/0/default.jpg
305436,10717369,digital image,https://media.rkd.nl/iiif/10717369/full/max/0/default.jpg
305437,10717370,BD/Digital Collection,https://media.rkd.nl/iiif/10717370/full/max/0/default.jpg
305441,10717377,digital image,https://media.rkd.nl/iiif/10717377/full/max/0/default.jpg
305445,10717379,digital image,https://media.rkd.nl/iiif/10717379/full/max/0/default.jpg
305449,10717388,digital image,https://media.rkd.nl/iiif/10717388/full/max/0/default.jpg
305450,10717389,black-and-white reproduction,https://media.rkd.nl/iiif/10717389/full/max/0/default.jpg
305452,10717914,digital image,https://media.rkd.nl/iiif/10717914/full/max/0/default.jpg
305458,10717417,black-and-white reproduction,https://media.rkd.nl/iiif/10717417/full/max/0/default.jpg
305459,10717426,BD/Digital Collection,https://media.rkd.nl/iiif/10717426/full/max/0/default.jpg
305461,10717429,digital image,https://media.rkd.nl/iiif/10717429/full/max/0/default.jpg
305463,10717431,digital image,https://media.rkd.nl/iiif/10717431/full/max/0/default.jpg
305464,10717428,digital image,https://media.rkd.nl/iiif/10717428/full/max/0/default.jpg
305465,10717432,digital image,https://media.rkd.nl/iiif/10717432/full/max/0/default.jpg
305466,10717433,digital image,https://media.rkd.nl/iiif/10717433/full/max/0/default.jpg
305467,10717436,digital image,https://media.rkd.nl/iiif/10717436/full/max/0/default.jpg
305468,10717438,digital image,https://media.rkd.nl/iiif/10717438/full/max/0/default.jpg
305469,10717819,BD/Digital Collection,https://media.rkd.nl/iiif/10717819/full/max/0/default.jpg
305470,10717437,digital image,https://media.rkd.nl/iiif/10717437/full/max/0/default.jpg
305473,10717452,digital image,https://media.rkd.nl/iiif/10717452/full/max/0/default.jpg
305476,10717453,digital image,https://media.rkd.nl/iiif/10717453/full/max/0/default.jpg
305477,10717454,digital image,https://media.rkd.nl/iiif/10717454/full/max/0/default.jpg
305479,10717456,color reproduction,https://media.rkd.nl/iiif/10717456/full/max/0/default.jpg
305480,10717457,color reproduction,https://media.rkd.nl/iiif/10717457/full/max/0/default.jpg
305482,10717460,digital image,https://media.rkd.nl/iiif/10717460/full/max/0/default.jpg
305483,10717461,color reproduction,https://media.rkd.nl/iiif/10717461/full/max/0/default.jpg
305485,10717462,color reproduction,https://media.rkd.nl/iiif/10717462/full/max/0/default.jpg
305490,10717465,digital image,https://media.rkd.nl/iiif/10717465/full/max/0/default.jpg
305501,10717470,digital image,https://media.rkd.nl/iiif/10717470/full/max/0/default.jpg
305502,10717471,old black-and-white photograph,https://media.rkd.nl/iiif/10717471/full/max/0/default.jpg
305503,10717472,digital image,https://media.rkd.nl/iiif/10717472/full/max/0/default.jpg
305504,10717473,digital image,https://media.rkd.nl/iiif/10717473/full/max/0/default.jpg
305507,10717477,digital image,https://media.rkd.nl/iiif/10717477/full/max/0/default.jpg
305511,10603685,digital color photograph,https://media.rkd.nl/iiif/10603685/full/max/0/default.jpg
305513,10717481,BD/Digital Collection,https://media.rkd.nl/iiif/10717481/full/max/0/default.jpg
305519,10823090,digital image,https://media.rkd.nl/iiif/10823090/full/max/0/default.jpg
305521,10717491,digital image,https://media.rkd.nl/iiif/10717491/full/max/0/default.jpg
305523,10717492,BD/Digital Collection,https://media.rkd.nl/iiif/10717492/full/max/0/default.jpg
305526,10903350,digital image,https://media.rkd.nl/iiif/10903350/full/max/0/default.jpg
305526,10717498,black and white photograph,https://media.rkd.nl/iiif/10717498/full/max/0/default.jpg
305527,10717790,BD/Digital Collection,https://media.rkd.nl/iiif/10717790/full/max/0/default.jpg
305528,10717501,digital image,https://media.rkd.nl/iiif/10717501/full/max/0/default.jpg
305529,10717502,digital image,https://media.rkd.nl/iiif/10717502/full/max/0/default.jpg
305530,10717505,digital image,https://media.rkd.nl/iiif/10717505/full/max/0/default.jpg
305531,10717503,color reproduction,https://media.rkd.nl/iiif/10717503/full/max/0/default.jpg
305532,10717506,digital image,https://media.rkd.nl/iiif/10717506/full/max/0/default.jpg
305533,10717504,BD/Digital Collection,https://media.rkd.nl/iiif/10717504/full/max/0/default.jpg
305534,10717507,digital image,https://media.rkd.nl/iiif/10717507/full/max/0/default.jpg
305535,10717509,digital image,https://media.rkd.nl/iiif/10717509/full/max/0/default.jpg
305537,10717510,BD/Digital Collection,https://media.rkd.nl/iiif/10717510/full/max/0/default.jpg
305539,10717512,black-and-white reproduction,https://media.rkd.nl/iiif/10717512/full/max/0/default.jpg
305540,10717513,BD/Digital Collection,https://media.rkd.nl/iiif/10717513/full/max/0/default.jpg
305541,10717514,black-and-white reproduction,https://media.rkd.nl/iiif/10717514/full/max/0/default.jpg
305542,10717515,digital image,https://media.rkd.nl/iiif/10717515/full/max/0/default.jpg
305543,10717517,digital image,https://media.rkd.nl/iiif/10717517/full/max/0/default.jpg
305544,10717516,digital image,https://media.rkd.nl/iiif/10717516/full/max/0/default.jpg
305545,10717518,digital image,https://media.rkd.nl/iiif/10717518/full/max/0/default.jpg
305546,10603239,black-and-white reproduction,https://media.rkd.nl/iiif/10603239/full/max/0/default.jpg
305547,10717520,digital image,https://media.rkd.nl/iiif/10717520/full/max/0/default.jpg
305548,10904160,BD/Digital Collection,https://media.rkd.nl/iiif/10904160/full/max/0/default.jpg
305549,10717521,digital image,https://media.rkd.nl/iiif/10717521/full/max/0/default.jpg
305554,10717526,digital image,https://media.rkd.nl/iiif/10717526/full/max/0/default.jpg
305555,10889559,digital image,https://media.rkd.nl/iiif/10889559/full/max/0/default.jpg
305555,10717528,digital image,https://media.rkd.nl/iiif/10717528/full/max/0/default.jpg
305556,10717529,digital image,https://media.rkd.nl/iiif/10717529/full/max/0/default.jpg
305558,10717530,digital image,https://media.rkd.nl/iiif/10717530/full/max/0/default.jpg
305560,10717532,digital image,https://media.rkd.nl/iiif/10717532/full/max/0/default.jpg
305562,10717537,digital image,https://media.rkd.nl/iiif/10717537/full/max/0/default.jpg
305563,10717545,BD/Digital Collection,https://media.rkd.nl/iiif/10717545/full/max/0/default.jpg
305563,10717544,digital image,https://media.rkd.nl/iiif/10717544/full/max/0/default.jpg
305567,10717546,digital image,https://media.rkd.nl/iiif/10717546/full/max/0/default.jpg
305573,10717564,BD/Digital Collection,https://media.rkd.nl/iiif/10717564/full/max/0/default.jpg
305574,10717568,digital image,https://media.rkd.nl/iiif/10717568/full/max/0/default.jpg
305575,10717570,digital image,https://media.rkd.nl/iiif/10717570/full/max/0/default.jpg
305576,10717572,digital image,https://media.rkd.nl/iiif/10717572/full/max/0/default.jpg
305577,10717573,color reproduction,https://media.rkd.nl/iiif/10717573/full/max/0/default.jpg
305579,10717578,digital image,https://media.rkd.nl/iiif/10717578/full/max/0/default.jpg
305586,10719277,digital image,https://media.rkd.nl/iiif/10719277/full/max/0/default.jpg
305586,10717649,digital image,https://media.rkd.nl/iiif/10717649/full/max/0/default.jpg
305598,10717651,digital image,https://media.rkd.nl/iiif/10717651/full/max/0/default.jpg
305609,10870446,filing card,https://media.rkd.nl/iiif/10870446/full/max/0/default.jpg
305611,10717669,digital image,https://media.rkd.nl/iiif/10717669/full/max/0/default.jpg
305612,10717670,digital image,https://media.rkd.nl/iiif/10717670/full/max/0/default.jpg
305614,10717672,digital image,https://media.rkd.nl/iiif/10717672/full/max/0/default.jpg
305615,10717673,BD/Digital Collection,https://media.rkd.nl/iiif/10717673/full/max/0/default.jpg
305619,10717676,digital image,https://media.rkd.nl/iiif/10717676/full/max/0/default.jpg
305623,10717681,digital image,https://media.rkd.nl/iiif/10717681/full/max/0/default.jpg
305627,10848975,digital image,https://media.rkd.nl/iiif/10848975/full/max/0/default.jpg
305628,10717689,digital image,https://media.rkd.nl/iiif/10717689/full/max/0/default.jpg
305634,10717693,BD/Digital Collection,https://media.rkd.nl/iiif/10717693/full/max/0/default.jpg
305637,10717697,BD/Digital Collection,https://media.rkd.nl/iiif/10717697/full/max/0/default.jpg
305638,10717700,digital image,https://media.rkd.nl/iiif/10717700/full/max/0/default.jpg
305642,10717707,BD/Digital Collection,https://media.rkd.nl/iiif/10717707/full/max/0/default.jpg
305643,10717713,digital color photograph,https://media.rkd.nl/iiif/10717713/full/max/0/default.jpg
305646,10717714,BD/Digital Collection,https://media.rkd.nl/iiif/10717714/full/max/0/default.jpg
305659,10717724,BD/Digital Collection,https://media.rkd.nl/iiif/10717724/full/max/0/default.jpg
305662,10717727,digital image,https://media.rkd.nl/iiif/10717727/full/max/0/default.jpg
305664,10902614,digital image,https://media.rkd.nl/iiif/10902614/full/max/0/default.jpg
305668,10717733,digital image,https://media.rkd.nl/iiif/10717733/full/max/0/default.jpg
305669,10717734,digital image,https://media.rkd.nl/iiif/10717734/full/max/0/default.jpg
305670,10719578,digital image,https://media.rkd.nl/iiif/10719578/full/max/0/default.jpg
305674,10717740,digital image,https://media.rkd.nl/iiif/10717740/full/max/0/default.jpg
305674,10717739,digital image,https://media.rkd.nl/iiif/10717739/full/max/0/default.jpg
305681,10717778,color reproduction,https://media.rkd.nl/iiif/10717778/full/max/0/default.jpg
305684,10717752,digital image,https://media.rkd.nl/iiif/10717752/full/max/0/default.jpg
305685,10717753,digital image,https://media.rkd.nl/iiif/10717753/full/max/0/default.jpg
305687,10717754,digital image,https://media.rkd.nl/iiif/10717754/full/max/0/default.jpg
305688,10827748,digital image,https://media.rkd.nl/iiif/10827748/full/max/0/default.jpg
305689,10717756,digital image,https://media.rkd.nl/iiif/10717756/full/max/0/default.jpg
305690,10717757,digital image,https://media.rkd.nl/iiif/10717757/full/max/0/default.jpg
305694,10816613,digital image,https://media.rkd.nl/iiif/10816613/full/max/0/default.jpg
305696,10717761,color photograph,https://media.rkd.nl/iiif/10717761/full/max/0/default.jpg
305698,10717764,digital image,https://media.rkd.nl/iiif/10717764/full/max/0/default.jpg
305700,10717766,digital image,https://media.rkd.nl/iiif/10717766/full/max/0/default.jpg
305708,10717779,digital image,https://media.rkd.nl/iiif/10717779/full/max/0/default.jpg
305710,10717780,digital image,https://media.rkd.nl/iiif/10717780/full/max/0/default.jpg
305711,10816478,digital image,https://media.rkd.nl/iiif/10816478/full/max/0/default.jpg
305712,10718684,digital image,https://media.rkd.nl/iiif/10718684/full/max/0/default.jpg
305714,10717785,digital color photograph,https://media.rkd.nl/iiif/10717785/full/max/0/default.jpg
305715,10717786,digital color photograph,https://media.rkd.nl/iiif/10717786/full/max/0/default.jpg
305717,10717788,digital image,https://media.rkd.nl/iiif/10717788/full/max/0/default.jpg
305718,10717783,digital image,https://media.rkd.nl/iiif/10717783/full/max/0/default.jpg
305719,10717792,digital image,https://media.rkd.nl/iiif/10717792/full/max/0/default.jpg
305721,10717795,digital image,https://media.rkd.nl/iiif/10717795/full/max/0/default.jpg
305723,10717797,digital image,https://media.rkd.nl/iiif/10717797/full/max/0/default.jpg
305726,10717803,digital image,https://media.rkd.nl/iiif/10717803/full/max/0/default.jpg
305734,10717813,black-and-white reproduction,https://media.rkd.nl/iiif/10717813/full/max/0/default.jpg
305745,10719569,digital image,https://media.rkd.nl/iiif/10719569/full/max/0/default.jpg
305746,10717826,digital image,https://media.rkd.nl/iiif/10717826/full/max/0/default.jpg
305747,10717827,digital image,https://media.rkd.nl/iiif/10717827/full/max/0/default.jpg
305748,10717828,digital image,https://media.rkd.nl/iiif/10717828/full/max/0/default.jpg
305748,10717829,digital image,https://media.rkd.nl/iiif/10717829/full/max/0/default.jpg
305749,10717831,digital image,https://media.rkd.nl/iiif/10717831/full/max/0/default.jpg
305752,10717832,digital image,https://media.rkd.nl/iiif/10717832/full/max/0/default.jpg
305753,10717833,digital image,https://media.rkd.nl/iiif/10717833/full/max/0/default.jpg
305753,10717835,digital image,https://media.rkd.nl/iiif/10717835/full/max/0/default.jpg
305754,10717834,digital image,https://media.rkd.nl/iiif/10717834/full/max/0/default.jpg
305758,10717842,digital image,https://media.rkd.nl/iiif/10717842/full/max/0/default.jpg
305759,10717843,black-and-white reproduction,https://media.rkd.nl/iiif/10717843/full/max/0/default.jpg
305760,10717844,digital image,https://media.rkd.nl/iiif/10717844/full/max/0/default.jpg
305761,10717845,digital image,https://media.rkd.nl/iiif/10717845/full/max/0/default.jpg
305762,10717846,digital image,https://media.rkd.nl/iiif/10717846/full/max/0/default.jpg
305763,10717847,digital image,https://media.rkd.nl/iiif/10717847/full/max/0/default.jpg
305769,10717854,digital image,https://media.rkd.nl/iiif/10717854/full/max/0/default.jpg
305770,10717856,BD/Digital Collection,https://media.rkd.nl/iiif/10717856/full/max/0/default.jpg
305771,10717855,digital image,https://media.rkd.nl/iiif/10717855/full/max/0/default.jpg
305772,10717858,digital image,https://media.rkd.nl/iiif/10717858/full/max/0/default.jpg
305777,10717860,digital image,https://media.rkd.nl/iiif/10717860/full/max/0/default.jpg
305777,10717861,digital image,https://media.rkd.nl/iiif/10717861/full/max/0/default.jpg
305788,10717873,black and white photograph,https://media.rkd.nl/iiif/10717873/full/max/0/default.jpg
305792,10717880,digital color photograph,https://media.rkd.nl/iiif/10717880/full/max/0/default.jpg
305813,10717908,color reproduction,https://media.rkd.nl/iiif/10717908/full/max/0/default.jpg
305814,10717909,color reproduction,https://media.rkd.nl/iiif/10717909/full/max/0/default.jpg
305820,10717928,digital image,https://media.rkd.nl/iiif/10717928/full/max/0/default.jpg
305820,10717929,digital image,https://media.rkd.nl/iiif/10717929/full/max/0/default.jpg
305824,10717934,digital image,https://media.rkd.nl/iiif/10717934/full/max/0/default.jpg
305825,10717935,digital image,https://media.rkd.nl/iiif/10717935/full/max/0/default.jpg
305827,10717936,digital image,https://media.rkd.nl/iiif/10717936/full/max/0/default.jpg
305828,10717937,digital image,https://media.rkd.nl/iiif/10717937/full/max/0/default.jpg
305838,10717979,digital image,https://media.rkd.nl/iiif/10717979/full/max/0/default.jpg
305838,10717980,digital image,https://media.rkd.nl/iiif/10717980/full/max/0/default.jpg
305840,10869612,digital image,https://media.rkd.nl/iiif/10869612/full/max/0/default.jpg
305841,10869615,digital image,https://media.rkd.nl/iiif/10869615/full/max/0/default.jpg
305850,10900727,BD/Digital Collection,https://media.rkd.nl/iiif/10900727/full/max/0/default.jpg
305853,10718027,BD/Digital Collection,https://media.rkd.nl/iiif/10718027/full/max/0/default.jpg
305854,10718030,BD/Digital Collection,https://media.rkd.nl/iiif/10718030/full/max/0/default.jpg
305860,10718053,digital image,https://media.rkd.nl/iiif/10718053/full/max/0/default.jpg
305861,10718054,digital image,https://media.rkd.nl/iiif/10718054/full/max/0/default.jpg
305866,10718063,BD/Digital Collection,https://media.rkd.nl/iiif/10718063/full/max/0/default.jpg
305880,10900421,BD/Digital Collection,https://media.rkd.nl/iiif/10900421/full/max/0/default.jpg
305883,10718087,BD/Digital Collection,https://media.rkd.nl/iiif/10718087/full/max/0/default.jpg
305888,10718093,digital image,https://media.rkd.nl/iiif/10718093/full/max/0/default.jpg
305895,10718098,digital image,https://media.rkd.nl/iiif/10718098/full/max/0/default.jpg
305896,10718102,BD/Digital Collection,https://media.rkd.nl/iiif/10718102/full/max/0/default.jpg
305897,10718104,digital image,https://media.rkd.nl/iiif/10718104/full/max/0/default.jpg
305898,10718445,digital image,https://media.rkd.nl/iiif/10718445/full/max/0/default.jpg
305902,10718630,digital image,https://media.rkd.nl/iiif/10718630/full/max/0/default.jpg
305907,10718120,digital image,https://media.rkd.nl/iiif/10718120/full/max/0/default.jpg
305908,10718121,BD/Digital Collection,https://media.rkd.nl/iiif/10718121/full/max/0/default.jpg
305910,10718335,BD/Digital Collection,https://media.rkd.nl/iiif/10718335/full/max/0/default.jpg
305910,10632542,digital image,https://media.rkd.nl/iiif/10632542/full/max/0/default.jpg
305914,10718128,digital image,https://media.rkd.nl/iiif/10718128/full/max/0/default.jpg
305915,10718137,digital image,https://media.rkd.nl/iiif/10718137/full/max/0/default.jpg
305916,10718136,digital image,https://media.rkd.nl/iiif/10718136/full/max/0/default.jpg
305917,10718140,digital image,https://media.rkd.nl/iiif/10718140/full/max/0/default.jpg
305918,10718142,digital image,https://media.rkd.nl/iiif/10718142/full/max/0/default.jpg
305919,10718143,digital image,https://media.rkd.nl/iiif/10718143/full/max/0/default.jpg
305919,10718144,digital image,https://media.rkd.nl/iiif/10718144/full/max/0/default.jpg
305919,10718145,digital image,https://media.rkd.nl/iiif/10718145/full/max/0/default.jpg
305926,10718155,digital image,https://media.rkd.nl/iiif/10718155/full/max/0/default.jpg
305927,10718156,black-and-white reproduction,https://media.rkd.nl/iiif/10718156/full/max/0/default.jpg
305929,10718159,digital image,https://media.rkd.nl/iiif/10718159/full/max/0/default.jpg
305930,10718163,black and white photograph,https://media.rkd.nl/iiif/10718163/full/max/0/default.jpg
305936,10718171,digital image,https://media.rkd.nl/iiif/10718171/full/max/0/default.jpg
305937,10718172,digital image,https://media.rkd.nl/iiif/10718172/full/max/0/default.jpg
305947,10718184,digital image,https://media.rkd.nl/iiif/10718184/full/max/0/default.jpg
305949,10718192,black and white photograph,https://media.rkd.nl/iiif/10718192/full/max/0/default.jpg
305949,10718199,black-and-white photocopy,https://media.rkd.nl/iiif/10718199/full/max/0/default.jpg
305952,10718203,black and white photograph,https://media.rkd.nl/iiif/10718203/full/max/0/default.jpg
305952,10718202,black and white photograph,https://media.rkd.nl/iiif/10718202/full/max/0/default.jpg
305967,10827747,digital image,https://media.rkd.nl/iiif/10827747/full/max/0/default.jpg
305968,10718230,digital image,https://media.rkd.nl/iiif/10718230/full/max/0/default.jpg
305969,10718231,BD/Digital Collection,https://media.rkd.nl/iiif/10718231/full/max/0/default.jpg
305971,10718233,BD/Digital Collection,https://media.rkd.nl/iiif/10718233/full/max/0/default.jpg
305972,10718234,BD/Digital Collection,https://media.rkd.nl/iiif/10718234/full/max/0/default.jpg
305973,10718235,BD/Digital Collection,https://media.rkd.nl/iiif/10718235/full/max/0/default.jpg
305975,10718237,BD/Digital Collection,https://media.rkd.nl/iiif/10718237/full/max/0/default.jpg
305976,10718238,BD/Digital Collection,https://media.rkd.nl/iiif/10718238/full/max/0/default.jpg
305977,10718239,BD/Digital Collection,https://media.rkd.nl/iiif/10718239/full/max/0/default.jpg
305979,10718241,BD/Digital Collection,https://media.rkd.nl/iiif/10718241/full/max/0/default.jpg
305984,10718248,BD/Digital Collection,https://media.rkd.nl/iiif/10718248/full/max/0/default.jpg
305987,10718251,BD/Digital Collection,https://media.rkd.nl/iiif/10718251/full/max/0/default.jpg
305988,10718252,BD/Digital Collection,https://media.rkd.nl/iiif/10718252/full/max/0/default.jpg
305992,10718257,BD/Digital Collection,https://media.rkd.nl/iiif/10718257/full/max/0/default.jpg
305993,10718258,BD/Digital Collection,https://media.rkd.nl/iiif/10718258/full/max/0/default.jpg
305996,10718262,BD/Digital Collection,https://media.rkd.nl/iiif/10718262/full/max/0/default.jpg
306019,10718287,digital image,https://media.rkd.nl/iiif/10718287/full/max/0/default.jpg
306021,10718289,digital image,https://media.rkd.nl/iiif/10718289/full/max/0/default.jpg
306022,10603245,unknown,https://media.rkd.nl/iiif/10603245/full/max/0/default.jpg
306022,10718292,BD/Digital Collection,https://media.rkd.nl/iiif/10718292/full/max/0/default.jpg
306027,10718295,BD/Digital Collection,https://media.rkd.nl/iiif/10718295/full/max/0/default.jpg
306028,10718293,digital image,https://media.rkd.nl/iiif/10718293/full/max/0/default.jpg
306028,10718294,digital image,https://media.rkd.nl/iiif/10718294/full/max/0/default.jpg
306029,10718296,digital image,https://media.rkd.nl/iiif/10718296/full/max/0/default.jpg
306033,10718297,digital image,https://media.rkd.nl/iiif/10718297/full/max/0/default.jpg
306034,10718298,digital image,https://media.rkd.nl/iiif/10718298/full/max/0/default.jpg
306040,10718300,digital image,https://media.rkd.nl/iiif/10718300/full/max/0/default.jpg
306049,10718361,BD/Digital Collection,https://media.rkd.nl/iiif/10718361/full/max/0/default.jpg
306067,10718327,BD/Digital Collection,https://media.rkd.nl/iiif/10718327/full/max/0/default.jpg
306074,11000262,digital image,https://media.rkd.nl/iiif/11000262/full/max/0/default.jpg
306074,10898800,black-and-white reproduction,https://media.rkd.nl/iiif/10898800/full/max/0/default.jpg
306074,10898801,brown photograph,https://media.rkd.nl/iiif/10898801/full/max/0/default.jpg
306086,11119803,digital image,https://media.rkd.nl/iiif/11119803/full/max/0/default.jpg
306086,10718408,color reproduction,https://media.rkd.nl/iiif/10718408/full/max/0/default.jpg
306086,10718389,black and white photograph,https://media.rkd.nl/iiif/10718389/full/max/0/default.jpg
306097,10718402,digital image,https://media.rkd.nl/iiif/10718402/full/max/0/default.jpg
306099,10718404,BD/Digital Collection,https://media.rkd.nl/iiif/10718404/full/max/0/default.jpg
306101,10718409,digital image,https://media.rkd.nl/iiif/10718409/full/max/0/default.jpg
306104,10718411,BD/Digital Collection,https://media.rkd.nl/iiif/10718411/full/max/0/default.jpg
306108,10898782,digital image,https://media.rkd.nl/iiif/10898782/full/max/0/default.jpg
306108,10862924,black and white photograph,https://media.rkd.nl/iiif/10862924/full/max/0/default.jpg
306114,10718444,BD/Digital Collection,https://media.rkd.nl/iiif/10718444/full/max/0/default.jpg
306119,10718455,BD/Digital Collection,https://media.rkd.nl/iiif/10718455/full/max/0/default.jpg
306121,10718456,digital image,https://media.rkd.nl/iiif/10718456/full/max/0/default.jpg
306125,10718507,digital image,https://media.rkd.nl/iiif/10718507/full/max/0/default.jpg
306125,10603246,brown photograph,https://media.rkd.nl/iiif/10603246/full/max/0/default.jpg
306125,10718461,brown photograph,https://media.rkd.nl/iiif/10718461/full/max/0/default.jpg
306127,10718463,digital image,https://media.rkd.nl/iiif/10718463/full/max/0/default.jpg
306129,10718465,color reproduction,https://media.rkd.nl/iiif/10718465/full/max/0/default.jpg
306135,10718501,digital image,https://media.rkd.nl/iiif/10718501/full/max/0/default.jpg
306140,10718509,digital image,https://media.rkd.nl/iiif/10718509/full/max/0/default.jpg
306150,10718535,BD/Digital Collection,https://media.rkd.nl/iiif/10718535/full/max/0/default.jpg
306154,10718541,digital image,https://media.rkd.nl/iiif/10718541/full/max/0/default.jpg
306162,10718553,digital image,https://media.rkd.nl/iiif/10718553/full/max/0/default.jpg
306163,10718554,digital image,https://media.rkd.nl/iiif/10718554/full/max/0/default.jpg
306171,10416635,digital color photograph,https://media.rkd.nl/iiif/10416635/full/max/0/default.jpg
306175,10718581,BD/Digital Collection,https://media.rkd.nl/iiif/10718581/full/max/0/default.jpg
306175,10718573,black-and-white reproduction,https://media.rkd.nl/iiif/10718573/full/max/0/default.jpg
306181,10718579,BD/Digital Collection,https://media.rkd.nl/iiif/10718579/full/max/0/default.jpg
306182,10718582,digital image,https://media.rkd.nl/iiif/10718582/full/max/0/default.jpg
306183,10718583,black-and-white reproduction,https://media.rkd.nl/iiif/10718583/full/max/0/default.jpg
306184,10718584,digital image,https://media.rkd.nl/iiif/10718584/full/max/0/default.jpg
306190,10718601,digital image,https://media.rkd.nl/iiif/10718601/full/max/0/default.jpg
306191,10718603,black and white photograph,https://media.rkd.nl/iiif/10718603/full/max/0/default.jpg
306193,10718606,digital image,https://media.rkd.nl/iiif/10718606/full/max/0/default.jpg
306193,10718607,digital image,https://media.rkd.nl/iiif/10718607/full/max/0/default.jpg
306194,10718608,digital image,https://media.rkd.nl/iiif/10718608/full/max/0/default.jpg
306195,10718609,digital image,https://media.rkd.nl/iiif/10718609/full/max/0/default.jpg
306195,10718610,digital image,https://media.rkd.nl/iiif/10718610/full/max/0/default.jpg
306195,10718611,digital image,https://media.rkd.nl/iiif/10718611/full/max/0/default.jpg
306195,10718612,digital image,https://media.rkd.nl/iiif/10718612/full/max/0/default.jpg
306196,10604057,digital color photograph,https://media.rkd.nl/iiif/10604057/full/max/0/default.jpg
306198,10604059,digital color photograph,https://media.rkd.nl/iiif/10604059/full/max/0/default.jpg
306201,10604061,digital color photograph,https://media.rkd.nl/iiif/10604061/full/max/0/default.jpg
306202,10718620,color reproduction,https://media.rkd.nl/iiif/10718620/full/max/0/default.jpg
306202,10718619,black-and-white reproduction,https://media.rkd.nl/iiif/10718619/full/max/0/default.jpg
306204,10604049,digital color photograph,https://media.rkd.nl/iiif/10604049/full/max/0/default.jpg
306205,10604055,digital color photograph,https://media.rkd.nl/iiif/10604055/full/max/0/default.jpg
306207,10604051,digital color photograph,https://media.rkd.nl/iiif/10604051/full/max/0/default.jpg
306208,10604053,digital color photograph,https://media.rkd.nl/iiif/10604053/full/max/0/default.jpg
306212,10604041,digital color photograph,https://media.rkd.nl/iiif/10604041/full/max/0/default.jpg
306213,10604039,digital color photograph,https://media.rkd.nl/iiif/10604039/full/max/0/default.jpg
306214,10604043,digital color photograph,https://media.rkd.nl/iiif/10604043/full/max/0/default.jpg
306216,10604045,digital color photograph,https://media.rkd.nl/iiif/10604045/full/max/0/default.jpg
306217,10604047,digital color photograph,https://media.rkd.nl/iiif/10604047/full/max/0/default.jpg
306218,10604322,digital color photograph,https://media.rkd.nl/iiif/10604322/full/max/0/default.jpg
306219,10604320,digital color photograph,https://media.rkd.nl/iiif/10604320/full/max/0/default.jpg
306220,10604312,digital color photograph,https://media.rkd.nl/iiif/10604312/full/max/0/default.jpg
306221,10604314,digital color photograph,https://media.rkd.nl/iiif/10604314/full/max/0/default.jpg
306222,10604316,digital color photograph,https://media.rkd.nl/iiif/10604316/full/max/0/default.jpg
306223,10604318,digital color photograph,https://media.rkd.nl/iiif/10604318/full/max/0/default.jpg
306231,10718653,digital image,https://media.rkd.nl/iiif/10718653/full/max/0/default.jpg
306232,10718664,digital image,https://media.rkd.nl/iiif/10718664/full/max/0/default.jpg
306232,10718654,digital image,https://media.rkd.nl/iiif/10718654/full/max/0/default.jpg
306233,10604310,digital color photograph,https://media.rkd.nl/iiif/10604310/full/max/0/default.jpg
306234,10604304,digital color photograph,https://media.rkd.nl/iiif/10604304/full/max/0/default.jpg
306235,10604308,digital color photograph,https://media.rkd.nl/iiif/10604308/full/max/0/default.jpg
306236,10604306,digital color photograph,https://media.rkd.nl/iiif/10604306/full/max/0/default.jpg
306252,10718656,digital image,https://media.rkd.nl/iiif/10718656/full/max/0/default.jpg
306252,10718657,digital image,https://media.rkd.nl/iiif/10718657/full/max/0/default.jpg
306253,10718658,BD/Digital Collection,https://media.rkd.nl/iiif/10718658/full/max/0/default.jpg
306260,10718666,digital image,https://media.rkd.nl/iiif/10718666/full/max/0/default.jpg
306261,10718667,digital image,https://media.rkd.nl/iiif/10718667/full/max/0/default.jpg
306262,10718668,digital image,https://media.rkd.nl/iiif/10718668/full/max/0/default.jpg
306268,10718672,BD/Digital Collection,https://media.rkd.nl/iiif/10718672/full/max/0/default.jpg
306269,10718674,digital image,https://media.rkd.nl/iiif/10718674/full/max/0/default.jpg
306275,10718679,digital image,https://media.rkd.nl/iiif/10718679/full/max/0/default.jpg
306277,10718682,digital image,https://media.rkd.nl/iiif/10718682/full/max/0/default.jpg
306278,10718683,digital image,https://media.rkd.nl/iiif/10718683/full/max/0/default.jpg
306280,10604143,digital color photograph,https://media.rkd.nl/iiif/10604143/full/max/0/default.jpg
306281,10604145,digital color photograph,https://media.rkd.nl/iiif/10604145/full/max/0/default.jpg
306282,10604147,digital color photograph,https://media.rkd.nl/iiif/10604147/full/max/0/default.jpg
306283,10604149,digital color photograph,https://media.rkd.nl/iiif/10604149/full/max/0/default.jpg
306284,10604151,digital color photograph,https://media.rkd.nl/iiif/10604151/full/max/0/default.jpg
306285,10718685,digital image,https://media.rkd.nl/iiif/10718685/full/max/0/default.jpg
306286,10604153,digital color photograph,https://media.rkd.nl/iiif/10604153/full/max/0/default.jpg
306288,10604155,digital color photograph,https://media.rkd.nl/iiif/10604155/full/max/0/default.jpg
306289,10604157,digital color photograph,https://media.rkd.nl/iiif/10604157/full/max/0/default.jpg
306290,10604159,digital color photograph,https://media.rkd.nl/iiif/10604159/full/max/0/default.jpg
306291,10604161,digital color photograph,https://media.rkd.nl/iiif/10604161/full/max/0/default.jpg
306292,10604163,digital color photograph,https://media.rkd.nl/iiif/10604163/full/max/0/default.jpg
306294,10604165,digital color photograph,https://media.rkd.nl/iiif/10604165/full/max/0/default.jpg
306295,10604167,digital color photograph,https://media.rkd.nl/iiif/10604167/full/max/0/default.jpg
306296,10604169,digital color photograph,https://media.rkd.nl/iiif/10604169/full/max/0/default.jpg
306297,10604171,digital color photograph,https://media.rkd.nl/iiif/10604171/full/max/0/default.jpg
306298,10604173,digital color photograph,https://media.rkd.nl/iiif/10604173/full/max/0/default.jpg
306300,10604021,digital color photograph,https://media.rkd.nl/iiif/10604021/full/max/0/default.jpg
306301,10604023,digital color photograph,https://media.rkd.nl/iiif/10604023/full/max/0/default.jpg
306302,10604025,digital color photograph,https://media.rkd.nl/iiif/10604025/full/max/0/default.jpg
306303,10604027,digital color photograph,https://media.rkd.nl/iiif/10604027/full/max/0/default.jpg
306304,10604029,digital color photograph,https://media.rkd.nl/iiif/10604029/full/max/0/default.jpg
306305,10718695,BD/Digital Collection,https://media.rkd.nl/iiif/10718695/full/max/0/default.jpg
306306,10718696,BD/Digital Collection,https://media.rkd.nl/iiif/10718696/full/max/0/default.jpg
306307,10718697,BD/Digital Collection,https://media.rkd.nl/iiif/10718697/full/max/0/default.jpg
306308,10718698,digital image,https://media.rkd.nl/iiif/10718698/full/max/0/default.jpg
306310,10718700,black and white photograph,https://media.rkd.nl/iiif/10718700/full/max/0/default.jpg
306314,10718704,digital image,https://media.rkd.nl/iiif/10718704/full/max/0/default.jpg
306315,10718705,black and white photograph,https://media.rkd.nl/iiif/10718705/full/max/0/default.jpg
306319,10718707,digital image,https://media.rkd.nl/iiif/10718707/full/max/0/default.jpg
306321,10718710,digital image,https://media.rkd.nl/iiif/10718710/full/max/0/default.jpg
306324,10718713,digital image,https://media.rkd.nl/iiif/10718713/full/max/0/default.jpg
306328,10604031,digital color photograph,https://media.rkd.nl/iiif/10604031/full/max/0/default.jpg
306329,10604033,digital color photograph,https://media.rkd.nl/iiif/10604033/full/max/0/default.jpg
306330,10604035,digital color photograph,https://media.rkd.nl/iiif/10604035/full/max/0/default.jpg
306331,10604037,digital color photograph,https://media.rkd.nl/iiif/10604037/full/max/0/default.jpg
306332,10604175,digital color photograph,https://media.rkd.nl/iiif/10604175/full/max/0/default.jpg
306333,10604177,digital color photograph,https://media.rkd.nl/iiif/10604177/full/max/0/default.jpg
306334,10604183,digital color photograph,https://media.rkd.nl/iiif/10604183/full/max/0/default.jpg
306334,10604185,digital color photograph,https://media.rkd.nl/iiif/10604185/full/max/0/default.jpg
306335,10604180,digital color photograph,https://media.rkd.nl/iiif/10604180/full/max/0/default.jpg
306335,10604182,digital color photograph,https://media.rkd.nl/iiif/10604182/full/max/0/default.jpg
306336,10604179,digital color photograph,https://media.rkd.nl/iiif/10604179/full/max/0/default.jpg
306340,10604189,digital color photograph,https://media.rkd.nl/iiif/10604189/full/max/0/default.jpg
306341,10604187,digital color photograph,https://media.rkd.nl/iiif/10604187/full/max/0/default.jpg
306342,10604191,digital color photograph,https://media.rkd.nl/iiif/10604191/full/max/0/default.jpg
306343,10604193,digital color photograph,https://media.rkd.nl/iiif/10604193/full/max/0/default.jpg
306345,10604195,digital color photograph,https://media.rkd.nl/iiif/10604195/full/max/0/default.jpg
306346,10604196,digital color photograph,https://media.rkd.nl/iiif/10604196/full/max/0/default.jpg
306346,10604198,digital color photograph,https://media.rkd.nl/iiif/10604198/full/max/0/default.jpg
306356,10604202,digital color photograph,https://media.rkd.nl/iiif/10604202/full/max/0/default.jpg
306358,10604200,digital color photograph,https://media.rkd.nl/iiif/10604200/full/max/0/default.jpg
306359,10604204,digital color photograph,https://media.rkd.nl/iiif/10604204/full/max/0/default.jpg
306360,10604214,digital color photograph,https://media.rkd.nl/iiif/10604214/full/max/0/default.jpg
306361,10604218,digital color photograph,https://media.rkd.nl/iiif/10604218/full/max/0/default.jpg
306362,10604210,digital color photograph,https://media.rkd.nl/iiif/10604210/full/max/0/default.jpg
306363,10604212,digital color photograph,https://media.rkd.nl/iiif/10604212/full/max/0/default.jpg
306365,10604206,digital color photograph,https://media.rkd.nl/iiif/10604206/full/max/0/default.jpg
306366,10604208,digital color photograph,https://media.rkd.nl/iiif/10604208/full/max/0/default.jpg
306367,10604216,digital color photograph,https://media.rkd.nl/iiif/10604216/full/max/0/default.jpg
306368,10604220,digital color photograph,https://media.rkd.nl/iiif/10604220/full/max/0/default.jpg
306373,10718794,digital image,https://media.rkd.nl/iiif/10718794/full/max/0/default.jpg
306375,10718795,digital image,https://media.rkd.nl/iiif/10718795/full/max/0/default.jpg
306381,10718796,digital image,https://media.rkd.nl/iiif/10718796/full/max/0/default.jpg
306382,10718801,digital image,https://media.rkd.nl/iiif/10718801/full/max/0/default.jpg
306385,10718766,BD/Digital Collection,https://media.rkd.nl/iiif/10718766/full/max/0/default.jpg
306417,10604222,digital color photograph,https://media.rkd.nl/iiif/10604222/full/max/0/default.jpg
306418,10604224,digital color photograph,https://media.rkd.nl/iiif/10604224/full/max/0/default.jpg
306419,10604230,digital color photograph,https://media.rkd.nl/iiif/10604230/full/max/0/default.jpg
306420,10604232,digital color photograph,https://media.rkd.nl/iiif/10604232/full/max/0/default.jpg
306421,10604226,digital color photograph,https://media.rkd.nl/iiif/10604226/full/max/0/default.jpg
306422,10604228,digital color photograph,https://media.rkd.nl/iiif/10604228/full/max/0/default.jpg
306423,10604240,digital color photograph,https://media.rkd.nl/iiif/10604240/full/max/0/default.jpg
306426,10604238,digital color photograph,https://media.rkd.nl/iiif/10604238/full/max/0/default.jpg
306427,10604236,digital color photograph,https://media.rkd.nl/iiif/10604236/full/max/0/default.jpg
306428,10604234,digital color photograph,https://media.rkd.nl/iiif/10604234/full/max/0/default.jpg
306429,10604244,digital color photograph,https://media.rkd.nl/iiif/10604244/full/max/0/default.jpg
306431,10604250,digital color photograph,https://media.rkd.nl/iiif/10604250/full/max/0/default.jpg
306432,10604246,digital color photograph,https://media.rkd.nl/iiif/10604246/full/max/0/default.jpg
306433,10604248,digital color photograph,https://media.rkd.nl/iiif/10604248/full/max/0/default.jpg
306454,10604252,digital color photograph,https://media.rkd.nl/iiif/10604252/full/max/0/default.jpg
306455,10604328,digital color photograph,https://media.rkd.nl/iiif/10604328/full/max/0/default.jpg
306456,10604330,digital color photograph,https://media.rkd.nl/iiif/10604330/full/max/0/default.jpg
306457,10604336,digital color photograph,https://media.rkd.nl/iiif/10604336/full/max/0/default.jpg
306458,10604334,digital color photograph,https://media.rkd.nl/iiif/10604334/full/max/0/default.jpg
306459,10604332,digital color photograph,https://media.rkd.nl/iiif/10604332/full/max/0/default.jpg
306460,10604340,digital color photograph,https://media.rkd.nl/iiif/10604340/full/max/0/default.jpg
306462,10604337,digital color photograph,https://media.rkd.nl/iiif/10604337/full/max/0/default.jpg
306462,10604338,digital color photograph,https://media.rkd.nl/iiif/10604338/full/max/0/default.jpg
306465,10604242,digital color photograph,https://media.rkd.nl/iiif/10604242/full/max/0/default.jpg
306475,10604005,digital color photograph,https://media.rkd.nl/iiif/10604005/full/max/0/default.jpg
306485,10604254,digital color photograph,https://media.rkd.nl/iiif/10604254/full/max/0/default.jpg
306491,10604258,digital color photograph,https://media.rkd.nl/iiif/10604258/full/max/0/default.jpg
306492,10604256,digital color photograph,https://media.rkd.nl/iiif/10604256/full/max/0/default.jpg
306497,10604272,digital color photograph,https://media.rkd.nl/iiif/10604272/full/max/0/default.jpg
306499,10604274,digital color photograph,https://media.rkd.nl/iiif/10604274/full/max/0/default.jpg
306501,10604264,digital color photograph,https://media.rkd.nl/iiif/10604264/full/max/0/default.jpg
306528,10604262,digital color photograph,https://media.rkd.nl/iiif/10604262/full/max/0/default.jpg
306530,10604260,digital color photograph,https://media.rkd.nl/iiif/10604260/full/max/0/default.jpg
306531,10604266,digital color photograph,https://media.rkd.nl/iiif/10604266/full/max/0/default.jpg
306532,10604342,digital color photograph,https://media.rkd.nl/iiif/10604342/full/max/0/default.jpg
306534,10604270,digital color photograph,https://media.rkd.nl/iiif/10604270/full/max/0/default.jpg
306536,10604268,digital color photograph,https://media.rkd.nl/iiif/10604268/full/max/0/default.jpg
306538,10604011,digital color photograph,https://media.rkd.nl/iiif/10604011/full/max/0/default.jpg
306539,10604107,digital color photograph,https://media.rkd.nl/iiif/10604107/full/max/0/default.jpg
306544,11160021,digital color photograph,https://media.rkd.nl/iiif/11160021/full/max/0/default.jpg
306544,10565149,unknown,https://media.rkd.nl/iiif/10565149/full/max/0/default.jpg
306545,11160023,digital color photograph,https://media.rkd.nl/iiif/11160023/full/max/0/default.jpg
306545,10565150,unknown,https://media.rkd.nl/iiif/10565150/full/max/0/default.jpg
306547,11160028,digital color photograph,https://media.rkd.nl/iiif/11160028/full/max/0/default.jpg
306547,10565155,unknown,https://media.rkd.nl/iiif/10565155/full/max/0/default.jpg
306554,11160036,digital color photograph,https://media.rkd.nl/iiif/11160036/full/max/0/default.jpg
306554,10565164,unknown,https://media.rkd.nl/iiif/10565164/full/max/0/default.jpg
306561,11159993,digital color photograph,https://media.rkd.nl/iiif/11159993/full/max/0/default.jpg
306561,10565173,unknown,https://media.rkd.nl/iiif/10565173/full/max/0/default.jpg
306562,11160046,digital color photograph,https://media.rkd.nl/iiif/11160046/full/max/0/default.jpg
306562,10565174,unknown,https://media.rkd.nl/iiif/10565174/full/max/0/default.jpg
306569,11160052,digital color photograph,https://media.rkd.nl/iiif/11160052/full/max/0/default.jpg
306569,10565180,unknown,https://media.rkd.nl/iiif/10565180/full/max/0/default.jpg
306583,10718942,digital image,https://media.rkd.nl/iiif/10718942/full/max/0/default.jpg
306588,10718948,digital image,https://media.rkd.nl/iiif/10718948/full/max/0/default.jpg
306598,10718971,digital image,https://media.rkd.nl/iiif/10718971/full/max/0/default.jpg
306608,10718992,BD/Digital Collection,https://media.rkd.nl/iiif/10718992/full/max/0/default.jpg
306614,10719004,digital image,https://media.rkd.nl/iiif/10719004/full/max/0/default.jpg
306615,10719007,BD/Digital Collection,https://media.rkd.nl/iiif/10719007/full/max/0/default.jpg
306627,10719028,BD/Digital Collection,https://media.rkd.nl/iiif/10719028/full/max/0/default.jpg
306641,10719038,BD/Digital Collection,https://media.rkd.nl/iiif/10719038/full/max/0/default.jpg
306645,10719041,BD/Digital Collection,https://media.rkd.nl/iiif/10719041/full/max/0/default.jpg
306659,10719051,BD/Digital Collection,https://media.rkd.nl/iiif/10719051/full/max/0/default.jpg
306663,10719061,digital image,https://media.rkd.nl/iiif/10719061/full/max/0/default.jpg
306668,10719069,digital image,https://media.rkd.nl/iiif/10719069/full/max/0/default.jpg
306670,10719071,digital image,https://media.rkd.nl/iiif/10719071/full/max/0/default.jpg
306671,10719072,digital image,https://media.rkd.nl/iiif/10719072/full/max/0/default.jpg
306673,10719074,digital image,https://media.rkd.nl/iiif/10719074/full/max/0/default.jpg
306674,10719075,digital image,https://media.rkd.nl/iiif/10719075/full/max/0/default.jpg
306679,10719082,BD/Digital Collection,https://media.rkd.nl/iiif/10719082/full/max/0/default.jpg
306680,10719083,digital image,https://media.rkd.nl/iiif/10719083/full/max/0/default.jpg
306682,10900311,BD/Digital Collection,https://media.rkd.nl/iiif/10900311/full/max/0/default.jpg
306682,10719086,BD/Digital Collection,https://media.rkd.nl/iiif/10719086/full/max/0/default.jpg
306684,10719087,BD/Digital Collection,https://media.rkd.nl/iiif/10719087/full/max/0/default.jpg
306687,10719093,BD/Digital Collection,https://media.rkd.nl/iiif/10719093/full/max/0/default.jpg
306689,10719095,digital image,https://media.rkd.nl/iiif/10719095/full/max/0/default.jpg
306689,10719096,digital image,https://media.rkd.nl/iiif/10719096/full/max/0/default.jpg
306689,10719097,digital image,https://media.rkd.nl/iiif/10719097/full/max/0/default.jpg
306689,10719098,digital image,https://media.rkd.nl/iiif/10719098/full/max/0/default.jpg
306696,10719116,BD/Digital Collection,https://media.rkd.nl/iiif/10719116/full/max/0/default.jpg
306697,10719117,color reproduction,https://media.rkd.nl/iiif/10719117/full/max/0/default.jpg
306716,10719158,black-and-white reproduction,https://media.rkd.nl/iiif/10719158/full/max/0/default.jpg
306717,10869792,digital image,https://media.rkd.nl/iiif/10869792/full/max/0/default.jpg
306738,10719183,BD/Digital Collection,https://media.rkd.nl/iiif/10719183/full/max/0/default.jpg
306739,10719198,BD/Digital Collection,https://media.rkd.nl/iiif/10719198/full/max/0/default.jpg
306739,10719199,BD/Digital Collection,https://media.rkd.nl/iiif/10719199/full/max/0/default.jpg
306739,10719200,BD/Digital Collection,https://media.rkd.nl/iiif/10719200/full/max/0/default.jpg
306739,10719201,BD/Digital Collection,https://media.rkd.nl/iiif/10719201/full/max/0/default.jpg
306739,10719202,BD/Digital Collection,https://media.rkd.nl/iiif/10719202/full/max/0/default.jpg
306744,10719191,digital image,https://media.rkd.nl/iiif/10719191/full/max/0/default.jpg
306745,10719192,digital image,https://media.rkd.nl/iiif/10719192/full/max/0/default.jpg
306748,10719205,digital image,https://media.rkd.nl/iiif/10719205/full/max/0/default.jpg
306749,10719208,digital image,https://media.rkd.nl/iiif/10719208/full/max/0/default.jpg
306750,10719209,BD/Digital Collection,https://media.rkd.nl/iiif/10719209/full/max/0/default.jpg
306752,10719212,digital image,https://media.rkd.nl/iiif/10719212/full/max/0/default.jpg
306755,10719220,digital image,https://media.rkd.nl/iiif/10719220/full/max/0/default.jpg
306757,10862936,digital image,https://media.rkd.nl/iiif/10862936/full/max/0/default.jpg
306759,10719226,digital image,https://media.rkd.nl/iiif/10719226/full/max/0/default.jpg
306761,10719229,digital image,https://media.rkd.nl/iiif/10719229/full/max/0/default.jpg
306763,10719237,digital image,https://media.rkd.nl/iiif/10719237/full/max/0/default.jpg
306764,10719239,digital image,https://media.rkd.nl/iiif/10719239/full/max/0/default.jpg
306778,10719254,BD/Digital Collection,https://media.rkd.nl/iiif/10719254/full/max/0/default.jpg
306782,10719258,BD/Digital Collection,https://media.rkd.nl/iiif/10719258/full/max/0/default.jpg
306789,10719275,BD/Digital Collection,https://media.rkd.nl/iiif/10719275/full/max/0/default.jpg
306792,10719334,black and white photograph,https://media.rkd.nl/iiif/10719334/full/max/0/default.jpg
306795,10603923,digital color photograph,https://media.rkd.nl/iiif/10603923/full/max/0/default.jpg
306796,10719281,digital image,https://media.rkd.nl/iiif/10719281/full/max/0/default.jpg
306797,10719282,digital image,https://media.rkd.nl/iiif/10719282/full/max/0/default.jpg
306798,10603927,digital color photograph,https://media.rkd.nl/iiif/10603927/full/max/0/default.jpg
306800,10603939,digital color photograph,https://media.rkd.nl/iiif/10603939/full/max/0/default.jpg
306802,10719300,digital image,https://media.rkd.nl/iiif/10719300/full/max/0/default.jpg
306803,10719301,BD/Digital Collection,https://media.rkd.nl/iiif/10719301/full/max/0/default.jpg
306804,10719302,BD/Digital Collection,https://media.rkd.nl/iiif/10719302/full/max/0/default.jpg
306806,10719305,digital image,https://media.rkd.nl/iiif/10719305/full/max/0/default.jpg
306807,10719306,BD/Digital Collection,https://media.rkd.nl/iiif/10719306/full/max/0/default.jpg
306808,10719307,digital image,https://media.rkd.nl/iiif/10719307/full/max/0/default.jpg
306809,10719308,digital image,https://media.rkd.nl/iiif/10719308/full/max/0/default.jpg
306809,10719309,digital image,https://media.rkd.nl/iiif/10719309/full/max/0/default.jpg
306811,10719314,BD/Digital Collection,https://media.rkd.nl/iiif/10719314/full/max/0/default.jpg
306812,10719321,BD/Digital Collection,https://media.rkd.nl/iiif/10719321/full/max/0/default.jpg
306813,10719315,BD/Digital Collection,https://media.rkd.nl/iiif/10719315/full/max/0/default.jpg
306815,10719320,BD/Digital Collection,https://media.rkd.nl/iiif/10719320/full/max/0/default.jpg
306819,10719328,color reproduction,https://media.rkd.nl/iiif/10719328/full/max/0/default.jpg
306839,10719346,digital image,https://media.rkd.nl/iiif/10719346/full/max/0/default.jpg
306841,10719355,digital color photograph,https://media.rkd.nl/iiif/10719355/full/max/0/default.jpg
306843,10862926,digital image,https://media.rkd.nl/iiif/10862926/full/max/0/default.jpg
306850,10719364,digital image,https://media.rkd.nl/iiif/10719364/full/max/0/default.jpg
306855,10719370,BD/Digital Collection,https://media.rkd.nl/iiif/10719370/full/max/0/default.jpg
306856,10719372,BD/Digital Collection,https://media.rkd.nl/iiif/10719372/full/max/0/default.jpg
306858,10719375,BD/Digital Collection,https://media.rkd.nl/iiif/10719375/full/max/0/default.jpg
306873,10827751,black and white photograph,https://media.rkd.nl/iiif/10827751/full/max/0/default.jpg
306874,10827752,black and white photograph,https://media.rkd.nl/iiif/10827752/full/max/0/default.jpg
306891,10719427,digital image,https://media.rkd.nl/iiif/10719427/full/max/0/default.jpg
306916,10719556,brown photograph,https://media.rkd.nl/iiif/10719556/full/max/0/default.jpg
306917,10719555,black and white photograph,https://media.rkd.nl/iiif/10719555/full/max/0/default.jpg
306918,10719554,black and white photograph,https://media.rkd.nl/iiif/10719554/full/max/0/default.jpg
306919,10719553,black and white photograph,https://media.rkd.nl/iiif/10719553/full/max/0/default.jpg
306920,10719552,black and white photograph,https://media.rkd.nl/iiif/10719552/full/max/0/default.jpg
306921,10719551,black and white photograph,https://media.rkd.nl/iiif/10719551/full/max/0/default.jpg
306929,10719467,BD/Digital Collection,https://media.rkd.nl/iiif/10719467/full/max/0/default.jpg
306930,10719468,BD/Digital Collection,https://media.rkd.nl/iiif/10719468/full/max/0/default.jpg
306940,10719482,digital image,https://media.rkd.nl/iiif/10719482/full/max/0/default.jpg
306943,10719484,black and white photograph,https://media.rkd.nl/iiif/10719484/full/max/0/default.jpg
306953,10900134,digital image,https://media.rkd.nl/iiif/10900134/full/max/0/default.jpg
306958,10719501,digital image,https://media.rkd.nl/iiif/10719501/full/max/0/default.jpg
306959,10719505,digital image,https://media.rkd.nl/iiif/10719505/full/max/0/default.jpg
306970,10719518,BD/Digital Collection,https://media.rkd.nl/iiif/10719518/full/max/0/default.jpg
306973,10719523,BD/Digital Collection,https://media.rkd.nl/iiif/10719523/full/max/0/default.jpg
306977,10719525,digital image,https://media.rkd.nl/iiif/10719525/full/max/0/default.jpg
306982,10848976,digital image,https://media.rkd.nl/iiif/10848976/full/max/0/default.jpg
306988,10719539,digital image,https://media.rkd.nl/iiif/10719539/full/max/0/default.jpg
306989,10719538,digital image,https://media.rkd.nl/iiif/10719538/full/max/0/default.jpg
306991,10719541,digital image,https://media.rkd.nl/iiif/10719541/full/max/0/default.jpg
306995,10719547,digital image,https://media.rkd.nl/iiif/10719547/full/max/0/default.jpg
306996,10719548,digital image,https://media.rkd.nl/iiif/10719548/full/max/0/default.jpg
306998,10719549,digital image,https://media.rkd.nl/iiif/10719549/full/max/0/default.jpg
307003,10719573,digital image,https://media.rkd.nl/iiif/10719573/full/max/0/default.jpg
307019,9320049,digital color photograph,https://media.rkd.nl/iiif/9320049/full/max/0/default.jpg
307037,10719614,color reproduction,https://media.rkd.nl/iiif/10719614/full/max/0/default.jpg
307039,10719617,color reproduction,https://media.rkd.nl/iiif/10719617/full/max/0/default.jpg
307069,10719674,digital color photograph,https://media.rkd.nl/iiif/10719674/full/max/0/default.jpg
307073,10719707,digital image,https://media.rkd.nl/iiif/10719707/full/max/0/default.jpg
307075,10719709,digital image,https://media.rkd.nl/iiif/10719709/full/max/0/default.jpg
307079,10719717,digital image,https://media.rkd.nl/iiif/10719717/full/max/0/default.jpg
307081,10719678,BD/Digital Collection,https://media.rkd.nl/iiif/10719678/full/max/0/default.jpg
307091,10719727,black and white photograph,https://media.rkd.nl/iiif/10719727/full/max/0/default.jpg
307105,10719744,BD/Digital Collection,https://media.rkd.nl/iiif/10719744/full/max/0/default.jpg
307113,10603925,digital color photograph,https://media.rkd.nl/iiif/10603925/full/max/0/default.jpg
307114,10603929,digital color photograph,https://media.rkd.nl/iiif/10603929/full/max/0/default.jpg
307115,10603931,digital color photograph,https://media.rkd.nl/iiif/10603931/full/max/0/default.jpg
307116,10603933,digital color photograph,https://media.rkd.nl/iiif/10603933/full/max/0/default.jpg
307117,10603937,digital color photograph,https://media.rkd.nl/iiif/10603937/full/max/0/default.jpg
307118,10603941,digital color photograph,https://media.rkd.nl/iiif/10603941/full/max/0/default.jpg
307120,10719755,BD/Digital Collection,https://media.rkd.nl/iiif/10719755/full/max/0/default.jpg
307124,10603945,digital color photograph,https://media.rkd.nl/iiif/10603945/full/max/0/default.jpg
307125,10603949,digital color photograph,https://media.rkd.nl/iiif/10603949/full/max/0/default.jpg
307130,10603266,digital black-and-white photograph,https://media.rkd.nl/iiif/10603266/full/max/0/default.jpg
307131,10719761,digital image,https://media.rkd.nl/iiif/10719761/full/max/0/default.jpg
307133,10719763,digital image,https://media.rkd.nl/iiif/10719763/full/max/0/default.jpg
307134,10719765,digital image,https://media.rkd.nl/iiif/10719765/full/max/0/default.jpg
307135,10719766,digital image,https://media.rkd.nl/iiif/10719766/full/max/0/default.jpg
307166,10815999,digital image,https://media.rkd.nl/iiif/10815999/full/max/0/default.jpg
307171,10816603,digital image,https://media.rkd.nl/iiif/10816603/full/max/0/default.jpg
307178,10816372,digital image,https://media.rkd.nl/iiif/10816372/full/max/0/default.jpg
307199,10816396,digital image,https://media.rkd.nl/iiif/10816396/full/max/0/default.jpg
307200,10816397,digital image,https://media.rkd.nl/iiif/10816397/full/max/0/default.jpg
307201,10816398,digital image,https://media.rkd.nl/iiif/10816398/full/max/0/default.jpg
307202,10816400,digital image,https://media.rkd.nl/iiif/10816400/full/max/0/default.jpg
307211,10603951,digital color photograph,https://media.rkd.nl/iiif/10603951/full/max/0/default.jpg
307212,10603955,digital color photograph,https://media.rkd.nl/iiif/10603955/full/max/0/default.jpg
307213,10816411,black and white photograph,https://media.rkd.nl/iiif/10816411/full/max/0/default.jpg
307217,10816596,digital image,https://media.rkd.nl/iiif/10816596/full/max/0/default.jpg
307220,10816429,digital image,https://media.rkd.nl/iiif/10816429/full/max/0/default.jpg
307233,10816447,digital image,https://media.rkd.nl/iiif/10816447/full/max/0/default.jpg
307234,10816448,digital image,https://media.rkd.nl/iiif/10816448/full/max/0/default.jpg
307261,10603957,digital color photograph,https://media.rkd.nl/iiif/10603957/full/max/0/default.jpg
307264,10603959,digital color photograph,https://media.rkd.nl/iiif/10603959/full/max/0/default.jpg
307267,10603963,digital color photograph,https://media.rkd.nl/iiif/10603963/full/max/0/default.jpg
307269,10603965,digital color photograph,https://media.rkd.nl/iiif/10603965/full/max/0/default.jpg
307273,10603967,digital color photograph,https://media.rkd.nl/iiif/10603967/full/max/0/default.jpg
307274,10603969,digital color photograph,https://media.rkd.nl/iiif/10603969/full/max/0/default.jpg
307276,10603973,digital color photograph,https://media.rkd.nl/iiif/10603973/full/max/0/default.jpg
307277,10603975,digital color photograph,https://media.rkd.nl/iiif/10603975/full/max/0/default.jpg
307285,10816543,digital image,https://media.rkd.nl/iiif/10816543/full/max/0/default.jpg
307287,10603971,digital color photograph,https://media.rkd.nl/iiif/10603971/full/max/0/default.jpg
307288,10603977,digital color photograph,https://media.rkd.nl/iiif/10603977/full/max/0/default.jpg
307289,10816546,digital image,https://media.rkd.nl/iiif/10816546/full/max/0/default.jpg
307290,10603989,digital color photograph,https://media.rkd.nl/iiif/10603989/full/max/0/default.jpg
307291,10603987,digital color photograph,https://media.rkd.nl/iiif/10603987/full/max/0/default.jpg
307292,10603985,digital color photograph,https://media.rkd.nl/iiif/10603985/full/max/0/default.jpg
307293,10603993,digital color photograph,https://media.rkd.nl/iiif/10603993/full/max/0/default.jpg
307294,10603995,digital color photograph,https://media.rkd.nl/iiif/10603995/full/max/0/default.jpg
307295,10603991,digital color photograph,https://media.rkd.nl/iiif/10603991/full/max/0/default.jpg
307296,10603997,digital color photograph,https://media.rkd.nl/iiif/10603997/full/max/0/default.jpg
307297,10603999,digital color photograph,https://media.rkd.nl/iiif/10603999/full/max/0/default.jpg
307299,10604001,digital color photograph,https://media.rkd.nl/iiif/10604001/full/max/0/default.jpg
307300,10604013,digital color photograph,https://media.rkd.nl/iiif/10604013/full/max/0/default.jpg
307303,10604015,digital color photograph,https://media.rkd.nl/iiif/10604015/full/max/0/default.jpg
307304,10604017,digital color photograph,https://media.rkd.nl/iiif/10604017/full/max/0/default.jpg
307305,10604019,digital color photograph,https://media.rkd.nl/iiif/10604019/full/max/0/default.jpg
307313,10816609,black and white photograph,https://media.rkd.nl/iiif/10816609/full/max/0/default.jpg
307314,10816605,digital image,https://media.rkd.nl/iiif/10816605/full/max/0/default.jpg
307321,10816611,digital image,https://media.rkd.nl/iiif/10816611/full/max/0/default.jpg
307323,10604007,digital color photograph,https://media.rkd.nl/iiif/10604007/full/max/0/default.jpg
307324,10604009,digital color photograph,https://media.rkd.nl/iiif/10604009/full/max/0/default.jpg
307325,10604063,digital color photograph,https://media.rkd.nl/iiif/10604063/full/max/0/default.jpg
307326,10604065,digital color photograph,https://media.rkd.nl/iiif/10604065/full/max/0/default.jpg
307327,10604066,digital color photograph,https://media.rkd.nl/iiif/10604066/full/max/0/default.jpg
307327,10604067,digital color photograph,https://media.rkd.nl/iiif/10604067/full/max/0/default.jpg
307328,10604068,digital color photograph,https://media.rkd.nl/iiif/10604068/full/max/0/default.jpg
307328,10604069,digital color photograph,https://media.rkd.nl/iiif/10604069/full/max/0/default.jpg
307329,10604071,digital color photograph,https://media.rkd.nl/iiif/10604071/full/max/0/default.jpg
307332,10604077,digital color photograph,https://media.rkd.nl/iiif/10604077/full/max/0/default.jpg
307333,10604079,digital color photograph,https://media.rkd.nl/iiif/10604079/full/max/0/default.jpg
307334,10604081,digital color photograph,https://media.rkd.nl/iiif/10604081/full/max/0/default.jpg
307336,10604084,digital color photograph,https://media.rkd.nl/iiif/10604084/full/max/0/default.jpg
307336,10604085,digital color photograph,https://media.rkd.nl/iiif/10604085/full/max/0/default.jpg
307337,10604087,digital color photograph,https://media.rkd.nl/iiif/10604087/full/max/0/default.jpg
307350,10604073,digital color photograph,https://media.rkd.nl/iiif/10604073/full/max/0/default.jpg
307351,10604075,digital color photograph,https://media.rkd.nl/iiif/10604075/full/max/0/default.jpg
307352,10604089,digital color photograph,https://media.rkd.nl/iiif/10604089/full/max/0/default.jpg
307353,10604323,unknown,https://media.rkd.nl/iiif/10604323/full/max/0/default.jpg
307353,10604324,unknown,https://media.rkd.nl/iiif/10604324/full/max/0/default.jpg
307354,10604090,digital color photograph,https://media.rkd.nl/iiif/10604090/full/max/0/default.jpg
307354,10604091,digital color photograph,https://media.rkd.nl/iiif/10604091/full/max/0/default.jpg
307355,10604093,digital color photograph,https://media.rkd.nl/iiif/10604093/full/max/0/default.jpg
307356,10604095,digital color photograph,https://media.rkd.nl/iiif/10604095/full/max/0/default.jpg
307381,10604099,digital color photograph,https://media.rkd.nl/iiif/10604099/full/max/0/default.jpg
307382,10816694,digital image,https://media.rkd.nl/iiif/10816694/full/max/0/default.jpg
307383,10604110,digital color photograph,https://media.rkd.nl/iiif/10604110/full/max/0/default.jpg
307383,10604111,digital color photograph,https://media.rkd.nl/iiif/10604111/full/max/0/default.jpg
307385,10604112,digital color photograph,https://media.rkd.nl/iiif/10604112/full/max/0/default.jpg
307385,10604113,digital color photograph,https://media.rkd.nl/iiif/10604113/full/max/0/default.jpg
307387,10604117,digital color photograph,https://media.rkd.nl/iiif/10604117/full/max/0/default.jpg
307388,10604123,digital color photograph,https://media.rkd.nl/iiif/10604123/full/max/0/default.jpg
307389,10604125,digital color photograph,https://media.rkd.nl/iiif/10604125/full/max/0/default.jpg
307390,10604127,digital color photograph,https://media.rkd.nl/iiif/10604127/full/max/0/default.jpg
307391,10604129,digital color photograph,https://media.rkd.nl/iiif/10604129/full/max/0/default.jpg
307392,10604131,digital color photograph,https://media.rkd.nl/iiif/10604131/full/max/0/default.jpg
307393,10604133,digital color photograph,https://media.rkd.nl/iiif/10604133/full/max/0/default.jpg
307398,10604280,digital color photograph,https://media.rkd.nl/iiif/10604280/full/max/0/default.jpg
307410,10816733,BD/Digital Collection,https://media.rkd.nl/iiif/10816733/full/max/0/default.jpg
307414,10816737,BD/Digital Collection,https://media.rkd.nl/iiif/10816737/full/max/0/default.jpg
307415,10816738,BD/Digital Collection,https://media.rkd.nl/iiif/10816738/full/max/0/default.jpg
307416,10816739,digital image,https://media.rkd.nl/iiif/10816739/full/max/0/default.jpg
307434,10604101,digital color photograph,https://media.rkd.nl/iiif/10604101/full/max/0/default.jpg
307436,10604105,digital color photograph,https://media.rkd.nl/iiif/10604105/full/max/0/default.jpg
307437,10604108,digital color photograph,https://media.rkd.nl/iiif/10604108/full/max/0/default.jpg
307437,10604109,digital color photograph,https://media.rkd.nl/iiif/10604109/full/max/0/default.jpg
307438,10604135,digital color photograph,https://media.rkd.nl/iiif/10604135/full/max/0/default.jpg
307439,10604282,digital color photograph,https://media.rkd.nl/iiif/10604282/full/max/0/default.jpg
307441,10604284,digital color photograph,https://media.rkd.nl/iiif/10604284/full/max/0/default.jpg
307442,10604300,digital color photograph,https://media.rkd.nl/iiif/10604300/full/max/0/default.jpg
307443,10603979,digital color photograph,https://media.rkd.nl/iiif/10603979/full/max/0/default.jpg
307444,10603981,digital color photograph,https://media.rkd.nl/iiif/10603981/full/max/0/default.jpg
307445,10603983,digital color photograph,https://media.rkd.nl/iiif/10603983/full/max/0/default.jpg
307446,10816916,BD/Digital Collection,https://media.rkd.nl/iiif/10816916/full/max/0/default.jpg
307447,10816917,digital image,https://media.rkd.nl/iiif/10816917/full/max/0/default.jpg
307448,10816918,digital image,https://media.rkd.nl/iiif/10816918/full/max/0/default.jpg
307449,10853339,digital image,https://media.rkd.nl/iiif/10853339/full/max/0/default.jpg
307474,10816993,BD/Digital Collection,https://media.rkd.nl/iiif/10816993/full/max/0/default.jpg
307475,10816995,digital image,https://media.rkd.nl/iiif/10816995/full/max/0/default.jpg
307478,10816998,digital image,https://media.rkd.nl/iiif/10816998/full/max/0/default.jpg
307484,10817009,BD/Digital Collection,https://media.rkd.nl/iiif/10817009/full/max/0/default.jpg
307485,10817010,digital image,https://media.rkd.nl/iiif/10817010/full/max/0/default.jpg
307486,10604286,digital color photograph,https://media.rkd.nl/iiif/10604286/full/max/0/default.jpg
307487,10604288,digital color photograph,https://media.rkd.nl/iiif/10604288/full/max/0/default.jpg
307488,10604292,digital color photograph,https://media.rkd.nl/iiif/10604292/full/max/0/default.jpg
307489,10604290,digital color photograph,https://media.rkd.nl/iiif/10604290/full/max/0/default.jpg
307490,10817011,digital image,https://media.rkd.nl/iiif/10817011/full/max/0/default.jpg
307491,10817013,digital color photograph,https://media.rkd.nl/iiif/10817013/full/max/0/default.jpg
307492,10817012,digital image,https://media.rkd.nl/iiif/10817012/full/max/0/default.jpg
307493,10817014,digital image,https://media.rkd.nl/iiif/10817014/full/max/0/default.jpg
307494,10604294,digital color photograph,https://media.rkd.nl/iiif/10604294/full/max/0/default.jpg
307495,10604298,digital color photograph,https://media.rkd.nl/iiif/10604298/full/max/0/default.jpg
307496,10817015,digital image,https://media.rkd.nl/iiif/10817015/full/max/0/default.jpg
307497,10604296,digital color photograph,https://media.rkd.nl/iiif/10604296/full/max/0/default.jpg
307498,10604302,digital color photograph,https://media.rkd.nl/iiif/10604302/full/max/0/default.jpg
307501,10817017,digital image,https://media.rkd.nl/iiif/10817017/full/max/0/default.jpg
307503,10603921,digital color photograph,https://media.rkd.nl/iiif/10603921/full/max/0/default.jpg
307504,10603919,digital color photograph,https://media.rkd.nl/iiif/10603919/full/max/0/default.jpg
307505,10817018,digital image,https://media.rkd.nl/iiif/10817018/full/max/0/default.jpg
307507,10603934,digital color photograph,https://media.rkd.nl/iiif/10603934/full/max/0/default.jpg
307507,10603935,digital color photograph,https://media.rkd.nl/iiif/10603935/full/max/0/default.jpg
307508,10603952,digital color photograph,https://media.rkd.nl/iiif/10603952/full/max/0/default.jpg
307508,10603953,digital color photograph,https://media.rkd.nl/iiif/10603953/full/max/0/default.jpg
307509,10603961,digital color photograph,https://media.rkd.nl/iiif/10603961/full/max/0/default.jpg
307513,10817020,BD/Digital Collection,https://media.rkd.nl/iiif/10817020/full/max/0/default.jpg
307517,10823089,digital image,https://media.rkd.nl/iiif/10823089/full/max/0/default.jpg
307520,10823091,digital image,https://media.rkd.nl/iiif/10823091/full/max/0/default.jpg
307521,10827758,digital image,https://media.rkd.nl/iiif/10827758/full/max/0/default.jpg
307524,10866865,digital image,https://media.rkd.nl/iiif/10866865/full/max/0/default.jpg
307524,10862927,black and white photograph,https://media.rkd.nl/iiif/10862927/full/max/0/default.jpg
307534,10827746,digital image,https://media.rkd.nl/iiif/10827746/full/max/0/default.jpg
307537,10827749,digital image,https://media.rkd.nl/iiif/10827749/full/max/0/default.jpg
307538,10827750,digital image,https://media.rkd.nl/iiif/10827750/full/max/0/default.jpg
307540,10827759,digital image,https://media.rkd.nl/iiif/10827759/full/max/0/default.jpg
307541,10827755,digital image,https://media.rkd.nl/iiif/10827755/full/max/0/default.jpg
307557,11160005,digital color photograph,https://media.rkd.nl/iiif/11160005/full/max/0/default.jpg
307557,10565191,unknown,https://media.rkd.nl/iiif/10565191/full/max/0/default.jpg
307565,11160054,digital color photograph,https://media.rkd.nl/iiif/11160054/full/max/0/default.jpg
307565,10565197,unknown,https://media.rkd.nl/iiif/10565197/full/max/0/default.jpg
307580,10827760,BD/Digital Collection,https://media.rkd.nl/iiif/10827760/full/max/0/default.jpg
307583,10827764,digital image,https://media.rkd.nl/iiif/10827764/full/max/0/default.jpg
307588,10832542,color reproduction,https://media.rkd.nl/iiif/10832542/full/max/0/default.jpg
307592,10832544,black and white photograph,https://media.rkd.nl/iiif/10832544/full/max/0/default.jpg
307592,10832545,black and white photograph,https://media.rkd.nl/iiif/10832545/full/max/0/default.jpg
307615,10832569,digital color photograph,https://media.rkd.nl/iiif/10832569/full/max/0/default.jpg
307616,10832570,digital color photograph,https://media.rkd.nl/iiif/10832570/full/max/0/default.jpg
307617,10832572,digital color photograph,https://media.rkd.nl/iiif/10832572/full/max/0/default.jpg
307619,10832571,digital color photograph,https://media.rkd.nl/iiif/10832571/full/max/0/default.jpg
307621,10832568,digital color photograph,https://media.rkd.nl/iiif/10832568/full/max/0/default.jpg
307626,10846212,black and white photograph,https://media.rkd.nl/iiif/10846212/full/max/0/default.jpg
307638,10604002,digital color photograph,https://media.rkd.nl/iiif/10604002/full/max/0/default.jpg
307638,10604003,digital color photograph,https://media.rkd.nl/iiif/10604003/full/max/0/default.jpg
307639,10604096,digital color photograph,https://media.rkd.nl/iiif/10604096/full/max/0/default.jpg
307639,10604097,digital color photograph,https://media.rkd.nl/iiif/10604097/full/max/0/default.jpg
307640,10604114,digital color photograph,https://media.rkd.nl/iiif/10604114/full/max/0/default.jpg
307640,10604115,digital color photograph,https://media.rkd.nl/iiif/10604115/full/max/0/default.jpg
307642,10841734,digital color photograph,https://media.rkd.nl/iiif/10841734/full/max/0/default.jpg
307647,10841769,digital image,https://media.rkd.nl/iiif/10841769/full/max/0/default.jpg
307649,10603947,digital color photograph,https://media.rkd.nl/iiif/10603947/full/max/0/default.jpg
307676,10846350,digital image,https://media.rkd.nl/iiif/10846350/full/max/0/default.jpg
307680,10846348,digital image,https://media.rkd.nl/iiif/10846348/full/max/0/default.jpg
307682,10846362,digital color photograph,https://media.rkd.nl/iiif/10846362/full/max/0/default.jpg
307682,10846363,digital color photograph,https://media.rkd.nl/iiif/10846363/full/max/0/default.jpg
307685,10603942,digital color photograph,https://media.rkd.nl/iiif/10603942/full/max/0/default.jpg
307685,10603943,digital color photograph,https://media.rkd.nl/iiif/10603943/full/max/0/default.jpg
307687,10604082,digital color photograph,https://media.rkd.nl/iiif/10604082/full/max/0/default.jpg
307687,10604083,digital color photograph,https://media.rkd.nl/iiif/10604083/full/max/0/default.jpg
307689,10604326,digital color photograph,https://media.rkd.nl/iiif/10604326/full/max/0/default.jpg
307690,10604137,digital color photograph,https://media.rkd.nl/iiif/10604137/full/max/0/default.jpg
307692,10604139,digital color photograph,https://media.rkd.nl/iiif/10604139/full/max/0/default.jpg
307693,10604141,digital color photograph,https://media.rkd.nl/iiif/10604141/full/max/0/default.jpg
307697,10604102,digital color photograph,https://media.rkd.nl/iiif/10604102/full/max/0/default.jpg
307697,10604103,digital color photograph,https://media.rkd.nl/iiif/10604103/full/max/0/default.jpg
307698,10604278,digital color photograph,https://media.rkd.nl/iiif/10604278/full/max/0/default.jpg
307699,10604276,digital color photograph,https://media.rkd.nl/iiif/10604276/full/max/0/default.jpg
307703,10848099,digital image,https://media.rkd.nl/iiif/10848099/full/max/0/default.jpg
307724,10876887,digital image,https://media.rkd.nl/iiif/10876887/full/max/0/default.jpg
307724,10848147,digital image,https://media.rkd.nl/iiif/10848147/full/max/0/default.jpg
307843,10848176,digital image,https://media.rkd.nl/iiif/10848176/full/max/0/default.jpg
307848,10848770,digital color photograph,https://media.rkd.nl/iiif/10848770/full/max/0/default.jpg
307849,10848784,digital color photograph,https://media.rkd.nl/iiif/10848784/full/max/0/default.jpg
307851,10848786,digital color photograph,https://media.rkd.nl/iiif/10848786/full/max/0/default.jpg
307852,10848772,digital color photograph,https://media.rkd.nl/iiif/10848772/full/max/0/default.jpg
307853,10848774,digital color photograph,https://media.rkd.nl/iiif/10848774/full/max/0/default.jpg
307854,10848776,digital color photograph,https://media.rkd.nl/iiif/10848776/full/max/0/default.jpg
307855,10848778,digital color photograph,https://media.rkd.nl/iiif/10848778/full/max/0/default.jpg
307856,10848780,digital color photograph,https://media.rkd.nl/iiif/10848780/full/max/0/default.jpg
307857,10848782,digital color photograph,https://media.rkd.nl/iiif/10848782/full/max/0/default.jpg
307858,10848766,digital color photograph,https://media.rkd.nl/iiif/10848766/full/max/0/default.jpg
307860,10848768,digital color photograph,https://media.rkd.nl/iiif/10848768/full/max/0/default.jpg
307861,10848764,digital color photograph,https://media.rkd.nl/iiif/10848764/full/max/0/default.jpg
307862,10848788,digital color photograph,https://media.rkd.nl/iiif/10848788/full/max/0/default.jpg
307866,10848746,digital color photograph,https://media.rkd.nl/iiif/10848746/full/max/0/default.jpg
307867,10848790,digital color photograph,https://media.rkd.nl/iiif/10848790/full/max/0/default.jpg
307869,10848792,digital color photograph,https://media.rkd.nl/iiif/10848792/full/max/0/default.jpg
307870,10848794,digital color photograph,https://media.rkd.nl/iiif/10848794/full/max/0/default.jpg
307871,10848796,digital color photograph,https://media.rkd.nl/iiif/10848796/full/max/0/default.jpg
307871,10848797,digital color photograph,https://media.rkd.nl/iiif/10848797/full/max/0/default.jpg
307873,10848807,digital color photograph,https://media.rkd.nl/iiif/10848807/full/max/0/default.jpg
307873,10848808,digital color photograph,https://media.rkd.nl/iiif/10848808/full/max/0/default.jpg
307882,10848220,BD/Digital Collection,https://media.rkd.nl/iiif/10848220/full/max/0/default.jpg
307883,10848222,digital image,https://media.rkd.nl/iiif/10848222/full/max/0/default.jpg
307884,10848224,digital image,https://media.rkd.nl/iiif/10848224/full/max/0/default.jpg
307886,10848226,digital image,https://media.rkd.nl/iiif/10848226/full/max/0/default.jpg
307887,10848228,digital image,https://media.rkd.nl/iiif/10848228/full/max/0/default.jpg
307888,10848231,digital image,https://media.rkd.nl/iiif/10848231/full/max/0/default.jpg
307890,10848232,digital image,https://media.rkd.nl/iiif/10848232/full/max/0/default.jpg
307891,10848233,color reproduction,https://media.rkd.nl/iiif/10848233/full/max/0/default.jpg
307896,10848245,digital image,https://media.rkd.nl/iiif/10848245/full/max/0/default.jpg
307897,10848247,digital image,https://media.rkd.nl/iiif/10848247/full/max/0/default.jpg
307900,10848253,digital image,https://media.rkd.nl/iiif/10848253/full/max/0/default.jpg
307902,10848255,digital image,https://media.rkd.nl/iiif/10848255/full/max/0/default.jpg
307906,10848748,digital color photograph,https://media.rkd.nl/iiif/10848748/full/max/0/default.jpg
307907,10848799,digital color photograph,https://media.rkd.nl/iiif/10848799/full/max/0/default.jpg
307908,10848750,digital color photograph,https://media.rkd.nl/iiif/10848750/full/max/0/default.jpg
307909,10848801,digital color photograph,https://media.rkd.nl/iiif/10848801/full/max/0/default.jpg
307910,10848752,digital color photograph,https://media.rkd.nl/iiif/10848752/full/max/0/default.jpg
307911,10848754,digital color photograph,https://media.rkd.nl/iiif/10848754/full/max/0/default.jpg
307912,10848756,digital color photograph,https://media.rkd.nl/iiif/10848756/full/max/0/default.jpg
307913,10848758,digital color photograph,https://media.rkd.nl/iiif/10848758/full/max/0/default.jpg
307914,10848760,digital color photograph,https://media.rkd.nl/iiif/10848760/full/max/0/default.jpg
307915,10848762,digital color photograph,https://media.rkd.nl/iiif/10848762/full/max/0/default.jpg
307916,10848803,digital color photograph,https://media.rkd.nl/iiif/10848803/full/max/0/default.jpg
307917,10848805,digital color photograph,https://media.rkd.nl/iiif/10848805/full/max/0/default.jpg
307937,10848297,digital image,https://media.rkd.nl/iiif/10848297/full/max/0/default.jpg
307959,10848393,digital image,https://media.rkd.nl/iiif/10848393/full/max/0/default.jpg
307960,10848394,digital image,https://media.rkd.nl/iiif/10848394/full/max/0/default.jpg
307961,10848397,BD/Digital Collection,https://media.rkd.nl/iiif/10848397/full/max/0/default.jpg
307962,10848395,digital image,https://media.rkd.nl/iiif/10848395/full/max/0/default.jpg
307968,10848405,digital image,https://media.rkd.nl/iiif/10848405/full/max/0/default.jpg
307985,10848421,digital image,https://media.rkd.nl/iiif/10848421/full/max/0/default.jpg
307987,10848424,color photograph,https://media.rkd.nl/iiif/10848424/full/max/0/default.jpg
307990,10848428,digital image,https://media.rkd.nl/iiif/10848428/full/max/0/default.jpg
307991,10848972,digital image,https://media.rkd.nl/iiif/10848972/full/max/0/default.jpg
307991,10848429,color reproduction,https://media.rkd.nl/iiif/10848429/full/max/0/default.jpg
307999,10889706,digital image,https://media.rkd.nl/iiif/10889706/full/max/0/default.jpg
307999,10848465,digital image,https://media.rkd.nl/iiif/10848465/full/max/0/default.jpg
307999,10848611,black and white photograph,https://media.rkd.nl/iiif/10848611/full/max/0/default.jpg
308001,10848482,black and white photograph,https://media.rkd.nl/iiif/10848482/full/max/0/default.jpg
308002,10848483,digital image,https://media.rkd.nl/iiif/10848483/full/max/0/default.jpg
308004,10848488,digital image,https://media.rkd.nl/iiif/10848488/full/max/0/default.jpg
308007,10848492,digital image,https://media.rkd.nl/iiif/10848492/full/max/0/default.jpg
308010,10848495,digital image,https://media.rkd.nl/iiif/10848495/full/max/0/default.jpg
308020,10848441,digital color photograph,https://media.rkd.nl/iiif/10848441/full/max/0/default.jpg
308021,10848506,digital image,https://media.rkd.nl/iiif/10848506/full/max/0/default.jpg
308021,11155974,digital image,https://media.rkd.nl/iiif/11155974/full/max/0/default.jpg
308022,10848507,BD/Digital Collection,https://media.rkd.nl/iiif/10848507/full/max/0/default.jpg
308023,10848447,digital color photograph,https://media.rkd.nl/iiif/10848447/full/max/0/default.jpg
308031,9329397,digital image,https://media.rkd.nl/iiif/9329397/full/max/0/default.jpg
308031,10848549,digital image,https://media.rkd.nl/iiif/10848549/full/max/0/default.jpg
308031,10848550,digital image,https://media.rkd.nl/iiif/10848550/full/max/0/default.jpg
308031,10848516,BD/Digital Collection,https://media.rkd.nl/iiif/10848516/full/max/0/default.jpg
308039,10848524,digital image,https://media.rkd.nl/iiif/10848524/full/max/0/default.jpg
308040,10848527,digital image,https://media.rkd.nl/iiif/10848527/full/max/0/default.jpg
308050,10848535,digital image,https://media.rkd.nl/iiif/10848535/full/max/0/default.jpg
308053,10858363,digital image,https://media.rkd.nl/iiif/10858363/full/max/0/default.jpg
308054,10848540,digital image,https://media.rkd.nl/iiif/10848540/full/max/0/default.jpg
308054,10848542,digital image,https://media.rkd.nl/iiif/10848542/full/max/0/default.jpg
308058,10848592,brown photograph,https://media.rkd.nl/iiif/10848592/full/max/0/default.jpg
308063,10848595,digital image,https://media.rkd.nl/iiif/10848595/full/max/0/default.jpg
308066,10848598,digital image,https://media.rkd.nl/iiif/10848598/full/max/0/default.jpg
308068,10848600,digital image,https://media.rkd.nl/iiif/10848600/full/max/0/default.jpg
308071,10848605,digital image,https://media.rkd.nl/iiif/10848605/full/max/0/default.jpg
308072,10848606,BD/Digital Collection,https://media.rkd.nl/iiif/10848606/full/max/0/default.jpg
308073,10848607,BD/Digital Collection,https://media.rkd.nl/iiif/10848607/full/max/0/default.jpg
308079,10848639,digital image,https://media.rkd.nl/iiif/10848639/full/max/0/default.jpg
308081,10848641,digital image,https://media.rkd.nl/iiif/10848641/full/max/0/default.jpg
308082,10848642,color reproduction,https://media.rkd.nl/iiif/10848642/full/max/0/default.jpg
308096,10848663,digital image,https://media.rkd.nl/iiif/10848663/full/max/0/default.jpg
308096,10848673,digital image,https://media.rkd.nl/iiif/10848673/full/max/0/default.jpg
308097,10848667,digital image,https://media.rkd.nl/iiif/10848667/full/max/0/default.jpg
308097,10848668,digital image,https://media.rkd.nl/iiif/10848668/full/max/0/default.jpg
308103,10848672,digital color photograph,https://media.rkd.nl/iiif/10848672/full/max/0/default.jpg
308106,10848680,digital image,https://media.rkd.nl/iiif/10848680/full/max/0/default.jpg
308108,10848682,digital image,https://media.rkd.nl/iiif/10848682/full/max/0/default.jpg
308113,10848690,digital image,https://media.rkd.nl/iiif/10848690/full/max/0/default.jpg
308114,10848689,digital image,https://media.rkd.nl/iiif/10848689/full/max/0/default.jpg
308115,10848694,digital image,https://media.rkd.nl/iiif/10848694/full/max/0/default.jpg
308116,10848695,digital image,https://media.rkd.nl/iiif/10848695/full/max/0/default.jpg
308129,11119051,digital image,https://media.rkd.nl/iiif/11119051/full/max/0/default.jpg
308129,10848716,black and white photograph,https://media.rkd.nl/iiif/10848716/full/max/0/default.jpg
308138,10848437,digital color photograph,https://media.rkd.nl/iiif/10848437/full/max/0/default.jpg
308154,10848738,black and white photograph,https://media.rkd.nl/iiif/10848738/full/max/0/default.jpg
308156,10848810,digital image,https://media.rkd.nl/iiif/10848810/full/max/0/default.jpg
308159,10848811,black and white photograph,https://media.rkd.nl/iiif/10848811/full/max/0/default.jpg
308160,10848812,digital image,https://media.rkd.nl/iiif/10848812/full/max/0/default.jpg
308161,10848814,digital image,https://media.rkd.nl/iiif/10848814/full/max/0/default.jpg
308162,10848815,black and white photograph,https://media.rkd.nl/iiif/10848815/full/max/0/default.jpg
308164,10848817,digital image,https://media.rkd.nl/iiif/10848817/full/max/0/default.jpg
308165,10848819,black and white photograph,https://media.rkd.nl/iiif/10848819/full/max/0/default.jpg
308166,10848820,digital image,https://media.rkd.nl/iiif/10848820/full/max/0/default.jpg
308171,10427497,digital image,https://media.rkd.nl/iiif/10427497/full/max/0/default.jpg
308171,10427498,digital image,https://media.rkd.nl/iiif/10427498/full/max/0/default.jpg
308171,10427499,digital image,https://media.rkd.nl/iiif/10427499/full/max/0/default.jpg
308173,10848831,black-and-white reproduction,https://media.rkd.nl/iiif/10848831/full/max/0/default.jpg
308176,10848835,black and white photograph,https://media.rkd.nl/iiif/10848835/full/max/0/default.jpg
308184,10853208,digital image,https://media.rkd.nl/iiif/10853208/full/max/0/default.jpg
308184,10848861,black and white photograph,https://media.rkd.nl/iiif/10848861/full/max/0/default.jpg
308188,10848865,digital image,https://media.rkd.nl/iiif/10848865/full/max/0/default.jpg
308190,10869797,digital image,https://media.rkd.nl/iiif/10869797/full/max/0/default.jpg
308190,10848879,black and white photograph,https://media.rkd.nl/iiif/10848879/full/max/0/default.jpg
308209,10848907,black-and-white reproduction,https://media.rkd.nl/iiif/10848907/full/max/0/default.jpg
308213,10853396,digital color photograph,https://media.rkd.nl/iiif/10853396/full/max/0/default.jpg
308213,10853397,digital color photograph,https://media.rkd.nl/iiif/10853397/full/max/0/default.jpg
308218,10853394,digital color photograph,https://media.rkd.nl/iiif/10853394/full/max/0/default.jpg
308218,10853395,digital color photograph,https://media.rkd.nl/iiif/10853395/full/max/0/default.jpg
308230,10848945,black and white photograph,https://media.rkd.nl/iiif/10848945/full/max/0/default.jpg
308231,10900096,digital image,https://media.rkd.nl/iiif/10900096/full/max/0/default.jpg
308231,10848946,black-and-white reproduction,https://media.rkd.nl/iiif/10848946/full/max/0/default.jpg
308233,10866741,digital image,https://media.rkd.nl/iiif/10866741/full/max/0/default.jpg
308233,10848948,black-and-white reproduction,https://media.rkd.nl/iiif/10848948/full/max/0/default.jpg
308235,10848950,digital image,https://media.rkd.nl/iiif/10848950/full/max/0/default.jpg
308238,10900097,digital image,https://media.rkd.nl/iiif/10900097/full/max/0/default.jpg
308238,10848955,black and white photograph,https://media.rkd.nl/iiif/10848955/full/max/0/default.jpg
308251,10848968,digital image,https://media.rkd.nl/iiif/10848968/full/max/0/default.jpg
308252,10848971,digital image,https://media.rkd.nl/iiif/10848971/full/max/0/default.jpg
308254,10848980,digital image,https://media.rkd.nl/iiif/10848980/full/max/0/default.jpg
308254,10848978,black-and-white reproduction,https://media.rkd.nl/iiif/10848978/full/max/0/default.jpg
308255,10848979,digital image,https://media.rkd.nl/iiif/10848979/full/max/0/default.jpg
308268,10849087,digital color photograph,https://media.rkd.nl/iiif/10849087/full/max/0/default.jpg
308269,10853185,color photograph,https://media.rkd.nl/iiif/10853185/full/max/0/default.jpg
308270,10853186,digital color photograph,https://media.rkd.nl/iiif/10853186/full/max/0/default.jpg
308274,10853189,digital image,https://media.rkd.nl/iiif/10853189/full/max/0/default.jpg
308275,10853191,digital file,https://media.rkd.nl/iiif/10853191/full/max/0/default.jpg
308281,10853198,digital image,https://media.rkd.nl/iiif/10853198/full/max/0/default.jpg
308282,10853201,digital image,https://media.rkd.nl/iiif/10853201/full/max/0/default.jpg
308285,10853206,black and white photograph,https://media.rkd.nl/iiif/10853206/full/max/0/default.jpg
308285,10853207,black and white photograph,https://media.rkd.nl/iiif/10853207/full/max/0/default.jpg
308288,10899120,digital image,https://media.rkd.nl/iiif/10899120/full/max/0/default.jpg
308288,10853213,black and white photograph,https://media.rkd.nl/iiif/10853213/full/max/0/default.jpg
308292,10902988,digital image,https://media.rkd.nl/iiif/10902988/full/max/0/default.jpg
308292,10853215,digital image,https://media.rkd.nl/iiif/10853215/full/max/0/default.jpg
308306,10853239,color reproduction,https://media.rkd.nl/iiif/10853239/full/max/0/default.jpg
308309,10853242,color reproduction,https://media.rkd.nl/iiif/10853242/full/max/0/default.jpg
308311,10853245,digital image,https://media.rkd.nl/iiif/10853245/full/max/0/default.jpg
308312,10853246,digital image,https://media.rkd.nl/iiif/10853246/full/max/0/default.jpg
308315,10853249,digital image,https://media.rkd.nl/iiif/10853249/full/max/0/default.jpg
308317,10853254,BD/Digital Collection,https://media.rkd.nl/iiif/10853254/full/max/0/default.jpg
308320,10853257,BD/Digital Collection,https://media.rkd.nl/iiif/10853257/full/max/0/default.jpg
308321,10853258,BD/Digital Collection,https://media.rkd.nl/iiif/10853258/full/max/0/default.jpg
308345,10853314,BD/Digital Collection,https://media.rkd.nl/iiif/10853314/full/max/0/default.jpg
308352,10853324,digital image,https://media.rkd.nl/iiif/10853324/full/max/0/default.jpg
308359,10853341,digital image,https://media.rkd.nl/iiif/10853341/full/max/0/default.jpg
308359,10889720,digital image,https://media.rkd.nl/iiif/10889720/full/max/0/default.jpg
308360,10853342,digital image,https://media.rkd.nl/iiif/10853342/full/max/0/default.jpg
308361,10889736,digital image,https://media.rkd.nl/iiif/10889736/full/max/0/default.jpg
308361,10889737,digital image,https://media.rkd.nl/iiif/10889737/full/max/0/default.jpg
308361,10853343,BD/Digital Collection,https://media.rkd.nl/iiif/10853343/full/max/0/default.jpg
308363,10853345,BD/Digital Collection,https://media.rkd.nl/iiif/10853345/full/max/0/default.jpg
308364,10853346,digital image,https://media.rkd.nl/iiif/10853346/full/max/0/default.jpg
308366,10853349,digital image,https://media.rkd.nl/iiif/10853349/full/max/0/default.jpg
308367,10853350,digital image,https://media.rkd.nl/iiif/10853350/full/max/0/default.jpg
308377,10853375,color reproduction,https://media.rkd.nl/iiif/10853375/full/max/0/default.jpg
308377,10853364,digital image,https://media.rkd.nl/iiif/10853364/full/max/0/default.jpg
308379,10853379,digital image,https://media.rkd.nl/iiif/10853379/full/max/0/default.jpg
308392,10709792,black-and-white reproduction,https://media.rkd.nl/iiif/10709792/full/max/0/default.jpg
308394,10853398,digital image,https://media.rkd.nl/iiif/10853398/full/max/0/default.jpg
308408,10853435,digital color photograph,https://media.rkd.nl/iiif/10853435/full/max/0/default.jpg
308409,10853436,digital image,https://media.rkd.nl/iiif/10853436/full/max/0/default.jpg
308422,10853790,digital image,https://media.rkd.nl/iiif/10853790/full/max/0/default.jpg
308429,10871562,digital image,https://media.rkd.nl/iiif/10871562/full/max/0/default.jpg
308429,10853799,black and white photograph,https://media.rkd.nl/iiif/10853799/full/max/0/default.jpg
308430,10866841,digital image,https://media.rkd.nl/iiif/10866841/full/max/0/default.jpg
308430,10853801,black-and-white reproduction,https://media.rkd.nl/iiif/10853801/full/max/0/default.jpg
308432,10854015,black and white photograph,https://media.rkd.nl/iiif/10854015/full/max/0/default.jpg
308434,10854018,black and white photograph,https://media.rkd.nl/iiif/10854018/full/max/0/default.jpg
308436,10854020,digital image,https://media.rkd.nl/iiif/10854020/full/max/0/default.jpg
308437,10869591,digital image,https://media.rkd.nl/iiif/10869591/full/max/0/default.jpg
308437,10854021,black and white photograph,https://media.rkd.nl/iiif/10854021/full/max/0/default.jpg
308438,10869593,digital image,https://media.rkd.nl/iiif/10869593/full/max/0/default.jpg
308438,10854022,black-and-white reproduction,https://media.rkd.nl/iiif/10854022/full/max/0/default.jpg
308439,10853292,color reproduction,https://media.rkd.nl/iiif/10853292/full/max/0/default.jpg
308441,10869592,digital image,https://media.rkd.nl/iiif/10869592/full/max/0/default.jpg
308441,10854024,black and white photograph,https://media.rkd.nl/iiif/10854024/full/max/0/default.jpg
308456,10854048,BD/Digital Collection,https://media.rkd.nl/iiif/10854048/full/max/0/default.jpg
308461,10858235,digital image,https://media.rkd.nl/iiif/10858235/full/max/0/default.jpg
308461,10854058,black and white photograph,https://media.rkd.nl/iiif/10854058/full/max/0/default.jpg
308463,10854059,digital image,https://media.rkd.nl/iiif/10854059/full/max/0/default.jpg
308465,10899227,digital image,https://media.rkd.nl/iiif/10899227/full/max/0/default.jpg
308465,10854062,black and white photograph,https://media.rkd.nl/iiif/10854062/full/max/0/default.jpg
308468,10854066,black and white photograph,https://media.rkd.nl/iiif/10854066/full/max/0/default.jpg
308481,10889558,digital image,https://media.rkd.nl/iiif/10889558/full/max/0/default.jpg
308481,10854070,black and white photograph,https://media.rkd.nl/iiif/10854070/full/max/0/default.jpg
308483,10854071,color reproduction,https://media.rkd.nl/iiif/10854071/full/max/0/default.jpg
308484,10854074,color reproduction,https://media.rkd.nl/iiif/10854074/full/max/0/default.jpg
308485,10869790,digital image,https://media.rkd.nl/iiif/10869790/full/max/0/default.jpg
308485,10854073,color photograph,https://media.rkd.nl/iiif/10854073/full/max/0/default.jpg
308486,10854075,digital image,https://media.rkd.nl/iiif/10854075/full/max/0/default.jpg
308487,10899571,digital image,https://media.rkd.nl/iiif/10899571/full/max/0/default.jpg
308487,10854077,black and white photograph,https://media.rkd.nl/iiif/10854077/full/max/0/default.jpg
308498,10854337,digital image,https://media.rkd.nl/iiif/10854337/full/max/0/default.jpg
308501,10854344,color reproduction,https://media.rkd.nl/iiif/10854344/full/max/0/default.jpg
308515,10858251,digital image,https://media.rkd.nl/iiif/10858251/full/max/0/default.jpg
308518,10858243,digital image,https://media.rkd.nl/iiif/10858243/full/max/0/default.jpg
308531,10858272,color reproduction,https://media.rkd.nl/iiif/10858272/full/max/0/default.jpg
308537,10858283,digital image,https://media.rkd.nl/iiif/10858283/full/max/0/default.jpg
308538,10858284,digital image,https://media.rkd.nl/iiif/10858284/full/max/0/default.jpg
308539,10858285,color reproduction,https://media.rkd.nl/iiif/10858285/full/max/0/default.jpg
308546,10862908,digital image,https://media.rkd.nl/iiif/10862908/full/max/0/default.jpg
308547,10862907,black and white photograph,https://media.rkd.nl/iiif/10862907/full/max/0/default.jpg
308548,10862909,digital image,https://media.rkd.nl/iiif/10862909/full/max/0/default.jpg
308552,10862916,digital image,https://media.rkd.nl/iiif/10862916/full/max/0/default.jpg
308557,10862920,BD/Digital Collection,https://media.rkd.nl/iiif/10862920/full/max/0/default.jpg
308558,10862922,digital image,https://media.rkd.nl/iiif/10862922/full/max/0/default.jpg
308563,10862939,digital image,https://media.rkd.nl/iiif/10862939/full/max/0/default.jpg
308570,10866633,digital image,https://media.rkd.nl/iiif/10866633/full/max/0/default.jpg
308571,10866637,digital image,https://media.rkd.nl/iiif/10866637/full/max/0/default.jpg
308573,10866740,digital image,https://media.rkd.nl/iiif/10866740/full/max/0/default.jpg
308576,10866744,digital image,https://media.rkd.nl/iiif/10866744/full/max/0/default.jpg
308577,10866795,digital image,https://media.rkd.nl/iiif/10866795/full/max/0/default.jpg
308581,10866800,digital image,https://media.rkd.nl/iiif/10866800/full/max/0/default.jpg
308586,10866807,black and white photograph,https://media.rkd.nl/iiif/10866807/full/max/0/default.jpg
308587,10866811,black and white photograph,https://media.rkd.nl/iiif/10866811/full/max/0/default.jpg
308588,10866812,BD/Digital Collection,https://media.rkd.nl/iiif/10866812/full/max/0/default.jpg
308589,10866813,black and white photograph,https://media.rkd.nl/iiif/10866813/full/max/0/default.jpg
308593,10866818,BD/Digital Collection,https://media.rkd.nl/iiif/10866818/full/max/0/default.jpg
308595,10866819,digital image,https://media.rkd.nl/iiif/10866819/full/max/0/default.jpg
308596,10866822,BD/Digital Collection,https://media.rkd.nl/iiif/10866822/full/max/0/default.jpg
308609,10866842,digital image,https://media.rkd.nl/iiif/10866842/full/max/0/default.jpg
308610,10866843,digital image,https://media.rkd.nl/iiif/10866843/full/max/0/default.jpg
308611,10866845,digital image,https://media.rkd.nl/iiif/10866845/full/max/0/default.jpg
308613,10866846,digital image,https://media.rkd.nl/iiif/10866846/full/max/0/default.jpg
308614,10866849,digital image,https://media.rkd.nl/iiif/10866849/full/max/0/default.jpg
308615,10866850,digital image,https://media.rkd.nl/iiif/10866850/full/max/0/default.jpg
308618,10866851,digital image,https://media.rkd.nl/iiif/10866851/full/max/0/default.jpg
308619,10866852,digital image,https://media.rkd.nl/iiif/10866852/full/max/0/default.jpg
308626,10866860,digital image,https://media.rkd.nl/iiif/10866860/full/max/0/default.jpg
308632,10871006,digital color photograph,https://media.rkd.nl/iiif/10871006/full/max/0/default.jpg
308632,10871007,digital color photograph,https://media.rkd.nl/iiif/10871007/full/max/0/default.jpg
308655,10848998,digital color photograph,https://media.rkd.nl/iiif/10848998/full/max/0/default.jpg
308655,10869607,digital image,https://media.rkd.nl/iiif/10869607/full/max/0/default.jpg
308662,10869617,color reproduction,https://media.rkd.nl/iiif/10869617/full/max/0/default.jpg
308669,10869623,digital image,https://media.rkd.nl/iiif/10869623/full/max/0/default.jpg
308676,10869624,digital image,https://media.rkd.nl/iiif/10869624/full/max/0/default.jpg
308677,10869625,digital image,https://media.rkd.nl/iiif/10869625/full/max/0/default.jpg
308851,10869789,digital image,https://media.rkd.nl/iiif/10869789/full/max/0/default.jpg
308861,10869799,digital image,https://media.rkd.nl/iiif/10869799/full/max/0/default.jpg
308907,10870026,digital image,https://media.rkd.nl/iiif/10870026/full/max/0/default.jpg
308941,10849005,digital color photograph,https://media.rkd.nl/iiif/10849005/full/max/0/default.jpg
308950,10849015,digital color photograph,https://media.rkd.nl/iiif/10849015/full/max/0/default.jpg
308958,10869974,unknown,https://media.rkd.nl/iiif/10869974/full/max/0/default.jpg
308960,10870562,digital image,https://media.rkd.nl/iiif/10870562/full/max/0/default.jpg
308960,10870295,BD/Digital Collection,https://media.rkd.nl/iiif/10870295/full/max/0/default.jpg
308966,10869664,unknown,https://media.rkd.nl/iiif/10869664/full/max/0/default.jpg
308971,10870326,digital image,https://media.rkd.nl/iiif/10870326/full/max/0/default.jpg
308974,10870329,BD/Digital Collection,https://media.rkd.nl/iiif/10870329/full/max/0/default.jpg
308976,10870337,color reproduction,https://media.rkd.nl/iiif/10870337/full/max/0/default.jpg
309002,10870445,digital color photograph,https://media.rkd.nl/iiif/10870445/full/max/0/default.jpg
309003,10870447,digital image,https://media.rkd.nl/iiif/10870447/full/max/0/default.jpg
309045,10870524,black-and-white reproduction,https://media.rkd.nl/iiif/10870524/full/max/0/default.jpg
309071,10388635,black and white photograph,https://media.rkd.nl/iiif/10388635/full/max/0/default.jpg
309072,10870545,digital image,https://media.rkd.nl/iiif/10870545/full/max/0/default.jpg
309073,10388634,black and white photograph,https://media.rkd.nl/iiif/10388634/full/max/0/default.jpg
309075,10870664,black and white photograph,https://media.rkd.nl/iiif/10870664/full/max/0/default.jpg
309077,10870557,digital image,https://media.rkd.nl/iiif/10870557/full/max/0/default.jpg
309095,10870566,digital image,https://media.rkd.nl/iiif/10870566/full/max/0/default.jpg
309102,10870571,digital image,https://media.rkd.nl/iiif/10870571/full/max/0/default.jpg
309105,10870573,digital image,https://media.rkd.nl/iiif/10870573/full/max/0/default.jpg
309108,10870592,digital image,https://media.rkd.nl/iiif/10870592/full/max/0/default.jpg
309108,10870586,digital image,https://media.rkd.nl/iiif/10870586/full/max/0/default.jpg
309115,10889477,black and white photograph,https://media.rkd.nl/iiif/10889477/full/max/0/default.jpg
309120,10870667,black-and-white reproduction,https://media.rkd.nl/iiif/10870667/full/max/0/default.jpg
309125,10870668,black and white photograph,https://media.rkd.nl/iiif/10870668/full/max/0/default.jpg
309129,10870671,black and white photograph,https://media.rkd.nl/iiif/10870671/full/max/0/default.jpg
309133,10877126,digital image,https://media.rkd.nl/iiif/10877126/full/max/0/default.jpg
309134,10870675,black and white photograph,https://media.rkd.nl/iiif/10870675/full/max/0/default.jpg
309135,10870721,black and white photograph,https://media.rkd.nl/iiif/10870721/full/max/0/default.jpg
309136,10870722,black and white photograph,https://media.rkd.nl/iiif/10870722/full/max/0/default.jpg
309150,10870743,digital image,https://media.rkd.nl/iiif/10870743/full/max/0/default.jpg
309157,10870763,digital image,https://media.rkd.nl/iiif/10870763/full/max/0/default.jpg
309228,10871097,digital image,https://media.rkd.nl/iiif/10871097/full/max/0/default.jpg
309230,10871098,digital image,https://media.rkd.nl/iiif/10871098/full/max/0/default.jpg
309240,10871178,digital image,https://media.rkd.nl/iiif/10871178/full/max/0/default.jpg
309241,10871181,digital image,https://media.rkd.nl/iiif/10871181/full/max/0/default.jpg
309242,10871180,digital image,https://media.rkd.nl/iiif/10871180/full/max/0/default.jpg
309243,10871182,digital image,https://media.rkd.nl/iiif/10871182/full/max/0/default.jpg
309245,10871184,digital image,https://media.rkd.nl/iiif/10871184/full/max/0/default.jpg
309246,10871185,digital image,https://media.rkd.nl/iiif/10871185/full/max/0/default.jpg
309248,10889370,BD/Digital Collection,https://media.rkd.nl/iiif/10889370/full/max/0/default.jpg
309254,11169443,BD/Digital Collection,https://media.rkd.nl/iiif/11169443/full/max/0/default.jpg
309256,10871192,digital image,https://media.rkd.nl/iiif/10871192/full/max/0/default.jpg
309258,11169445,BD/Digital Collection,https://media.rkd.nl/iiif/11169445/full/max/0/default.jpg
309259,10889371,BD/Digital Collection,https://media.rkd.nl/iiif/10889371/full/max/0/default.jpg
309262,11169454,BD/Digital Collection,https://media.rkd.nl/iiif/11169454/full/max/0/default.jpg
309263,10889372,BD/Digital Collection,https://media.rkd.nl/iiif/10889372/full/max/0/default.jpg
309264,10871195,BD/Digital Collection,https://media.rkd.nl/iiif/10871195/full/max/0/default.jpg
309265,10871196,BD/Digital Collection,https://media.rkd.nl/iiif/10871196/full/max/0/default.jpg
309272,10871198,digital image,https://media.rkd.nl/iiif/10871198/full/max/0/default.jpg
309317,10876529,digital image,https://media.rkd.nl/iiif/10876529/full/max/0/default.jpg
309328,10876756,digital image,https://media.rkd.nl/iiif/10876756/full/max/0/default.jpg
309337,10876766,digital image,https://media.rkd.nl/iiif/10876766/full/max/0/default.jpg
309338,10876767,digital image,https://media.rkd.nl/iiif/10876767/full/max/0/default.jpg
309340,10889377,BD/Digital Collection,https://media.rkd.nl/iiif/10889377/full/max/0/default.jpg
309354,11183519,BD/Digital Collection,https://media.rkd.nl/iiif/11183519/full/max/0/default.jpg
309361,10876822,BD/Digital Collection,https://media.rkd.nl/iiif/10876822/full/max/0/default.jpg
309362,10876825,color reproduction,https://media.rkd.nl/iiif/10876825/full/max/0/default.jpg
309369,10876898,black and white photograph,https://media.rkd.nl/iiif/10876898/full/max/0/default.jpg
309370,10876945,black and white photograph,https://media.rkd.nl/iiif/10876945/full/max/0/default.jpg
309371,10876947,black and white photograph,https://media.rkd.nl/iiif/10876947/full/max/0/default.jpg
309376,10876800,BD/Digital Collection,https://media.rkd.nl/iiif/10876800/full/max/0/default.jpg
309394,10877140,digital image,https://media.rkd.nl/iiif/10877140/full/max/0/default.jpg
309444,10877348,digital image,https://media.rkd.nl/iiif/10877348/full/max/0/default.jpg
309451,10877377,digital image,https://media.rkd.nl/iiif/10877377/full/max/0/default.jpg
309455,10877483,digital image,https://media.rkd.nl/iiif/10877483/full/max/0/default.jpg
309458,10877508,digital image,https://media.rkd.nl/iiif/10877508/full/max/0/default.jpg
309480,10900133,digital image,https://media.rkd.nl/iiif/10900133/full/max/0/default.jpg
309480,10877607,black and white photograph,https://media.rkd.nl/iiif/10877607/full/max/0/default.jpg
309484,10877610,digital image,https://media.rkd.nl/iiif/10877610/full/max/0/default.jpg
309486,10877615,digital image,https://media.rkd.nl/iiif/10877615/full/max/0/default.jpg
309487,10900124,digital image,https://media.rkd.nl/iiif/10900124/full/max/0/default.jpg
309487,10877619,color photograph,https://media.rkd.nl/iiif/10877619/full/max/0/default.jpg
309528,10882306,digital image,https://media.rkd.nl/iiif/10882306/full/max/0/default.jpg
309532,10882308,digital image,https://media.rkd.nl/iiif/10882308/full/max/0/default.jpg
309534,10882317,digital image,https://media.rkd.nl/iiif/10882317/full/max/0/default.jpg
309537,10882340,BD/Digital Collection,https://media.rkd.nl/iiif/10882340/full/max/0/default.jpg
309538,10882337,digital image,https://media.rkd.nl/iiif/10882337/full/max/0/default.jpg
309572,10882532,digital image,https://media.rkd.nl/iiif/10882532/full/max/0/default.jpg
309573,10882548,digital image,https://media.rkd.nl/iiif/10882548/full/max/0/default.jpg
309576,10882559,digital image,https://media.rkd.nl/iiif/10882559/full/max/0/default.jpg
309579,10882575,digital image,https://media.rkd.nl/iiif/10882575/full/max/0/default.jpg
309580,10882576,digital image,https://media.rkd.nl/iiif/10882576/full/max/0/default.jpg
309580,10889632,digital image,https://media.rkd.nl/iiif/10889632/full/max/0/default.jpg
309582,10882577,digital image,https://media.rkd.nl/iiif/10882577/full/max/0/default.jpg
309582,10889719,digital image,https://media.rkd.nl/iiif/10889719/full/max/0/default.jpg
309584,10882584,digital image,https://media.rkd.nl/iiif/10882584/full/max/0/default.jpg
309584,10882585,digital image,https://media.rkd.nl/iiif/10882585/full/max/0/default.jpg
309598,10882668,BD/Digital Collection,https://media.rkd.nl/iiif/10882668/full/max/0/default.jpg
309599,10882669,BD/Digital Collection,https://media.rkd.nl/iiif/10882669/full/max/0/default.jpg
309600,10882670,BD/Digital Collection,https://media.rkd.nl/iiif/10882670/full/max/0/default.jpg
309602,10883348,BD/Digital Collection,https://media.rkd.nl/iiif/10883348/full/max/0/default.jpg
309606,10883358,digital image,https://media.rkd.nl/iiif/10883358/full/max/0/default.jpg
309608,10883360,digital image,https://media.rkd.nl/iiif/10883360/full/max/0/default.jpg
309609,10883361,digital image,https://media.rkd.nl/iiif/10883361/full/max/0/default.jpg
309616,10883366,digital image,https://media.rkd.nl/iiif/10883366/full/max/0/default.jpg
309617,10883365,BD/Digital Collection,https://media.rkd.nl/iiif/10883365/full/max/0/default.jpg
309619,10883367,digital image,https://media.rkd.nl/iiif/10883367/full/max/0/default.jpg
309622,10883372,digital image,https://media.rkd.nl/iiif/10883372/full/max/0/default.jpg
309625,10883376,digital image,https://media.rkd.nl/iiif/10883376/full/max/0/default.jpg
309631,10883382,digital image,https://media.rkd.nl/iiif/10883382/full/max/0/default.jpg
309635,10883383,digital image,https://media.rkd.nl/iiif/10883383/full/max/0/default.jpg
309639,10883390,digital image,https://media.rkd.nl/iiif/10883390/full/max/0/default.jpg
309695,10887109,digital image,https://media.rkd.nl/iiif/10887109/full/max/0/default.jpg
309700,10887173,digital image,https://media.rkd.nl/iiif/10887173/full/max/0/default.jpg
309702,10887174,digital image,https://media.rkd.nl/iiif/10887174/full/max/0/default.jpg
309704,10887178,digital image,https://media.rkd.nl/iiif/10887178/full/max/0/default.jpg
309712,10887194,digital image,https://media.rkd.nl/iiif/10887194/full/max/0/default.jpg
309713,10887195,BD/Digital Collection,https://media.rkd.nl/iiif/10887195/full/max/0/default.jpg
309727,10889156,digital image,https://media.rkd.nl/iiif/10889156/full/max/0/default.jpg
309728,10889158,digital image,https://media.rkd.nl/iiif/10889158/full/max/0/default.jpg
309728,10889159,digital image,https://media.rkd.nl/iiif/10889159/full/max/0/default.jpg
309731,10889163,digital image,https://media.rkd.nl/iiif/10889163/full/max/0/default.jpg
309732,10889164,digital image,https://media.rkd.nl/iiif/10889164/full/max/0/default.jpg
309740,10889171,digital image,https://media.rkd.nl/iiif/10889171/full/max/0/default.jpg
309765,10849044,digital color photograph,https://media.rkd.nl/iiif/10849044/full/max/0/default.jpg
309779,10849046,digital color photograph,https://media.rkd.nl/iiif/10849046/full/max/0/default.jpg
309780,10849048,digital color photograph,https://media.rkd.nl/iiif/10849048/full/max/0/default.jpg
309780,10889231,digital color photograph,https://media.rkd.nl/iiif/10889231/full/max/0/default.jpg
309792,11118940,BD/Digital Collection,https://media.rkd.nl/iiif/11118940/full/max/0/default.jpg
309794,10889402,BD/Digital Collection,https://media.rkd.nl/iiif/10889402/full/max/0/default.jpg
309798,10889411,BD/Digital Collection,https://media.rkd.nl/iiif/10889411/full/max/0/default.jpg
309799,10889413,BD/Digital Collection,https://media.rkd.nl/iiif/10889413/full/max/0/default.jpg
309804,10889426,BD/Digital Collection,https://media.rkd.nl/iiif/10889426/full/max/0/default.jpg
309812,10889555,digital image,https://media.rkd.nl/iiif/10889555/full/max/0/default.jpg
309814,10889481,digital image,https://media.rkd.nl/iiif/10889481/full/max/0/default.jpg
309815,10889482,digital image,https://media.rkd.nl/iiif/10889482/full/max/0/default.jpg
309816,10889483,BD/Digital Collection,https://media.rkd.nl/iiif/10889483/full/max/0/default.jpg
309818,10889429,BD/Digital Collection,https://media.rkd.nl/iiif/10889429/full/max/0/default.jpg
309821,10889484,BD/Digital Collection,https://media.rkd.nl/iiif/10889484/full/max/0/default.jpg
309826,10889488,BD/Digital Collection,https://media.rkd.nl/iiif/10889488/full/max/0/default.jpg
309833,10889495,BD/Digital Collection,https://media.rkd.nl/iiif/10889495/full/max/0/default.jpg
309839,10889503,digital image,https://media.rkd.nl/iiif/10889503/full/max/0/default.jpg
309842,10889539,digital image,https://media.rkd.nl/iiif/10889539/full/max/0/default.jpg
309859,10889569,reproduction (derivative object),https://media.rkd.nl/iiif/10889569/full/max/0/default.jpg
309863,10889573,BD/Digital Collection,https://media.rkd.nl/iiif/10889573/full/max/0/default.jpg
309865,10849050,digital color photograph,https://media.rkd.nl/iiif/10849050/full/max/0/default.jpg
309865,10889574,BD/Digital Collection,https://media.rkd.nl/iiif/10889574/full/max/0/default.jpg
309866,10849051,digital color photograph,https://media.rkd.nl/iiif/10849051/full/max/0/default.jpg
309866,10889575,BD/Digital Collection,https://media.rkd.nl/iiif/10889575/full/max/0/default.jpg
309867,10849052,digital color photograph,https://media.rkd.nl/iiif/10849052/full/max/0/default.jpg
309868,10849053,digital color photograph,https://media.rkd.nl/iiif/10849053/full/max/0/default.jpg
309868,10889576,BD/Digital Collection,https://media.rkd.nl/iiif/10889576/full/max/0/default.jpg
309876,10889581,BD/Digital Collection,https://media.rkd.nl/iiif/10889581/full/max/0/default.jpg
309880,10889586,digital image,https://media.rkd.nl/iiif/10889586/full/max/0/default.jpg
309880,10889594,digital image,https://media.rkd.nl/iiif/10889594/full/max/0/default.jpg
309898,10889625,digital image,https://media.rkd.nl/iiif/10889625/full/max/0/default.jpg
309898,10889626,digital image,https://media.rkd.nl/iiif/10889626/full/max/0/default.jpg
309902,10889631,digital image,https://media.rkd.nl/iiif/10889631/full/max/0/default.jpg
309916,10889639,BD/Digital Collection,https://media.rkd.nl/iiif/10889639/full/max/0/default.jpg
309921,10889644,digital color photograph,https://media.rkd.nl/iiif/10889644/full/max/0/default.jpg
309926,10889655,digital image,https://media.rkd.nl/iiif/10889655/full/max/0/default.jpg
309928,10889656,BD/Digital Collection,https://media.rkd.nl/iiif/10889656/full/max/0/default.jpg
309929,10889658,BD/Digital Collection,https://media.rkd.nl/iiif/10889658/full/max/0/default.jpg
309933,11169395,BD/Digital Collection,https://media.rkd.nl/iiif/11169395/full/max/0/default.jpg
309934,11118944,BD/Digital Collection,https://media.rkd.nl/iiif/11118944/full/max/0/default.jpg
309944,11118945,BD/Digital Collection,https://media.rkd.nl/iiif/11118945/full/max/0/default.jpg
309948,10889679,digital image,https://media.rkd.nl/iiif/10889679/full/max/0/default.jpg
309949,10889680,digital image,https://media.rkd.nl/iiif/10889680/full/max/0/default.jpg
309953,10889685,reproduction (derivative object),https://media.rkd.nl/iiif/10889685/full/max/0/default.jpg
309954,10889687,reproduction (derivative object),https://media.rkd.nl/iiif/10889687/full/max/0/default.jpg
309955,10889686,digital image,https://media.rkd.nl/iiif/10889686/full/max/0/default.jpg
309964,10889725,digital image,https://media.rkd.nl/iiif/10889725/full/max/0/default.jpg
309970,10893911,digital image,https://media.rkd.nl/iiif/10893911/full/max/0/default.jpg
309979,10893952,BD/Digital Collection,https://media.rkd.nl/iiif/10893952/full/max/0/default.jpg
310002,10894165,digital image,https://media.rkd.nl/iiif/10894165/full/max/0/default.jpg
310003,10894168,digital image,https://media.rkd.nl/iiif/10894168/full/max/0/default.jpg
310003,10894169,digital image,https://media.rkd.nl/iiif/10894169/full/max/0/default.jpg
310005,10894211,digital image,https://media.rkd.nl/iiif/10894211/full/max/0/default.jpg
310010,10894215,digital image,https://media.rkd.nl/iiif/10894215/full/max/0/default.jpg
310022,10894255,digital image,https://media.rkd.nl/iiif/10894255/full/max/0/default.jpg
310026,10894267,digital image,https://media.rkd.nl/iiif/10894267/full/max/0/default.jpg
310027,10894279,digital image,https://media.rkd.nl/iiif/10894279/full/max/0/default.jpg
310027,10894268,digital image,https://media.rkd.nl/iiif/10894268/full/max/0/default.jpg
310035,10894289,digital image,https://media.rkd.nl/iiif/10894289/full/max/0/default.jpg
310037,10858291,digital color photograph,https://media.rkd.nl/iiif/10858291/full/max/0/default.jpg
310042,10858295,digital color photograph,https://media.rkd.nl/iiif/10858295/full/max/0/default.jpg
310044,10858289,digital color photograph,https://media.rkd.nl/iiif/10858289/full/max/0/default.jpg
310045,10858311,digital color photograph,https://media.rkd.nl/iiif/10858311/full/max/0/default.jpg
310046,10858297,digital color photograph,https://media.rkd.nl/iiif/10858297/full/max/0/default.jpg
310049,10894300,digital image,https://media.rkd.nl/iiif/10894300/full/max/0/default.jpg
310054,10894322,digital image,https://media.rkd.nl/iiif/10894322/full/max/0/default.jpg
310059,10858293,digital color photograph,https://media.rkd.nl/iiif/10858293/full/max/0/default.jpg
310061,10858299,digital color photograph,https://media.rkd.nl/iiif/10858299/full/max/0/default.jpg
310087,10894357,digital color photograph,https://media.rkd.nl/iiif/10894357/full/max/0/default.jpg
310087,10894361,digital color photograph,https://media.rkd.nl/iiif/10894361/full/max/0/default.jpg
310087,10894360,digital color photograph,https://media.rkd.nl/iiif/10894360/full/max/0/default.jpg
310087,10894358,digital color photograph,https://media.rkd.nl/iiif/10894358/full/max/0/default.jpg
310087,10894359,digital color photograph,https://media.rkd.nl/iiif/10894359/full/max/0/default.jpg
310087,10894484,digital color photograph,https://media.rkd.nl/iiif/10894484/full/max/0/default.jpg
310087,10894485,digital color photograph,https://media.rkd.nl/iiif/10894485/full/max/0/default.jpg
310087,10894486,digital color photograph,https://media.rkd.nl/iiif/10894486/full/max/0/default.jpg
310087,10894488,digital color photograph,https://media.rkd.nl/iiif/10894488/full/max/0/default.jpg
310087,10894469,digital color photograph,https://media.rkd.nl/iiif/10894469/full/max/0/default.jpg
310096,10894381,brown photograph,https://media.rkd.nl/iiif/10894381/full/max/0/default.jpg
310097,10894388,digital image,https://media.rkd.nl/iiif/10894388/full/max/0/default.jpg
310129,10894430,digital black-and-white photograph,https://media.rkd.nl/iiif/10894430/full/max/0/default.jpg
310129,10894431,digital black-and-white photograph,https://media.rkd.nl/iiif/10894431/full/max/0/default.jpg
310129,10894432,digital black-and-white photograph,https://media.rkd.nl/iiif/10894432/full/max/0/default.jpg
310135,10894451,digital color photograph,https://media.rkd.nl/iiif/10894451/full/max/0/default.jpg
310173,10894491,black-and-white reproduction,https://media.rkd.nl/iiif/10894491/full/max/0/default.jpg
310177,10894497,BD/Digital Collection,https://media.rkd.nl/iiif/10894497/full/max/0/default.jpg
310178,10894500,BD/Digital Collection,https://media.rkd.nl/iiif/10894500/full/max/0/default.jpg
310183,10894504,digital image,https://media.rkd.nl/iiif/10894504/full/max/0/default.jpg
310191,10898629,digital image,https://media.rkd.nl/iiif/10898629/full/max/0/default.jpg
310197,10858335,digital color photograph,https://media.rkd.nl/iiif/10858335/full/max/0/default.jpg
310198,10858307,digital color photograph,https://media.rkd.nl/iiif/10858307/full/max/0/default.jpg
310199,10858313,digital color photograph,https://media.rkd.nl/iiif/10858313/full/max/0/default.jpg
310201,10858321,digital color photograph,https://media.rkd.nl/iiif/10858321/full/max/0/default.jpg
310202,10858323,digital color photograph,https://media.rkd.nl/iiif/10858323/full/max/0/default.jpg
310203,10858319,digital color photograph,https://media.rkd.nl/iiif/10858319/full/max/0/default.jpg
310205,10858303,digital color photograph,https://media.rkd.nl/iiif/10858303/full/max/0/default.jpg
310206,10858305,digital color photograph,https://media.rkd.nl/iiif/10858305/full/max/0/default.jpg
310209,10858325,digital color photograph,https://media.rkd.nl/iiif/10858325/full/max/0/default.jpg
310211,10858329,digital color photograph,https://media.rkd.nl/iiif/10858329/full/max/0/default.jpg
310212,10858331,digital color photograph,https://media.rkd.nl/iiif/10858331/full/max/0/default.jpg
310213,10858332,old black-and-white photograph,https://media.rkd.nl/iiif/10858332/full/max/0/default.jpg
310214,10858287,digital color photograph,https://media.rkd.nl/iiif/10858287/full/max/0/default.jpg
310215,10858337,digital color photograph,https://media.rkd.nl/iiif/10858337/full/max/0/default.jpg
310216,10858327,digital color photograph,https://media.rkd.nl/iiif/10858327/full/max/0/default.jpg
310217,10898661,BD/Digital Collection,https://media.rkd.nl/iiif/10898661/full/max/0/default.jpg
310218,10858309,digital color photograph,https://media.rkd.nl/iiif/10858309/full/max/0/default.jpg
310219,10898663,digital image,https://media.rkd.nl/iiif/10898663/full/max/0/default.jpg
310220,10858301,digital color photograph,https://media.rkd.nl/iiif/10858301/full/max/0/default.jpg
310221,10898668,BD/Digital Collection,https://media.rkd.nl/iiif/10898668/full/max/0/default.jpg
310222,10898670,digital image,https://media.rkd.nl/iiif/10898670/full/max/0/default.jpg
310225,10898676,digital image,https://media.rkd.nl/iiif/10898676/full/max/0/default.jpg
310226,10898681,black-and-white reproduction,https://media.rkd.nl/iiif/10898681/full/max/0/default.jpg
310227,10898683,black-and-white reproduction,https://media.rkd.nl/iiif/10898683/full/max/0/default.jpg
310233,10898692,digital image,https://media.rkd.nl/iiif/10898692/full/max/0/default.jpg
310239,10898698,BD/Digital Collection,https://media.rkd.nl/iiif/10898698/full/max/0/default.jpg
310245,10898704,digital color photograph,https://media.rkd.nl/iiif/10898704/full/max/0/default.jpg
310250,10898724,BD/Digital Collection,https://media.rkd.nl/iiif/10898724/full/max/0/default.jpg
310251,10898725,BD/Digital Collection,https://media.rkd.nl/iiif/10898725/full/max/0/default.jpg
310252,10898727,digital image,https://media.rkd.nl/iiif/10898727/full/max/0/default.jpg
310253,10898728,digital image,https://media.rkd.nl/iiif/10898728/full/max/0/default.jpg
310254,10898729,digital image,https://media.rkd.nl/iiif/10898729/full/max/0/default.jpg
310256,10898731,BD/Digital Collection,https://media.rkd.nl/iiif/10898731/full/max/0/default.jpg
310257,10898732,BD/Digital Collection,https://media.rkd.nl/iiif/10898732/full/max/0/default.jpg
310259,10898734,BD/Digital Collection,https://media.rkd.nl/iiif/10898734/full/max/0/default.jpg
310261,10898737,digital image,https://media.rkd.nl/iiif/10898737/full/max/0/default.jpg
310262,10898738,digital image,https://media.rkd.nl/iiif/10898738/full/max/0/default.jpg
310264,10898740,digital image,https://media.rkd.nl/iiif/10898740/full/max/0/default.jpg
310269,10898745,digital image,https://media.rkd.nl/iiif/10898745/full/max/0/default.jpg
310270,10898746,digital image,https://media.rkd.nl/iiif/10898746/full/max/0/default.jpg
310271,10898747,digital image,https://media.rkd.nl/iiif/10898747/full/max/0/default.jpg
310272,10898748,digital image,https://media.rkd.nl/iiif/10898748/full/max/0/default.jpg
310273,10898749,digital image,https://media.rkd.nl/iiif/10898749/full/max/0/default.jpg
310274,10898750,digital image,https://media.rkd.nl/iiif/10898750/full/max/0/default.jpg
310276,10898756,digital image,https://media.rkd.nl/iiif/10898756/full/max/0/default.jpg
310279,10898778,digital color photograph,https://media.rkd.nl/iiif/10898778/full/max/0/default.jpg
310283,10898796,digital image,https://media.rkd.nl/iiif/10898796/full/max/0/default.jpg
310284,10898798,digital image,https://media.rkd.nl/iiif/10898798/full/max/0/default.jpg
310284,10898818,digital image,https://media.rkd.nl/iiif/10898818/full/max/0/default.jpg
310291,10898837,BD/Digital Collection,https://media.rkd.nl/iiif/10898837/full/max/0/default.jpg
310292,10898806,digital image,https://media.rkd.nl/iiif/10898806/full/max/0/default.jpg
310293,10899437,digital image,https://media.rkd.nl/iiif/10899437/full/max/0/default.jpg
310294,10898808,BD/Digital Collection,https://media.rkd.nl/iiif/10898808/full/max/0/default.jpg
310299,10898813,digital image,https://media.rkd.nl/iiif/10898813/full/max/0/default.jpg
310300,10898814,digital image,https://media.rkd.nl/iiif/10898814/full/max/0/default.jpg
310301,10898816,BD/Digital Collection,https://media.rkd.nl/iiif/10898816/full/max/0/default.jpg
310307,10898821,digital image,https://media.rkd.nl/iiif/10898821/full/max/0/default.jpg
310310,10898826,digital image,https://media.rkd.nl/iiif/10898826/full/max/0/default.jpg
310312,10898833,BD/Digital Collection,https://media.rkd.nl/iiif/10898833/full/max/0/default.jpg
310312,10898832,BD/Digital Collection,https://media.rkd.nl/iiif/10898832/full/max/0/default.jpg
310313,10898779,BD/Digital Collection,https://media.rkd.nl/iiif/10898779/full/max/0/default.jpg
310316,10898780,BD/Digital Collection,https://media.rkd.nl/iiif/10898780/full/max/0/default.jpg
310321,10898845,BD/Digital Collection,https://media.rkd.nl/iiif/10898845/full/max/0/default.jpg
310322,10898846,BD/Digital Collection,https://media.rkd.nl/iiif/10898846/full/max/0/default.jpg
310322,10898844,BD/Digital Collection,https://media.rkd.nl/iiif/10898844/full/max/0/default.jpg
310323,10898847,BD/Digital Collection,https://media.rkd.nl/iiif/10898847/full/max/0/default.jpg
310327,10899273,BD/Digital Collection,https://media.rkd.nl/iiif/10899273/full/max/0/default.jpg
310327,10899272,BD/Digital Collection,https://media.rkd.nl/iiif/10899272/full/max/0/default.jpg
310327,10898855,digital image,https://media.rkd.nl/iiif/10898855/full/max/0/default.jpg
310331,10898859,BD/Digital Collection,https://media.rkd.nl/iiif/10898859/full/max/0/default.jpg
310331,10898862,BD/Digital Collection,https://media.rkd.nl/iiif/10898862/full/max/0/default.jpg
310341,10898884,BD/Digital Collection,https://media.rkd.nl/iiif/10898884/full/max/0/default.jpg
310341,10898882,BD/Digital Collection,https://media.rkd.nl/iiif/10898882/full/max/0/default.jpg
310341,10898883,BD/Digital Collection,https://media.rkd.nl/iiif/10898883/full/max/0/default.jpg
310343,10898888,BD/Digital Collection,https://media.rkd.nl/iiif/10898888/full/max/0/default.jpg
310343,10898886,BD/Digital Collection,https://media.rkd.nl/iiif/10898886/full/max/0/default.jpg
310344,10898887,BD/Digital Collection,https://media.rkd.nl/iiif/10898887/full/max/0/default.jpg
310345,10898889,BD/Digital Collection,https://media.rkd.nl/iiif/10898889/full/max/0/default.jpg
310363,10899018,BD/Digital Collection,https://media.rkd.nl/iiif/10899018/full/max/0/default.jpg
310364,10899019,BD/Digital Collection,https://media.rkd.nl/iiif/10899019/full/max/0/default.jpg
310396,10898768,BD/Digital Collection,https://media.rkd.nl/iiif/10898768/full/max/0/default.jpg
310402,10899438,digital image,https://media.rkd.nl/iiif/10899438/full/max/0/default.jpg
310403,10899538,digital image,https://media.rkd.nl/iiif/10899538/full/max/0/default.jpg
310409,10899389,digital image,https://media.rkd.nl/iiif/10899389/full/max/0/default.jpg
310412,10899403,digital image,https://media.rkd.nl/iiif/10899403/full/max/0/default.jpg
310414,10899159,BD/Digital Collection,https://media.rkd.nl/iiif/10899159/full/max/0/default.jpg
310415,10899149,BD/Digital Collection,https://media.rkd.nl/iiif/10899149/full/max/0/default.jpg
310416,10899156,BD/Digital Collection,https://media.rkd.nl/iiif/10899156/full/max/0/default.jpg
310418,10899152,BD/Digital Collection,https://media.rkd.nl/iiif/10899152/full/max/0/default.jpg
310437,10898834,BD/Digital Collection,https://media.rkd.nl/iiif/10898834/full/max/0/default.jpg
310454,10899143,digital color photograph,https://media.rkd.nl/iiif/10899143/full/max/0/default.jpg
310454,10899144,digital color photograph,https://media.rkd.nl/iiif/10899144/full/max/0/default.jpg
310455,10899145,digital color photograph,https://media.rkd.nl/iiif/10899145/full/max/0/default.jpg
310457,10899146,digital color photograph,https://media.rkd.nl/iiif/10899146/full/max/0/default.jpg
310465,10899309,black-and-white reproduction,https://media.rkd.nl/iiif/10899309/full/max/0/default.jpg
310468,10899308,digital image,https://media.rkd.nl/iiif/10899308/full/max/0/default.jpg
310479,10899154,BD/Digital Collection,https://media.rkd.nl/iiif/10899154/full/max/0/default.jpg
310480,10903002,black-and-white reproduction,https://media.rkd.nl/iiif/10903002/full/max/0/default.jpg
310489,10899305,digital image,https://media.rkd.nl/iiif/10899305/full/max/0/default.jpg
310490,10899765,digital image,https://media.rkd.nl/iiif/10899765/full/max/0/default.jpg
310492,10899304,digital image,https://media.rkd.nl/iiif/10899304/full/max/0/default.jpg
310499,10898870,BD/Digital Collection,https://media.rkd.nl/iiif/10898870/full/max/0/default.jpg
310516,10899301,digital image,https://media.rkd.nl/iiif/10899301/full/max/0/default.jpg
310520,10899147,digital image,https://media.rkd.nl/iiif/10899147/full/max/0/default.jpg
310524,11102698,digital image,https://media.rkd.nl/iiif/11102698/full/max/0/default.jpg
310526,10899300,digital image,https://media.rkd.nl/iiif/10899300/full/max/0/default.jpg
310530,10899299,digital image,https://media.rkd.nl/iiif/10899299/full/max/0/default.jpg
310537,11058172,digital image,https://media.rkd.nl/iiif/11058172/full/max/0/default.jpg
310541,10904246,digital color photograph,https://media.rkd.nl/iiif/10904246/full/max/0/default.jpg
310543,10904248,digital color photograph,https://media.rkd.nl/iiif/10904248/full/max/0/default.jpg
310550,10899539,digital image,https://media.rkd.nl/iiif/10899539/full/max/0/default.jpg
310565,10898900,BD/Digital Collection,https://media.rkd.nl/iiif/10898900/full/max/0/default.jpg
310568,10900960,digital color photograph,https://media.rkd.nl/iiif/10900960/full/max/0/default.jpg
310568,10900961,digital color photograph,https://media.rkd.nl/iiif/10900961/full/max/0/default.jpg
310568,10900962,digital color photograph,https://media.rkd.nl/iiif/10900962/full/max/0/default.jpg
310581,10899544,BD/Digital Collection,https://media.rkd.nl/iiif/10899544/full/max/0/default.jpg
310621,11166722,digital image,https://media.rkd.nl/iiif/11166722/full/max/0/default.jpg
310629,10899176,digital image,https://media.rkd.nl/iiif/10899176/full/max/0/default.jpg
310629,10899177,old black-and-white photograph,https://media.rkd.nl/iiif/10899177/full/max/0/default.jpg
310630,10899204,color reproduction,https://media.rkd.nl/iiif/10899204/full/max/0/default.jpg
310631,10899208,digital image,https://media.rkd.nl/iiif/10899208/full/max/0/default.jpg
310632,10899238,digital image,https://media.rkd.nl/iiif/10899238/full/max/0/default.jpg
310633,10899122,digital image,https://media.rkd.nl/iiif/10899122/full/max/0/default.jpg
310634,10899226,digital image,https://media.rkd.nl/iiif/10899226/full/max/0/default.jpg
310635,10899239,digital image,https://media.rkd.nl/iiif/10899239/full/max/0/default.jpg
310637,10899241,digital image,https://media.rkd.nl/iiif/10899241/full/max/0/default.jpg
310649,10899265,BD/Digital Collection,https://media.rkd.nl/iiif/10899265/full/max/0/default.jpg
310650,10899266,BD/Digital Collection,https://media.rkd.nl/iiif/10899266/full/max/0/default.jpg
310651,10899267,BD/Digital Collection,https://media.rkd.nl/iiif/10899267/full/max/0/default.jpg
310652,10899268,digital image,https://media.rkd.nl/iiif/10899268/full/max/0/default.jpg
310653,10899269,BD/Digital Collection,https://media.rkd.nl/iiif/10899269/full/max/0/default.jpg
310662,10899294,digital image,https://media.rkd.nl/iiif/10899294/full/max/0/default.jpg
310667,10899366,digital image,https://media.rkd.nl/iiif/10899366/full/max/0/default.jpg
310676,10899327,BD/Digital Collection,https://media.rkd.nl/iiif/10899327/full/max/0/default.jpg
310701,10899370,digital image,https://media.rkd.nl/iiif/10899370/full/max/0/default.jpg
310746,10899431,digital image,https://media.rkd.nl/iiif/10899431/full/max/0/default.jpg
310747,10899432,digital image,https://media.rkd.nl/iiif/10899432/full/max/0/default.jpg
310748,10899433,digital image,https://media.rkd.nl/iiif/10899433/full/max/0/default.jpg
310749,10899434,digital image,https://media.rkd.nl/iiif/10899434/full/max/0/default.jpg
310750,10899435,digital image,https://media.rkd.nl/iiif/10899435/full/max/0/default.jpg
310752,10899440,digital image,https://media.rkd.nl/iiif/10899440/full/max/0/default.jpg
310753,10899442,BD/Digital Collection,https://media.rkd.nl/iiif/10899442/full/max/0/default.jpg
310756,10899449,digital image,https://media.rkd.nl/iiif/10899449/full/max/0/default.jpg
310756,10899448,digital image,https://media.rkd.nl/iiif/10899448/full/max/0/default.jpg
310757,10899451,digital image,https://media.rkd.nl/iiif/10899451/full/max/0/default.jpg
310757,10899452,digital image,https://media.rkd.nl/iiif/10899452/full/max/0/default.jpg
310758,10899456,digital image,https://media.rkd.nl/iiif/10899456/full/max/0/default.jpg
310758,10899455,digital image,https://media.rkd.nl/iiif/10899455/full/max/0/default.jpg
310758,10899454,digital image,https://media.rkd.nl/iiif/10899454/full/max/0/default.jpg
310759,10899459,digital image,https://media.rkd.nl/iiif/10899459/full/max/0/default.jpg
310759,10899460,digital image,https://media.rkd.nl/iiif/10899460/full/max/0/default.jpg
310760,10899489,digital image,https://media.rkd.nl/iiif/10899489/full/max/0/default.jpg
310760,10899490,digital image,https://media.rkd.nl/iiif/10899490/full/max/0/default.jpg
310761,10899537,BD/Digital Collection,https://media.rkd.nl/iiif/10899537/full/max/0/default.jpg
310771,10899543,digital image,https://media.rkd.nl/iiif/10899543/full/max/0/default.jpg
310772,10899545,digital image,https://media.rkd.nl/iiif/10899545/full/max/0/default.jpg
310777,10899550,digital image,https://media.rkd.nl/iiif/10899550/full/max/0/default.jpg
310778,10899551,digital image,https://media.rkd.nl/iiif/10899551/full/max/0/default.jpg
310779,10899552,digital image,https://media.rkd.nl/iiif/10899552/full/max/0/default.jpg
310780,10899553,digital image,https://media.rkd.nl/iiif/10899553/full/max/0/default.jpg
310781,10899554,digital image,https://media.rkd.nl/iiif/10899554/full/max/0/default.jpg
310782,10899555,digital image,https://media.rkd.nl/iiif/10899555/full/max/0/default.jpg
310784,10899557,digital image,https://media.rkd.nl/iiif/10899557/full/max/0/default.jpg
310785,10899558,digital image,https://media.rkd.nl/iiif/10899558/full/max/0/default.jpg
310786,10899559,digital image,https://media.rkd.nl/iiif/10899559/full/max/0/default.jpg
310788,10899561,digital image,https://media.rkd.nl/iiif/10899561/full/max/0/default.jpg
310816,10899589,digital image,https://media.rkd.nl/iiif/10899589/full/max/0/default.jpg
310817,10899590,digital image,https://media.rkd.nl/iiif/10899590/full/max/0/default.jpg
310818,10899591,digital image,https://media.rkd.nl/iiif/10899591/full/max/0/default.jpg
310826,10899596,digital image,https://media.rkd.nl/iiif/10899596/full/max/0/default.jpg
310828,10899599,BD/Digital Collection,https://media.rkd.nl/iiif/10899599/full/max/0/default.jpg
310839,10899689,black-and-white reproduction,https://media.rkd.nl/iiif/10899689/full/max/0/default.jpg
310844,10899693,digital image,https://media.rkd.nl/iiif/10899693/full/max/0/default.jpg
310844,10899780,BD/Digital Collection,https://media.rkd.nl/iiif/10899780/full/max/0/default.jpg
310845,10899694,digital image,https://media.rkd.nl/iiif/10899694/full/max/0/default.jpg
310851,10899700,digital image,https://media.rkd.nl/iiif/10899700/full/max/0/default.jpg
310856,10899703,digital image,https://media.rkd.nl/iiif/10899703/full/max/0/default.jpg
310867,10899708,digital image,https://media.rkd.nl/iiif/10899708/full/max/0/default.jpg
310875,10899712,digital image,https://media.rkd.nl/iiif/10899712/full/max/0/default.jpg
310880,10899714,digital image,https://media.rkd.nl/iiif/10899714/full/max/0/default.jpg
310880,10899715,digital image,https://media.rkd.nl/iiif/10899715/full/max/0/default.jpg
310884,10899721,digital image,https://media.rkd.nl/iiif/10899721/full/max/0/default.jpg
310885,10899722,digital image,https://media.rkd.nl/iiif/10899722/full/max/0/default.jpg
310906,10899783,BD/Digital Collection,https://media.rkd.nl/iiif/10899783/full/max/0/default.jpg
310906,10899724,digital image,https://media.rkd.nl/iiif/10899724/full/max/0/default.jpg
310918,10899734,digital image,https://media.rkd.nl/iiif/10899734/full/max/0/default.jpg
310919,10899732,digital image,https://media.rkd.nl/iiif/10899732/full/max/0/default.jpg
310920,10899736,digital image,https://media.rkd.nl/iiif/10899736/full/max/0/default.jpg
310923,10899739,digital image,https://media.rkd.nl/iiif/10899739/full/max/0/default.jpg
310924,10899740,digital image,https://media.rkd.nl/iiif/10899740/full/max/0/default.jpg
310925,10899741,digital image,https://media.rkd.nl/iiif/10899741/full/max/0/default.jpg
310933,10899750,digital image,https://media.rkd.nl/iiif/10899750/full/max/0/default.jpg
310943,10899753,digital image,https://media.rkd.nl/iiif/10899753/full/max/0/default.jpg
310949,10899754,digital image,https://media.rkd.nl/iiif/10899754/full/max/0/default.jpg
310978,10899800,digital image,https://media.rkd.nl/iiif/10899800/full/max/0/default.jpg
310980,10899802,digital image,https://media.rkd.nl/iiif/10899802/full/max/0/default.jpg
310981,10899803,digital image,https://media.rkd.nl/iiif/10899803/full/max/0/default.jpg
310990,10899813,brown photograph,https://media.rkd.nl/iiif/10899813/full/max/0/default.jpg
310992,10899817,digital image,https://media.rkd.nl/iiif/10899817/full/max/0/default.jpg
310994,10899824,BD/Digital Collection,https://media.rkd.nl/iiif/10899824/full/max/0/default.jpg
311005,10899834,digital image,https://media.rkd.nl/iiif/10899834/full/max/0/default.jpg
311006,10899839,digital image,https://media.rkd.nl/iiif/10899839/full/max/0/default.jpg
311008,10899841,digital image,https://media.rkd.nl/iiif/10899841/full/max/0/default.jpg
311020,10899848,digital image,https://media.rkd.nl/iiif/10899848/full/max/0/default.jpg
311024,10899849,digital image,https://media.rkd.nl/iiif/10899849/full/max/0/default.jpg
311033,10899858,digital image,https://media.rkd.nl/iiif/10899858/full/max/0/default.jpg
311073,10899904,digital image,https://media.rkd.nl/iiif/10899904/full/max/0/default.jpg
311075,10899906,digital image,https://media.rkd.nl/iiif/10899906/full/max/0/default.jpg
311121,10899952,digital image,https://media.rkd.nl/iiif/10899952/full/max/0/default.jpg
311121,10899953,digital image,https://media.rkd.nl/iiif/10899953/full/max/0/default.jpg
311155,10899982,digital image,https://media.rkd.nl/iiif/10899982/full/max/0/default.jpg
311194,10900045,filing card,https://media.rkd.nl/iiif/10900045/full/max/0/default.jpg
311203,10900165,digital image,https://media.rkd.nl/iiif/10900165/full/max/0/default.jpg
311204,10900164,digital image,https://media.rkd.nl/iiif/10900164/full/max/0/default.jpg
311205,10900167,digital image,https://media.rkd.nl/iiif/10900167/full/max/0/default.jpg
311206,10900166,digital image,https://media.rkd.nl/iiif/10900166/full/max/0/default.jpg
311249,10900099,digital image,https://media.rkd.nl/iiif/10900099/full/max/0/default.jpg
311250,10900101,digital image,https://media.rkd.nl/iiif/10900101/full/max/0/default.jpg
311258,10900104,digital image,https://media.rkd.nl/iiif/10900104/full/max/0/default.jpg
311263,10900107,digital image,https://media.rkd.nl/iiif/10900107/full/max/0/default.jpg
311272,10900126,digital image,https://media.rkd.nl/iiif/10900126/full/max/0/default.jpg
311272,10900127,digital image,https://media.rkd.nl/iiif/10900127/full/max/0/default.jpg
311274,10900128,digital image,https://media.rkd.nl/iiif/10900128/full/max/0/default.jpg
311274,10900129,digital image,https://media.rkd.nl/iiif/10900129/full/max/0/default.jpg
311304,10900140,digital image,https://media.rkd.nl/iiif/10900140/full/max/0/default.jpg
311325,10900155,digital image,https://media.rkd.nl/iiif/10900155/full/max/0/default.jpg
311327,10900085,digital photograph,https://media.rkd.nl/iiif/10900085/full/max/0/default.jpg
311332,10900156,digital image,https://media.rkd.nl/iiif/10900156/full/max/0/default.jpg
311333,10900158,digital image,https://media.rkd.nl/iiif/10900158/full/max/0/default.jpg
311334,10900160,digital image,https://media.rkd.nl/iiif/10900160/full/max/0/default.jpg
311336,10900162,digital image,https://media.rkd.nl/iiif/10900162/full/max/0/default.jpg
311344,10900168,digital image,https://media.rkd.nl/iiif/10900168/full/max/0/default.jpg
311358,10900177,digital image,https://media.rkd.nl/iiif/10900177/full/max/0/default.jpg
311359,10900178,digital image,https://media.rkd.nl/iiif/10900178/full/max/0/default.jpg
311360,10900179,digital image,https://media.rkd.nl/iiif/10900179/full/max/0/default.jpg
311396,10900206,digital image,https://media.rkd.nl/iiif/10900206/full/max/0/default.jpg
311400,11184308,digital image,https://media.rkd.nl/iiif/11184308/full/max/0/default.jpg
311400,11083038,digital image,https://media.rkd.nl/iiif/11083038/full/max/0/default.jpg
311400,10900213,digital image,https://media.rkd.nl/iiif/10900213/full/max/0/default.jpg
311401,10900215,digital image,https://media.rkd.nl/iiif/10900215/full/max/0/default.jpg
311402,10900217,digital image,https://media.rkd.nl/iiif/10900217/full/max/0/default.jpg
311404,10900218,digital image,https://media.rkd.nl/iiif/10900218/full/max/0/default.jpg
311419,10900237,digital image,https://media.rkd.nl/iiif/10900237/full/max/0/default.jpg
311420,10900238,digital color photograph,https://media.rkd.nl/iiif/10900238/full/max/0/default.jpg
311423,10900245,digital image,https://media.rkd.nl/iiif/10900245/full/max/0/default.jpg
311423,10900264,black-and-white reproduction,https://media.rkd.nl/iiif/10900264/full/max/0/default.jpg
311431,10900273,black and white photograph,https://media.rkd.nl/iiif/10900273/full/max/0/default.jpg
311441,10900275,digital image,https://media.rkd.nl/iiif/10900275/full/max/0/default.jpg
311454,10900283,BD/Digital Collection,https://media.rkd.nl/iiif/10900283/full/max/0/default.jpg
311459,10900294,digital image,https://media.rkd.nl/iiif/10900294/full/max/0/default.jpg
311459,11155953,digital image,https://media.rkd.nl/iiif/11155953/full/max/0/default.jpg
311474,10900339,digital image,https://media.rkd.nl/iiif/10900339/full/max/0/default.jpg
311474,10900340,digital image,https://media.rkd.nl/iiif/10900340/full/max/0/default.jpg
311479,10900343,digital image,https://media.rkd.nl/iiif/10900343/full/max/0/default.jpg
311483,10900346,digital image,https://media.rkd.nl/iiif/10900346/full/max/0/default.jpg
311490,10900354,digital image,https://media.rkd.nl/iiif/10900354/full/max/0/default.jpg
311490,10900355,digital image,https://media.rkd.nl/iiif/10900355/full/max/0/default.jpg
311494,10900692,digital image,https://media.rkd.nl/iiif/10900692/full/max/0/default.jpg
311494,10900433,BD/Digital Collection,https://media.rkd.nl/iiif/10900433/full/max/0/default.jpg
311500,10900440,digital image,https://media.rkd.nl/iiif/10900440/full/max/0/default.jpg
311501,10900663,digital image,https://media.rkd.nl/iiif/10900663/full/max/0/default.jpg
311506,10900457,digital color photograph,https://media.rkd.nl/iiif/10900457/full/max/0/default.jpg
311507,10900451,digital color photograph,https://media.rkd.nl/iiif/10900451/full/max/0/default.jpg
311508,10900452,digital color photograph,https://media.rkd.nl/iiif/10900452/full/max/0/default.jpg
311509,10900470,BD/Digital Collection,https://media.rkd.nl/iiif/10900470/full/max/0/default.jpg
311518,10900456,digital color photograph,https://media.rkd.nl/iiif/10900456/full/max/0/default.jpg
311527,10900505,digital color photograph,https://media.rkd.nl/iiif/10900505/full/max/0/default.jpg
311527,10900522,digital color photograph,https://media.rkd.nl/iiif/10900522/full/max/0/default.jpg
311528,10900523,digital color photograph,https://media.rkd.nl/iiif/10900523/full/max/0/default.jpg
311545,10900542,digital image,https://media.rkd.nl/iiif/10900542/full/max/0/default.jpg
311550,10900546,digital image,https://media.rkd.nl/iiif/10900546/full/max/0/default.jpg
311560,10904912,digital image,https://media.rkd.nl/iiif/10904912/full/max/0/default.jpg
311563,10900561,BD/Digital Collection,https://media.rkd.nl/iiif/10900561/full/max/0/default.jpg
311570,10900577,digital image,https://media.rkd.nl/iiif/10900577/full/max/0/default.jpg
311573,10900578,digital image,https://media.rkd.nl/iiif/10900578/full/max/0/default.jpg
311573,10900579,digital image,https://media.rkd.nl/iiif/10900579/full/max/0/default.jpg
311573,10900580,black and white photograph,https://media.rkd.nl/iiif/10900580/full/max/0/default.jpg
311574,10900588,black-and-white reproduction,https://media.rkd.nl/iiif/10900588/full/max/0/default.jpg
311585,10900597,digital image,https://media.rkd.nl/iiif/10900597/full/max/0/default.jpg
311587,10900601,BD/Digital Collection,https://media.rkd.nl/iiif/10900601/full/max/0/default.jpg
311606,10900628,BD/Digital Collection,https://media.rkd.nl/iiif/10900628/full/max/0/default.jpg
311617,10900621,BD/Digital Collection,https://media.rkd.nl/iiif/10900621/full/max/0/default.jpg
311619,10900657,digital image,https://media.rkd.nl/iiif/10900657/full/max/0/default.jpg
311622,10900664,digital image,https://media.rkd.nl/iiif/10900664/full/max/0/default.jpg
311627,10900667,black-and-white reproduction,https://media.rkd.nl/iiif/10900667/full/max/0/default.jpg
311634,10901244,digital color photograph,https://media.rkd.nl/iiif/10901244/full/max/0/default.jpg
311635,10901250,digital color photograph,https://media.rkd.nl/iiif/10901250/full/max/0/default.jpg
311636,10901246,digital color photograph,https://media.rkd.nl/iiif/10901246/full/max/0/default.jpg
311657,11045783,digital image,https://media.rkd.nl/iiif/11045783/full/max/0/default.jpg
311658,11045782,digital image,https://media.rkd.nl/iiif/11045782/full/max/0/default.jpg
311665,10900743,digital image,https://media.rkd.nl/iiif/10900743/full/max/0/default.jpg
311667,10900746,digital image,https://media.rkd.nl/iiif/10900746/full/max/0/default.jpg
311667,10900747,digital image,https://media.rkd.nl/iiif/10900747/full/max/0/default.jpg
311669,10900757,BD/Digital Collection,https://media.rkd.nl/iiif/10900757/full/max/0/default.jpg
311675,10900775,digital image,https://media.rkd.nl/iiif/10900775/full/max/0/default.jpg
311681,10900782,digital image,https://media.rkd.nl/iiif/10900782/full/max/0/default.jpg
311685,10900786,black and white photograph,https://media.rkd.nl/iiif/10900786/full/max/0/default.jpg
311686,10900789,digital image,https://media.rkd.nl/iiif/10900789/full/max/0/default.jpg
311694,10900817,digital photograph,https://media.rkd.nl/iiif/10900817/full/max/0/default.jpg
311697,10900791,BD/Digital Collection,https://media.rkd.nl/iiif/10900791/full/max/0/default.jpg
311714,10902768,BD/Digital Collection,https://media.rkd.nl/iiif/10902768/full/max/0/default.jpg
311725,10900843,digital image,https://media.rkd.nl/iiif/10900843/full/max/0/default.jpg
311726,10900845,digital image,https://media.rkd.nl/iiif/10900845/full/max/0/default.jpg
311726,10900844,digital image,https://media.rkd.nl/iiif/10900844/full/max/0/default.jpg
311728,10900848,digital image,https://media.rkd.nl/iiif/10900848/full/max/0/default.jpg
311736,10900856,BD/Digital Collection,https://media.rkd.nl/iiif/10900856/full/max/0/default.jpg
311750,10900901,color reproduction,https://media.rkd.nl/iiif/10900901/full/max/0/default.jpg
311751,10900902,digital image,https://media.rkd.nl/iiif/10900902/full/max/0/default.jpg
311757,10901300,digital image,https://media.rkd.nl/iiif/10901300/full/max/0/default.jpg
311758,10901301,digital image,https://media.rkd.nl/iiif/10901301/full/max/0/default.jpg
311760,10901303,digital color photograph,https://media.rkd.nl/iiif/10901303/full/max/0/default.jpg
311761,10901304,black and white photograph,https://media.rkd.nl/iiif/10901304/full/max/0/default.jpg
311762,10901305,digital image,https://media.rkd.nl/iiif/10901305/full/max/0/default.jpg
311766,10901308,digital image,https://media.rkd.nl/iiif/10901308/full/max/0/default.jpg
311768,10901310,BD/Digital Collection,https://media.rkd.nl/iiif/10901310/full/max/0/default.jpg
311770,10901312,BD/Digital Collection,https://media.rkd.nl/iiif/10901312/full/max/0/default.jpg
311776,10901318,BD/Digital Collection,https://media.rkd.nl/iiif/10901318/full/max/0/default.jpg
311803,10901934,BD/Digital Collection,https://media.rkd.nl/iiif/10901934/full/max/0/default.jpg
311803,10901352,color reproduction,https://media.rkd.nl/iiif/10901352/full/max/0/default.jpg
311825,10900660,BD/Digital Collection,https://media.rkd.nl/iiif/10900660/full/max/0/default.jpg
311838,10901416,digital image,https://media.rkd.nl/iiif/10901416/full/max/0/default.jpg
311838,10901415,color reproduction,https://media.rkd.nl/iiif/10901415/full/max/0/default.jpg
311838,10901381,digital image,https://media.rkd.nl/iiif/10901381/full/max/0/default.jpg
311842,10901400,BD/Digital Collection,https://media.rkd.nl/iiif/10901400/full/max/0/default.jpg
311843,10901402,BD/Digital Collection,https://media.rkd.nl/iiif/10901402/full/max/0/default.jpg
311846,10901407,BD/Digital Collection,https://media.rkd.nl/iiif/10901407/full/max/0/default.jpg
311847,10901426,BD/Digital Collection,https://media.rkd.nl/iiif/10901426/full/max/0/default.jpg
311850,10901890,BD/Digital Collection,https://media.rkd.nl/iiif/10901890/full/max/0/default.jpg
311850,10901413,BD/Digital Collection,https://media.rkd.nl/iiif/10901413/full/max/0/default.jpg
311851,10901412,digital image,https://media.rkd.nl/iiif/10901412/full/max/0/default.jpg
311852,10901425,digital image,https://media.rkd.nl/iiif/10901425/full/max/0/default.jpg
311853,10901421,black and white photograph,https://media.rkd.nl/iiif/10901421/full/max/0/default.jpg
311854,10901427,BD/Digital Collection,https://media.rkd.nl/iiif/10901427/full/max/0/default.jpg
311855,10901429,BD/Digital Collection,https://media.rkd.nl/iiif/10901429/full/max/0/default.jpg
311856,10901428,BD/Digital Collection,https://media.rkd.nl/iiif/10901428/full/max/0/default.jpg
311857,10901430,BD/Digital Collection,https://media.rkd.nl/iiif/10901430/full/max/0/default.jpg
311858,10901431,BD/Digital Collection,https://media.rkd.nl/iiif/10901431/full/max/0/default.jpg
311862,10901435,BD/Digital Collection,https://media.rkd.nl/iiif/10901435/full/max/0/default.jpg
311863,10901433,digital image,https://media.rkd.nl/iiif/10901433/full/max/0/default.jpg
311864,10901436,BD/Digital Collection,https://media.rkd.nl/iiif/10901436/full/max/0/default.jpg
311865,10901437,BD/Digital Collection,https://media.rkd.nl/iiif/10901437/full/max/0/default.jpg
311867,10901441,digital image,https://media.rkd.nl/iiif/10901441/full/max/0/default.jpg
311872,10901451,BD/Digital Collection,https://media.rkd.nl/iiif/10901451/full/max/0/default.jpg
311873,10901452,BD/Digital Collection,https://media.rkd.nl/iiif/10901452/full/max/0/default.jpg
311875,10901454,BD/Digital Collection,https://media.rkd.nl/iiif/10901454/full/max/0/default.jpg
311876,10901457,BD/Digital Collection,https://media.rkd.nl/iiif/10901457/full/max/0/default.jpg
311878,10901458,BD/Digital Collection,https://media.rkd.nl/iiif/10901458/full/max/0/default.jpg
311882,10901461,BD/Digital Collection,https://media.rkd.nl/iiif/10901461/full/max/0/default.jpg
311917,10900480,BD/Digital Collection,https://media.rkd.nl/iiif/10900480/full/max/0/default.jpg
311917,10900555,BD/Digital Collection,https://media.rkd.nl/iiif/10900555/full/max/0/default.jpg
311919,10901520,digital image,https://media.rkd.nl/iiif/10901520/full/max/0/default.jpg
311943,10901566,BD/Digital Collection,https://media.rkd.nl/iiif/10901566/full/max/0/default.jpg
311945,10901567,BD/Digital Collection,https://media.rkd.nl/iiif/10901567/full/max/0/default.jpg
311947,10901576,BD/Digital Collection,https://media.rkd.nl/iiif/10901576/full/max/0/default.jpg
311950,10901578,BD/Digital Collection,https://media.rkd.nl/iiif/10901578/full/max/0/default.jpg
311954,10901590,BD/Digital Collection,https://media.rkd.nl/iiif/10901590/full/max/0/default.jpg
311963,10901604,BD/Digital Collection,https://media.rkd.nl/iiif/10901604/full/max/0/default.jpg
311975,10901609,digital image,https://media.rkd.nl/iiif/10901609/full/max/0/default.jpg
311983,10901610,BD/Digital Collection,https://media.rkd.nl/iiif/10901610/full/max/0/default.jpg
311993,10901611,BD/Digital Collection,https://media.rkd.nl/iiif/10901611/full/max/0/default.jpg
311997,10901617,BD/Digital Collection,https://media.rkd.nl/iiif/10901617/full/max/0/default.jpg
312002,10901613,color reproduction,https://media.rkd.nl/iiif/10901613/full/max/0/default.jpg
312009,10901614,BD/Digital Collection,https://media.rkd.nl/iiif/10901614/full/max/0/default.jpg
312010,10901616,digital image,https://media.rkd.nl/iiif/10901616/full/max/0/default.jpg
312018,10901618,BD/Digital Collection,https://media.rkd.nl/iiif/10901618/full/max/0/default.jpg
312038,10901620,BD/Digital Collection,https://media.rkd.nl/iiif/10901620/full/max/0/default.jpg
312047,10901624,BD/Digital Collection,https://media.rkd.nl/iiif/10901624/full/max/0/default.jpg
312055,10901626,BD/Digital Collection,https://media.rkd.nl/iiif/10901626/full/max/0/default.jpg
312067,10901628,BD/Digital Collection,https://media.rkd.nl/iiif/10901628/full/max/0/default.jpg
312070,10901630,BD/Digital Collection,https://media.rkd.nl/iiif/10901630/full/max/0/default.jpg
312074,10901631,BD/Digital Collection,https://media.rkd.nl/iiif/10901631/full/max/0/default.jpg
312100,10901637,digital image,https://media.rkd.nl/iiif/10901637/full/max/0/default.jpg
312117,10902752,BD/Digital Collection,https://media.rkd.nl/iiif/10902752/full/max/0/default.jpg
312119,10901739,digital image,https://media.rkd.nl/iiif/10901739/full/max/0/default.jpg
312125,10902740,BD/Digital Collection,https://media.rkd.nl/iiif/10902740/full/max/0/default.jpg
312130,10901759,digital color photograph,https://media.rkd.nl/iiif/10901759/full/max/0/default.jpg
312181,10901944,digital image,https://media.rkd.nl/iiif/10901944/full/max/0/default.jpg
312195,10904591,BD/Digital Collection,https://media.rkd.nl/iiif/10904591/full/max/0/default.jpg
312199,10901955,digital image,https://media.rkd.nl/iiif/10901955/full/max/0/default.jpg
312200,10901956,black-and-white reproduction,https://media.rkd.nl/iiif/10901956/full/max/0/default.jpg
312207,10901963,black-and-white reproduction,https://media.rkd.nl/iiif/10901963/full/max/0/default.jpg
312214,10901971,color reproduction,https://media.rkd.nl/iiif/10901971/full/max/0/default.jpg
312220,10901976,color reproduction,https://media.rkd.nl/iiif/10901976/full/max/0/default.jpg
312222,10901977,black-and-white reproduction,https://media.rkd.nl/iiif/10901977/full/max/0/default.jpg
312228,10901987,color reproduction,https://media.rkd.nl/iiif/10901987/full/max/0/default.jpg
312263,10902019,digital color photograph,https://media.rkd.nl/iiif/10902019/full/max/0/default.jpg
312264,10902021,digital image,https://media.rkd.nl/iiif/10902021/full/max/0/default.jpg
312266,10902024,digital color photograph,https://media.rkd.nl/iiif/10902024/full/max/0/default.jpg
312268,10902035,digital image,https://media.rkd.nl/iiif/10902035/full/max/0/default.jpg
312269,10902761,BD/Digital Collection,https://media.rkd.nl/iiif/10902761/full/max/0/default.jpg
312271,10902763,BD/Digital Collection,https://media.rkd.nl/iiif/10902763/full/max/0/default.jpg
312278,10902044,digital image,https://media.rkd.nl/iiif/10902044/full/max/0/default.jpg
312298,10902073,brown photograph,https://media.rkd.nl/iiif/10902073/full/max/0/default.jpg
312299,10902077,digital photograph,https://media.rkd.nl/iiif/10902077/full/max/0/default.jpg
312300,10902150,black-and-white reproduction,https://media.rkd.nl/iiif/10902150/full/max/0/default.jpg
312300,10902078,digital image,https://media.rkd.nl/iiif/10902078/full/max/0/default.jpg
312306,10902151,black-and-white reproduction,https://media.rkd.nl/iiif/10902151/full/max/0/default.jpg
312334,10902152,digital image,https://media.rkd.nl/iiif/10902152/full/max/0/default.jpg
312342,10902168,color reproduction,https://media.rkd.nl/iiif/10902168/full/max/0/default.jpg
312349,10902284,digital image,https://media.rkd.nl/iiif/10902284/full/max/0/default.jpg
312349,10902186,digital image,https://media.rkd.nl/iiif/10902186/full/max/0/default.jpg
312353,10902193,digital image,https://media.rkd.nl/iiif/10902193/full/max/0/default.jpg
312363,10902215,BD/Digital Collection,https://media.rkd.nl/iiif/10902215/full/max/0/default.jpg
312366,11000258,BD/Digital Collection,https://media.rkd.nl/iiif/11000258/full/max/0/default.jpg
312382,10902253,digital image,https://media.rkd.nl/iiif/10902253/full/max/0/default.jpg
312416,10902302,digital image,https://media.rkd.nl/iiif/10902302/full/max/0/default.jpg
312418,10902314,BD/Digital Collection,https://media.rkd.nl/iiif/10902314/full/max/0/default.jpg
312419,10902315,BD/Digital Collection,https://media.rkd.nl/iiif/10902315/full/max/0/default.jpg
312423,10902331,BD/Digital Collection,https://media.rkd.nl/iiif/10902331/full/max/0/default.jpg
312428,10905125,digital image,https://media.rkd.nl/iiif/10905125/full/max/0/default.jpg
312473,10902388,digital image,https://media.rkd.nl/iiif/10902388/full/max/0/default.jpg
312473,10902390,digital image,https://media.rkd.nl/iiif/10902390/full/max/0/default.jpg
312475,10902394,BD/Digital Collection,https://media.rkd.nl/iiif/10902394/full/max/0/default.jpg
312477,10904343,color reproduction,https://media.rkd.nl/iiif/10904343/full/max/0/default.jpg
312489,10902399,BD/Digital Collection,https://media.rkd.nl/iiif/10902399/full/max/0/default.jpg
312492,10902402,BD/Digital Collection,https://media.rkd.nl/iiif/10902402/full/max/0/default.jpg
312497,11000246,BD/Digital Collection,https://media.rkd.nl/iiif/11000246/full/max/0/default.jpg
312505,10902418,BD/Digital Collection,https://media.rkd.nl/iiif/10902418/full/max/0/default.jpg
312507,10902420,BD/Digital Collection,https://media.rkd.nl/iiif/10902420/full/max/0/default.jpg
312511,10902422,BD/Digital Collection,https://media.rkd.nl/iiif/10902422/full/max/0/default.jpg
312514,10902409,BD/Digital Collection,https://media.rkd.nl/iiif/10902409/full/max/0/default.jpg
312517,10902568,digital image,https://media.rkd.nl/iiif/10902568/full/max/0/default.jpg
312518,11098066,BD/Digital Collection,https://media.rkd.nl/iiif/11098066/full/max/0/default.jpg
312522,10902429,BD/Digital Collection,https://media.rkd.nl/iiif/10902429/full/max/0/default.jpg
312535,10902453,BD/Digital Collection,https://media.rkd.nl/iiif/10902453/full/max/0/default.jpg
312548,10902456,BD/Digital Collection,https://media.rkd.nl/iiif/10902456/full/max/0/default.jpg
312561,10902463,BD/Digital Collection,https://media.rkd.nl/iiif/10902463/full/max/0/default.jpg
312562,10902458,digital image,https://media.rkd.nl/iiif/10902458/full/max/0/default.jpg
312563,10902470,BD/Digital Collection,https://media.rkd.nl/iiif/10902470/full/max/0/default.jpg
312564,10902474,BD/Digital Collection,https://media.rkd.nl/iiif/10902474/full/max/0/default.jpg
312572,10902482,BD/Digital Collection,https://media.rkd.nl/iiif/10902482/full/max/0/default.jpg
312591,10902508,BD/Digital Collection,https://media.rkd.nl/iiif/10902508/full/max/0/default.jpg
312601,10902514,digital file,https://media.rkd.nl/iiif/10902514/full/max/0/default.jpg
312616,10902528,BD/Digital Collection,https://media.rkd.nl/iiif/10902528/full/max/0/default.jpg
312624,10902534,BD/Digital Collection,https://media.rkd.nl/iiif/10902534/full/max/0/default.jpg
312626,10902538,digital image,https://media.rkd.nl/iiif/10902538/full/max/0/default.jpg
312626,10902539,digital image,https://media.rkd.nl/iiif/10902539/full/max/0/default.jpg
312643,10902551,digital image,https://media.rkd.nl/iiif/10902551/full/max/0/default.jpg
312651,10902563,digital image,https://media.rkd.nl/iiif/10902563/full/max/0/default.jpg
312651,10902564,digital image,https://media.rkd.nl/iiif/10902564/full/max/0/default.jpg
312658,10902570,BD/Digital Collection,https://media.rkd.nl/iiif/10902570/full/max/0/default.jpg
312661,10902572,BD/Digital Collection,https://media.rkd.nl/iiif/10902572/full/max/0/default.jpg
312703,10902650,BD/Digital Collection,https://media.rkd.nl/iiif/10902650/full/max/0/default.jpg
312705,10902656,BD/Digital Collection,https://media.rkd.nl/iiif/10902656/full/max/0/default.jpg
312706,10902657,BD/Digital Collection,https://media.rkd.nl/iiif/10902657/full/max/0/default.jpg
312707,10902658,BD/Digital Collection,https://media.rkd.nl/iiif/10902658/full/max/0/default.jpg
312710,10902667,BD/Digital Collection,https://media.rkd.nl/iiif/10902667/full/max/0/default.jpg
312721,10902693,digital image,https://media.rkd.nl/iiif/10902693/full/max/0/default.jpg
312729,10902704,digital image,https://media.rkd.nl/iiif/10902704/full/max/0/default.jpg
312729,10902699,digital image,https://media.rkd.nl/iiif/10902699/full/max/0/default.jpg
312729,10902700,digital image,https://media.rkd.nl/iiif/10902700/full/max/0/default.jpg
312733,10902705,digital image,https://media.rkd.nl/iiif/10902705/full/max/0/default.jpg
312733,10902706,digital image,https://media.rkd.nl/iiif/10902706/full/max/0/default.jpg
312741,11009953,BD/Digital Collection,https://media.rkd.nl/iiif/11009953/full/max/0/default.jpg
312742,11010226,BD/Digital Collection,https://media.rkd.nl/iiif/11010226/full/max/0/default.jpg
312743,10902720,digital image,https://media.rkd.nl/iiif/10902720/full/max/0/default.jpg
312746,10902724,digital image,https://media.rkd.nl/iiif/10902724/full/max/0/default.jpg
312748,10902726,digital image,https://media.rkd.nl/iiif/10902726/full/max/0/default.jpg
312749,10902727,digital image,https://media.rkd.nl/iiif/10902727/full/max/0/default.jpg
312749,10902728,digital image,https://media.rkd.nl/iiif/10902728/full/max/0/default.jpg
312753,10902733,digital image,https://media.rkd.nl/iiif/10902733/full/max/0/default.jpg
312755,10902750,digital image,https://media.rkd.nl/iiif/10902750/full/max/0/default.jpg
312759,10902734,BD/Digital Collection,https://media.rkd.nl/iiif/10902734/full/max/0/default.jpg
312787,10902791,digital image,https://media.rkd.nl/iiif/10902791/full/max/0/default.jpg
312806,10902828,digital image,https://media.rkd.nl/iiif/10902828/full/max/0/default.jpg
312811,10902833,digital image,https://media.rkd.nl/iiif/10902833/full/max/0/default.jpg
312815,10902836,digital image,https://media.rkd.nl/iiif/10902836/full/max/0/default.jpg
312816,10902837,digital image,https://media.rkd.nl/iiif/10902837/full/max/0/default.jpg
312819,10902843,digital image,https://media.rkd.nl/iiif/10902843/full/max/0/default.jpg
312820,10902844,digital file,https://media.rkd.nl/iiif/10902844/full/max/0/default.jpg
312822,10902847,digital image,https://media.rkd.nl/iiif/10902847/full/max/0/default.jpg
312823,10902850,BD/Digital Collection,https://media.rkd.nl/iiif/10902850/full/max/0/default.jpg
312829,10902900,digital image,https://media.rkd.nl/iiif/10902900/full/max/0/default.jpg
312843,10902918,digital image,https://media.rkd.nl/iiif/10902918/full/max/0/default.jpg
312844,10902921,digital image,https://media.rkd.nl/iiif/10902921/full/max/0/default.jpg
312858,10902959,digital image,https://media.rkd.nl/iiif/10902959/full/max/0/default.jpg
312860,10902964,BD/Digital Collection,https://media.rkd.nl/iiif/10902964/full/max/0/default.jpg
312863,10902967,digital image,https://media.rkd.nl/iiif/10902967/full/max/0/default.jpg
312863,10902969,digital image,https://media.rkd.nl/iiif/10902969/full/max/0/default.jpg
312866,10902973,digital image,https://media.rkd.nl/iiif/10902973/full/max/0/default.jpg
312866,10902974,digital image,https://media.rkd.nl/iiif/10902974/full/max/0/default.jpg
312887,10904944,BD/Digital Collection,https://media.rkd.nl/iiif/10904944/full/max/0/default.jpg
312889,10904945,BD/Digital Collection,https://media.rkd.nl/iiif/10904945/full/max/0/default.jpg
312895,10903007,digital image,https://media.rkd.nl/iiif/10903007/full/max/0/default.jpg
312895,10903019,digital image,https://media.rkd.nl/iiif/10903019/full/max/0/default.jpg
312911,10903033,digital image,https://media.rkd.nl/iiif/10903033/full/max/0/default.jpg
312945,10903051,black-and-white reproduction,https://media.rkd.nl/iiif/10903051/full/max/0/default.jpg
312948,10903053,black-and-white reproduction,https://media.rkd.nl/iiif/10903053/full/max/0/default.jpg
312958,11098068,BD/Digital Collection,https://media.rkd.nl/iiif/11098068/full/max/0/default.jpg
312959,10903084,digital image,https://media.rkd.nl/iiif/10903084/full/max/0/default.jpg
312959,10903104,digital image,https://media.rkd.nl/iiif/10903104/full/max/0/default.jpg
312973,11098094,BD/Digital Collection,https://media.rkd.nl/iiif/11098094/full/max/0/default.jpg
312974,10904947,BD/Digital Collection,https://media.rkd.nl/iiif/10904947/full/max/0/default.jpg
312975,10903105,digital image,https://media.rkd.nl/iiif/10903105/full/max/0/default.jpg
312975,10903106,digital image,https://media.rkd.nl/iiif/10903106/full/max/0/default.jpg
313050,11098116,BD/Digital Collection,https://media.rkd.nl/iiif/11098116/full/max/0/default.jpg
313051,11098118,BD/Digital Collection,https://media.rkd.nl/iiif/11098118/full/max/0/default.jpg
313066,10903329,digital photograph,https://media.rkd.nl/iiif/10903329/full/max/0/default.jpg
313073,10903341,digital image,https://media.rkd.nl/iiif/10903341/full/max/0/default.jpg
313075,10903348,digital image,https://media.rkd.nl/iiif/10903348/full/max/0/default.jpg
313076,10903347,digital image,https://media.rkd.nl/iiif/10903347/full/max/0/default.jpg
313077,10903349,digital image,https://media.rkd.nl/iiif/10903349/full/max/0/default.jpg
313080,10903351,digital image,https://media.rkd.nl/iiif/10903351/full/max/0/default.jpg
313083,10904997,BD/Digital Collection,https://media.rkd.nl/iiif/10904997/full/max/0/default.jpg
313084,10904998,BD/Digital Collection,https://media.rkd.nl/iiif/10904998/full/max/0/default.jpg
313113,10904999,BD/Digital Collection,https://media.rkd.nl/iiif/10904999/full/max/0/default.jpg
313127,11023502,digital image,https://media.rkd.nl/iiif/11023502/full/max/0/default.jpg
313127,10903395,digital image,https://media.rkd.nl/iiif/10903395/full/max/0/default.jpg
313130,10904677,digital image,https://media.rkd.nl/iiif/10904677/full/max/0/default.jpg
313172,10905000,BD/Digital Collection,https://media.rkd.nl/iiif/10905000/full/max/0/default.jpg
313242,10905001,BD/Digital Collection,https://media.rkd.nl/iiif/10905001/full/max/0/default.jpg
313248,11098121,BD/Digital Collection,https://media.rkd.nl/iiif/11098121/full/max/0/default.jpg
313254,10904017,digital photograph,https://media.rkd.nl/iiif/10904017/full/max/0/default.jpg
313257,10904023,color reproduction,https://media.rkd.nl/iiif/10904023/full/max/0/default.jpg
313299,10904085,BD/Digital Collection,https://media.rkd.nl/iiif/10904085/full/max/0/default.jpg
313304,11098122,BD/Digital Collection,https://media.rkd.nl/iiif/11098122/full/max/0/default.jpg
313368,10904244,digital image,https://media.rkd.nl/iiif/10904244/full/max/0/default.jpg
313368,10904173,digital image,https://media.rkd.nl/iiif/10904173/full/max/0/default.jpg
313368,10904174,digital image,https://media.rkd.nl/iiif/10904174/full/max/0/default.jpg
313395,10905328,digital color photograph,https://media.rkd.nl/iiif/10905328/full/max/0/default.jpg
313395,10905329,digital color photograph,https://media.rkd.nl/iiif/10905329/full/max/0/default.jpg
313395,10905330,digital color photograph,https://media.rkd.nl/iiif/10905330/full/max/0/default.jpg
313395,10905331,digital color photograph,https://media.rkd.nl/iiif/10905331/full/max/0/default.jpg
313395,10905332,digital color photograph,https://media.rkd.nl/iiif/10905332/full/max/0/default.jpg
313395,10905333,digital color photograph,https://media.rkd.nl/iiif/10905333/full/max/0/default.jpg
313395,10905334,digital color photograph,https://media.rkd.nl/iiif/10905334/full/max/0/default.jpg
313395,10905335,digital color photograph,https://media.rkd.nl/iiif/10905335/full/max/0/default.jpg
313395,10905336,digital color photograph,https://media.rkd.nl/iiif/10905336/full/max/0/default.jpg
313395,10905337,digital color photograph,https://media.rkd.nl/iiif/10905337/full/max/0/default.jpg
313395,10905338,digital color photograph,https://media.rkd.nl/iiif/10905338/full/max/0/default.jpg
313395,10905339,digital color photograph,https://media.rkd.nl/iiif/10905339/full/max/0/default.jpg
313395,10905340,digital color photograph,https://media.rkd.nl/iiif/10905340/full/max/0/default.jpg
313395,10905341,digital color photograph,https://media.rkd.nl/iiif/10905341/full/max/0/default.jpg
313395,10905342,digital color photograph,https://media.rkd.nl/iiif/10905342/full/max/0/default.jpg
313395,10905343,digital color photograph,https://media.rkd.nl/iiif/10905343/full/max/0/default.jpg
313395,10905344,digital color photograph,https://media.rkd.nl/iiif/10905344/full/max/0/default.jpg
313395,10905345,digital color photograph,https://media.rkd.nl/iiif/10905345/full/max/0/default.jpg
313395,10905346,digital color photograph,https://media.rkd.nl/iiif/10905346/full/max/0/default.jpg
313395,10905347,digital color photograph,https://media.rkd.nl/iiif/10905347/full/max/0/default.jpg
313395,10905348,digital color photograph,https://media.rkd.nl/iiif/10905348/full/max/0/default.jpg
313395,10905349,digital color photograph,https://media.rkd.nl/iiif/10905349/full/max/0/default.jpg
313395,10905350,digital color photograph,https://media.rkd.nl/iiif/10905350/full/max/0/default.jpg
313395,10905351,digital color photograph,https://media.rkd.nl/iiif/10905351/full/max/0/default.jpg
313395,10905352,digital color photograph,https://media.rkd.nl/iiif/10905352/full/max/0/default.jpg
313395,10905353,digital color photograph,https://media.rkd.nl/iiif/10905353/full/max/0/default.jpg
313395,10905354,digital color photograph,https://media.rkd.nl/iiif/10905354/full/max/0/default.jpg
313395,10905355,digital color photograph,https://media.rkd.nl/iiif/10905355/full/max/0/default.jpg
313395,10905356,digital color photograph,https://media.rkd.nl/iiif/10905356/full/max/0/default.jpg
313395,10905357,digital color photograph,https://media.rkd.nl/iiif/10905357/full/max/0/default.jpg
313401,10904223,digital image,https://media.rkd.nl/iiif/10904223/full/max/0/default.jpg
313405,10904234,digital image,https://media.rkd.nl/iiif/10904234/full/max/0/default.jpg
313405,10904241,digital image,https://media.rkd.nl/iiif/10904241/full/max/0/default.jpg
313409,10904249,digital image,https://media.rkd.nl/iiif/10904249/full/max/0/default.jpg
313410,10425438,unknown,https://media.rkd.nl/iiif/10425438/full/max/0/default.jpg
313410,10425439,unknown,https://media.rkd.nl/iiif/10425439/full/max/0/default.jpg
313416,10904283,digital image,https://media.rkd.nl/iiif/10904283/full/max/0/default.jpg
313417,10904284,digital image,https://media.rkd.nl/iiif/10904284/full/max/0/default.jpg
313419,10904285,digital image,https://media.rkd.nl/iiif/10904285/full/max/0/default.jpg
313421,10904288,digital image,https://media.rkd.nl/iiif/10904288/full/max/0/default.jpg
313423,10905425,BD/Digital Collection,https://media.rkd.nl/iiif/10905425/full/max/0/default.jpg
313427,10904299,digital image,https://media.rkd.nl/iiif/10904299/full/max/0/default.jpg
313429,10904302,digital image,https://media.rkd.nl/iiif/10904302/full/max/0/default.jpg
313438,10904328,digital file,https://media.rkd.nl/iiif/10904328/full/max/0/default.jpg
313457,10904380,BD/Digital Collection,https://media.rkd.nl/iiif/10904380/full/max/0/default.jpg
313458,10905426,BD/Digital Collection,https://media.rkd.nl/iiif/10905426/full/max/0/default.jpg
313459,10904381,BD/Digital Collection,https://media.rkd.nl/iiif/10904381/full/max/0/default.jpg
313459,10904382,BD/Digital Collection,https://media.rkd.nl/iiif/10904382/full/max/0/default.jpg
313459,10904383,BD/Digital Collection,https://media.rkd.nl/iiif/10904383/full/max/0/default.jpg
313461,10905452,BD/Digital Collection,https://media.rkd.nl/iiif/10905452/full/max/0/default.jpg
313463,10905453,BD/Digital Collection,https://media.rkd.nl/iiif/10905453/full/max/0/default.jpg
313474,11105657,BD/Digital Collection,https://media.rkd.nl/iiif/11105657/full/max/0/default.jpg
313491,10926421,black and white photograph,https://media.rkd.nl/iiif/10926421/full/max/0/default.jpg
313491,10904413,digital photograph,https://media.rkd.nl/iiif/10904413/full/max/0/default.jpg
313506,11098156,BD/Digital Collection,https://media.rkd.nl/iiif/11098156/full/max/0/default.jpg
313536,11098163,BD/Digital Collection,https://media.rkd.nl/iiif/11098163/full/max/0/default.jpg
313539,11105658,BD/Digital Collection,https://media.rkd.nl/iiif/11105658/full/max/0/default.jpg
313578,11098279,BD/Digital Collection,https://media.rkd.nl/iiif/11098279/full/max/0/default.jpg
313581,10974799,BD/Digital Collection,https://media.rkd.nl/iiif/10974799/full/max/0/default.jpg
313583,10974801,BD/Digital Collection,https://media.rkd.nl/iiif/10974801/full/max/0/default.jpg
313632,10904593,digital file,https://media.rkd.nl/iiif/10904593/full/max/0/default.jpg
313705,10904632,digital file,https://media.rkd.nl/iiif/10904632/full/max/0/default.jpg
313706,10904633,digital file,https://media.rkd.nl/iiif/10904633/full/max/0/default.jpg
313707,10974802,BD/Digital Collection,https://media.rkd.nl/iiif/10974802/full/max/0/default.jpg
313708,10904634,digital file,https://media.rkd.nl/iiif/10904634/full/max/0/default.jpg
313731,10901200,digital color photograph,https://media.rkd.nl/iiif/10901200/full/max/0/default.jpg
313732,10901216,digital color photograph,https://media.rkd.nl/iiif/10901216/full/max/0/default.jpg
313733,10901204,digital color photograph,https://media.rkd.nl/iiif/10901204/full/max/0/default.jpg
313735,10901206,digital color photograph,https://media.rkd.nl/iiif/10901206/full/max/0/default.jpg
313737,10901218,digital color photograph,https://media.rkd.nl/iiif/10901218/full/max/0/default.jpg
313739,10901096,digital color photograph,https://media.rkd.nl/iiif/10901096/full/max/0/default.jpg
313740,10901212,digital color photograph,https://media.rkd.nl/iiif/10901212/full/max/0/default.jpg
313773,10904679,black-and-white reproduction,https://media.rkd.nl/iiif/10904679/full/max/0/default.jpg
313774,10904680,digital file,https://media.rkd.nl/iiif/10904680/full/max/0/default.jpg
313775,10904682,BD/Digital Collection,https://media.rkd.nl/iiif/10904682/full/max/0/default.jpg
313778,10904689,digital image,https://media.rkd.nl/iiif/10904689/full/max/0/default.jpg
313804,11102602,BD/Digital Collection,https://media.rkd.nl/iiif/11102602/full/max/0/default.jpg
313809,11045785,digital file,https://media.rkd.nl/iiif/11045785/full/max/0/default.jpg
313811,10904787,digital image,https://media.rkd.nl/iiif/10904787/full/max/0/default.jpg
313812,11097800,digital image,https://media.rkd.nl/iiif/11097800/full/max/0/default.jpg
313825,10904868,color reproduction,https://media.rkd.nl/iiif/10904868/full/max/0/default.jpg
313830,10904874,BD/Digital Collection,https://media.rkd.nl/iiif/10904874/full/max/0/default.jpg
313848,10904915,BD/Digital Collection,https://media.rkd.nl/iiif/10904915/full/max/0/default.jpg
313851,10904924,BD/Digital Collection,https://media.rkd.nl/iiif/10904924/full/max/0/default.jpg
313857,10904931,black-and-white reproduction,https://media.rkd.nl/iiif/10904931/full/max/0/default.jpg
313859,10904936,digital image,https://media.rkd.nl/iiif/10904936/full/max/0/default.jpg
313859,10904937,digital image,https://media.rkd.nl/iiif/10904937/full/max/0/default.jpg
313864,10904941,BD/Digital Collection,https://media.rkd.nl/iiif/10904941/full/max/0/default.jpg
313867,10904952,digital image,https://media.rkd.nl/iiif/10904952/full/max/0/default.jpg
313888,10904986,digital image,https://media.rkd.nl/iiif/10904986/full/max/0/default.jpg
313888,10904988,black and white photograph,https://media.rkd.nl/iiif/10904988/full/max/0/default.jpg
313903,11102603,BD/Digital Collection,https://media.rkd.nl/iiif/11102603/full/max/0/default.jpg
313941,10905034,BD/Digital Collection,https://media.rkd.nl/iiif/10905034/full/max/0/default.jpg
314082,11102605,BD/Digital Collection,https://media.rkd.nl/iiif/11102605/full/max/0/default.jpg
314089,10905230,BD/Digital Collection,https://media.rkd.nl/iiif/10905230/full/max/0/default.jpg
314104,11102640,BD/Digital Collection,https://media.rkd.nl/iiif/11102640/full/max/0/default.jpg
314106,11102645,BD/Digital Collection,https://media.rkd.nl/iiif/11102645/full/max/0/default.jpg
314111,10905291,brown photograph,https://media.rkd.nl/iiif/10905291/full/max/0/default.jpg
314122,10905295,BD/Digital Collection,https://media.rkd.nl/iiif/10905295/full/max/0/default.jpg
314126,10905303,BD/Digital Collection,https://media.rkd.nl/iiif/10905303/full/max/0/default.jpg
314139,11102646,BD/Digital Collection,https://media.rkd.nl/iiif/11102646/full/max/0/default.jpg
314145,10905325,digital image,https://media.rkd.nl/iiif/10905325/full/max/0/default.jpg
314148,11102647,BD/Digital Collection,https://media.rkd.nl/iiif/11102647/full/max/0/default.jpg
314149,11102648,BD/Digital Collection,https://media.rkd.nl/iiif/11102648/full/max/0/default.jpg
314150,10905362,digital image,https://media.rkd.nl/iiif/10905362/full/max/0/default.jpg
314151,10905091,digital photograph,https://media.rkd.nl/iiif/10905091/full/max/0/default.jpg
314152,10905095,digital photograph,https://media.rkd.nl/iiif/10905095/full/max/0/default.jpg
314154,10905102,digital photograph,https://media.rkd.nl/iiif/10905102/full/max/0/default.jpg
314169,10905395,BD/Digital Collection,https://media.rkd.nl/iiif/10905395/full/max/0/default.jpg
314178,10905410,black and white photograph,https://media.rkd.nl/iiif/10905410/full/max/0/default.jpg
314179,10905411,black and white photograph,https://media.rkd.nl/iiif/10905411/full/max/0/default.jpg
314180,10905412,black and white photograph,https://media.rkd.nl/iiif/10905412/full/max/0/default.jpg
314181,10905413,black and white photograph,https://media.rkd.nl/iiif/10905413/full/max/0/default.jpg
314182,10905414,black and white photograph,https://media.rkd.nl/iiif/10905414/full/max/0/default.jpg
314183,10905415,digital image,https://media.rkd.nl/iiif/10905415/full/max/0/default.jpg
314183,10905420,digital image,https://media.rkd.nl/iiif/10905420/full/max/0/default.jpg
314185,10905418,black and white photograph,https://media.rkd.nl/iiif/10905418/full/max/0/default.jpg
314185,10905428,black and white photograph,https://media.rkd.nl/iiif/10905428/full/max/0/default.jpg
314186,10905421,digital image,https://media.rkd.nl/iiif/10905421/full/max/0/default.jpg
314187,10905433,digital image,https://media.rkd.nl/iiif/10905433/full/max/0/default.jpg
314188,10905427,BD/Digital Collection,https://media.rkd.nl/iiif/10905427/full/max/0/default.jpg
314191,10905431,BD/Digital Collection,https://media.rkd.nl/iiif/10905431/full/max/0/default.jpg
314201,10905457,digital image,https://media.rkd.nl/iiif/10905457/full/max/0/default.jpg
314219,10926377,digital image,https://media.rkd.nl/iiif/10926377/full/max/0/default.jpg
314252,10926433,BD/Digital Collection,https://media.rkd.nl/iiif/10926433/full/max/0/default.jpg
314274,11103584,BD/Digital Collection,https://media.rkd.nl/iiif/11103584/full/max/0/default.jpg
316083,11102989,BD/Digital Collection,https://media.rkd.nl/iiif/11102989/full/max/0/default.jpg
318039,11103313,BD/Digital Collection,https://media.rkd.nl/iiif/11103313/full/max/0/default.jpg
318049,10926533,digital image,https://media.rkd.nl/iiif/10926533/full/max/0/default.jpg
318072,10926588,digital image,https://media.rkd.nl/iiif/10926588/full/max/0/default.jpg
318072,10926589,black and white photograph,https://media.rkd.nl/iiif/10926589/full/max/0/default.jpg
318077,10926599,digital image,https://media.rkd.nl/iiif/10926599/full/max/0/default.jpg
318087,10932370,digital image,https://media.rkd.nl/iiif/10932370/full/max/0/default.jpg
318093,10932358,BD/Digital Collection,https://media.rkd.nl/iiif/10932358/full/max/0/default.jpg
318101,10932369,digital image,https://media.rkd.nl/iiif/10932369/full/max/0/default.jpg
318106,10932378,digital image,https://media.rkd.nl/iiif/10932378/full/max/0/default.jpg
318108,10932380,digital image,https://media.rkd.nl/iiif/10932380/full/max/0/default.jpg
318112,10937519,digital image,https://media.rkd.nl/iiif/10937519/full/max/0/default.jpg
318118,10940247,digital image,https://media.rkd.nl/iiif/10940247/full/max/0/default.jpg
318214,10974441,digital image,https://media.rkd.nl/iiif/10974441/full/max/0/default.jpg
318267,11102719,BD/Digital Collection,https://media.rkd.nl/iiif/11102719/full/max/0/default.jpg
318271,10979598,digital image,https://media.rkd.nl/iiif/10979598/full/max/0/default.jpg
318274,10980209,black and white photograph,https://media.rkd.nl/iiif/10980209/full/max/0/default.jpg
318414,10980856,black and white photograph,https://media.rkd.nl/iiif/10980856/full/max/0/default.jpg
328081,11102779,BD/Digital Collection,https://media.rkd.nl/iiif/11102779/full/max/0/default.jpg
330659,10982936,digital image,https://media.rkd.nl/iiif/10982936/full/max/0/default.jpg
341497,10985703,BD/Digital Collection,https://media.rkd.nl/iiif/10985703/full/max/0/default.jpg
341500,10994013,digital image,https://media.rkd.nl/iiif/10994013/full/max/0/default.jpg
341501,11114535,BD/Digital Collection,https://media.rkd.nl/iiif/11114535/full/max/0/default.jpg
341502,11098506,digital image,https://media.rkd.nl/iiif/11098506/full/max/0/default.jpg
341502,11083048,digital image,https://media.rkd.nl/iiif/11083048/full/max/0/default.jpg
341502,11083049,digital image,https://media.rkd.nl/iiif/11083049/full/max/0/default.jpg
341503,10994022,digital image,https://media.rkd.nl/iiif/10994022/full/max/0/default.jpg
341503,11112107,photo after reproduction,https://media.rkd.nl/iiif/11112107/full/max/0/default.jpg
341504,10996597,digital image,https://media.rkd.nl/iiif/10996597/full/max/0/default.jpg
341505,10996598,digital image,https://media.rkd.nl/iiif/10996598/full/max/0/default.jpg
341510,10996608,digital image,https://media.rkd.nl/iiif/10996608/full/max/0/default.jpg
341514,10996612,digital image,https://media.rkd.nl/iiif/10996612/full/max/0/default.jpg
341515,10997384,digital image,https://media.rkd.nl/iiif/10997384/full/max/0/default.jpg
341515,10997385,digital image,https://media.rkd.nl/iiif/10997385/full/max/0/default.jpg
341517,10997387,black and white photograph,https://media.rkd.nl/iiif/10997387/full/max/0/default.jpg
341521,11058131,digital image,https://media.rkd.nl/iiif/11058131/full/max/0/default.jpg
341521,10998990,digital image,https://media.rkd.nl/iiif/10998990/full/max/0/default.jpg
341521,10999022,digital image,https://media.rkd.nl/iiif/10999022/full/max/0/default.jpg
341523,10999555,digital image,https://media.rkd.nl/iiif/10999555/full/max/0/default.jpg
341524,11058134,digital image,https://media.rkd.nl/iiif/11058134/full/max/0/default.jpg
341524,10999556,BD/Digital Collection,https://media.rkd.nl/iiif/10999556/full/max/0/default.jpg
341525,10999560,digital image,https://media.rkd.nl/iiif/10999560/full/max/0/default.jpg
341526,10999567,digital image,https://media.rkd.nl/iiif/10999567/full/max/0/default.jpg
341528,11015642,digital image,https://media.rkd.nl/iiif/11015642/full/max/0/default.jpg
341528,10999566,digital image,https://media.rkd.nl/iiif/10999566/full/max/0/default.jpg
341529,10999569,digital image,https://media.rkd.nl/iiif/10999569/full/max/0/default.jpg
341533,11000168,digital image,https://media.rkd.nl/iiif/11000168/full/max/0/default.jpg
341537,11000173,black and white photograph,https://media.rkd.nl/iiif/11000173/full/max/0/default.jpg
341553,11000198,BD/Digital Collection,https://media.rkd.nl/iiif/11000198/full/max/0/default.jpg
341554,11000199,BD/Digital Collection,https://media.rkd.nl/iiif/11000199/full/max/0/default.jpg
341569,11000217,black and white photograph,https://media.rkd.nl/iiif/11000217/full/max/0/default.jpg
341569,11000218,black and white photograph,https://media.rkd.nl/iiif/11000218/full/max/0/default.jpg
341600,10905023,black and white photograph,https://media.rkd.nl/iiif/10905023/full/max/0/default.jpg
341600,11000264,black and white photograph,https://media.rkd.nl/iiif/11000264/full/max/0/default.jpg
341627,10996601,digital photograph,https://media.rkd.nl/iiif/10996601/full/max/0/default.jpg
341628,11011052,digital color photograph,https://media.rkd.nl/iiif/11011052/full/max/0/default.jpg
341635,11015602,digital image,https://media.rkd.nl/iiif/11015602/full/max/0/default.jpg
341644,11015635,black and white photograph,https://media.rkd.nl/iiif/11015635/full/max/0/default.jpg
341644,11015636,black and white photograph,https://media.rkd.nl/iiif/11015636/full/max/0/default.jpg
341648,11015667,digital image,https://media.rkd.nl/iiif/11015667/full/max/0/default.jpg
341649,11015645,black and white photograph,https://media.rkd.nl/iiif/11015645/full/max/0/default.jpg
341651,11015646,black-and-white reproduction,https://media.rkd.nl/iiif/11015646/full/max/0/default.jpg
341658,11015647,black and white photograph,https://media.rkd.nl/iiif/11015647/full/max/0/default.jpg
341659,11015648,digital image,https://media.rkd.nl/iiif/11015648/full/max/0/default.jpg
341677,11015673,black and white photograph,https://media.rkd.nl/iiif/11015673/full/max/0/default.jpg
341677,11015674,black and white photograph,https://media.rkd.nl/iiif/11015674/full/max/0/default.jpg
341678,11015681,digital image,https://media.rkd.nl/iiif/11015681/full/max/0/default.jpg
341679,11015683,digital image,https://media.rkd.nl/iiif/11015683/full/max/0/default.jpg
341699,11015710,digital image,https://media.rkd.nl/iiif/11015710/full/max/0/default.jpg
341700,11015711,digital image,https://media.rkd.nl/iiif/11015711/full/max/0/default.jpg
341709,11015714,digital image,https://media.rkd.nl/iiif/11015714/full/max/0/default.jpg
341729,11020949,digital image,https://media.rkd.nl/iiif/11020949/full/max/0/default.jpg
341778,11039362,digital image,https://media.rkd.nl/iiif/11039362/full/max/0/default.jpg
341812,11039389,digital image,https://media.rkd.nl/iiif/11039389/full/max/0/default.jpg
341842,11045776,digital image,https://media.rkd.nl/iiif/11045776/full/max/0/default.jpg
341843,11045777,digital image,https://media.rkd.nl/iiif/11045777/full/max/0/default.jpg
341855,11045787,digital image,https://media.rkd.nl/iiif/11045787/full/max/0/default.jpg
341897,11058141,BD/Digital Collection,https://media.rkd.nl/iiif/11058141/full/max/0/default.jpg
341911,11058165,color reproduction,https://media.rkd.nl/iiif/11058165/full/max/0/default.jpg
341925,11058174,digital image,https://media.rkd.nl/iiif/11058174/full/max/0/default.jpg
341986,11058240,digital image,https://media.rkd.nl/iiif/11058240/full/max/0/default.jpg
342002,11058258,digital image,https://media.rkd.nl/iiif/11058258/full/max/0/default.jpg
342019,11058302,black and white photograph,https://media.rkd.nl/iiif/11058302/full/max/0/default.jpg
342020,11058851,black and white photograph,https://media.rkd.nl/iiif/11058851/full/max/0/default.jpg
342022,11059365,black and white photograph,https://media.rkd.nl/iiif/11059365/full/max/0/default.jpg
342023,11064677,black and white photograph,https://media.rkd.nl/iiif/11064677/full/max/0/default.jpg
342024,11067006,digital image,https://media.rkd.nl/iiif/11067006/full/max/0/default.jpg
342048,11067063,digital image,https://media.rkd.nl/iiif/11067063/full/max/0/default.jpg
342074,11031501,digital color photograph,https://media.rkd.nl/iiif/11031501/full/max/0/default.jpg
342076,11031503,digital color photograph,https://media.rkd.nl/iiif/11031503/full/max/0/default.jpg
342079,11031505,digital color photograph,https://media.rkd.nl/iiif/11031505/full/max/0/default.jpg
342088,11067162,digital image,https://media.rkd.nl/iiif/11067162/full/max/0/default.jpg
342094,11067170,digital image,https://media.rkd.nl/iiif/11067170/full/max/0/default.jpg
342094,11067187,black and white photograph,https://media.rkd.nl/iiif/11067187/full/max/0/default.jpg
342123,11067188,digital image,https://media.rkd.nl/iiif/11067188/full/max/0/default.jpg
342124,11076784,black and white photograph,https://media.rkd.nl/iiif/11076784/full/max/0/default.jpg
342130,11079183,black and white photograph,https://media.rkd.nl/iiif/11079183/full/max/0/default.jpg
342131,11080187,black and white photograph,https://media.rkd.nl/iiif/11080187/full/max/0/default.jpg
342132,11081451,black and white photograph,https://media.rkd.nl/iiif/11081451/full/max/0/default.jpg
342145,11081463,digital color photograph,https://media.rkd.nl/iiif/11081463/full/max/0/default.jpg
342192,11083042,digital image,https://media.rkd.nl/iiif/11083042/full/max/0/default.jpg
342196,11083043,digital image,https://media.rkd.nl/iiif/11083043/full/max/0/default.jpg
342213,11083046,digital image,https://media.rkd.nl/iiif/11083046/full/max/0/default.jpg
342225,11083059,black and white photograph,https://media.rkd.nl/iiif/11083059/full/max/0/default.jpg
342230,11083060,BD/Digital Collection,https://media.rkd.nl/iiif/11083060/full/max/0/default.jpg
342234,11083065,black and white photograph,https://media.rkd.nl/iiif/11083065/full/max/0/default.jpg
342263,11097790,digital image,https://media.rkd.nl/iiif/11097790/full/max/0/default.jpg
342263,11097791,digital image,https://media.rkd.nl/iiif/11097791/full/max/0/default.jpg
342266,11097795,digital image,https://media.rkd.nl/iiif/11097795/full/max/0/default.jpg
342267,11097796,digital image,https://media.rkd.nl/iiif/11097796/full/max/0/default.jpg
342267,11097797,digital image,https://media.rkd.nl/iiif/11097797/full/max/0/default.jpg
342291,11097827,digital image,https://media.rkd.nl/iiif/11097827/full/max/0/default.jpg
342291,11097828,digital image,https://media.rkd.nl/iiif/11097828/full/max/0/default.jpg
342292,11097848,BD/Digital Collection,https://media.rkd.nl/iiif/11097848/full/max/0/default.jpg
342301,11097857,black and white photograph,https://media.rkd.nl/iiif/11097857/full/max/0/default.jpg
342309,11097876,black-and-white reproduction,https://media.rkd.nl/iiif/11097876/full/max/0/default.jpg
342311,11097879,black and white photograph,https://media.rkd.nl/iiif/11097879/full/max/0/default.jpg
342321,11097890,digital image,https://media.rkd.nl/iiif/11097890/full/max/0/default.jpg
342327,11097896,digital image,https://media.rkd.nl/iiif/11097896/full/max/0/default.jpg
342363,11097942,digital image,https://media.rkd.nl/iiif/11097942/full/max/0/default.jpg
342364,11097946,digital image,https://media.rkd.nl/iiif/11097946/full/max/0/default.jpg
342409,11097971,digital image,https://media.rkd.nl/iiif/11097971/full/max/0/default.jpg
342410,11097975,digital image,https://media.rkd.nl/iiif/11097975/full/max/0/default.jpg
342410,11097976,digital image,https://media.rkd.nl/iiif/11097976/full/max/0/default.jpg
342430,11097992,BD/Digital Collection,https://media.rkd.nl/iiif/11097992/full/max/0/default.jpg
342434,11097997,BD/Digital Collection,https://media.rkd.nl/iiif/11097997/full/max/0/default.jpg
342444,11098003,black and white photograph,https://media.rkd.nl/iiif/11098003/full/max/0/default.jpg
342447,11098014,black and white photograph,https://media.rkd.nl/iiif/11098014/full/max/0/default.jpg
342520,11098102,color reproduction,https://media.rkd.nl/iiif/11098102/full/max/0/default.jpg
342547,11098120,BD/Digital Collection,https://media.rkd.nl/iiif/11098120/full/max/0/default.jpg
342562,11098148,color photograph,https://media.rkd.nl/iiif/11098148/full/max/0/default.jpg
342570,11098168,BD/Digital Collection,https://media.rkd.nl/iiif/11098168/full/max/0/default.jpg
342572,9320050,unknown,https://media.rkd.nl/iiif/9320050/full/max/0/default.jpg
342585,11166363,BD/Digital Collection,https://media.rkd.nl/iiif/11166363/full/max/0/default.jpg
342586,11098211,digital color photograph,https://media.rkd.nl/iiif/11098211/full/max/0/default.jpg
342601,11098228,BD/Digital Collection,https://media.rkd.nl/iiif/11098228/full/max/0/default.jpg
342635,11098260,black and white photograph,https://media.rkd.nl/iiif/11098260/full/max/0/default.jpg
342722,11098493,black and white photograph,https://media.rkd.nl/iiif/11098493/full/max/0/default.jpg
342735,11098499,BD/Digital Collection,https://media.rkd.nl/iiif/11098499/full/max/0/default.jpg
342745,11098349,digital color photograph,https://media.rkd.nl/iiif/11098349/full/max/0/default.jpg
342749,11102601,black and white photograph,https://media.rkd.nl/iiif/11102601/full/max/0/default.jpg
342750,11098331,digital color photograph,https://media.rkd.nl/iiif/11098331/full/max/0/default.jpg
342751,11098346,digital color photograph,https://media.rkd.nl/iiif/11098346/full/max/0/default.jpg
342751,11098347,digital color photograph,https://media.rkd.nl/iiif/11098347/full/max/0/default.jpg
342752,11102604,digital image,https://media.rkd.nl/iiif/11102604/full/max/0/default.jpg
342754,11098315,digital color photograph,https://media.rkd.nl/iiif/11098315/full/max/0/default.jpg
342755,11102609,color reproduction,https://media.rkd.nl/iiif/11102609/full/max/0/default.jpg
342758,11098316,digital color photograph,https://media.rkd.nl/iiif/11098316/full/max/0/default.jpg
342758,11098317,digital color photograph,https://media.rkd.nl/iiif/11098317/full/max/0/default.jpg
342774,11102622,BD/Digital Collection,https://media.rkd.nl/iiif/11102622/full/max/0/default.jpg
342782,11166374,BD/Digital Collection,https://media.rkd.nl/iiif/11166374/full/max/0/default.jpg
342789,11166372,BD/Digital Collection,https://media.rkd.nl/iiif/11166372/full/max/0/default.jpg
342795,11166373,BD/Digital Collection,https://media.rkd.nl/iiif/11166373/full/max/0/default.jpg
342802,11098292,unknown,https://media.rkd.nl/iiif/11098292/full/max/0/default.jpg
342802,11098293,unknown,https://media.rkd.nl/iiif/11098293/full/max/0/default.jpg
342802,11098350,unknown,https://media.rkd.nl/iiif/11098350/full/max/0/default.jpg
342802,11098351,unknown,https://media.rkd.nl/iiif/11098351/full/max/0/default.jpg
342802,11098352,unknown,https://media.rkd.nl/iiif/11098352/full/max/0/default.jpg
342802,11098353,unknown,https://media.rkd.nl/iiif/11098353/full/max/0/default.jpg
342802,11098354,unknown,https://media.rkd.nl/iiif/11098354/full/max/0/default.jpg
342802,11098294,unknown,https://media.rkd.nl/iiif/11098294/full/max/0/default.jpg
342802,11098355,unknown,https://media.rkd.nl/iiif/11098355/full/max/0/default.jpg
342802,11098356,unknown,https://media.rkd.nl/iiif/11098356/full/max/0/default.jpg
342802,11098357,unknown,https://media.rkd.nl/iiif/11098357/full/max/0/default.jpg
342802,11098358,unknown,https://media.rkd.nl/iiif/11098358/full/max/0/default.jpg
342802,11098359,unknown,https://media.rkd.nl/iiif/11098359/full/max/0/default.jpg
342802,11098360,unknown,https://media.rkd.nl/iiif/11098360/full/max/0/default.jpg
342802,11098361,unknown,https://media.rkd.nl/iiif/11098361/full/max/0/default.jpg
342802,11098362,unknown,https://media.rkd.nl/iiif/11098362/full/max/0/default.jpg
342802,11098363,unknown,https://media.rkd.nl/iiif/11098363/full/max/0/default.jpg
342802,11098364,unknown,https://media.rkd.nl/iiif/11098364/full/max/0/default.jpg
342802,11098295,unknown,https://media.rkd.nl/iiif/11098295/full/max/0/default.jpg
342802,11098365,unknown,https://media.rkd.nl/iiif/11098365/full/max/0/default.jpg
342802,11098366,unknown,https://media.rkd.nl/iiif/11098366/full/max/0/default.jpg
342802,11098367,unknown,https://media.rkd.nl/iiif/11098367/full/max/0/default.jpg
342802,11098368,unknown,https://media.rkd.nl/iiif/11098368/full/max/0/default.jpg
342802,11098369,unknown,https://media.rkd.nl/iiif/11098369/full/max/0/default.jpg
342802,11098370,unknown,https://media.rkd.nl/iiif/11098370/full/max/0/default.jpg
342802,11098371,unknown,https://media.rkd.nl/iiif/11098371/full/max/0/default.jpg
342802,11098372,unknown,https://media.rkd.nl/iiif/11098372/full/max/0/default.jpg
342802,11098373,unknown,https://media.rkd.nl/iiif/11098373/full/max/0/default.jpg
342802,11098374,unknown,https://media.rkd.nl/iiif/11098374/full/max/0/default.jpg
342802,11098375,unknown,https://media.rkd.nl/iiif/11098375/full/max/0/default.jpg
342802,11098296,unknown,https://media.rkd.nl/iiif/11098296/full/max/0/default.jpg
342802,11098376,unknown,https://media.rkd.nl/iiif/11098376/full/max/0/default.jpg
342802,11098378,unknown,https://media.rkd.nl/iiif/11098378/full/max/0/default.jpg
342802,11098379,unknown,https://media.rkd.nl/iiif/11098379/full/max/0/default.jpg
342802,11098380,unknown,https://media.rkd.nl/iiif/11098380/full/max/0/default.jpg
342802,11098381,unknown,https://media.rkd.nl/iiif/11098381/full/max/0/default.jpg
342802,11098382,unknown,https://media.rkd.nl/iiif/11098382/full/max/0/default.jpg
342802,11098383,unknown,https://media.rkd.nl/iiif/11098383/full/max/0/default.jpg
342802,11098384,unknown,https://media.rkd.nl/iiif/11098384/full/max/0/default.jpg
342802,11098385,unknown,https://media.rkd.nl/iiif/11098385/full/max/0/default.jpg
342802,11098297,unknown,https://media.rkd.nl/iiif/11098297/full/max/0/default.jpg
342802,11098386,unknown,https://media.rkd.nl/iiif/11098386/full/max/0/default.jpg
342802,11098387,unknown,https://media.rkd.nl/iiif/11098387/full/max/0/default.jpg
342802,11098388,unknown,https://media.rkd.nl/iiif/11098388/full/max/0/default.jpg
342802,11098389,unknown,https://media.rkd.nl/iiif/11098389/full/max/0/default.jpg
342802,11098390,unknown,https://media.rkd.nl/iiif/11098390/full/max/0/default.jpg
342802,11098391,unknown,https://media.rkd.nl/iiif/11098391/full/max/0/default.jpg
342802,11098392,unknown,https://media.rkd.nl/iiif/11098392/full/max/0/default.jpg
342802,11098393,unknown,https://media.rkd.nl/iiif/11098393/full/max/0/default.jpg
342802,11098394,unknown,https://media.rkd.nl/iiif/11098394/full/max/0/default.jpg
342802,11098395,unknown,https://media.rkd.nl/iiif/11098395/full/max/0/default.jpg
342802,11098396,unknown,https://media.rkd.nl/iiif/11098396/full/max/0/default.jpg
342802,11098298,unknown,https://media.rkd.nl/iiif/11098298/full/max/0/default.jpg
342802,11098397,unknown,https://media.rkd.nl/iiif/11098397/full/max/0/default.jpg
342802,11098398,unknown,https://media.rkd.nl/iiif/11098398/full/max/0/default.jpg
342802,11098399,unknown,https://media.rkd.nl/iiif/11098399/full/max/0/default.jpg
342802,11098400,unknown,https://media.rkd.nl/iiif/11098400/full/max/0/default.jpg
342802,11098401,unknown,https://media.rkd.nl/iiif/11098401/full/max/0/default.jpg
342802,11098402,unknown,https://media.rkd.nl/iiif/11098402/full/max/0/default.jpg
342802,11098403,unknown,https://media.rkd.nl/iiif/11098403/full/max/0/default.jpg
342802,11098404,unknown,https://media.rkd.nl/iiif/11098404/full/max/0/default.jpg
342802,11098405,unknown,https://media.rkd.nl/iiif/11098405/full/max/0/default.jpg
342802,11098406,unknown,https://media.rkd.nl/iiif/11098406/full/max/0/default.jpg
342802,11098407,unknown,https://media.rkd.nl/iiif/11098407/full/max/0/default.jpg
342802,11098409,unknown,https://media.rkd.nl/iiif/11098409/full/max/0/default.jpg
342802,11098299,unknown,https://media.rkd.nl/iiif/11098299/full/max/0/default.jpg
342802,11098410,unknown,https://media.rkd.nl/iiif/11098410/full/max/0/default.jpg
342802,11098411,unknown,https://media.rkd.nl/iiif/11098411/full/max/0/default.jpg
342802,11098412,unknown,https://media.rkd.nl/iiif/11098412/full/max/0/default.jpg
342802,11098413,unknown,https://media.rkd.nl/iiif/11098413/full/max/0/default.jpg
342802,11098414,unknown,https://media.rkd.nl/iiif/11098414/full/max/0/default.jpg
342802,11098415,unknown,https://media.rkd.nl/iiif/11098415/full/max/0/default.jpg
342802,11098416,unknown,https://media.rkd.nl/iiif/11098416/full/max/0/default.jpg
342802,11098417,unknown,https://media.rkd.nl/iiif/11098417/full/max/0/default.jpg
342802,11098418,unknown,https://media.rkd.nl/iiif/11098418/full/max/0/default.jpg
342802,11098419,unknown,https://media.rkd.nl/iiif/11098419/full/max/0/default.jpg
342802,11098300,unknown,https://media.rkd.nl/iiif/11098300/full/max/0/default.jpg
342802,11098420,unknown,https://media.rkd.nl/iiif/11098420/full/max/0/default.jpg
342802,11098421,unknown,https://media.rkd.nl/iiif/11098421/full/max/0/default.jpg
342802,11098422,unknown,https://media.rkd.nl/iiif/11098422/full/max/0/default.jpg
342802,11098423,unknown,https://media.rkd.nl/iiif/11098423/full/max/0/default.jpg
342802,11098425,unknown,https://media.rkd.nl/iiif/11098425/full/max/0/default.jpg
342802,11098426,unknown,https://media.rkd.nl/iiif/11098426/full/max/0/default.jpg
342802,11098427,unknown,https://media.rkd.nl/iiif/11098427/full/max/0/default.jpg
342802,11098428,unknown,https://media.rkd.nl/iiif/11098428/full/max/0/default.jpg
342802,11098429,unknown,https://media.rkd.nl/iiif/11098429/full/max/0/default.jpg
342802,11098430,unknown,https://media.rkd.nl/iiif/11098430/full/max/0/default.jpg
342802,11098301,unknown,https://media.rkd.nl/iiif/11098301/full/max/0/default.jpg
342802,11098431,unknown,https://media.rkd.nl/iiif/11098431/full/max/0/default.jpg
342802,11098432,unknown,https://media.rkd.nl/iiif/11098432/full/max/0/default.jpg
342802,11098433,unknown,https://media.rkd.nl/iiif/11098433/full/max/0/default.jpg
342802,11098434,unknown,https://media.rkd.nl/iiif/11098434/full/max/0/default.jpg
342802,11098435,unknown,https://media.rkd.nl/iiif/11098435/full/max/0/default.jpg
342802,11098436,unknown,https://media.rkd.nl/iiif/11098436/full/max/0/default.jpg
342802,11098437,unknown,https://media.rkd.nl/iiif/11098437/full/max/0/default.jpg
342802,11098438,unknown,https://media.rkd.nl/iiif/11098438/full/max/0/default.jpg
342802,11098439,unknown,https://media.rkd.nl/iiif/11098439/full/max/0/default.jpg
342802,11098440,unknown,https://media.rkd.nl/iiif/11098440/full/max/0/default.jpg
342802,11098441,unknown,https://media.rkd.nl/iiif/11098441/full/max/0/default.jpg
342802,11098442,unknown,https://media.rkd.nl/iiif/11098442/full/max/0/default.jpg
342802,11098302,unknown,https://media.rkd.nl/iiif/11098302/full/max/0/default.jpg
342802,11098443,unknown,https://media.rkd.nl/iiif/11098443/full/max/0/default.jpg
342802,11098444,unknown,https://media.rkd.nl/iiif/11098444/full/max/0/default.jpg
342802,11098446,unknown,https://media.rkd.nl/iiif/11098446/full/max/0/default.jpg
342802,11098447,unknown,https://media.rkd.nl/iiif/11098447/full/max/0/default.jpg
342802,11098448,unknown,https://media.rkd.nl/iiif/11098448/full/max/0/default.jpg
342802,11098449,unknown,https://media.rkd.nl/iiif/11098449/full/max/0/default.jpg
342802,11098450,unknown,https://media.rkd.nl/iiif/11098450/full/max/0/default.jpg
342802,11098451,unknown,https://media.rkd.nl/iiif/11098451/full/max/0/default.jpg
342802,11098452,unknown,https://media.rkd.nl/iiif/11098452/full/max/0/default.jpg
342802,11098453,unknown,https://media.rkd.nl/iiif/11098453/full/max/0/default.jpg
342802,11098454,unknown,https://media.rkd.nl/iiif/11098454/full/max/0/default.jpg
342802,11098303,unknown,https://media.rkd.nl/iiif/11098303/full/max/0/default.jpg
342802,11098455,unknown,https://media.rkd.nl/iiif/11098455/full/max/0/default.jpg
342802,11098456,unknown,https://media.rkd.nl/iiif/11098456/full/max/0/default.jpg
342802,11098457,unknown,https://media.rkd.nl/iiif/11098457/full/max/0/default.jpg
342802,11098458,unknown,https://media.rkd.nl/iiif/11098458/full/max/0/default.jpg
342802,11098459,unknown,https://media.rkd.nl/iiif/11098459/full/max/0/default.jpg
342802,11098460,unknown,https://media.rkd.nl/iiif/11098460/full/max/0/default.jpg
342802,11098461,unknown,https://media.rkd.nl/iiif/11098461/full/max/0/default.jpg
342802,11098462,unknown,https://media.rkd.nl/iiif/11098462/full/max/0/default.jpg
342802,11098463,unknown,https://media.rkd.nl/iiif/11098463/full/max/0/default.jpg
342802,11098464,unknown,https://media.rkd.nl/iiif/11098464/full/max/0/default.jpg
342802,11098304,unknown,https://media.rkd.nl/iiif/11098304/full/max/0/default.jpg
342802,11098465,unknown,https://media.rkd.nl/iiif/11098465/full/max/0/default.jpg
342802,11098466,unknown,https://media.rkd.nl/iiif/11098466/full/max/0/default.jpg
342802,11098467,unknown,https://media.rkd.nl/iiif/11098467/full/max/0/default.jpg
342802,11098468,unknown,https://media.rkd.nl/iiif/11098468/full/max/0/default.jpg
342802,11098469,unknown,https://media.rkd.nl/iiif/11098469/full/max/0/default.jpg
342802,11098470,unknown,https://media.rkd.nl/iiif/11098470/full/max/0/default.jpg
342802,11098471,unknown,https://media.rkd.nl/iiif/11098471/full/max/0/default.jpg
342802,11098472,unknown,https://media.rkd.nl/iiif/11098472/full/max/0/default.jpg
342802,11098473,unknown,https://media.rkd.nl/iiif/11098473/full/max/0/default.jpg
342802,11098305,unknown,https://media.rkd.nl/iiif/11098305/full/max/0/default.jpg
342802,11098474,unknown,https://media.rkd.nl/iiif/11098474/full/max/0/default.jpg
342802,11098475,unknown,https://media.rkd.nl/iiif/11098475/full/max/0/default.jpg
342802,11098476,unknown,https://media.rkd.nl/iiif/11098476/full/max/0/default.jpg
342802,11098477,unknown,https://media.rkd.nl/iiif/11098477/full/max/0/default.jpg
342802,11098478,unknown,https://media.rkd.nl/iiif/11098478/full/max/0/default.jpg
342802,11098306,unknown,https://media.rkd.nl/iiif/11098306/full/max/0/default.jpg
342808,11102662,digital image,https://media.rkd.nl/iiif/11102662/full/max/0/default.jpg
342811,11102665,digital image,https://media.rkd.nl/iiif/11102665/full/max/0/default.jpg
342813,11102669,digital image,https://media.rkd.nl/iiif/11102669/full/max/0/default.jpg
342814,11102690,digital image,https://media.rkd.nl/iiif/11102690/full/max/0/default.jpg
342826,11102697,digital image,https://media.rkd.nl/iiif/11102697/full/max/0/default.jpg
342827,11102699,digital image,https://media.rkd.nl/iiif/11102699/full/max/0/default.jpg
342837,11102703,digital photograph,https://media.rkd.nl/iiif/11102703/full/max/0/default.jpg
342841,11102704,digital image,https://media.rkd.nl/iiif/11102704/full/max/0/default.jpg
342845,11102730,digital image,https://media.rkd.nl/iiif/11102730/full/max/0/default.jpg
342863,11102754,black and white photograph,https://media.rkd.nl/iiif/11102754/full/max/0/default.jpg
342864,11102753,digital image,https://media.rkd.nl/iiif/11102753/full/max/0/default.jpg
342871,11102760,digital image,https://media.rkd.nl/iiif/11102760/full/max/0/default.jpg
342873,11102763,BD/Digital Collection,https://media.rkd.nl/iiif/11102763/full/max/0/default.jpg
342879,11105680,BD/Digital Collection,https://media.rkd.nl/iiif/11105680/full/max/0/default.jpg
342879,11105678,BD/Digital Collection,https://media.rkd.nl/iiif/11105678/full/max/0/default.jpg
342879,11102811,BD/Digital Collection,https://media.rkd.nl/iiif/11102811/full/max/0/default.jpg
342881,11102812,digital image,https://media.rkd.nl/iiif/11102812/full/max/0/default.jpg
342881,11102813,digital image,https://media.rkd.nl/iiif/11102813/full/max/0/default.jpg
342881,11102814,BD/Digital Collection,https://media.rkd.nl/iiif/11102814/full/max/0/default.jpg
342891,11105587,digital file,https://media.rkd.nl/iiif/11105587/full/max/0/default.jpg
342896,11105470,digital file,https://media.rkd.nl/iiif/11105470/full/max/0/default.jpg
342896,11105586,digital file,https://media.rkd.nl/iiif/11105586/full/max/0/default.jpg
342899,11105592,digital file,https://media.rkd.nl/iiif/11105592/full/max/0/default.jpg
342899,11114698,digital color photograph,https://media.rkd.nl/iiif/11114698/full/max/0/default.jpg
342899,11114699,digital color photograph,https://media.rkd.nl/iiif/11114699/full/max/0/default.jpg
342899,11114700,digital color photograph,https://media.rkd.nl/iiif/11114700/full/max/0/default.jpg
342899,11105540,BD/Digital Collection,https://media.rkd.nl/iiif/11105540/full/max/0/default.jpg
342905,11105575,digital file,https://media.rkd.nl/iiif/11105575/full/max/0/default.jpg
342905,11105577,black and white photograph,https://media.rkd.nl/iiif/11105577/full/max/0/default.jpg
342911,11114695,color reproduction,https://media.rkd.nl/iiif/11114695/full/max/0/default.jpg
342911,11105599,black and white photograph,https://media.rkd.nl/iiif/11105599/full/max/0/default.jpg
342918,11105593,digital image,https://media.rkd.nl/iiif/11105593/full/max/0/default.jpg
342958,11118719,black-and-white reproduction,https://media.rkd.nl/iiif/11118719/full/max/0/default.jpg
342961,11105670,brown photograph,https://media.rkd.nl/iiif/11105670/full/max/0/default.jpg
342973,11102756,BD/Digital Collection,https://media.rkd.nl/iiif/11102756/full/max/0/default.jpg
342978,11118724,black-and-white reproduction,https://media.rkd.nl/iiif/11118724/full/max/0/default.jpg
342987,11105707,digital color photograph,https://media.rkd.nl/iiif/11105707/full/max/0/default.jpg
342989,11105706,BD/Digital Collection,https://media.rkd.nl/iiif/11105706/full/max/0/default.jpg
342995,11105712,digital color photograph,https://media.rkd.nl/iiif/11105712/full/max/0/default.jpg
343014,11109031,digital image,https://media.rkd.nl/iiif/11109031/full/max/0/default.jpg
343014,11109604,digital image,https://media.rkd.nl/iiif/11109604/full/max/0/default.jpg
343032,11109921,digital image,https://media.rkd.nl/iiif/11109921/full/max/0/default.jpg
343072,11109982,digital image,https://media.rkd.nl/iiif/11109982/full/max/0/default.jpg
343073,11109983,digital image,https://media.rkd.nl/iiif/11109983/full/max/0/default.jpg
343117,11112100,digital image,https://media.rkd.nl/iiif/11112100/full/max/0/default.jpg
343117,11112103,digital image,https://media.rkd.nl/iiif/11112103/full/max/0/default.jpg
343128,11112111,BD/Digital Collection,https://media.rkd.nl/iiif/11112111/full/max/0/default.jpg
343133,11112124,digital image,https://media.rkd.nl/iiif/11112124/full/max/0/default.jpg
343160,11184708,digital color photograph,https://media.rkd.nl/iiif/11184708/full/max/0/default.jpg
343160,11184763,digital color photograph,https://media.rkd.nl/iiif/11184763/full/max/0/default.jpg
343160,11166625,digital color photograph,https://media.rkd.nl/iiif/11166625/full/max/0/default.jpg
343167,11112142,digital image,https://media.rkd.nl/iiif/11112142/full/max/0/default.jpg
343186,11114588,digital color photograph,https://media.rkd.nl/iiif/11114588/full/max/0/default.jpg
343191,11114521,black and white photograph,https://media.rkd.nl/iiif/11114521/full/max/0/default.jpg
343192,11114522,black and white photograph,https://media.rkd.nl/iiif/11114522/full/max/0/default.jpg
343243,11118725,black-and-white reproduction,https://media.rkd.nl/iiif/11118725/full/max/0/default.jpg
343263,11118726,black-and-white reproduction,https://media.rkd.nl/iiif/11118726/full/max/0/default.jpg
343279,11114651,digital image,https://media.rkd.nl/iiif/11114651/full/max/0/default.jpg
343282,11114660,digital image,https://media.rkd.nl/iiif/11114660/full/max/0/default.jpg
343284,11118727,color reproduction,https://media.rkd.nl/iiif/11118727/full/max/0/default.jpg
343302,11118728,color reproduction,https://media.rkd.nl/iiif/11118728/full/max/0/default.jpg
343311,11118730,color reproduction,https://media.rkd.nl/iiif/11118730/full/max/0/default.jpg
343330,11114685,digital photograph,https://media.rkd.nl/iiif/11114685/full/max/0/default.jpg
343332,11114689,black and white photograph,https://media.rkd.nl/iiif/11114689/full/max/0/default.jpg
343357,11114554,digital color photograph,https://media.rkd.nl/iiif/11114554/full/max/0/default.jpg
343377,11114727,digital image,https://media.rkd.nl/iiif/11114727/full/max/0/default.jpg
343382,11118731,color reproduction,https://media.rkd.nl/iiif/11118731/full/max/0/default.jpg
343389,11118738,color reproduction,https://media.rkd.nl/iiif/11118738/full/max/0/default.jpg
343393,11114762,digital image,https://media.rkd.nl/iiif/11114762/full/max/0/default.jpg
343396,11118750,color reproduction,https://media.rkd.nl/iiif/11118750/full/max/0/default.jpg
343397,11114764,BD/Digital Collection,https://media.rkd.nl/iiif/11114764/full/max/0/default.jpg
343398,11114767,digital color photograph,https://media.rkd.nl/iiif/11114767/full/max/0/default.jpg
343400,11114768,BD/Digital Collection,https://media.rkd.nl/iiif/11114768/full/max/0/default.jpg
343402,11114769,digital image,https://media.rkd.nl/iiif/11114769/full/max/0/default.jpg
343407,11118751,black-and-white reproduction,https://media.rkd.nl/iiif/11118751/full/max/0/default.jpg
343408,11114771,digital image,https://media.rkd.nl/iiif/11114771/full/max/0/default.jpg
343412,11114776,digital image,https://media.rkd.nl/iiif/11114776/full/max/0/default.jpg
343433,11115450,BD/Digital Collection,https://media.rkd.nl/iiif/11115450/full/max/0/default.jpg
343443,11114556,digital color photograph,https://media.rkd.nl/iiif/11114556/full/max/0/default.jpg
343444,11114558,digital color photograph,https://media.rkd.nl/iiif/11114558/full/max/0/default.jpg
343446,11114579,digital color photograph,https://media.rkd.nl/iiif/11114579/full/max/0/default.jpg
343447,11114574,digital color photograph,https://media.rkd.nl/iiif/11114574/full/max/0/default.jpg
343447,11114575,digital color photograph,https://media.rkd.nl/iiif/11114575/full/max/0/default.jpg
343449,11114545,digital color photograph,https://media.rkd.nl/iiif/11114545/full/max/0/default.jpg
343449,11114548,digital color photograph,https://media.rkd.nl/iiif/11114548/full/max/0/default.jpg
343451,11115461,digital image,https://media.rkd.nl/iiif/11115461/full/max/0/default.jpg
343451,11115463,digital image,https://media.rkd.nl/iiif/11115463/full/max/0/default.jpg
343462,11118772,black-and-white reproduction,https://media.rkd.nl/iiif/11118772/full/max/0/default.jpg
343466,11118796,black-and-white reproduction,https://media.rkd.nl/iiif/11118796/full/max/0/default.jpg
343470,11118799,black-and-white reproduction,https://media.rkd.nl/iiif/11118799/full/max/0/default.jpg
343473,11118802,black-and-white reproduction,https://media.rkd.nl/iiif/11118802/full/max/0/default.jpg
343489,11119020,digital black-and-white photograph,https://media.rkd.nl/iiif/11119020/full/max/0/default.jpg
343503,11115643,digital color photograph,https://media.rkd.nl/iiif/11115643/full/max/0/default.jpg
343506,11115719,digital image,https://media.rkd.nl/iiif/11115719/full/max/0/default.jpg
343517,11117808,color photograph,https://media.rkd.nl/iiif/11117808/full/max/0/default.jpg
343518,11115576,digital color photograph,https://media.rkd.nl/iiif/11115576/full/max/0/default.jpg
343521,11118498,digital image,https://media.rkd.nl/iiif/11118498/full/max/0/default.jpg
343521,11118499,digital image,https://media.rkd.nl/iiif/11118499/full/max/0/default.jpg
343526,11118503,digital image,https://media.rkd.nl/iiif/11118503/full/max/0/default.jpg
343527,11118784,digital image,https://media.rkd.nl/iiif/11118784/full/max/0/default.jpg
343527,11118504,digital image,https://media.rkd.nl/iiif/11118504/full/max/0/default.jpg
343528,11118505,digital color photograph,https://media.rkd.nl/iiif/11118505/full/max/0/default.jpg
343533,11118512,digital image,https://media.rkd.nl/iiif/11118512/full/max/0/default.jpg
343540,11118549,digital image,https://media.rkd.nl/iiif/11118549/full/max/0/default.jpg
343547,11118556,digital image,https://media.rkd.nl/iiif/11118556/full/max/0/default.jpg
343549,11118560,digital image,https://media.rkd.nl/iiif/11118560/full/max/0/default.jpg
343551,11118565,digital image,https://media.rkd.nl/iiif/11118565/full/max/0/default.jpg
343552,11118564,digital image,https://media.rkd.nl/iiif/11118564/full/max/0/default.jpg
343553,11118567,digital image,https://media.rkd.nl/iiif/11118567/full/max/0/default.jpg
343554,11118828,black-and-white reproduction,https://media.rkd.nl/iiif/11118828/full/max/0/default.jpg
343555,11118576,digital image,https://media.rkd.nl/iiif/11118576/full/max/0/default.jpg
343557,11118583,digital image,https://media.rkd.nl/iiif/11118583/full/max/0/default.jpg
343560,11118586,digital image,https://media.rkd.nl/iiif/11118586/full/max/0/default.jpg
343562,11118605,digital image,https://media.rkd.nl/iiif/11118605/full/max/0/default.jpg
343562,11118588,digital image,https://media.rkd.nl/iiif/11118588/full/max/0/default.jpg
343564,11118589,digital color photograph,https://media.rkd.nl/iiif/11118589/full/max/0/default.jpg
343565,11118587,digital image,https://media.rkd.nl/iiif/11118587/full/max/0/default.jpg
343567,11118590,digital image,https://media.rkd.nl/iiif/11118590/full/max/0/default.jpg
343570,11118596,digital image,https://media.rkd.nl/iiif/11118596/full/max/0/default.jpg
343573,11118602,digital image,https://media.rkd.nl/iiif/11118602/full/max/0/default.jpg
343575,11118604,BD/Digital Collection,https://media.rkd.nl/iiif/11118604/full/max/0/default.jpg
343585,11118616,digital image,https://media.rkd.nl/iiif/11118616/full/max/0/default.jpg
343587,11118619,digital image,https://media.rkd.nl/iiif/11118619/full/max/0/default.jpg
343589,11118621,digital image,https://media.rkd.nl/iiif/11118621/full/max/0/default.jpg
343593,11118639,digital image,https://media.rkd.nl/iiif/11118639/full/max/0/default.jpg
343597,11118654,BD/Digital Collection,https://media.rkd.nl/iiif/11118654/full/max/0/default.jpg
343600,11118660,BD/Digital Collection,https://media.rkd.nl/iiif/11118660/full/max/0/default.jpg
343615,11118680,BD/Digital Collection,https://media.rkd.nl/iiif/11118680/full/max/0/default.jpg
343615,11118683,BD/Digital Collection,https://media.rkd.nl/iiif/11118683/full/max/0/default.jpg
343615,11118682,BD/Digital Collection,https://media.rkd.nl/iiif/11118682/full/max/0/default.jpg
343615,11118681,BD/Digital Collection,https://media.rkd.nl/iiif/11118681/full/max/0/default.jpg
343615,11118684,BD/Digital Collection,https://media.rkd.nl/iiif/11118684/full/max/0/default.jpg
343615,11118685,BD/Digital Collection,https://media.rkd.nl/iiif/11118685/full/max/0/default.jpg
343615,11118686,BD/Digital Collection,https://media.rkd.nl/iiif/11118686/full/max/0/default.jpg
343615,11118687,BD/Digital Collection,https://media.rkd.nl/iiif/11118687/full/max/0/default.jpg
343615,11118688,BD/Digital Collection,https://media.rkd.nl/iiif/11118688/full/max/0/default.jpg
343629,11118713,digital image,https://media.rkd.nl/iiif/11118713/full/max/0/default.jpg
343640,11118736,digital image,https://media.rkd.nl/iiif/11118736/full/max/0/default.jpg
343651,11118783,digital image,https://media.rkd.nl/iiif/11118783/full/max/0/default.jpg
343673,11118803,black and white photograph,https://media.rkd.nl/iiif/11118803/full/max/0/default.jpg
343680,11114757,digital color photograph,https://media.rkd.nl/iiif/11114757/full/max/0/default.jpg
343713,11118871,digital image,https://media.rkd.nl/iiif/11118871/full/max/0/default.jpg
343713,11118870,black and white photograph,https://media.rkd.nl/iiif/11118870/full/max/0/default.jpg
343725,11118894,digital image,https://media.rkd.nl/iiif/11118894/full/max/0/default.jpg
343733,11118935,BD/Digital Collection,https://media.rkd.nl/iiif/11118935/full/max/0/default.jpg
343752,11119035,BD/Digital Collection,https://media.rkd.nl/iiif/11119035/full/max/0/default.jpg
343755,11119036,BD/Digital Collection,https://media.rkd.nl/iiif/11119036/full/max/0/default.jpg
343756,11119039,BD/Digital Collection,https://media.rkd.nl/iiif/11119039/full/max/0/default.jpg
343757,11119040,BD/Digital Collection,https://media.rkd.nl/iiif/11119040/full/max/0/default.jpg
343761,11119044,digital image,https://media.rkd.nl/iiif/11119044/full/max/0/default.jpg
343768,11119045,BD/Digital Collection,https://media.rkd.nl/iiif/11119045/full/max/0/default.jpg
343778,11119083,digital image,https://media.rkd.nl/iiif/11119083/full/max/0/default.jpg
343779,11119077,digital image,https://media.rkd.nl/iiif/11119077/full/max/0/default.jpg
343782,11119096,digital image,https://media.rkd.nl/iiif/11119096/full/max/0/default.jpg
343782,11119097,digital image,https://media.rkd.nl/iiif/11119097/full/max/0/default.jpg
343783,11119115,digital image,https://media.rkd.nl/iiif/11119115/full/max/0/default.jpg
343784,11119116,digital image,https://media.rkd.nl/iiif/11119116/full/max/0/default.jpg
343784,11119117,digital image,https://media.rkd.nl/iiif/11119117/full/max/0/default.jpg
343786,11119119,color reproduction,https://media.rkd.nl/iiif/11119119/full/max/0/default.jpg
343787,11119120,color reproduction,https://media.rkd.nl/iiif/11119120/full/max/0/default.jpg
343830,11119237,black and white photograph,https://media.rkd.nl/iiif/11119237/full/max/0/default.jpg
343831,11119239,black and white photograph,https://media.rkd.nl/iiif/11119239/full/max/0/default.jpg
343838,11119247,black and white photograph,https://media.rkd.nl/iiif/11119247/full/max/0/default.jpg
343841,11119249,BD/Digital Collection,https://media.rkd.nl/iiif/11119249/full/max/0/default.jpg
343843,11119251,black and white photograph,https://media.rkd.nl/iiif/11119251/full/max/0/default.jpg
343855,10900964,digital color photograph,https://media.rkd.nl/iiif/10900964/full/max/0/default.jpg
343856,10900966,digital color photograph,https://media.rkd.nl/iiif/10900966/full/max/0/default.jpg
343856,10900967,digital color photograph,https://media.rkd.nl/iiif/10900967/full/max/0/default.jpg
343920,11119378,digital image,https://media.rkd.nl/iiif/11119378/full/max/0/default.jpg
343921,11119380,digital image,https://media.rkd.nl/iiif/11119380/full/max/0/default.jpg
343965,11119605,digital image,https://media.rkd.nl/iiif/11119605/full/max/0/default.jpg
343973,11119653,BD/Digital Collection,https://media.rkd.nl/iiif/11119653/full/max/0/default.jpg
343973,11119645,BD/Digital Collection,https://media.rkd.nl/iiif/11119645/full/max/0/default.jpg
343977,11119660,BD/Digital Collection,https://media.rkd.nl/iiif/11119660/full/max/0/default.jpg
343977,11119657,BD/Digital Collection,https://media.rkd.nl/iiif/11119657/full/max/0/default.jpg
343980,11119665,BD/Digital Collection,https://media.rkd.nl/iiif/11119665/full/max/0/default.jpg
343980,11119663,BD/Digital Collection,https://media.rkd.nl/iiif/11119663/full/max/0/default.jpg
343986,11119673,digital image,https://media.rkd.nl/iiif/11119673/full/max/0/default.jpg
343989,11119676,color photograph,https://media.rkd.nl/iiif/11119676/full/max/0/default.jpg
344004,11119699,digital color photograph,https://media.rkd.nl/iiif/11119699/full/max/0/default.jpg
344045,9196031,black and white photograph,https://media.rkd.nl/iiif/9196031/full/max/0/default.jpg
344048,11119717,ARC/Archive Kunstzaal Oudt-Holland,https://media.rkd.nl/iiif/11119717/full/max/0/default.jpg
344050,11119719,ARC/Archive Kunstzaal Oudt-Holland,https://media.rkd.nl/iiif/11119719/full/max/0/default.jpg
344070,11119765,BD/Digital Collection,https://media.rkd.nl/iiif/11119765/full/max/0/default.jpg
344071,11119764,BD/Digital Collection,https://media.rkd.nl/iiif/11119764/full/max/0/default.jpg
344076,11119769,BD/Digital Collection,https://media.rkd.nl/iiif/11119769/full/max/0/default.jpg
344089,11119772,BD/Digital Collection,https://media.rkd.nl/iiif/11119772/full/max/0/default.jpg
344090,11119773,BD/Digital Collection,https://media.rkd.nl/iiif/11119773/full/max/0/default.jpg
344091,11119774,digital image,https://media.rkd.nl/iiif/11119774/full/max/0/default.jpg
344092,11119775,digital image,https://media.rkd.nl/iiif/11119775/full/max/0/default.jpg
344106,11119807,digital image,https://media.rkd.nl/iiif/11119807/full/max/0/default.jpg
344111,11119825,BD/Digital Collection,https://media.rkd.nl/iiif/11119825/full/max/0/default.jpg
344118,11166087,BD/Digital Collection,https://media.rkd.nl/iiif/11166087/full/max/0/default.jpg
344118,11119851,color photograph,https://media.rkd.nl/iiif/11119851/full/max/0/default.jpg
344131,11119891,BD/Digital Collection,https://media.rkd.nl/iiif/11119891/full/max/0/default.jpg
344162,11119937,ARC/Archive Kunstzaal Oudt-Holland,https://media.rkd.nl/iiif/11119937/full/max/0/default.jpg
344213,11119974,BD/Digital Collection,https://media.rkd.nl/iiif/11119974/full/max/0/default.jpg
344221,11119982,BD/Digital Collection,https://media.rkd.nl/iiif/11119982/full/max/0/default.jpg
344228,11119984,digital image,https://media.rkd.nl/iiif/11119984/full/max/0/default.jpg
344259,11166170,digital color photograph,https://media.rkd.nl/iiif/11166170/full/max/0/default.jpg
344259,11166172,digital color photograph,https://media.rkd.nl/iiif/11166172/full/max/0/default.jpg
344262,11166167,digital color photograph,https://media.rkd.nl/iiif/11166167/full/max/0/default.jpg
344262,11166169,digital color photograph,https://media.rkd.nl/iiif/11166169/full/max/0/default.jpg
344272,11120015,ARC/Archive Kunstzaal Oudt-Holland,https://media.rkd.nl/iiif/11120015/full/max/0/default.jpg
344287,11120023,ARC/Archive Kunstzaal Oudt-Holland,https://media.rkd.nl/iiif/11120023/full/max/0/default.jpg
344291,11166318,digital image,https://media.rkd.nl/iiif/11166318/full/max/0/default.jpg
344291,11132011,digital image,https://media.rkd.nl/iiif/11132011/full/max/0/default.jpg
344299,11148292,black-and-white reproduction,https://media.rkd.nl/iiif/11148292/full/max/0/default.jpg
344300,11148293,digital image,https://media.rkd.nl/iiif/11148293/full/max/0/default.jpg
344344,11156043,BD/Digital Collection,https://media.rkd.nl/iiif/11156043/full/max/0/default.jpg
344357,11156222,digital image,https://media.rkd.nl/iiif/11156222/full/max/0/default.jpg
344358,11159706,digital image,https://media.rkd.nl/iiif/11159706/full/max/0/default.jpg
344359,11159870,digital image,https://media.rkd.nl/iiif/11159870/full/max/0/default.jpg
344365,11159876,digital image,https://media.rkd.nl/iiif/11159876/full/max/0/default.jpg
344367,11159878,digital image,https://media.rkd.nl/iiif/11159878/full/max/0/default.jpg
344390,11160105,digital image,https://media.rkd.nl/iiif/11160105/full/max/0/default.jpg
344392,11160109,digital image,https://media.rkd.nl/iiif/11160109/full/max/0/default.jpg
344407,10035460,black and white photograph,https://media.rkd.nl/iiif/10035460/full/max/0/default.jpg
344410,11165851,BD/Digital Collection,https://media.rkd.nl/iiif/11165851/full/max/0/default.jpg
344411,11165856,digital image,https://media.rkd.nl/iiif/11165856/full/max/0/default.jpg
344419,11165955,digital image,https://media.rkd.nl/iiif/11165955/full/max/0/default.jpg
344426,11165972,digital image,https://media.rkd.nl/iiif/11165972/full/max/0/default.jpg
344427,11165973,digital image,https://media.rkd.nl/iiif/11165973/full/max/0/default.jpg
344428,11165974,digital image,https://media.rkd.nl/iiif/11165974/full/max/0/default.jpg
344454,11166095,digital image,https://media.rkd.nl/iiif/11166095/full/max/0/default.jpg
344455,11166096,BD/Digital Collection,https://media.rkd.nl/iiif/11166096/full/max/0/default.jpg
344455,11166097,BD/Digital Collection,https://media.rkd.nl/iiif/11166097/full/max/0/default.jpg
344455,11166098,BD/Digital Collection,https://media.rkd.nl/iiif/11166098/full/max/0/default.jpg
344465,11166127,BD/Digital Collection,https://media.rkd.nl/iiif/11166127/full/max/0/default.jpg
344467,11166136,digital image,https://media.rkd.nl/iiif/11166136/full/max/0/default.jpg
344470,11166155,digital image,https://media.rkd.nl/iiif/11166155/full/max/0/default.jpg
344472,11166163,digital image,https://media.rkd.nl/iiif/11166163/full/max/0/default.jpg
344475,11166166,digital image,https://media.rkd.nl/iiif/11166166/full/max/0/default.jpg
344477,11166177,digital image,https://media.rkd.nl/iiif/11166177/full/max/0/default.jpg
344494,11166207,digital image,https://media.rkd.nl/iiif/11166207/full/max/0/default.jpg
344505,11166224,digital image,https://media.rkd.nl/iiif/11166224/full/max/0/default.jpg
344507,11166228,digital image,https://media.rkd.nl/iiif/11166228/full/max/0/default.jpg
344507,11166229,digital image,https://media.rkd.nl/iiif/11166229/full/max/0/default.jpg
344508,11166230,digital image,https://media.rkd.nl/iiif/11166230/full/max/0/default.jpg
344510,11166236,BD/Digital Collection,https://media.rkd.nl/iiif/11166236/full/max/0/default.jpg
344517,11166241,color photograph,https://media.rkd.nl/iiif/11166241/full/max/0/default.jpg
344517,11166242,color photograph,https://media.rkd.nl/iiif/11166242/full/max/0/default.jpg
344549,11166326,digital image,https://media.rkd.nl/iiif/11166326/full/max/0/default.jpg
344556,11166356,black and white photograph,https://media.rkd.nl/iiif/11166356/full/max/0/default.jpg
344556,11166359,BD/Digital Collection,https://media.rkd.nl/iiif/11166359/full/max/0/default.jpg
344561,11166376,color photograph,https://media.rkd.nl/iiif/11166376/full/max/0/default.jpg
344570,11166402,digital image,https://media.rkd.nl/iiif/11166402/full/max/0/default.jpg
344570,11166403,digital image,https://media.rkd.nl/iiif/11166403/full/max/0/default.jpg
344580,11166432,BD/Digital Collection,https://media.rkd.nl/iiif/11166432/full/max/0/default.jpg
344582,11166455,digital color photograph,https://media.rkd.nl/iiif/11166455/full/max/0/default.jpg
344582,11166456,digital color photograph,https://media.rkd.nl/iiif/11166456/full/max/0/default.jpg
344582,11166462,black and white photograph,https://media.rkd.nl/iiif/11166462/full/max/0/default.jpg
344600,11166507,digital image,https://media.rkd.nl/iiif/11166507/full/max/0/default.jpg
344601,11166509,digital image,https://media.rkd.nl/iiif/11166509/full/max/0/default.jpg
344606,11166534,digital image,https://media.rkd.nl/iiif/11166534/full/max/0/default.jpg
344607,11166538,digital image,https://media.rkd.nl/iiif/11166538/full/max/0/default.jpg
344609,11166539,digital image,https://media.rkd.nl/iiif/11166539/full/max/0/default.jpg
344611,11166541,digital color photograph,https://media.rkd.nl/iiif/11166541/full/max/0/default.jpg
344612,11166543,BD/Digital Collection,https://media.rkd.nl/iiif/11166543/full/max/0/default.jpg
344743,11166567,photo after reproduction,https://media.rkd.nl/iiif/11166567/full/max/0/default.jpg
344818,11166633,digital color photograph,https://media.rkd.nl/iiif/11166633/full/max/0/default.jpg
344826,11166654,BD/Digital Collection,https://media.rkd.nl/iiif/11166654/full/max/0/default.jpg
344826,11166655,BD/Digital Collection,https://media.rkd.nl/iiif/11166655/full/max/0/default.jpg
344827,11166656,digital image,https://media.rkd.nl/iiif/11166656/full/max/0/default.jpg
344833,11166685,digital image,https://media.rkd.nl/iiif/11166685/full/max/0/default.jpg
344833,11166686,digital image,https://media.rkd.nl/iiif/11166686/full/max/0/default.jpg
344849,11166730,digital color photograph,https://media.rkd.nl/iiif/11166730/full/max/0/default.jpg
344849,11166731,digital color photograph,https://media.rkd.nl/iiif/11166731/full/max/0/default.jpg
344902,11166842,digital image,https://media.rkd.nl/iiif/11166842/full/max/0/default.jpg
344903,11166843,digital image,https://media.rkd.nl/iiif/11166843/full/max/0/default.jpg
344903,11166844,digital image,https://media.rkd.nl/iiif/11166844/full/max/0/default.jpg
345042,11167343,digital color photograph,https://media.rkd.nl/iiif/11167343/full/max/0/default.jpg
345042,11167345,digital color photograph,https://media.rkd.nl/iiif/11167345/full/max/0/default.jpg
345042,11167344,digital color photograph,https://media.rkd.nl/iiif/11167344/full/max/0/default.jpg
345090,11167398,digital image,https://media.rkd.nl/iiif/11167398/full/max/0/default.jpg
345090,11167399,digital image,https://media.rkd.nl/iiif/11167399/full/max/0/default.jpg
345156,11167481,BD/Digital Collection,https://media.rkd.nl/iiif/11167481/full/max/0/default.jpg
345156,11167482,BD/Digital Collection,https://media.rkd.nl/iiif/11167482/full/max/0/default.jpg
345162,11167492,digital color photograph,https://media.rkd.nl/iiif/11167492/full/max/0/default.jpg
345196,11167526,digital image,https://media.rkd.nl/iiif/11167526/full/max/0/default.jpg
345217,11167556,digital image,https://media.rkd.nl/iiif/11167556/full/max/0/default.jpg
345265,11167639,digital image,https://media.rkd.nl/iiif/11167639/full/max/0/default.jpg
345275,11184440,digital color photograph,https://media.rkd.nl/iiif/11184440/full/max/0/default.jpg
345279,11184426,digital color photograph,https://media.rkd.nl/iiif/11184426/full/max/0/default.jpg
345280,11184404,digital color photograph,https://media.rkd.nl/iiif/11184404/full/max/0/default.jpg
345289,11166947,digital color photograph,https://media.rkd.nl/iiif/11166947/full/max/0/default.jpg
345322,11167078,digital color photograph,https://media.rkd.nl/iiif/11167078/full/max/0/default.jpg
345334,11167006,digital color photograph,https://media.rkd.nl/iiif/11167006/full/max/0/default.jpg
345351,11184405,digital color photograph,https://media.rkd.nl/iiif/11184405/full/max/0/default.jpg
345351,11184407,digital color photograph,https://media.rkd.nl/iiif/11184407/full/max/0/default.jpg
345353,11184428,digital color photograph,https://media.rkd.nl/iiif/11184428/full/max/0/default.jpg
345354,11184430,digital color photograph,https://media.rkd.nl/iiif/11184430/full/max/0/default.jpg
345357,11184409,digital color photograph,https://media.rkd.nl/iiif/11184409/full/max/0/default.jpg
345358,11167620,digital color photograph,https://media.rkd.nl/iiif/11167620/full/max/0/default.jpg
345361,11184410,digital color photograph,https://media.rkd.nl/iiif/11184410/full/max/0/default.jpg
345361,11184412,digital color photograph,https://media.rkd.nl/iiif/11184412/full/max/0/default.jpg
345361,11184413,digital color photograph,https://media.rkd.nl/iiif/11184413/full/max/0/default.jpg
345367,11184432,digital color photograph,https://media.rkd.nl/iiif/11184432/full/max/0/default.jpg
345368,11184434,digital color photograph,https://media.rkd.nl/iiif/11184434/full/max/0/default.jpg
345389,11167082,digital color photograph,https://media.rkd.nl/iiif/11167082/full/max/0/default.jpg
345390,11167077,digital color photograph,https://media.rkd.nl/iiif/11167077/full/max/0/default.jpg
345400,11184436,digital color photograph,https://media.rkd.nl/iiif/11184436/full/max/0/default.jpg
345402,11184418,digital color photograph,https://media.rkd.nl/iiif/11184418/full/max/0/default.jpg
345402,11184420,digital color photograph,https://media.rkd.nl/iiif/11184420/full/max/0/default.jpg
345403,11184438,digital color photograph,https://media.rkd.nl/iiif/11184438/full/max/0/default.jpg
345404,11184442,digital color photograph,https://media.rkd.nl/iiif/11184442/full/max/0/default.jpg
345424,11169036,BD/Digital Collection,https://media.rkd.nl/iiif/11169036/full/max/0/default.jpg
345424,11169037,BD/Digital Collection,https://media.rkd.nl/iiif/11169037/full/max/0/default.jpg
345428,11169044,BD/Digital Collection,https://media.rkd.nl/iiif/11169044/full/max/0/default.jpg
345428,11169045,BD/Digital Collection,https://media.rkd.nl/iiif/11169045/full/max/0/default.jpg
345435,11169111,black and white photograph,https://media.rkd.nl/iiif/11169111/full/max/0/default.jpg
345437,11169114,black and white photograph,https://media.rkd.nl/iiif/11169114/full/max/0/default.jpg
345438,11169117,digital image,https://media.rkd.nl/iiif/11169117/full/max/0/default.jpg
345442,11169131,digital image,https://media.rkd.nl/iiif/11169131/full/max/0/default.jpg
345442,11169130,black and white photograph,https://media.rkd.nl/iiif/11169130/full/max/0/default.jpg
345532,11184729,digital color photograph,https://media.rkd.nl/iiif/11184729/full/max/0/default.jpg
345532,11184785,digital color photograph,https://media.rkd.nl/iiif/11184785/full/max/0/default.jpg
345532,11183506,digital color photograph,https://media.rkd.nl/iiif/11183506/full/max/0/default.jpg
345535,11184754,digital color photograph,https://media.rkd.nl/iiif/11184754/full/max/0/default.jpg
345535,11184829,digital color photograph,https://media.rkd.nl/iiif/11184829/full/max/0/default.jpg
345535,11183512,digital color photograph,https://media.rkd.nl/iiif/11183512/full/max/0/default.jpg
345536,11184882,digital color photograph,https://media.rkd.nl/iiif/11184882/full/max/0/default.jpg
345543,11184884,digital color photograph,https://media.rkd.nl/iiif/11184884/full/max/0/default.jpg
345556,11184894,digital color photograph,https://media.rkd.nl/iiif/11184894/full/max/0/default.jpg
345557,11184870,digital color photograph,https://media.rkd.nl/iiif/11184870/full/max/0/default.jpg
345558,11184892,digital color photograph,https://media.rkd.nl/iiif/11184892/full/max/0/default.jpg
345561,11184842,digital color photograph,https://media.rkd.nl/iiif/11184842/full/max/0/default.jpg
345563,11184844,digital color photograph,https://media.rkd.nl/iiif/11184844/full/max/0/default.jpg
345566,11184846,digital color photograph,https://media.rkd.nl/iiif/11184846/full/max/0/default.jpg
345573,11183589,digital image,https://media.rkd.nl/iiif/11183589/full/max/0/default.jpg
345574,11183592,BD/Digital Collection,https://media.rkd.nl/iiif/11183592/full/max/0/default.jpg
345596,11184704,digital color photograph,https://media.rkd.nl/iiif/11184704/full/max/0/default.jpg
345596,11184757,digital color photograph,https://media.rkd.nl/iiif/11184757/full/max/0/default.jpg
345596,11183668,BD/Digital Collection,https://media.rkd.nl/iiif/11183668/full/max/0/default.jpg
345610,11183679,digital color photograph,https://media.rkd.nl/iiif/11183679/full/max/0/default.jpg
345610,11183545,digital color photograph,https://media.rkd.nl/iiif/11183545/full/max/0/default.jpg
345610,11183547,digital color photograph,https://media.rkd.nl/iiif/11183547/full/max/0/default.jpg
345610,11183546,digital color photograph,https://media.rkd.nl/iiif/11183546/full/max/0/default.jpg
345610,11183548,digital color photograph,https://media.rkd.nl/iiif/11183548/full/max/0/default.jpg
345617,11184161,digital color photograph,https://media.rkd.nl/iiif/11184161/full/max/0/default.jpg
345620,11184161,digital color photograph,https://media.rkd.nl/iiif/11184161/full/max/0/default.jpg
345624,11184848,digital color photograph,https://media.rkd.nl/iiif/11184848/full/max/0/default.jpg
345626,11184852,digital color photograph,https://media.rkd.nl/iiif/11184852/full/max/0/default.jpg
345627,11184858,digital color photograph,https://media.rkd.nl/iiif/11184858/full/max/0/default.jpg
345628,11184872,digital color photograph,https://media.rkd.nl/iiif/11184872/full/max/0/default.jpg
345631,11184174,digital image,https://media.rkd.nl/iiif/11184174/full/max/0/default.jpg
345631,11184175,digital image,https://media.rkd.nl/iiif/11184175/full/max/0/default.jpg
345632,11184177,digital image,https://media.rkd.nl/iiif/11184177/full/max/0/default.jpg
345635,11184184,digital image,https://media.rkd.nl/iiif/11184184/full/max/0/default.jpg
345649,11184306,digital image,https://media.rkd.nl/iiif/11184306/full/max/0/default.jpg
345652,11184874,digital color photograph,https://media.rkd.nl/iiif/11184874/full/max/0/default.jpg
345653,11184876,digital color photograph,https://media.rkd.nl/iiif/11184876/full/max/0/default.jpg
345655,11184878,digital color photograph,https://media.rkd.nl/iiif/11184878/full/max/0/default.jpg
345656,11184866,digital color photograph,https://media.rkd.nl/iiif/11184866/full/max/0/default.jpg
345657,11184868,digital color photograph,https://media.rkd.nl/iiif/11184868/full/max/0/default.jpg
345658,11184862,digital color photograph,https://media.rkd.nl/iiif/11184862/full/max/0/default.jpg
345659,11184864,digital color photograph,https://media.rkd.nl/iiif/11184864/full/max/0/default.jpg
345661,11184880,digital color photograph,https://media.rkd.nl/iiif/11184880/full/max/0/default.jpg
345662,11184886,digital color photograph,https://media.rkd.nl/iiif/11184886/full/max/0/default.jpg
345663,11184888,digital color photograph,https://media.rkd.nl/iiif/11184888/full/max/0/default.jpg
345664,11184890,digital color photograph,https://media.rkd.nl/iiif/11184890/full/max/0/default.jpg
345665,11184850,digital color photograph,https://media.rkd.nl/iiif/11184850/full/max/0/default.jpg
345668,11184854,digital color photograph,https://media.rkd.nl/iiif/11184854/full/max/0/default.jpg
345670,11184856,digital color photograph,https://media.rkd.nl/iiif/11184856/full/max/0/default.jpg
345671,11184860,digital color photograph,https://media.rkd.nl/iiif/11184860/full/max/0/default.jpg
345684,11184373,BD/Digital Collection,https://media.rkd.nl/iiif/11184373/full/max/0/default.jpg
345685,11184374,BD/Digital Collection,https://media.rkd.nl/iiif/11184374/full/max/0/default.jpg
345688,11184377,BD/Digital Collection,https://media.rkd.nl/iiif/11184377/full/max/0/default.jpg
345692,11184382,digital image,https://media.rkd.nl/iiif/11184382/full/max/0/default.jpg
345695,11184401,digital image,https://media.rkd.nl/iiif/11184401/full/max/0/default.jpg
345700,9239437,black and white photograph,https://media.rkd.nl/iiif/9239437/full/max/0/default.jpg
345710,11184487,digital image,https://media.rkd.nl/iiif/11184487/full/max/0/default.jpg
345711,11184488,digital image,https://media.rkd.nl/iiif/11184488/full/max/0/default.jpg
345717,11184496,digital image,https://media.rkd.nl/iiif/11184496/full/max/0/default.jpg
345718,11184497,digital image,https://media.rkd.nl/iiif/11184497/full/max/0/default.jpg
345813,11184639,digital image,https://media.rkd.nl/iiif/11184639/full/max/0/default.jpg
345817,11184643,digital image,https://media.rkd.nl/iiif/11184643/full/max/0/default.jpg
345820,11184646,digital image,https://media.rkd.nl/iiif/11184646/full/max/0/default.jpg
345824,11184653,digital image,https://media.rkd.nl/iiif/11184653/full/max/0/default.jpg
345825,11184654,digital image,https://media.rkd.nl/iiif/11184654/full/max/0/default.jpg
345826,11184899,digital image,https://media.rkd.nl/iiif/11184899/full/max/0/default.jpg
345826,11184900,digital image,https://media.rkd.nl/iiif/11184900/full/max/0/default.jpg
345827,11184670,BD/Digital Collection,https://media.rkd.nl/iiif/11184670/full/max/0/default.jpg
345828,11184671,BD/Digital Collection,https://media.rkd.nl/iiif/11184671/full/max/0/default.jpg
345829,11184678,BD/Digital Collection,https://media.rkd.nl/iiif/11184678/full/max/0/default.jpg
345830,11184677,BD/Digital Collection,https://media.rkd.nl/iiif/11184677/full/max/0/default.jpg
345831,11184680,BD/Digital Collection,https://media.rkd.nl/iiif/11184680/full/max/0/default.jpg
345832,11184656,digital image,https://media.rkd.nl/iiif/11184656/full/max/0/default.jpg
345835,11184683,BD/Digital Collection,https://media.rkd.nl/iiif/11184683/full/max/0/default.jpg
345836,11184685,BD/Digital Collection,https://media.rkd.nl/iiif/11184685/full/max/0/default.jpg
345838,11184661,digital image,https://media.rkd.nl/iiif/11184661/full/max/0/default.jpg
345840,11184663,color photograph,https://media.rkd.nl/iiif/11184663/full/max/0/default.jpg
345841,11184664,color photograph,https://media.rkd.nl/iiif/11184664/full/max/0/default.jpg
345843,11184664,color photograph,https://media.rkd.nl/iiif/11184664/full/max/0/default.jpg
345891,11184840,digital image,https://media.rkd.nl/iiif/11184840/full/max/0/default.jpg
345921,11184930,digital image,https://media.rkd.nl/iiif/11184930/full/max/0/default.jpg
345946,11184966,digital image,https://media.rkd.nl/iiif/11184966/full/max/0/default.jpg
345949,11184969,digital image,https://media.rkd.nl/iiif/11184969/full/max/0/default.jpg
345995,11190290,digital image,https://media.rkd.nl/iiif/11190290/full/max/0/default.jpg
346019,11190341,BD/Digital Collection,https://media.rkd.nl/iiif/11190341/full/max/0/default.jpg
346050,11190407,digital color photograph,https://media.rkd.nl/iiif/11190407/full/max/0/default.jpg
346072,11190408,digital color photograph,https://media.rkd.nl/iiif/11190408/full/max/0/default.jpg
346108,11190278,digital color photograph,https://media.rkd.nl/iiif/11190278/full/max/0/default.jpg
346108,11190462,digital color photograph,https://media.rkd.nl/iiif/11190462/full/max/0/default.jpg
346141,11190489,digital image,https://media.rkd.nl/iiif/11190489/full/max/0/default.jpg
346148,11190279,digital color photograph,https://media.rkd.nl/iiif/11190279/full/max/0/default.jpg
346150,11190505,digital color photograph,https://media.rkd.nl/iiif/11190505/full/max/0/default.jpg
346151,11190280,digital color photograph,https://media.rkd.nl/iiif/11190280/full/max/0/default.jpg
346264,11190723,digital image,https://media.rkd.nl/iiif/11190723/full/max/0/default.jpg
346302,11190756,digital image,https://media.rkd.nl/iiif/11190756/full/max/0/default.jpg
346304,11190757,digital image,https://media.rkd.nl/iiif/11190757/full/max/0/default.jpg
346342,11190806,digital image,https://media.rkd.nl/iiif/11190806/full/max/0/default.jpg
346347,11166961,black and white photograph,https://media.rkd.nl/iiif/11166961/full/max/0/default.jpg
346357,11190892,digital image,https://media.rkd.nl/iiif/11190892/full/max/0/default.jpg
346370,11190941,digital color photograph,https://media.rkd.nl/iiif/11190941/full/max/0/default.jpg
346396,11190978,digital image,https://media.rkd.nl/iiif/11190978/full/max/0/default.jpg
346406,11166959,black and white photograph,https://media.rkd.nl/iiif/11166959/full/max/0/default.jpg
346411,11190787,digital color photograph,https://media.rkd.nl/iiif/11190787/full/max/0/default.jpg
346424,11166973,black and white photograph,https://media.rkd.nl/iiif/11166973/full/max/0/default.jpg
346476,11191087,BD/Digital Collection,https://media.rkd.nl/iiif/11191087/full/max/0/default.jpg
