priref,lref,width,height,megapixels,soort,artist_name,date,objectcat
47030,9814422,161,200,0.032,printouts,"Dommisse, Marianne",1958,photograph
47031,9814423,157,200,0.031,printouts,"Dommisse, Marianne",1958,photograph
47032,9814424,200,162,0.032,printouts,"Dommisse, Marianne",1958,photograph
47033,9814425,154,200,0.031,printouts,"Dommisse, Marianne",1959,photograph
47034,9814426,153,200,0.031,black-and-white reproduction,"Dommisse, Marianne",1957,photograph
55595,10013655,215,500,0.107,digital color photograph,Anoniem,1850,painting
56708,9879124,500,178,0.089,color photograph,Anoniem,1954,overdoor
57606,10080124,189,501,0.095,black and white photograph,"Pourbus, Frans (I)",1571,painting
60453,9112328,169,501,0.085,black and white photograph,Anoniem,1559,painting
67389,9814565,201,166,0.033,printouts,"Boersma, Pieter (fotograaf)",1974,photograph
67569,9120170,177,500,0.088,black and white photograph,"David, Gerard",1510,painting
67571,9120169,176,500,0.088,black and white photograph,"David, Gerard",1510,painting
68026,9814646,146,200,0.029,printouts,"Dommisse, Marianne",1965,photograph
68054,9814648,145,200,0.029,printouts,"Dommisse, Marianne",1950,photograph
68055,9814649,146,200,0.029,printouts,"Dommisse, Marianne",1950,photograph
68060,9814650,146,200,0.029,printouts,"Dommisse, Marianne",1956,photograph
68061,9814651,146,200,0.029,printouts,"Dommisse, Marianne",1956,photograph
68281,9814652,146,200,0.029,printouts,"Dommisse, Marianne",1957,photograph
68283,9814653,163,200,0.033,printouts,"Dommisse, Marianne",1928,photograph
69491,9124427,194,500,0.097,black and white photograph,"Rijcke, Abraham de",1586,painting
69492,9124426,197,500,0.099,black and white photograph,"Rijcke, Abraham de",1586,painting
101055,9835412,500,218,0.109,slide (photo),"Sluijters, Jan",1908,drawing (visual work)
108066,9137315,500,199,0.1,black and white photograph,"Sluijters, Jan",1934,painting
108951,9147946,222,501,0.111,back-side (of image),"Koster, Pieter Paul (1893-1987)",1924,drawing (visual work)
118678,9125789,500,200,0.1,black and white photograph,"Mancini, Antonio",1880,painting
119543,9168929,215,500,0.107,BD/Digital Collection,"Bosch, Jheronimus",1496,painting
119546,9168930,213,500,0.106,BD/Digital Collection,"Bosch, Jheronimus",1496,painting
124541,10390140,219,500,0.11,unknown,"Spier, Jo",1925,drawing (visual work)
124684,10721913,500,210,0.105,photograph,"Hengst, Hendrik Wolter van",1824,watercolor (painting)
127438,10727013,194,500,0.097,photograph,Anoniem,1518,painting
129106,10730765,189,500,0.095,photograph,"Andriessen, Mari",1966,sculpture
129236,10731034,128,500,0.064,BD/RKD/1816 - IB/XVIIA,"Sweelink, Gerrit Pietersz.",1600,painting
129826,10732348,501,215,0.108,photograph,"Backer, Adriaen",1676,painting
130218,10733109,207,500,0.103,BD/RKD/1808 - IB/XIXD,"Schwartze, Thérèse",1875,painting
131818,10735115,203,500,0.102,photograph,"Key, Willem",1550,painting
131991,10388802,500,222,0.111,unknown,"Hingman, Jan",1875,drawing (visual work)
132550,10388925,500,164,0.082,unknown,Anoniem,1625,painting
132712,9333053,176,501,0.088,black and white photograph,"Benson, Ambrosius",1525,painting
133280,10634275,176,500,0.088,digital image,"Cornelisz, Jacob",1517,triptych
133281,10634280,176,500,0.088,digital image,"Cornelisz, Jacob",1517,triptych
133376,9335558,180,501,0.09,black and white photograph,"Sweelink, Gerrit Pietersz.",1601,painting
134848,10389720,145,294,0.043,unknown,"Greenaart, J.",1794,drawing (visual work)
134849,10389721,145,294,0.043,unknown,"Greenaart, J.",1794,drawing (visual work)
137352,10739577,211,500,0.105,reproduction (derivative object),"Andriessen, Mari",1950,sculpture
138762,10390468,500,114,0.057,unknown,Anoniem,1975,painting
139362,10905364,181,200,0.036,BD/Digital Collection,"Hillenius, Jaap",1959,painting
139879,9190505,201,500,0.101,color photograph,Anoniem,1570,painting
139935,10741320,213,251,0.053,photograph,"Evrard, Perpète",1707,portrait miniature
140927,10742336,500,210,0.105,reproduction (derivative object),"Markus, Ans",1975,painting
141287,10742575,155,275,0.043,photograph,"Stapel, Dick",1993,painting
141317,10388867,210,500,0.105,unknown,"Stracké, Louis",1875,drawing (visual work)
142623,10390526,210,500,0.105,unknown,"Welbergen, Maarten",1996,painting
142907,10742707,180,501,0.09,reproduction (derivative object),"Vlijmen, Bernard van",1922,drawing (visual work)
143204,10730981,199,501,0.1,reproduction (derivative object),"Vroom, Jean Paul",1962,painting
143241,10390231,223,500,0.112,unknown,"Krop, Hildo",1925,sculpture
143491,10737054,500,172,0.086,photograph,"Markus, Ans",1900,painting
144352,10389832,212,501,0.106,unknown,"Odé, Arend Willem Maurits",1900,sculpture
145217,10729325,162,500,0.081,photograph,"Andriessen, Mari",1925,sculpture
145611,10389970,500,213,0.106,unknown,"Kamerlingh Onnes, Harm",1922,unknown
145721,10733372,152,500,0.076,black and white photograph,Anoniem,1650,painting
146073,10733361,166,500,0.083,black and white photograph,"Honthorst, Gerard van",1625,painting
147176,10389852,190,500,0.095,unknown,"Hahn, Albert (I)",1900,drawing (visual work)
148067,10390257,206,500,0.103,unknown,"Franzen-Heslenfeld, Corinne",1925,relief
148134,10389984,196,501,0.098,unknown,"Leusink, Annigje",1919,drawing (visual work)
148446,10743960,214,500,0.107,reproduction (derivative object),"Wezelaar, Han",1925,sculpture
148473,10743964,137,275,0.038,photograph,"Stapel, Dick",1988,painting
148474,10743965,139,275,0.038,photograph,"Stapel, Dick",1988,painting
148878,10743991,223,501,0.112,reproduction (derivative object),"Jordaan, Leendert Jurriaan",1900,silhouette
148985,10722949,219,501,0.11,photograph,"Heemskerck, Maarten van",1525,painting
148986,10747176,222,500,0.111,photograph,"Heemskerck, Maarten van",1525,painting
149183,10720037,223,500,0.112,photograph,"Schuhmacher, Wim",1925,painting
150082,10741388,201,500,0.101,photograph,Anoniem,1575,painting
165790,10744895,500,146,0.073,photograph,Anoniem,1550,painting
165794,10744896,501,171,0.086,photograph,Anoniem,1550,painting
165797,10744897,500,160,0.08,photograph,Anoniem,1550,painting
165801,10744898,500,165,0.083,photograph,Anoniem,1550,painting
165802,10744899,500,144,0.072,photograph,Anoniem,1550,painting
165803,10744900,500,176,0.088,photograph,Anoniem,1550,painting
166053,9201698,223,500,0.112,digital image,"Hofker, Willem Gerard",1979,painting
168004,10746037,184,500,0.092,reproduction (derivative object),"Rädecker, John",1925,drawing (visual work)
169809,10746158,207,275,0.057,photograph,"Stapel, Dick",1980,painting
169810,10746157,154,275,0.042,photograph,"Stapel, Dick",1996,painting
169812,10746156,137,275,0.038,photograph,"Stapel, Dick",1986,painting
169839,10746172,124,155,0.019,photograph,"Schröder, Sierk",1959,painting
170397,10746190,100,116,0.012,photograph,"Meys, Louis",1955,painting
170436,10746154,149,275,0.041,photograph,"Stapel, Dick",1998,painting
170437,10746155,178,275,0.049,photograph,"Stapel, Dick",1986,painting
170439,10746242,158,300,0.047,photograph,"Stapel, Dick",2004,painting
170440,10746241,165,300,0.05,photograph,"Stapel, Dick",2004,painting
170444,10746238,165,300,0.05,photograph,"Stapel, Dick",2004,painting
170445,10746237,180,300,0.054,photograph,"Stapel, Dick",2004,painting
170446,10746236,161,300,0.048,photograph,"Stapel, Dick",2004,painting
170452,10746166,150,275,0.041,photograph,"Stapel, Dick",1992,painting
170453,10746167,141,275,0.039,photograph,"Stapel, Dick",1986,painting
173172,10389760,215,256,0.055,unknown,Anoniem,1775,portrait miniature
173173,10389761,215,256,0.055,unknown,Anoniem,1775,portrait miniature
173320,10768925,215,278,0.06,BD/RKD/1836 - IB/XXC,"Vlag, Sees",1968,print
173532,10724596,211,501,0.106,BD/RKD/1810 - IB/XVIAB,Anoniem,1525,painting
173969,10389921,183,500,0.091,unknown,Anoniem,1900,sculpture
175048,10723823,219,500,0.11,BD/RKD/1830 - IB/XVIIID,Anoniem,1775,silhouette
175052,10724599,205,437,0.09,BD/RKD/1802 - IB/XIXA,Anoniem,1800,silhouette
176503,10684268,179,500,0.089,color reproduction,Anoniem,1625,tile tableau
176505,10684259,144,500,0.072,black-and-white reproduction,"Mierevelt, Michiel van",1600,tile (object genre)
176508,10684267,146,500,0.073,black-and-white reproduction,"Mierevelt, Michiel van",1600,tile (object genre)
177353,10737003,500,206,0.103,BD/RKD/1816 - IB/XVIIA,"Grebber, Frans Pietersz. de",1619,painting
178691,10768524,214,286,0.061,original photograph,Anoniem,1600,print
178775,10680529,500,188,0.094,digital image,Anoniem,1650,painting
178891,10765936,210,327,0.069,original photograph,Anoniem,1600,print
179693,10768609,219,350,0.077,original photograph,Anoniem,1650,print
180708,10746433,501,214,0.107,photograph,"Doorn, Daan van",2007,painting
180993,10768686,217,501,0.109,digital image,"Toorop, Jan",1873,print
182433,9186200,200,501,0.1,color reproduction,"Citroen, Paul",1961,painting
182454,10390394,175,500,0.087,unknown,"Citroen, Paul",1962,painting
182807,10768771,221,269,0.059,reproduction (derivative object),"Laat, Nico de",1925,print
182929,10746684,148,180,0.027,BD/RKD/IB,Anoniem,1650,painting
182930,10746685,148,180,0.027,digital image,Anoniem,1650,painting
182944,10746867,194,500,0.097,reproduction (derivative object),"Letterie, Frank",2008,sculpture
184053,9186147,179,356,0.064,digital image,"Beckmann, Max",1944,painting
188094,9169394,213,500,0.106,digital image,"Hartjesveld, Elsa",2005,painting
189444,9186201,167,500,0.084,digital image,"Citroen, Paul",1961,painting
189448,9186202,180,501,0.09,digital image,"Citroen, Paul",1961,painting
189450,9186203,182,501,0.091,digital image,"Citroen, Paul",1960,painting
189458,9186205,189,500,0.095,digital image,"Citroen, Paul",1962,painting
190256,10636972,216,500,0.108,digital image,"Haverman, Hendrik Johannes",1896,drawing (visual work)
190265,9186969,199,500,0.1,black and white photograph,"Haverman, Hendrik Johannes",1896,drawing (visual work)
190545,9190768,164,157,0.026,digital image,Anoniem,1690,"plate (general, dish)"
190546,9190769,160,158,0.025,digital image,Anoniem,1690,"plate (general, dish)"
190647,9190791,300,217,0.065,digital image,Anoniem,1805,portrait miniature
190769,9190807,217,500,0.108,digital image,"Fernhout, Edgar",1950,painting
190920,9176096,206,500,0.103,color photograph,Meester van Moulins,1492,triptych
190937,9176095,212,501,0.106,color photograph,Meester van Moulins,1492,triptych
191169,9190875,179,205,0.037,digital image,"Fernhout, Edgar",1937,painting
191340,9190893,197,250,0.049,digital image,"Lubin, Jacques",1661,reproductive print
191417,9190905,170,224,0.038,digital image,"Rossum, Jan Cornelis van",1840,drawing (visual work)
191466,9190923,189,224,0.042,digital image,"Tilly, E.A.",1880,print
192089,9190492,167,501,0.084,black and white photograph,Anoniem,1559,painting
192099,9190493,162,500,0.081,black and white photograph,Anoniem,1559,painting
197540,9202659,215,300,0.065,digital image,"Schouman, Aert",1725,drawing (visual work)
202824,9321719,172,500,0.086,digital image,"Molkenboer, Theo",1895,painting
204660,10670538,209,501,0.105,black and white photograph,Anoniem,1880,painting
207294,9222239,137,200,0.027,digital image,"Connell, Lena",1905,postcard
211358,9221137,500,219,0.11,digital image,"Pietersz, Pieter (I)",1598,painting
215341,9236214,500,213,0.106,digital image,Anoniem,2010,photograph
216154,9302936,210,501,0.105,BD/Digital Collection,"Cornelisz, Jacob",1511,polyptych
216294,10657546,189,500,0.095,digital image,"Bellegambe, Jean (I)",1526,painting
216303,10672689,172,500,0.086,digital image,"Scorel, Jan van",1525,painting
219280,10662982,500,194,0.097,digital image,Meester van de Heilige Maagschap,1490,painting
219711,10652142,207,500,0.103,digital image,"Goude, Cornelis van der",1530,painting
220420,9197535,214,500,0.107,digital color photograph,"Meerdink, Jacob Reyer",1982,drawing (visual work)
221832,9286838,500,201,0.101,BD/Digital Collection,"Géricault, Théodore",1809,painting
224772,9414683,500,208,0.104,black and white photograph,Anoniem,1616,drawing (visual work)
227775,9160763,160,500,0.08,color photograph,"Eyck, Jan van",1445,triptych
229244,9292188,501,133,0.067,black and white photograph,Anoniem,1911-01-28,photograph
232482,9310317,219,501,0.11,black and white photograph,"Leusden, Willem van",1938,painting
236433,10632154,161,201,0.032,digital color photograph,"Breukel, Koos",2012,photograph
236437,10632156,158,200,0.032,digital black-and-white photograph,"Breukel, Koos",2005,photograph
236438,10632152,201,157,0.032,digital black-and-white photograph,"Breukel, Koos",1996,photograph
236439,10632162,158,201,0.032,digital black-and-white photograph,"Breukel, Koos",2009,photograph
236440,10632160,160,201,0.032,digital black-and-white photograph,"Breukel, Koos",2005,photograph
236466,10632159,200,133,0.027,digital color photograph,"Breukel, Koos",2008,photograph
236467,10632158,196,200,0.039,digital black-and-white photograph,"Breukel, Koos",1988,photograph
236468,10632165,158,200,0.032,digital black-and-white photograph,"Breukel, Koos",1998,photograph
236469,10632164,161,201,0.032,digital black-and-white photograph,"Breukel, Koos",2007,photograph
236470,10632161,158,200,0.032,digital black-and-white photograph,"Breukel, Koos",2002,photograph
236471,10632163,160,200,0.032,digital color photograph,"Breukel, Koos",2008,photograph
236475,10632153,150,201,0.03,digital color photograph,"Breukel, Koos",2012,photograph
236476,10632157,201,134,0.027,digital color photograph,"Breukel, Koos",2012,photograph
236477,10632155,161,201,0.032,digital color photograph,"Breukel, Koos",2012,photograph
236480,10632166,200,133,0.027,digital color photograph,"Breukel, Koos",2008,photograph
236705,10632400,161,201,0.032,black and white photograph,"Breukel, Koos",1999,photograph
237320,10632908,221,500,0.111,digital image,"Goltzius, Hendrick",1590,drawing (visual work)
237321,10632909,186,500,0.093,digital image,"Goltzius, Hendrick",1590,drawing (visual work)
237912,10633522,134,201,0.027,digital image,"Mentzel, Vincent",2012,photograph
238047,10677299,218,500,0.109,digital color photograph,Anoniem,1555,painting
238221,10635227,500,142,0.071,digital image,"Strobel, Bartholomäus",1630,painting
239257,10636583,200,103,0.021,digital color photograph,"Bruijn, Hans de",2008,photograph
239262,10636592,200,200,0.04,digital color photograph,"Bruijn, Hans de",2008,photograph
239410,10636670,200,133,0.027,digital color photograph,"Bruijn, Hans de",2009,photograph
239411,10636671,201,195,0.039,digital color photograph,"Bruijn, Hans de",2009,photograph
239416,10636672,201,133,0.027,digital color photograph,"Bruijn, Hans de",2009,photograph
239417,10636675,201,201,0.04,digital color photograph,"Bruijn, Hans de",2009,photograph
239418,10636676,200,134,0.027,digital color photograph,"Bruijn, Hans de",2009,photograph
239423,10636680,201,133,0.027,digital color photograph,"Bruijn, Hans de",2008,photograph
239424,10636682,201,165,0.033,digital color photograph,"Bruijn, Hans de",2008,photograph
239427,10636683,201,201,0.04,digital color photograph,"Bruijn, Hans de",2008,photograph
239428,10636684,200,200,0.04,digital color photograph,"Bruijn, Hans de",2009,photograph
239429,10636685,200,134,0.027,digital color photograph,"Bruijn, Hans de",2009,photograph
239431,10636686,201,201,0.04,digital color photograph,"Bruijn, Hans de",2012,photograph
239432,10636687,200,134,0.027,digital color photograph,"Bruijn, Hans de",2012,photograph
239438,10636691,200,201,0.04,digital color photograph,"Bruijn, Hans de",2010,photograph
239439,10636692,201,133,0.027,digital color photograph,"Bruijn, Hans de",2010,photograph
239440,10636693,134,200,0.027,digital color photograph,"Bruijn, Hans de",2010,photograph
239441,10636695,200,133,0.027,digital color photograph,"Bruijn, Hans de",2010,photograph
239443,10636697,200,200,0.04,digital color photograph,"Bruijn, Hans de",2010,photograph
239446,10636698,200,200,0.04,digital color photograph,"Bruijn, Hans de",2009,photograph
239447,10636700,200,122,0.024,digital color photograph,"Bruijn, Hans de",2009,photograph
239448,10636702,200,200,0.04,digital color photograph,"Bruijn, Hans de",2012,photograph
239449,10636703,200,134,0.027,digital color photograph,"Bruijn, Hans de",2012,photograph
239453,10636706,201,112,0.023,digital color photograph,"Bruijn, Hans de",2008,photograph
239455,10636709,201,133,0.027,digital color photograph,"Bruijn, Hans de",2008,photograph
239456,10636710,201,200,0.04,digital color photograph,"Bruijn, Hans de",2008,photograph
239458,10636712,200,200,0.04,digital color photograph,"Bruijn, Hans de",2012,photograph
239461,10636713,201,134,0.027,digital color photograph,"Bruijn, Hans de",2012,photograph
239462,10636714,201,133,0.027,digital color photograph,"Bruijn, Hans de",2012,photograph
239465,10636715,200,201,0.04,digital color photograph,"Bruijn, Hans de",2008,photograph
239467,10636716,200,133,0.027,digital color photograph,"Bruijn, Hans de",2008,photograph
239469,10636717,200,125,0.025,digital color photograph,"Bruijn, Hans de",2008,photograph
239470,10636718,200,136,0.027,digital color photograph,"Bruijn, Hans de",2009,photograph
239471,10636719,200,134,0.027,digital color photograph,"Bruijn, Hans de",2009,photograph
239473,10636720,135,200,0.027,digital color photograph,"Bruijn, Hans de",2008,photograph
239475,10636721,200,200,0.04,digital color photograph,"Bruijn, Hans de",2008,photograph
239476,10636722,136,201,0.027,digital color photograph,"Bruijn, Hans de",2010,photograph
239477,10636723,201,133,0.027,digital color photograph,"Bruijn, Hans de",2010,photograph
239479,10636724,200,201,0.04,digital color photograph,"Bruijn, Hans de",2009,photograph
239480,10636725,201,118,0.024,digital color photograph,"Bruijn, Hans de",2009,photograph
239481,10636726,200,130,0.026,digital color photograph,"Bruijn, Hans de",2009,photograph
239482,10636727,201,200,0.04,digital color photograph,"Bruijn, Hans de",2008,photograph
239484,10636728,200,134,0.027,digital color photograph,"Bruijn, Hans de",2008,photograph
239486,10636729,200,137,0.027,digital color photograph,"Bruijn, Hans de",2008,photograph
239489,10636730,200,201,0.04,digital color photograph,"Bruijn, Hans de",2008,photograph
239560,10636747,200,136,0.027,digital color photograph,"Bruijn, Hans de",2008,photograph
239561,10636748,201,136,0.027,digital color photograph,"Bruijn, Hans de",2008,photograph
239565,10636752,201,106,0.021,digital color photograph,"Bruijn, Hans de",2009,photograph
239566,10636756,200,200,0.04,digital color photograph,"Bruijn, Hans de",2010,photograph
239568,10636757,201,134,0.027,digital color photograph,"Bruijn, Hans de",2009,photograph
239570,10636759,200,133,0.027,digital color photograph,"Bruijn, Hans de",2009,photograph
239572,10636760,201,134,0.027,digital color photograph,"Bruijn, Hans de",2010,photograph
239577,10636762,201,132,0.027,digital color photograph,"Bruijn, Hans de",2010,photograph
239581,10636764,201,126,0.025,digital color photograph,"Bruijn, Hans de",2009,photograph
239582,10636767,200,200,0.04,digital color photograph,"Bruijn, Hans de",2012,photograph
239583,10636768,200,201,0.04,digital color photograph,"Bruijn, Hans de",2012,photograph
239584,10636769,201,131,0.026,digital color photograph,"Bruijn, Hans de",2012,photograph
239586,10636771,200,201,0.04,digital color photograph,"Bruijn, Hans de",2012,photograph
239595,10636775,201,133,0.027,digital color photograph,"Bruijn, Hans de",2009,photograph
239596,10636780,133,201,0.027,digital color photograph,"Bruijn, Hans de",2009,photograph
239599,10636781,200,133,0.027,digital color photograph,"Bruijn, Hans de",2009,photograph
239614,10636782,200,200,0.04,digital color photograph,"Bruijn, Hans de",2009,photograph
239615,10636785,201,133,0.027,digital color photograph,"Bruijn, Hans de",2009,photograph
239617,10636786,200,134,0.027,digital color photograph,"Bruijn, Hans de",2008,photograph
239618,10636787,201,134,0.027,digital color photograph,"Bruijn, Hans de",2008,photograph
239620,10636788,200,133,0.027,digital color photograph,"Bruijn, Hans de",2008,photograph
239623,10636792,201,143,0.029,digital color photograph,"Bruijn, Hans de",2012,photograph
239625,10636793,200,146,0.029,digital color photograph,"Bruijn, Hans de",2012,photograph
239628,10636794,200,108,0.022,digital color photograph,"Bruijn, Hans de",2012,photograph
239629,10636795,200,124,0.025,digital color photograph,"Bruijn, Hans de",2012,photograph
239661,10636823,200,162,0.032,digital color photograph,"Bruijn, Hans de",2008,photograph
239663,10636824,200,134,0.027,digital color photograph,"Bruijn, Hans de",2008,photograph
239664,10636825,200,194,0.039,digital color photograph,"Bruijn, Hans de",2008,photograph
239665,10636826,201,123,0.025,digital color photograph,"Bruijn, Hans de",2008,photograph
239666,10636827,201,136,0.027,digital color photograph,"Bruijn, Hans de",2011,photograph
240762,10637660,134,201,0.027,digital color photograph,"Breukel, Koos",2013,photograph
241764,10638535,201,139,0.028,digital color photograph,"Bruijn, Hans de",2008,photograph
241770,10638538,201,126,0.025,digital color photograph,"Bruijn, Hans de",2008,photograph
241838,10638581,200,200,0.04,digital color photograph,"Bruijn, Hans de",2009,photograph
241841,10638584,200,137,0.027,digital color photograph,"Bruijn, Hans de",2008,photograph
241843,10638587,201,134,0.027,digital color photograph,"Bruijn, Hans de",2008,photograph
241846,10638589,201,129,0.026,digital color photograph,"Bruijn, Hans de",2008,photograph
241849,10638592,200,95,0.019,digital color photograph,"Bruijn, Hans de",2008,photograph
241852,10638594,200,200,0.04,digital color photograph,"Bruijn, Hans de",2008,photograph
241853,10638595,200,133,0.027,digital color photograph,"Bruijn, Hans de",2008,photograph
241863,10638604,200,101,0.02,digital color photograph,"Bruijn, Hans de",2008,photograph
241866,10638605,201,200,0.04,digital color photograph,"Bruijn, Hans de",2008,photograph
241868,10638607,201,134,0.027,digital color photograph,"Bruijn, Hans de",2008,photograph
241869,10638608,201,134,0.027,digital color photograph,"Bruijn, Hans de",2008,photograph
241875,10638612,200,133,0.027,digital color photograph,"Bruijn, Hans de",2008,photograph
241878,10638613,200,133,0.027,digital color photograph,"Bruijn, Hans de",2008,photograph
241879,10638614,201,127,0.026,digital color photograph,"Bruijn, Hans de",2008,photograph
241971,10638736,200,147,0.029,digital color photograph,"Bruijn, Hans de",2011,photograph
241972,10638738,201,199,0.04,digital color photograph,"Bruijn, Hans de",2011,photograph
241973,10638739,200,88,0.018,digital color photograph,"Bruijn, Hans de",2011,photograph
241977,10638740,200,132,0.026,digital color photograph,"Bruijn, Hans de",2009,photograph
241978,10638741,200,200,0.04,digital color photograph,"Bruijn, Hans de",2009,photograph
241979,10638743,200,127,0.025,digital color photograph,"Bruijn, Hans de",2009,photograph
241980,10638744,130,201,0.026,digital color photograph,"Bruijn, Hans de",2009,photograph
241981,10638745,201,112,0.023,digital color photograph,"Bruijn, Hans de",2009,photograph
241984,10638748,200,132,0.026,digital color photograph,"Bruijn, Hans de",2010,photograph
241985,10638749,200,201,0.04,digital color photograph,"Bruijn, Hans de",2009,photograph
241987,10638750,200,133,0.027,digital color photograph,"Bruijn, Hans de",2010,photograph
241996,10638753,200,131,0.026,digital color photograph,"Bruijn, Hans de",2008,photograph
241999,10638757,200,133,0.027,digital color photograph,"Bruijn, Hans de",2008,photograph
242000,10638758,200,129,0.026,digital color photograph,"Bruijn, Hans de",2008,photograph
242007,10638759,200,119,0.024,digital color photograph,"Bruijn, Hans de",2009,photograph
242011,10638762,137,200,0.027,digital color photograph,"Bruijn, Hans de",2008,photograph
242015,10638765,200,132,0.026,digital color photograph,"Bruijn, Hans de",2008,photograph
242018,10638767,133,201,0.027,digital color photograph,"Bruijn, Hans de",2008,photograph
242022,10638769,201,189,0.038,digital color photograph,"Bruijn, Hans de",2008,photograph
242024,10638770,201,133,0.027,digital color photograph,"Bruijn, Hans de",2008,photograph
242033,10638776,137,200,0.027,digital color photograph,"Bruijn, Hans de",2008,photograph
242034,10638778,200,133,0.027,digital color photograph,"Bruijn, Hans de",2008,photograph
242035,10638781,134,200,0.027,digital color photograph,"Bruijn, Hans de",2008,photograph
242041,10638784,200,134,0.027,digital color photograph,"Bruijn, Hans de",2009,photograph
242044,10638786,200,133,0.027,digital color photograph,"Bruijn, Hans de",2009,photograph
242049,10638791,201,133,0.027,digital color photograph,"Bruijn, Hans de",2008,photograph
242050,10638792,133,201,0.027,digital color photograph,"Bruijn, Hans de",2008,photograph
242053,10638795,200,107,0.021,digital color photograph,"Bruijn, Hans de",2009,photograph
242055,10638797,200,134,0.027,digital color photograph,"Bruijn, Hans de",2009,photograph
242058,10638799,141,200,0.028,digital color photograph,"Bruijn, Hans de",2009,photograph
242065,10638801,200,102,0.02,digital color photograph,"Bruijn, Hans de",2008,photograph
242066,10638802,200,133,0.027,digital color photograph,"Bruijn, Hans de",2008,photograph
242067,10638803,200,148,0.03,digital color photograph,"Bruijn, Hans de",2008,photograph
242110,10638833,201,201,0.04,digital color photograph,"Bruijn, Hans de",2008,photograph
242111,10638835,201,133,0.027,digital color photograph,"Bruijn, Hans de",2008,photograph
242112,10638836,200,113,0.023,digital color photograph,"Bruijn, Hans de",2008,photograph
242114,10638837,201,133,0.027,digital color photograph,"Bruijn, Hans de",2008,photograph
242117,10638841,200,121,0.024,digital color photograph,"Bruijn, Hans de",2009,photograph
242118,10638842,201,140,0.028,digital color photograph,"Bruijn, Hans de",2013,photograph
242119,10638843,133,200,0.027,digital color photograph,"Bruijn, Hans de",2013,photograph
242123,10638844,201,133,0.027,digital color photograph,"Bruijn, Hans de",2009,photograph
242126,10638846,200,134,0.027,digital color photograph,"Bruijn, Hans de",2009,photograph
242129,10638847,200,103,0.021,digital color photograph,"Bruijn, Hans de",2008,photograph
242130,10638848,200,134,0.027,digital color photograph,"Bruijn, Hans de",2008,photograph
242131,10638850,200,130,0.026,digital color photograph,"Bruijn, Hans de",2008,photograph
242137,10638851,201,201,0.04,digital color photograph,"Bruijn, Hans de",2008,photograph
242143,10638854,200,116,0.023,digital color photograph,"Bruijn, Hans de",2008,photograph
242144,10638855,200,142,0.028,digital color photograph,"Bruijn, Hans de",2008,photograph
242215,10639001,200,201,0.04,digital color photograph,"Bruijn, Hans de",2010,photograph
242216,10639002,200,133,0.027,digital color photograph,"Bruijn, Hans de",2010,photograph
242218,10639003,200,133,0.027,digital color photograph,"Bruijn, Hans de",2013,photograph
242219,10639004,146,200,0.029,digital color photograph,"Bruijn, Hans de",2013,photograph
242221,10639005,133,200,0.027,digital color photograph,"Bruijn, Hans de",2009,photograph
242223,10639008,201,134,0.027,digital color photograph,"Bruijn, Hans de",2009,photograph
242224,10639010,201,160,0.032,digital color photograph,"Bruijn, Hans de",2010,photograph
242225,10639012,201,125,0.025,digital color photograph,"Bruijn, Hans de",2010,photograph
242227,10639013,201,133,0.027,digital color photograph,"Bruijn, Hans de",2010,photograph
242228,10639014,200,136,0.027,digital color photograph,"Bruijn, Hans de",2009,photograph
242230,10639015,201,158,0.032,digital color photograph,"Bruijn, Hans de",2012,photograph
242231,10639017,201,201,0.04,digital color photograph,"Bruijn, Hans de",2012,photograph
242232,10639018,200,186,0.037,digital color photograph,"Bruijn, Hans de",2012,photograph
242233,10639019,200,201,0.04,digital color photograph,"Bruijn, Hans de",2009,photograph
242234,10639021,201,104,0.021,digital color photograph,"Bruijn, Hans de",2009,photograph
242237,10639022,200,127,0.025,digital color photograph,"Bruijn, Hans de",2010,photograph
242238,10639023,200,108,0.022,digital color photograph,"Bruijn, Hans de",2010,photograph
242240,10639025,201,147,0.03,digital color photograph,"Bruijn, Hans de",2011,photograph
242242,10639028,201,200,0.04,digital color photograph,"Bruijn, Hans de",2011,photograph
242243,10639030,200,133,0.027,digital color photograph,"Bruijn, Hans de",2011,photograph
242244,10639033,133,201,0.027,digital color photograph,"Bruijn, Hans de",2011,photograph
242245,10639036,135,201,0.027,digital color photograph,"Bruijn, Hans de",2011,photograph
242247,10639040,201,130,0.026,digital color photograph,"Bruijn, Hans de",2010,photograph
242248,10639041,201,201,0.04,digital color photograph,"Bruijn, Hans de",2010,photograph
242251,10639043,201,133,0.027,digital color photograph,"Bruijn, Hans de",2011,photograph
242252,10639046,200,200,0.04,digital color photograph,"Bruijn, Hans de",2011,photograph
242258,10639051,201,116,0.023,digital color photograph,"Bruijn, Hans de",2011,photograph
242260,10639052,200,133,0.027,digital color photograph,"Bruijn, Hans de",2011,photograph
242263,10639053,201,133,0.027,digital color photograph,"Bruijn, Hans de",2011,photograph
242264,10639054,200,116,0.023,digital color photograph,"Bruijn, Hans de",2011,photograph
242266,10639055,200,134,0.027,digital color photograph,"Bruijn, Hans de",2011,photograph
242267,10639057,201,133,0.027,digital color photograph,"Bruijn, Hans de",2011,photograph
242310,10639099,199,201,0.04,digital color photograph,"Bruijn, Hans de",2012,photograph
242311,10639100,200,141,0.028,digital color photograph,"Bruijn, Hans de",2012,photograph
242315,10639102,199,201,0.04,digital color photograph,"Bruijn, Hans de",2012,photograph
242317,10639104,200,133,0.027,digital color photograph,"Bruijn, Hans de",2012,photograph
242318,10639105,201,200,0.04,digital color photograph,"Bruijn, Hans de",2012,photograph
242319,10639106,201,133,0.027,digital color photograph,"Bruijn, Hans de",2012,photograph
242320,10639108,201,133,0.027,digital color photograph,"Bruijn, Hans de",2012,photograph
242322,10639110,201,201,0.04,digital color photograph,"Bruijn, Hans de",2012,photograph
242324,10639112,200,132,0.026,digital color photograph,"Bruijn, Hans de",2012,photograph
242326,10639113,201,130,0.026,digital color photograph,"Bruijn, Hans de",2012,photograph
242329,10639114,201,133,0.027,digital color photograph,"Bruijn, Hans de",2012,photograph
242330,10639115,200,91,0.018,digital color photograph,"Bruijn, Hans de",2012,photograph
242331,10639116,200,154,0.031,digital color photograph,"Bruijn, Hans de",2012,photograph
242333,10639118,201,201,0.04,digital color photograph,"Bruijn, Hans de",2012,photograph
242336,10639119,201,134,0.027,digital color photograph,"Bruijn, Hans de",2012,photograph
242338,10639121,200,133,0.027,digital color photograph,"Bruijn, Hans de",2012,photograph
242339,10639122,200,133,0.027,digital color photograph,"Bruijn, Hans de",2012,photograph
242343,10639124,201,133,0.027,digital color photograph,"Bruijn, Hans de",2012,photograph
242348,10639126,201,108,0.022,digital color photograph,"Bruijn, Hans de",2011,photograph
242353,10639127,200,133,0.027,digital color photograph,"Bruijn, Hans de",2012,photograph
242354,10639129,200,134,0.027,digital color photograph,"Bruijn, Hans de",2012,photograph
242438,10639193,200,131,0.026,digital color photograph,"Bruijn, Hans de",2008,photograph
242440,10639194,200,128,0.026,digital color photograph,"Bruijn, Hans de",2008,photograph
242441,10639195,200,134,0.027,digital color photograph,"Bruijn, Hans de",2008,photograph
242442,10639196,200,133,0.027,digital color photograph,"Bruijn, Hans de",2008,photograph
242443,10639197,200,132,0.026,digital color photograph,"Bruijn, Hans de",2012,photograph
242445,10639199,201,105,0.021,digital color photograph,"Bruijn, Hans de",2012,photograph
242446,10639201,200,133,0.027,digital color photograph,"Bruijn, Hans de",2012,photograph
242447,10639203,200,133,0.027,digital color photograph,"Bruijn, Hans de",2012,photograph
242448,10639204,201,201,0.04,digital color photograph,"Bruijn, Hans de",2012,photograph
242449,10639205,200,133,0.027,digital color photograph,"Bruijn, Hans de",2012,photograph
242450,10639206,200,134,0.027,digital color photograph,"Bruijn, Hans de",2013,photograph
242451,10639207,200,134,0.027,digital color photograph,"Bruijn, Hans de",2013,photograph
242452,10639208,133,200,0.027,digital color photograph,"Bruijn, Hans de",2013,photograph
242453,10639209,201,102,0.021,digital color photograph,"Bruijn, Hans de",2013,photograph
242454,10639210,133,200,0.027,digital color photograph,"Bruijn, Hans de",2010,photograph
242455,10639211,201,134,0.027,digital color photograph,"Bruijn, Hans de",2012,photograph
242456,10639212,201,138,0.028,digital color photograph,"Bruijn, Hans de",2012,photograph
242459,10639214,133,200,0.027,digital color photograph,"Bruijn, Hans de",2012,photograph
242460,10639216,200,133,0.027,digital color photograph,"Bruijn, Hans de",2012,photograph
242463,10639220,200,201,0.04,digital color photograph,"Bruijn, Hans de",2012,photograph
242464,10639222,200,134,0.027,digital color photograph,"Bruijn, Hans de",2012,photograph
242465,10639223,133,200,0.027,digital color photograph,"Bruijn, Hans de",2012,photograph
242468,10639226,200,199,0.04,digital color photograph,"Bruijn, Hans de",2009,photograph
242469,10639229,201,201,0.04,digital color photograph,"Bruijn, Hans de",2009,photograph
242470,10639234,201,200,0.04,digital color photograph,"Bruijn, Hans de",2013,photograph
242471,10639235,200,133,0.027,digital color photograph,"Bruijn, Hans de",2013,photograph
242472,10639236,200,134,0.027,digital color photograph,"Bruijn, Hans de",2013,photograph
242473,10639238,200,200,0.04,digital color photograph,"Bruijn, Hans de",2012,photograph
242474,10639239,200,133,0.027,digital color photograph,"Bruijn, Hans de",2012,photograph
242503,10639274,200,134,0.027,digital color photograph,"Bruijn, Hans de",2012,photograph
242504,10639275,200,133,0.027,digital color photograph,"Bruijn, Hans de",2012,photograph
242505,10639276,201,123,0.025,digital color photograph,"Bruijn, Hans de",2012,photograph
242507,10639278,200,133,0.027,digital color photograph,"Bruijn, Hans de",2012,photograph
242508,10639280,201,145,0.029,digital color photograph,"Bruijn, Hans de",2012,photograph
242509,10639281,201,129,0.026,digital color photograph,"Bruijn, Hans de",2012,photograph
242510,10639282,200,131,0.026,digital color photograph,"Bruijn, Hans de",2012,photograph
242511,10639283,200,76,0.015,digital color photograph,"Bruijn, Hans de",2011,photograph
242512,10639284,200,103,0.021,digital color photograph,"Bruijn, Hans de",2011,photograph
242518,10639288,200,134,0.027,digital color photograph,"Bruijn, Hans de",2011,photograph
242519,10639290,201,134,0.027,digital color photograph,"Bruijn, Hans de",2011,photograph
242520,10639292,200,133,0.027,digital color photograph,"Bruijn, Hans de",2011,photograph
242522,10639293,200,114,0.023,digital color photograph,"Bruijn, Hans de",2010,photograph
242523,10639294,201,133,0.027,digital color photograph,"Bruijn, Hans de",2010,photograph
242530,10639300,201,133,0.027,digital color photograph,"Bruijn, Hans de",2009,photograph
242531,10639301,200,132,0.026,digital color photograph,"Bruijn, Hans de",2009,photograph
242533,10639302,200,131,0.026,digital color photograph,"Bruijn, Hans de",2009,photograph
242537,10639307,201,136,0.027,digital color photograph,"Bruijn, Hans de",2012,photograph
242539,10639308,201,132,0.027,digital color photograph,"Bruijn, Hans de",2012,photograph
242540,10639309,200,200,0.04,digital color photograph,"Bruijn, Hans de",2012,photograph
242544,10639313,201,200,0.04,digital color photograph,"Bruijn, Hans de",2011,photograph
242546,10639315,200,139,0.028,digital color photograph,"Bruijn, Hans de",2011,photograph
242547,10639316,200,135,0.027,digital color photograph,"Bruijn, Hans de",2011,photograph
242549,10639317,201,132,0.027,digital color photograph,"Bruijn, Hans de",2012,photograph
242551,10639318,201,133,0.027,digital color photograph,"Bruijn, Hans de",2012,photograph
242558,10639324,200,133,0.027,digital color photograph,"Bruijn, Hans de",2010,photograph
242565,10639325,133,200,0.027,digital color photograph,"Bruijn, Hans de",2010,photograph
242566,10639329,135,201,0.027,digital color photograph,"Bruijn, Hans de",2010,photograph
242577,10639335,200,200,0.04,digital color photograph,"Bruijn, Hans de",2013,photograph
242578,10639337,201,132,0.027,digital color photograph,"Bruijn, Hans de",2013,photograph
242579,10639338,201,134,0.027,digital color photograph,"Bruijn, Hans de",2013,photograph
242655,10639426,200,201,0.04,digital color photograph,"Bruijn, Hans de",2013,photograph
242656,10639427,200,133,0.027,digital color photograph,"Bruijn, Hans de",2013,photograph
242657,10639429,201,148,0.03,digital color photograph,"Bruijn, Hans de",2012,photograph
242658,10639431,200,131,0.026,digital color photograph,"Bruijn, Hans de",2012,photograph
242660,10639432,200,133,0.027,digital color photograph,"Bruijn, Hans de",2011,photograph
242661,10639434,201,201,0.04,digital color photograph,"Bruijn, Hans de",2011,photograph
242663,10639435,200,107,0.021,digital color photograph,"Bruijn, Hans de",2011,photograph
242664,10639436,201,134,0.027,digital color photograph,"Bruijn, Hans de",2011,photograph
242667,10639437,201,133,0.027,digital color photograph,"Bruijn, Hans de",2012,photograph
242668,10639439,200,133,0.027,digital color photograph,"Bruijn, Hans de",2012,photograph
242669,10639440,200,133,0.027,digital color photograph,"Bruijn, Hans de",2012,photograph
242672,10639443,200,133,0.027,digital color photograph,"Bruijn, Hans de",2012,photograph
242673,10639446,201,101,0.02,digital color photograph,"Bruijn, Hans de",2012,photograph
242674,10639448,133,200,0.027,digital color photograph,"Bruijn, Hans de",2012,photograph
242679,10639452,201,133,0.027,digital color photograph,"Bruijn, Hans de",2012,photograph
242680,10639455,200,132,0.026,digital color photograph,"Bruijn, Hans de",2012,photograph
242690,10639464,200,133,0.027,digital color photograph,"Bruijn, Hans de",2013,photograph
242691,10639467,200,200,0.04,digital color photograph,"Bruijn, Hans de",2013,photograph
242692,10639470,200,133,0.027,digital color photograph,"Bruijn, Hans de",2013,photograph
242699,10639472,133,201,0.027,digital color photograph,"Bruijn, Hans de",2011,photograph
242706,10639476,200,200,0.04,digital color photograph,"Bruijn, Hans de",2011,photograph
242707,10639477,200,108,0.022,digital color photograph,"Bruijn, Hans de",2011,photograph
242709,10639479,200,200,0.04,digital color photograph,"Bruijn, Hans de",2012,photograph
242712,10639480,134,200,0.027,digital color photograph,"Bruijn, Hans de",2011,photograph
242713,10639481,200,201,0.04,digital color photograph,"Bruijn, Hans de",2011,photograph
242715,10639482,201,133,0.027,digital color photograph,"Bruijn, Hans de",2013,photograph
242716,10639483,201,134,0.027,digital color photograph,"Bruijn, Hans de",2013,photograph
242993,9309946,200,146,0.029,black and white photograph,"Kraan, Helena van der",1982,photograph
243153,9309968,129,200,0.026,black and white photograph,"Kraan, Helena van der",1991-01,photograph
243155,9309945,200,141,0.028,black and white photograph,"Kraan, Helena van der",1979,photograph
243167,9309944,143,201,0.029,black and white photograph,"Kraan, Helena van der",2009,photograph
243173,9309943,140,200,0.028,black and white photograph,"Kraan, Helena van der",1990,photograph
243177,9309942,140,201,0.028,black and white photograph,"Kraan, Helena van der",1989,photograph
243181,9309941,143,201,0.029,black and white photograph,"Kraan, Helena van der",1988,photograph
243186,9309940,139,200,0.028,black and white photograph,"Kraan, Helena van der",1992,photograph
243194,9309939,142,200,0.028,black and white photograph,"Kraan, Helena van der",2002,photograph
243196,9309938,201,137,0.028,black and white photograph,"Kraan, Helena van der",2001-12-16,photograph
243197,9309937,143,201,0.029,black and white photograph,"Kraan, Helena van der",2000,photograph
243199,9309936,144,200,0.029,black and white photograph,"Kraan, Helena van der",2004,photograph
243212,9309935,141,200,0.028,black and white photograph,"Kraan, Helena van der",1990,photograph
243214,9309934,144,200,0.029,black and white photograph,"Kraan, Helena van der",2010,photograph
243215,9309933,200,143,0.029,black and white photograph,"Kraan, Helena van der",1979,photograph
243217,9309932,138,201,0.028,black and white photograph,"Kraan, Helena van der",2004,photograph
243218,9309931,136,201,0.027,black and white photograph,"Kraan, Helena van der",2004,photograph
243220,9309930,135,201,0.027,black and white photograph,"Kraan, Helena van der",1989,photograph
243222,9309967,137,201,0.028,black and white photograph,"Kraan, Helena van der",1989,photograph
243224,9309966,140,201,0.028,black and white photograph,"Kraan, Helena van der",1989,photograph
243226,9309965,138,201,0.028,black and white photograph,"Kraan, Helena van der",2002,photograph
243235,9309964,200,141,0.028,black and white photograph,"Kraan, Helena van der",1990,photograph
243237,9309963,140,200,0.028,black and white photograph,"Kraan, Helena van der",1988,photograph
243239,9309962,135,200,0.027,black and white photograph,"Kraan, Helena van der",1989,photograph
243241,9309961,201,136,0.027,black and white photograph,"Kraan, Helena van der",1989,photograph
243242,9309960,141,201,0.028,black and white photograph,"Kraan, Helena van der",1988,photograph
243243,9309959,140,201,0.028,black and white photograph,"Kraan, Helena van der",1988,photograph
243245,9309958,140,200,0.028,black and white photograph,"Kraan, Helena van der",1988,photograph
243389,9309957,146,200,0.029,black and white photograph,"Kraan, Helena van der",1988,photograph
243391,9309956,150,200,0.03,black and white photograph,"Kraan, Helena van der",1989,photograph
243393,9309955,132,201,0.027,black and white photograph,"Kraan, Helena van der",1988,photograph
243395,9309954,141,201,0.028,black and white photograph,"Kraan, Helena van der",1991,photograph
243399,9309953,141,200,0.028,black and white photograph,"Kraan, Helena van der",2004,photograph
243400,9309952,145,201,0.029,black and white photograph,"Kraan, Helena van der",1990,photograph
243402,9309951,142,200,0.028,black and white photograph,"Kraan, Helena van der",1985-02-17,photograph
243408,9309950,146,200,0.029,black and white photograph,"Kraan, Helena van der",1986,photograph
243414,9309949,149,200,0.03,black and white photograph,"Kraan, Helena van der",1986-04-20,photograph
243417,9309948,131,200,0.026,black and white photograph,"Kraan, Helena van der",2008-08-18,photograph
243420,9309947,142,201,0.029,black and white photograph,"Kraan, Helena van der",1994-05-29,photograph
243431,9309980,201,152,0.031,black and white photograph,"Kraan, Helena van der",1986,photograph
243441,9309979,140,201,0.028,black and white photograph,"Kraan, Helena van der",2001,photograph
243443,9309978,200,190,0.038,black and white photograph,"Kraan, Helena van der",1986,photograph
243445,9309976,201,149,0.03,black and white photograph,"Kraan, Helena van der",1977,photograph
243447,9309975,200,161,0.032,black and white photograph,"Kraan, Helena van der",1970,photograph
243448,9309974,200,149,0.03,black and white photograph,"Kraan, Helena van der",1970,photograph
243450,9309972,146,201,0.029,black and white photograph,"Kraan, Helena van der",2006,photograph
243451,9309971,140,201,0.028,black and white photograph,"Kraan, Helena van der",1990,photograph
243452,9309970,152,200,0.03,black and white photograph,"Kraan, Helena van der",1990,photograph
243455,9309969,147,201,0.03,black and white photograph,"Kraan, Helena van der",1994,photograph
243459,9309981,158,201,0.032,black and white photograph,"Kraan, Helena van der",2001,photograph
243463,9309982,161,201,0.032,black and white photograph,"Kraan, Helena van der",2002,photograph
243466,9309983,162,201,0.033,black and white photograph,"Kraan, Helena van der",2000,photograph
243468,9309889,139,201,0.028,black and white photograph,"Kraan, Helena van der",2001,photograph
243471,9309890,139,201,0.028,black and white photograph,"Kraan, Helena van der",1992,photograph
243474,9309891,201,143,0.029,black and white photograph,"Kraan, Helena van der",1994,photograph
243476,9309893,142,200,0.028,black and white photograph,"Kraan, Helena van der",1992,photograph
243478,9309894,143,201,0.029,black and white photograph,"Kraan, Helena van der",2012,photograph
243481,9309899,145,200,0.029,black and white photograph,"Kraan, Helena van der",2000-01,photograph
243756,9309895,201,125,0.025,black and white photograph,"Kraan, Helena van der",1974,photograph
243757,9309898,201,127,0.026,black and white photograph,"Kraan, Helena van der",1974,photograph
243758,9309900,137,201,0.028,black and white photograph,"Kraan, Helena van der",2000,photograph
243759,9309901,137,200,0.027,black and white photograph,"Kraan, Helena van der",2000,photograph
243761,9309902,144,201,0.029,black and white photograph,"Kraan, Helena van der",2001,photograph
243762,9309903,143,201,0.029,black and white photograph,"Kraan, Helena van der",2001,photograph
243763,9309904,200,139,0.028,black and white photograph,"Kraan, Helena van der",2000,photograph
243764,9309905,138,200,0.028,black and white photograph,"Kraan, Helena van der",2001,photograph
243766,9309906,142,200,0.028,black and white photograph,"Kraan, Helena van der",2009,photograph
243771,9309907,143,200,0.029,black and white photograph,"Kraan, Helena van der",2009,photograph
243772,9309908,139,200,0.028,black and white photograph,"Kraan, Helena van der",1992,photograph
243774,9309909,201,163,0.033,black and white photograph,"Kraan, Helena van der",1985-03-08,photograph
243775,9309910,141,200,0.028,black and white photograph,"Kraan, Helena van der",1992,photograph
243778,9309911,139,200,0.028,black and white photograph,"Kraan, Helena van der",1993,photograph
243792,9309912,144,200,0.029,black and white photograph,"Kraan, Helena van der",1987,photograph
243793,9309913,135,200,0.027,black and white photograph,"Kraan, Helena van der",2012,photograph
243795,9309914,148,200,0.03,black and white photograph,"Kraan, Helena van der",1991,photograph
243797,9309915,148,200,0.03,black and white photograph,"Kraan, Helena van der",1991,photograph
243801,9309916,146,201,0.029,black and white photograph,"Kraan, Helena van der",1990,photograph
243804,9309917,144,201,0.029,black and white photograph,"Kraan, Helena van der",2005,photograph
243807,9309918,137,200,0.027,black and white photograph,"Kraan, Helena van der",1990,photograph
243809,9309919,144,201,0.029,black and white photograph,"Kraan, Helena van der",1990,photograph
243811,9309920,145,201,0.029,black and white photograph,"Kraan, Helena van der",1990,photograph
243812,9309921,143,201,0.029,black and white photograph,"Kraan, Helena van der",2001,photograph
243813,9309922,138,201,0.028,black and white photograph,"Kraan, Helena van der",1991,photograph
243816,9309923,148,201,0.03,black and white photograph,"Kraan, Helena van der",1991,photograph
243943,9309924,145,201,0.029,black and white photograph,"Kraan, Helena van der",1991,photograph
243944,9309926,142,200,0.028,black and white photograph,"Kraan, Helena van der",1994,photograph
243950,9309928,148,201,0.03,black and white photograph,"Kraan, Helena van der",1993,photograph
243952,9309927,141,200,0.028,black and white photograph,"Kraan, Helena van der",1993,photograph
243963,9309973,150,200,0.03,black and white photograph,"Kraan, Helena van der",1981,photograph
243965,9309925,148,201,0.03,black and white photograph,"Kraan, Helena van der",1988,photograph
243967,9309977,201,138,0.028,black and white photograph,"Kraan, Helena van der",1984,photograph
243974,9309984,201,157,0.032,black and white photograph,"Kraan, Helena van der",1980,photograph
243978,9309985,200,158,0.032,black and white photograph,"Kraan, Helena van der",1985,photograph
243982,9309986,157,201,0.032,black and white photograph,"Kraan, Helena van der",1985,photograph
243983,9309988,201,158,0.032,black and white photograph,"Kraan, Helena van der",1985,photograph
243985,9309989,201,160,0.032,black and white photograph,"Kraan, Helena van der",1985,photograph
243987,9309990,201,159,0.032,black and white photograph,"Kraan, Helena van der",1985,photograph
243989,9309991,201,150,0.03,black and white photograph,"Kraan, Helena van der",1983-11-13,photograph
243992,9309992,200,161,0.032,black and white photograph,"Kraan, Helena van der",1981,photograph
243994,9309994,200,156,0.031,black and white photograph,"Kraan, Helena van der",1982-08,photograph
244009,9309995,200,161,0.032,black and white photograph,"Kraan, Helena van der",1975,photograph
244014,9309996,201,158,0.032,black and white photograph,"Kraan, Helena van der",1980,photograph
244016,9309993,155,200,0.031,black and white photograph,"Kraan, Helena van der",1988,photograph
244019,9309998,160,201,0.032,black and white photograph,"Kraan, Helena van der",1988,photograph
244020,9309999,152,200,0.03,black and white photograph,"Kraan, Helena van der",1988,photograph
244021,9310000,160,200,0.032,black and white photograph,"Kraan, Helena van der",1988,photograph
244023,9310001,201,157,0.032,black and white photograph,"Kraan, Helena van der",1981-02-15,photograph
244027,9310002,200,157,0.031,black and white photograph,"Kraan, Helena van der",1981,photograph
244029,9310003,154,200,0.031,black and white photograph,"Kraan, Helena van der",1988,photograph
244033,9310004,200,159,0.032,black and white photograph,"Kraan, Helena van der",1980-07,photograph
244036,9310006,200,157,0.031,black and white photograph,"Kraan, Helena van der",1985,photograph
244037,9310009,149,200,0.03,black and white photograph,"Kraan, Helena van der",1985,photograph
244383,9310010,149,200,0.03,black and white photograph,"Kraan, Helena van der",1985,photograph
244384,9310007,201,157,0.032,black and white photograph,"Kraan, Helena van der",1981-02-15,photograph
244386,9309987,157,201,0.032,black and white photograph,"Kraan, Helena van der",1990,photograph
244388,9310005,200,162,0.032,black and white photograph,"Kraan, Helena van der",1982-02,photograph
244389,9309997,200,160,0.032,black and white photograph,"Kraan, Helena van der",1979-12-31,photograph
244390,9310008,200,159,0.032,black and white photograph,"Kraan, Helena van der",1981-02-15,photograph
244401,10640781,133,200,0.027,BD/Digital Collection,"Puikkonen, Jussi",2010,photograph
244405,10640783,151,200,0.03,BD/Digital Collection,"Puikkonen, Jussi",2010,photograph
244406,10640784,150,200,0.03,BD/Digital Collection,"Puikkonen, Jussi",2010,photograph
244894,10641167,200,133,0.027,digital black-and-white photograph,"Mentzel, Vincent",2002,photograph
244904,10641173,201,173,0.035,digital color photograph,"Mentzel, Vincent",2005,photograph
244905,10641174,133,201,0.027,digital color photograph,"Mentzel, Vincent",2005,photograph
244907,10641175,201,130,0.026,digital black-and-white photograph,"Mentzel, Vincent",1980,photograph
244914,10641179,134,200,0.027,digital color photograph,"Mentzel, Vincent",1979,photograph
244920,10641186,200,131,0.026,digital black-and-white photograph,"Mentzel, Vincent",1979,photograph
244921,10641187,201,128,0.026,digital color photograph,"Mentzel, Vincent",2000,photograph
244922,10641188,133,201,0.027,digital black-and-white photograph,"Mentzel, Vincent",1993,photograph
244923,10641189,135,200,0.027,digital black-and-white photograph,"Mentzel, Vincent",1993,photograph
244925,10641190,200,133,0.027,digital black-and-white photograph,"Mentzel, Vincent",1993,photograph
244927,10641192,153,200,0.031,digital color photograph,"Mentzel, Vincent",2005,photograph
244928,10641194,138,200,0.028,digital black-and-white photograph,"Mentzel, Vincent",1995,photograph
244935,10641197,200,200,0.04,digital black-and-white photograph,"Mentzel, Vincent",1996,photograph
244940,10641201,200,130,0.026,digital black-and-white photograph,"Mentzel, Vincent",1985,photograph
244947,10641206,201,134,0.027,digital black-and-white photograph,"Mentzel, Vincent",1997,photograph
244950,10641209,140,201,0.028,digital black-and-white photograph,"Mentzel, Vincent",1991,photograph
244951,10641212,132,200,0.026,digital black-and-white photograph,"Mentzel, Vincent",1991,photograph
244958,10641222,201,136,0.027,digital black-and-white photograph,"Mentzel, Vincent",1997,photograph
244960,10641225,200,133,0.027,digital color photograph,"Mentzel, Vincent",1994,photograph
244963,10641228,200,135,0.027,digital color photograph,"Mentzel, Vincent",1993,photograph
244966,10641235,161,201,0.032,digital color photograph,"Mentzel, Vincent",2000,photograph
244969,10641237,154,200,0.031,digital black-and-white photograph,"Mentzel, Vincent",1991,photograph
244972,10641241,138,200,0.028,digital black-and-white photograph,"Mentzel, Vincent",1995,photograph
244974,10641242,200,140,0.028,digital black-and-white photograph,"Mentzel, Vincent",2002,photograph
244975,10641243,134,201,0.027,digital color photograph,"Mentzel, Vincent",2002,photograph
245061,10641320,129,200,0.026,digital color photograph,"Mentzel, Vincent",2008,photograph
245062,10641321,134,201,0.027,digital color photograph,"Mentzel, Vincent",2008,photograph
245063,10641323,134,201,0.027,digital color photograph,"Mentzel, Vincent",2008,photograph
245066,10641325,134,200,0.027,digital color photograph,"Mentzel, Vincent",2010,photograph
245067,10641327,200,201,0.04,digital black-and-white photograph,"Mentzel, Vincent",1999,photograph
245068,10641328,138,201,0.028,digital black-and-white photograph,"Mentzel, Vincent",1971,photograph
245075,10641337,200,143,0.029,digital black-and-white photograph,"Mentzel, Vincent",1975,photograph
245076,10641338,135,200,0.027,digital black-and-white photograph,"Mentzel, Vincent",1996,photograph
245078,10641339,139,200,0.028,digital black-and-white photograph,"Mentzel, Vincent",2010,photograph
245080,10641341,199,201,0.04,digital black-and-white photograph,"Mentzel, Vincent",1996,photograph
245082,10641344,201,134,0.027,digital color photograph,"Mentzel, Vincent",2007,photograph
245083,10641345,201,134,0.027,digital color photograph,"Mentzel, Vincent",2007,photograph
245084,10641346,200,183,0.037,digital color photograph,"Mentzel, Vincent",2007,photograph
245085,10641348,134,201,0.027,digital color photograph,"Mentzel, Vincent",2007,photograph
245088,10641350,201,134,0.027,digital color photograph,"Mentzel, Vincent",2007,photograph
245089,10641352,134,201,0.027,digital color photograph,"Mentzel, Vincent",2007,photograph
245090,10641354,201,201,0.04,digital black-and-white photograph,"Mentzel, Vincent",1970,photograph
245091,10641355,159,200,0.032,digital black-and-white photograph,"Mentzel, Vincent",1970,photograph
245093,10641357,136,201,0.027,digital black-and-white photograph,"Mentzel, Vincent",1988,photograph
245094,10641358,136,201,0.027,digital black-and-white photograph,"Mentzel, Vincent",1988,photograph
245098,10641360,198,200,0.04,digital black-and-white photograph,"Mentzel, Vincent",1970,photograph
245105,10641366,201,170,0.034,digital black-and-white photograph,"Mentzel, Vincent",1987,photograph
245107,10641367,201,138,0.028,digital color photograph,"Mentzel, Vincent",1984,photograph
245108,10641369,200,136,0.027,digital color photograph,"Mentzel, Vincent",1979,photograph
245526,10208047,134,200,0.027,digital color photograph,"Breukel, Koos",2008,photograph
245533,10208060,134,201,0.027,digital color photograph,"Breukel, Koos",2008,photograph
245631,10208063,134,201,0.027,digital color photograph,"Breukel, Koos",2008,photograph
245638,10208069,134,201,0.027,digital color photograph,"Breukel, Koos",2008,photograph
245641,10208070,134,201,0.027,digital color photograph,"Breukel, Koos",2008,photograph
245646,10208071,134,201,0.027,digital color photograph,"Breukel, Koos",2008,photograph
245648,10208072,134,201,0.027,digital color photograph,"Breukel, Koos",2008,photograph
245652,10208075,134,201,0.027,digital color photograph,"Breukel, Koos",2008,photograph
245653,10208076,134,201,0.027,digital color photograph,"Breukel, Koos",2008,photograph
245656,10208077,134,201,0.027,digital color photograph,"Breukel, Koos",2008,photograph
245665,10208078,134,201,0.027,digital color photograph,"Breukel, Koos",2008,photograph
245684,10208079,134,201,0.027,digital color photograph,"Breukel, Koos",2008,photograph
245687,10208080,134,201,0.027,digital color photograph,"Breukel, Koos",2008,photograph
245688,10208081,134,201,0.027,digital color photograph,"Breukel, Koos",2008,photograph
245689,10208082,134,201,0.027,digital color photograph,"Breukel, Koos",2008,photograph
245694,10208083,134,201,0.027,digital color photograph,"Breukel, Koos",2008,photograph
245698,10208084,134,201,0.027,digital color photograph,"Breukel, Koos",2008,photograph
245731,10208085,134,201,0.027,digital color photograph,"Breukel, Koos",2008,photograph
245735,10208086,134,201,0.027,digital color photograph,"Breukel, Koos",2008,photograph
245739,10208088,134,201,0.027,digital color photograph,"Breukel, Koos",2008,photograph
245743,10208089,134,201,0.027,digital color photograph,"Breukel, Koos",2008,photograph
245746,10208090,134,201,0.027,digital color photograph,"Breukel, Koos",2008,photograph
245748,10208092,134,201,0.027,digital color photograph,"Breukel, Koos",2008,photograph
245749,10208093,134,201,0.027,digital color photograph,"Breukel, Koos",2008,photograph
245754,10208094,134,201,0.027,digital color photograph,"Breukel, Koos",2008,photograph
245756,10208095,134,201,0.027,digital color photograph,"Breukel, Koos",2008,photograph
245758,10208096,134,201,0.027,digital color photograph,"Breukel, Koos",2008,photograph
245759,10208097,134,201,0.027,digital color photograph,"Breukel, Koos",2008,photograph
245761,10208098,134,201,0.027,digital color photograph,"Breukel, Koos",2008,photograph
245762,10208099,134,201,0.027,digital color photograph,"Breukel, Koos",2008,photograph
245939,10208100,134,201,0.027,digital color photograph,"Breukel, Koos",2008,photograph
245944,10208101,134,201,0.027,digital color photograph,"Breukel, Koos",2008,photograph
245947,10208102,134,201,0.027,digital color photograph,"Breukel, Koos",2008,photograph
245948,10208103,134,201,0.027,digital color photograph,"Breukel, Koos",2008,photograph
245950,10208104,134,201,0.027,digital color photograph,"Breukel, Koos",2008,photograph
245951,10208105,134,201,0.027,digital color photograph,"Breukel, Koos",2008,photograph
245952,10208106,134,201,0.027,digital color photograph,"Breukel, Koos",2008,photograph
245954,10208107,134,201,0.027,digital color photograph,"Breukel, Koos",2008,photograph
245958,10208108,134,201,0.027,digital color photograph,"Breukel, Koos",2008,photograph
246021,10208073,134,201,0.027,digital color photograph,"Breukel, Koos",2008,photograph
246022,10208068,134,201,0.027,digital color photograph,"Breukel, Koos",2008,photograph
246024,10208074,134,201,0.027,digital color photograph,"Breukel, Koos",2008,photograph
246026,10208091,134,201,0.027,digital color photograph,"Breukel, Koos",2008,photograph
246027,10208050,134,201,0.027,digital color photograph,"Breukel, Koos",2008,photograph
246028,10208058,151,201,0.03,digital color photograph,"Breukel, Koos",2008,photograph
246029,10208061,150,201,0.03,digital color photograph,"Breukel, Koos",2010,photograph
246035,10208049,130,201,0.026,digital color photograph,"Breukel, Koos",2012,photograph
246038,10208048,161,201,0.032,digital color photograph,"Breukel, Koos",1996,photograph
246040,10208054,157,200,0.031,digital color photograph,"Breukel, Koos",2004,photograph
246042,10208053,200,158,0.032,digital color photograph,"Breukel, Koos",1998,photograph
246043,10208064,158,200,0.032,digital color photograph,"Breukel, Koos",1998,photograph
246044,10208062,158,200,0.032,digital color photograph,"Breukel, Koos",2004,photograph
246047,10208066,159,200,0.032,digital color photograph,"Breukel, Koos",2004,photograph
246048,10208065,161,201,0.032,digital color photograph,"Breukel, Koos",2005,photograph
246166,10208057,157,200,0.031,digital color photograph,"Breukel, Koos",2005,photograph
246167,10208051,158,200,0.032,digital color photograph,"Breukel, Koos",1994,photograph
246168,10208059,189,200,0.038,digital color photograph,"Breukel, Koos",2004,photograph
246170,10208067,150,201,0.03,digital color photograph,"Breukel, Koos",2010,photograph
246172,10208055,151,201,0.03,digital color photograph,"Breukel, Koos",1995,photograph
246173,10208052,145,201,0.029,digital color photograph,"Breukel, Koos",1995,photograph
246174,10208056,151,201,0.03,digital color photograph,"Breukel, Koos",1995,photograph
246453,9309892,200,138,0.028,black and white photograph,"Kraan, Helena van der",1991,photograph
247817,10643777,203,500,0.102,black and white photograph,"Israels, Isaac",1878,painting
248576,10644542,200,142,0.028,black and white photograph,"Boersma, Pieter (fotograaf)",1971-02,photograph
248642,10644592,200,148,0.03,black and white photograph,"Boersma, Pieter (fotograaf)",1980-11,photograph
248643,10644593,200,145,0.029,black and white photograph,"Boersma, Pieter (fotograaf)",1980-01,photograph
248644,10644594,201,148,0.03,black and white photograph,"Boersma, Pieter (fotograaf)",1981-11,photograph
248645,10644596,200,168,0.034,black and white photograph,"Boersma, Pieter (fotograaf)",1980-10,photograph
248649,10644607,201,148,0.03,black and white photograph,"Boersma, Pieter (fotograaf)",1979-12,photograph
248651,10644608,200,148,0.03,black and white photograph,"Boersma, Pieter (fotograaf)",1978-02,photograph
248785,10644776,200,162,0.032,black and white photograph,"Boersma, Pieter (fotograaf)",1979-12,photograph
248788,10644778,201,151,0.03,BD/RKD/1640 - MHK/The Netherlands/Artist's Portraits,"Boersma, Pieter (fotograaf)",1984-02,photograph
248792,10644783,159,200,0.032,BD/RKD/1640 - MHK/The Netherlands/Artist's Portraits,"Boersma, Pieter (fotograaf)",1984-01,photograph
248814,10644810,200,150,0.03,BD/RKD/1640 - MHK/The Netherlands/Artist's Portraits,"Boersma, Pieter (fotograaf)",1984-02,photograph
248817,10644811,201,164,0.033,BD/RKD/1640 - MHK/The Netherlands/Artist's Portraits,"Boersma, Pieter (fotograaf)",1978-12,photograph
248822,10644813,160,200,0.032,BD/RKD/1640 - MHK/The Netherlands/Artist's Portraits,"Boersma, Pieter (fotograaf)",1979-10,photograph
248824,10644816,155,200,0.031,BD/RKD/1640 - MHK/The Netherlands/Artist's Portraits,"Boersma, Pieter (fotograaf)",1979-10,photograph
248825,10644820,200,146,0.029,BD/RKD/1640 - MHK/The Netherlands/Artist's Portraits,"Boersma, Pieter (fotograaf)",1978-12,photograph
248839,10644845,201,148,0.03,BD/RKD/1640 - MHK/The Netherlands/Artist's Portraits,"Boersma, Pieter (fotograaf)",1979-10,photograph
248843,10644847,200,140,0.028,BD/RKD/1640 - MHK/The Netherlands/Artist's Portraits,"Boersma, Pieter (fotograaf)",1972,photograph
248858,10644853,200,142,0.028,BD/RKD/1640 - MHK/The Netherlands/Artist's Portraits,"Boersma, Pieter (fotograaf)",1981-09,photograph
248860,10644854,200,142,0.028,BD/RKD/1640 - MHK/The Netherlands/Artist's Portraits,"Boersma, Pieter (fotograaf)",1981-09,photograph
248869,10644858,200,141,0.028,black and white photograph,"Boersma, Pieter (fotograaf)",1980-07,photograph
248950,10644916,157,200,0.031,black and white photograph,"Boersma, Pieter (fotograaf)",1983-11,photograph
248952,10644920,200,141,0.028,black and white photograph,"Boersma, Pieter (fotograaf)",1980-07,photograph
248961,10644923,200,137,0.027,digital color photograph,"Koster, Nico",1983,photograph
248967,10644926,156,201,0.031,black and white photograph,"Boersma, Pieter (fotograaf)",1976,photograph
248980,10644931,200,147,0.029,black and white photograph,"Boersma, Pieter (fotograaf)",1976,photograph
249053,10904082,150,200,0.03,BD/Digital Collection,"Kruseman, Cornelis",1835,painting
249247,10645129,200,143,0.029,black and white photograph,"Boersma, Pieter (fotograaf)",1979,photograph
249248,10645131,147,200,0.029,black and white photograph,"Boersma, Pieter (fotograaf)",1979-03,photograph
249252,10645136,157,200,0.031,black and white photograph,"Boersma, Pieter (fotograaf)",1979-02,photograph
249256,10645141,201,141,0.028,black and white photograph,"Boersma, Pieter (fotograaf)",1980-09,photograph
249260,10645152,200,142,0.028,black and white photograph,"Boersma, Pieter (fotograaf)",1980-09,photograph
249262,10645155,201,145,0.029,black and white photograph,"Boersma, Pieter (fotograaf)",1969,photograph
249277,10645171,200,140,0.028,black and white photograph,"Boersma, Pieter (fotograaf)",1984-02,photograph
249279,10645175,157,200,0.031,black and white photograph,"Boersma, Pieter (fotograaf)",1984-02,photograph
249280,10645176,200,140,0.028,black and white photograph,"Boersma, Pieter (fotograaf)",1984-02,photograph
249337,10645219,200,138,0.028,black and white photograph,"Boersma, Pieter (fotograaf)",1976-10,photograph
249340,10645223,200,138,0.028,black and white photograph,"Boersma, Pieter (fotograaf)",1976-10,photograph
249593,10645483,201,133,0.027,digital black-and-white photograph,"Koster, Nico",1967,photograph
249594,10645445,133,201,0.027,digital black-and-white photograph,"Koster, Nico",1967,photograph
249602,10645469,201,152,0.031,digital black-and-white photograph,"Koster, Nico",1967,photograph
249631,10208434,200,160,0.032,digital black-and-white photograph,"Koster, Nico",1967,photograph
249644,10208533,134,200,0.027,digital black-and-white photograph,"Koster, Nico",1980,photograph
249647,10208615,201,139,0.028,digital black-and-white photograph,"Koster, Nico",1967,photograph
249651,10208594,201,136,0.027,digital black-and-white photograph,"Koster, Nico",1967,photograph
249654,10208595,201,170,0.034,digital black-and-white photograph,"Koster, Nico",1967,photograph
249658,10208636,134,200,0.027,digital black-and-white photograph,"Koster, Nico",1970,photograph
249661,10208453,201,150,0.03,digital black-and-white photograph,"Koster, Nico",1967,photograph
249666,10208474,201,201,0.04,digital black-and-white photograph,"Koster, Nico",1967,photograph
249667,10208475,200,181,0.036,digital black-and-white photograph,"Koster, Nico",1967,photograph
249668,10208477,164,201,0.033,digital black-and-white photograph,"Koster, Nico",1967,photograph
249670,10208547,201,201,0.04,digital black-and-white photograph,"Koster, Nico",1967,photograph
249675,10208590,200,166,0.033,digital black-and-white photograph,"Koster, Nico",1967,photograph
249676,10208592,201,170,0.034,digital black-and-white photograph,"Koster, Nico",1967,photograph
249677,10208596,201,201,0.04,digital black-and-white photograph,"Koster, Nico",1967,photograph
249678,10208597,201,132,0.027,digital black-and-white photograph,"Koster, Nico",1967,photograph
249759,10208599,201,134,0.027,digital black-and-white photograph,"Koster, Nico",1967,photograph
249761,10208614,200,168,0.034,digital black-and-white photograph,"Koster, Nico",1967,photograph
249765,10208635,201,134,0.027,digital black-and-white photograph,"Koster, Nico",1967,photograph
249766,10208653,134,200,0.027,digital black-and-white photograph,"Koster, Nico",1978,photograph
249771,10208637,201,134,0.027,digital black-and-white photograph,"Koster, Nico",1967,photograph
249773,10208670,165,200,0.033,digital black-and-white photograph,"Koster, Nico",1978,photograph
249775,10208678,201,167,0.034,digital black-and-white photograph,"Koster, Nico",1967,photograph
249776,10208696,200,132,0.026,digital black-and-white photograph,"Koster, Nico",1967,photograph
249777,10208699,200,123,0.025,digital black-and-white photograph,"Koster, Nico",1980,photograph
249785,10208458,200,169,0.034,digital black-and-white photograph,"Koster, Nico",1967,photograph
249787,10208507,201,201,0.04,digital color photograph,"Koster, Nico",1975,photograph
249788,10208508,172,201,0.035,digital color photograph,"Koster, Nico",1975,photograph
249790,10208651,161,200,0.032,digital black-and-white photograph,"Koster, Nico",1967,photograph
249791,10208652,201,201,0.04,digital black-and-white photograph,"Koster, Nico",1967,photograph
249792,10208720,200,135,0.027,digital black-and-white photograph,"Koster, Nico",1967,photograph
249793,10208721,201,134,0.027,digital black-and-white photograph,"Koster, Nico",1967,photograph
249905,10208746,201,201,0.04,digital color photograph,"Koster, Nico",1967,photograph
249906,10208747,201,201,0.04,digital color photograph,"Koster, Nico",1967,photograph
249907,10208748,200,156,0.031,digital black-and-white photograph,"Koster, Nico",1967,photograph
249909,10208749,149,200,0.03,digital black-and-white photograph,"Koster, Nico",1967,photograph
249910,10208750,201,139,0.028,digital black-and-white photograph,"Koster, Nico",1967,photograph
249917,10208511,200,132,0.026,digital black-and-white photograph,"Koster, Nico",1967,photograph
249921,10208515,200,132,0.026,digital black-and-white photograph,"Koster, Nico",1967,photograph
249924,10208522,201,134,0.027,digital black-and-white photograph,"Koster, Nico",1967,photograph
249926,10208523,201,135,0.027,digital black-and-white photograph,"Koster, Nico",1967,photograph
249929,10208524,136,201,0.027,digital black-and-white photograph,"Koster, Nico",1967,photograph
249930,10208525,201,132,0.027,digital black-and-white photograph,"Koster, Nico",1967,photograph
249931,10208527,201,154,0.031,digital black-and-white photograph,"Koster, Nico",1967,photograph
249952,10208447,201,147,0.03,digital black-and-white photograph,"Koster, Nico",1967,photograph
249954,10208456,201,133,0.027,digital black-and-white photograph,"Koster, Nico",1967,photograph
249955,10208539,201,201,0.04,digital color photograph,"Koster, Nico",1970,photograph
249956,10208540,201,201,0.04,digital color photograph,"Koster, Nico",1970,photograph
249958,10208616,135,200,0.027,digital black-and-white photograph,"Koster, Nico",1967,photograph
249959,10208675,201,170,0.034,digital black-and-white photograph,"Koster, Nico",1967,photograph
249960,10208676,200,137,0.027,digital black-and-white photograph,"Koster, Nico",1967,photograph
249975,10208685,201,134,0.027,digital color photograph,"Koster, Nico",1967,photograph
249976,10208686,201,185,0.037,digital color photograph,"Koster, Nico",1967,photograph
249979,10208687,201,134,0.027,digital color photograph,"Koster, Nico",1967,photograph
249980,10208688,134,201,0.027,digital color photograph,"Koster, Nico",1967,photograph
250070,10208449,134,201,0.027,digital black-and-white photograph,"Koster, Nico",1997,photograph
250071,10208450,200,120,0.024,digital black-and-white photograph,"Koster, Nico",1997,photograph
250072,10208593,200,166,0.033,digital black-and-white photograph,"Koster, Nico",1967,photograph
250073,10208598,201,166,0.033,digital black-and-white photograph,"Koster, Nico",1967,photograph
250075,10208629,201,134,0.027,digital black-and-white photograph,"Koster, Nico",1967,photograph
250076,10208737,200,167,0.033,digital black-and-white photograph,"Koster, Nico",1967,photograph
250078,10208736,200,167,0.033,digital black-and-white photograph,"Koster, Nico",1967,photograph
250082,10208649,201,167,0.034,digital black-and-white photograph,"Koster, Nico",1967,photograph
250089,10208647,201,201,0.04,digital black-and-white photograph,"Koster, Nico",1967,photograph
250090,10208648,200,164,0.033,digital black-and-white photograph,"Koster, Nico",1967,photograph
250455,10208700,200,134,0.027,digital black-and-white photograph,"Koster, Nico",1967,photograph
250458,10208691,201,134,0.027,digital black-and-white photograph,"Koster, Nico",1967,photograph
250733,10208448,200,134,0.027,digital black-and-white photograph,"Koster, Nico",1990,photograph
250734,10208682,134,200,0.027,digital black-and-white photograph,"Koster, Nico",1990,photograph
250736,10208684,200,134,0.027,digital black-and-white photograph,"Koster, Nico",1990,photograph
250737,10208559,201,134,0.027,digital color photograph,"Koster, Nico",1980,photograph
250739,10208613,200,134,0.027,digital black-and-white photograph,"Koster, Nico",1990,photograph
250744,10208668,201,137,0.028,digital black-and-white photograph,"Koster, Nico",1967,photograph
250745,10208669,201,134,0.027,digital black-and-white photograph,"Koster, Nico",1967,photograph
250747,10208728,201,131,0.026,digital black-and-white photograph,"Koster, Nico",1967,photograph
250749,10208729,201,134,0.027,digital black-and-white photograph,"Koster, Nico",1967,photograph
250751,10208730,201,134,0.027,digital black-and-white photograph,"Koster, Nico",1967,photograph
250753,10208731,201,134,0.027,digital black-and-white photograph,"Koster, Nico",1967,photograph
250758,10208708,201,134,0.027,digital color photograph,"Koster, Nico",1980,photograph
250761,10208715,201,134,0.027,digital black-and-white photograph,"Koster, Nico",1967,photograph
250762,10208716,200,137,0.027,digital black-and-white photograph,"Koster, Nico",1967,photograph
250848,10208549,201,201,0.04,digital black-and-white photograph,"Koster, Nico",1967,photograph
250849,10208550,200,163,0.033,digital black-and-white photograph,"Koster, Nico",1967,photograph
250850,10208551,200,132,0.026,digital black-and-white photograph,"Koster, Nico",1967,photograph
250851,10208552,201,134,0.027,digital black-and-white photograph,"Koster, Nico",1967,photograph
250853,10208554,197,200,0.039,digital black-and-white photograph,"Koster, Nico",1967,photograph
250854,10208555,200,135,0.027,digital black-and-white photograph,"Koster, Nico",1967,photograph
250875,10208460,200,134,0.027,digital black-and-white photograph,"Koster, Nico",1967,photograph
250884,10208461,147,200,0.029,digital black-and-white photograph,"Koster, Nico",1978,photograph
250887,10208463,134,200,0.027,digital black-and-white photograph,"Koster, Nico",1967,photograph
250888,10208466,200,132,0.026,digital black-and-white photograph,"Koster, Nico",1967,photograph
250890,10208467,157,201,0.032,digital black-and-white photograph,"Koster, Nico",1967,photograph
250891,10208468,201,201,0.04,digital black-and-white photograph,"Koster, Nico",1967,photograph
250892,10208469,201,150,0.03,digital black-and-white photograph,"Koster, Nico",1967,photograph
250893,10208470,201,150,0.03,digital black-and-white photograph,"Koster, Nico",1967,photograph
250895,10208471,201,188,0.038,digital black-and-white photograph,"Koster, Nico",1967,photograph
250933,10208530,133,200,0.027,digital color photograph,"Koster, Nico",1985,photograph
250936,10208531,200,135,0.027,digital black-and-white photograph,"Koster, Nico",1967,photograph
250941,10208701,201,132,0.027,digital color photograph,"Koster, Nico",1970,photograph
250945,10208509,140,200,0.028,digital color photograph,"Koster, Nico",1990,photograph
250951,10208516,198,200,0.04,digital black-and-white photograph,"Koster, Nico",1980,photograph
250952,10208517,201,131,0.026,digital black-and-white photograph,"Koster, Nico",1980,photograph
250970,10208722,200,153,0.031,digital black-and-white photograph,"Koster, Nico",1967,photograph
250974,10208723,201,134,0.027,digital black-and-white photograph,"Koster, Nico",1980,photograph
250975,10208724,197,200,0.039,digital black-and-white photograph,"Koster, Nico",1980,photograph
250979,10208726,200,133,0.027,digital black-and-white photograph,"Koster, Nico",1980,photograph
250989,10208627,201,133,0.027,digital black-and-white photograph,"Koster, Nico",1967,photograph
250992,10208628,200,197,0.039,digital color photograph,"Koster, Nico",1967,photograph
251102,10208618,201,201,0.04,digital black-and-white photograph,"Koster, Nico",1972,photograph
251103,10208619,131,200,0.026,digital black-and-white photograph,"Koster, Nico",1972,photograph
251104,10208620,201,201,0.04,digital black-and-white photograph,"Koster, Nico",1972,photograph
251109,10208639,201,201,0.04,digital black-and-white photograph,"Koster, Nico",1967,photograph
251110,10208640,201,201,0.04,digital black-and-white photograph,"Koster, Nico",1967,photograph
251111,10208642,201,201,0.04,digital black-and-white photograph,"Koster, Nico",1967,photograph
251115,10208645,201,201,0.04,digital black-and-white photograph,"Koster, Nico",1967,photograph
251116,10208646,201,201,0.04,digital black-and-white photograph,"Koster, Nico",1967,photograph
251123,10208661,200,162,0.032,digital black-and-white photograph,"Koster, Nico",1967,photograph
251124,10208662,201,132,0.027,digital black-and-white photograph,"Koster, Nico",1967,photograph
251125,10208663,200,162,0.032,digital black-and-white photograph,"Koster, Nico",1967,photograph
251126,10208664,132,201,0.027,digital black-and-white photograph,"Koster, Nico",1967,photograph
251128,10208665,201,161,0.032,digital black-and-white photograph,"Koster, Nico",1967,photograph
251137,10208445,200,160,0.032,digital black-and-white photograph,"Koster, Nico",1973-03,photograph
251139,10208585,201,201,0.04,digital black-and-white photograph,"Koster, Nico",1973-03,photograph
251142,10208706,201,201,0.04,digital black-and-white photograph,"Koster, Nico",1973-03,photograph
251143,10208707,201,201,0.04,digital black-and-white photograph,"Koster, Nico",1973-03,photograph
251145,10208713,199,201,0.04,digital black-and-white photograph,"Koster, Nico",1973-03,photograph
251148,10208634,200,135,0.027,digital black-and-white photograph,"Koster, Nico",1967,photograph
251151,10208733,201,201,0.04,digital black-and-white photograph,"Koster, Nico",1974,photograph
251156,10208546,200,138,0.028,digital black-and-white photograph,"Koster, Nico",1967,photograph
251306,10208437,200,201,0.04,digital color photograph,"Koster, Nico",1975,photograph
251308,10208609,198,200,0.04,digital black-and-white photograph,"Koster, Nico",1967,photograph
251309,10208610,182,200,0.036,digital black-and-white photograph,"Koster, Nico",1967,photograph
251310,10208612,200,136,0.027,digital black-and-white photograph,"Koster, Nico",1985,photograph
251312,10208666,201,201,0.04,digital black-and-white photograph,"Koster, Nico",1967,photograph
251313,10208671,200,157,0.031,digital black-and-white photograph,"Koster, Nico",1967,photograph
251315,10208734,164,201,0.033,digital black-and-white photograph,"Koster, Nico",1967,photograph
251316,10208739,201,201,0.04,digital black-and-white photograph,"Koster, Nico",1967,photograph
251318,10208738,200,200,0.04,digital black-and-white photograph,"Koster, Nico",1975,photograph
251319,10208740,201,201,0.04,digital black-and-white photograph,"Koster, Nico",1975,photograph
251320,10208741,201,201,0.04,digital black-and-white photograph,"Koster, Nico",1967,photograph
251321,10208744,201,134,0.027,digital black-and-white photograph,"Koster, Nico",1975,photograph
251322,10208745,201,134,0.027,digital black-and-white photograph,"Koster, Nico",1975,photograph
251324,10208542,200,198,0.04,digital black-and-white photograph,"Koster, Nico",1981,photograph
251325,10208673,200,133,0.027,digital black-and-white photograph,"Koster, Nico",1981,photograph
251326,10208718,200,199,0.04,digital black-and-white photograph,"Koster, Nico",1981,photograph
251327,10208672,201,134,0.027,digital black-and-white photograph,"Koster, Nico",1975,photograph
251333,10208560,201,117,0.024,digital black-and-white photograph,"Koster, Nico",1967,photograph
251334,10208563,201,133,0.027,digital black-and-white photograph,"Koster, Nico",1967,photograph
251341,10208565,132,201,0.027,digital black-and-white photograph,"Koster, Nico",1980,photograph
251342,10208564,133,201,0.027,digital black-and-white photograph,"Koster, Nico",1980,photograph
251343,10208557,201,134,0.027,digital color photograph,"Koster, Nico",1980,photograph
251344,10208561,200,134,0.027,digital color photograph,"Koster, Nico",1980,photograph
251346,10208566,201,130,0.026,digital black-and-white photograph,"Koster, Nico",1980,photograph
251348,10208569,130,200,0.026,digital color photograph,"Koster, Nico",1980,photograph
251349,10208568,201,201,0.04,digital color photograph,"Koster, Nico",1980,photograph
251350,10208570,201,201,0.04,digital color photograph,"Koster, Nico",1980,photograph
251351,10208567,201,201,0.04,digital black-and-white photograph,"Koster, Nico",1967,photograph
251353,10208572,155,200,0.031,digital color photograph,"Koster, Nico",1967,photograph
251354,10208752,201,136,0.027,digital black-and-white photograph,"Koster, Nico",1980,photograph
251382,10208573,134,200,0.027,digital black-and-white photograph,"Koster, Nico",1990,photograph
251383,10208574,201,135,0.027,digital black-and-white photograph,"Koster, Nico",1990,photograph
251384,10208577,201,137,0.028,digital black-and-white photograph,"Koster, Nico",1967,photograph
251385,10208578,201,201,0.04,digital black-and-white photograph,"Koster, Nico",1980,photograph
251391,10208581,142,201,0.029,digital black-and-white photograph,"Koster, Nico",1980,photograph
251392,10208582,201,157,0.032,digital color photograph,"Koster, Nico",1980,photograph
251394,10208714,135,201,0.027,digital black-and-white photograph,"Koster, Nico",1980,photograph
251407,10208654,201,132,0.027,digital black-and-white photograph,"Koster, Nico",1967,photograph
251408,10208655,200,132,0.026,digital black-and-white photograph,"Koster, Nico",1967,photograph
251410,10208657,200,132,0.026,digital black-and-white photograph,"Koster, Nico",1967,photograph
251426,10208658,133,201,0.027,digital black-and-white photograph,"Koster, Nico",1967,photograph
251430,10208660,201,130,0.026,digital black-and-white photograph,"Koster, Nico",1967,photograph
251432,10208656,133,200,0.027,digital black-and-white photograph,"Koster, Nico",1967,photograph
251435,10208659,129,200,0.026,digital black-and-white photograph,"Koster, Nico",1967,photograph
251636,10208436,201,151,0.03,digital color photograph,"Koster, Nico",1967,photograph
251639,10208482,201,201,0.04,digital color photograph,"Koster, Nico",1967,photograph
251644,10208503,201,201,0.04,digital color photograph,"Koster, Nico",1967,photograph
251648,10208500,201,187,0.038,digital color photograph,"Koster, Nico",1982,photograph
251649,10208502,200,131,0.026,digital color photograph,"Koster, Nico",1982,photograph
251651,10208481,201,186,0.037,digital color photograph,"Koster, Nico",1967,photograph
251656,10208621,199,201,0.04,digital black-and-white photograph,"Koster, Nico",1967,photograph
251657,10208622,201,165,0.033,digital black-and-white photograph,"Koster, Nico",1967,photograph
251660,10208490,201,176,0.035,digital black-and-white photograph,"Koster, Nico",1967,photograph
251661,10208624,146,201,0.029,digital black-and-white photograph,"Koster, Nico",1967,photograph
251662,10208623,201,163,0.033,digital black-and-white photograph,"Koster, Nico",1967,photograph
251665,10208480,201,201,0.04,digital color photograph,"Koster, Nico",1976,photograph
251667,10208489,201,201,0.04,digital color photograph,"Koster, Nico",1980,photograph
251673,10208488,201,100,0.02,digital color photograph,"Koster, Nico",1967,photograph
251689,10208486,199,201,0.04,digital color photograph,"Koster, Nico",1967,photograph
251690,10208497,201,143,0.029,digital color photograph,"Koster, Nico",1967,photograph
251773,10208478,201,134,0.027,digital black-and-white photograph,"Koster, Nico",1967,photograph
251774,10208479,200,141,0.028,digital black-and-white photograph,"Koster, Nico",1967,photograph
251778,10208487,200,158,0.032,digital black-and-white photograph,"Koster, Nico",1985,photograph
251780,10208493,201,137,0.028,digital black-and-white photograph,"Koster, Nico",1967,photograph
251783,10208491,174,201,0.035,digital black-and-white photograph,"Koster, Nico",1967,photograph
251827,10208483,134,201,0.027,digital black-and-white photograph,"Koster, Nico",1980,photograph
251829,10208498,170,200,0.034,digital black-and-white photograph,"Koster, Nico",1967,photograph
251981,10208510,134,201,0.027,digital black-and-white photograph,"Koster, Nico",1967,photograph
251982,10208512,201,132,0.027,digital black-and-white photograph,"Koster, Nico",1967,photograph
251983,10208513,200,133,0.027,digital black-and-white photograph,"Koster, Nico",1967,photograph
251984,10208514,200,132,0.026,digital black-and-white photograph,"Koster, Nico",1967,photograph
251988,10208520,201,132,0.027,digital black-and-white photograph,"Koster, Nico",1967,photograph
251989,10208521,201,134,0.027,digital black-and-white photograph,"Koster, Nico",1967,photograph
251991,10208589,134,201,0.027,digital black-and-white photograph,"Koster, Nico",2000,photograph
251992,10208485,201,134,0.027,digital black-and-white photograph,"Koster, Nico",1967,photograph
251994,10208504,201,150,0.03,digital black-and-white photograph,"Koster, Nico",1967,photograph
251995,10208505,201,134,0.027,digital black-and-white photograph,"Koster, Nico",1967,photograph
251998,10208484,199,201,0.04,digital black-and-white photograph,"Koster, Nico",1967,photograph
252001,10208583,201,201,0.04,digital black-and-white photograph,"Koster, Nico",1973-03,photograph
252004,10208588,201,153,0.031,digital black-and-white photograph,"Koster, Nico",1969,photograph
252007,10208591,201,125,0.025,digital black-and-white photograph,"Koster, Nico",1967,photograph
252029,10208695,201,136,0.027,digital black-and-white photograph,"Koster, Nico",1967,photograph
252032,10208689,201,201,0.04,digital color photograph,"Koster, Nico",1967,photograph
252035,10208692,201,134,0.027,digital black-and-white photograph,"Koster, Nico",1967,photograph
252036,10208711,201,136,0.027,digital color photograph,"Koster, Nico",1980,photograph
252038,10208725,201,134,0.027,digital black-and-white photograph,"Koster, Nico",1980,photograph
252039,10208455,200,133,0.027,digital black-and-white photograph,"Koster, Nico",1967,photograph
252272,10208446,201,148,0.03,digital black-and-white photograph,"Koster, Nico",1967,photograph
252273,10208537,200,180,0.036,digital color photograph,"Koster, Nico",1970,photograph
252274,10208538,146,200,0.029,digital black-and-white photograph,"Koster, Nico",1967,photograph
252275,10208553,200,133,0.027,digital black-and-white photograph,"Koster, Nico",1967,photograph
252282,10208548,200,167,0.033,digital black-and-white photograph,"Koster, Nico",1967,photograph
252284,10208576,134,200,0.027,digital black-and-white photograph,"Koster, Nico",1967,photograph
252291,10208586,200,133,0.027,digital black-and-white photograph,"Koster, Nico",1967,photograph
252293,10208587,201,134,0.027,digital black-and-white photograph,"Koster, Nico",1967,photograph
252297,10208600,201,164,0.033,digital black-and-white photograph,"Koster, Nico",1970,photograph
252304,10208630,200,134,0.027,digital color photograph,"Koster, Nico",1990,photograph
252428,10208444,200,165,0.033,digital black-and-white photograph,"Koster, Nico",1973-03,photograph
252433,10208442,200,156,0.031,digital black-and-white photograph,"Koster, Nico",1967,photograph
252447,10208454,201,134,0.027,digital black-and-white photograph,"Koster, Nico",1967,photograph
252448,10208452,201,162,0.033,digital black-and-white photograph,"Koster, Nico",1967,photograph
252454,10208562,200,131,0.026,digital black-and-white photograph,"Koster, Nico",1980,photograph
252457,10208571,125,200,0.025,digital black-and-white photograph,"Koster, Nico",1980,photograph
252472,10208611,201,134,0.027,digital black-and-white photograph,"Koster, Nico",1967,photograph
252473,10208605,116,200,0.023,digital black-and-white photograph,"Koster, Nico",1967,photograph
252475,10208677,200,123,0.025,digital black-and-white photograph,"Koster, Nico",1981,photograph
252479,10208679,200,135,0.027,digital black-and-white photograph,"Koster, Nico",1967,photograph
252480,10208694,200,134,0.027,digital black-and-white photograph,"Koster, Nico",1990,photograph
252482,10208705,201,201,0.04,digital black-and-white photograph,"Koster, Nico",1967,photograph
252483,10208717,201,137,0.028,digital black-and-white photograph,"Koster, Nico",1967,photograph
252488,10208727,140,200,0.028,digital color photograph,"Koster, Nico",1990,photograph
252493,10208543,201,134,0.027,digital black-and-white photograph,"Koster, Nico",1967,photograph
252499,10208544,201,134,0.027,digital black-and-white photograph,"Koster, Nico",1967,photograph
252500,10208545,163,200,0.033,digital black-and-white photograph,"Koster, Nico",1967,photograph
252503,10208579,201,201,0.04,digital black-and-white photograph,"Koster, Nico",1980,photograph
252506,10208667,134,200,0.027,digital color photograph,"Koster, Nico",1990,photograph
252507,10208702,201,134,0.027,digital black-and-white photograph,"Koster, Nico",1967,photograph
252508,10208742,201,134,0.027,digital black-and-white photograph,"Koster, Nico",1967,photograph
252515,10208751,201,134,0.027,digital black-and-white photograph,"Koster, Nico",1980,photograph
252519,10208735,201,201,0.04,digital color photograph,"Koster, Nico",1967,photograph
252595,10208534,201,139,0.028,digital black-and-white photograph,"Koster, Nico",1980,photograph
252596,10208535,200,153,0.031,digital black-and-white photograph,"Koster, Nico",1980,photograph
252597,10208536,200,163,0.033,digital black-and-white photograph,"Koster, Nico",1967,photograph
252598,10208719,200,135,0.027,digital black-and-white photograph,"Koster, Nico",1967,photograph
252616,10208492,201,157,0.032,digital black-and-white photograph,"Koster, Nico",1967,photograph
252641,10208632,200,135,0.027,digital black-and-white photograph,"Koster, Nico",1967,photograph
252649,10208556,200,159,0.032,digital black-and-white photograph,"Koster, Nico",1980,photograph
252651,10208575,200,155,0.031,digital black-and-white photograph,"Koster, Nico",1967,photograph
252652,10208602,200,157,0.031,digital black-and-white photograph,"Koster, Nico",1975,photograph
252654,10208604,200,134,0.027,digital black-and-white photograph,"Koster, Nico",1967,photograph
252692,10303759,134,200,0.027,digital color photograph,"Nieuwkerk, Michiel van",2012-02-24,photograph
252695,10303760,133,200,0.027,digital color photograph,"Nieuwkerk, Michiel van",2012-03-16,photograph
252701,10303761,151,200,0.03,digital color photograph,"Nieuwkerk, Michiel van",2010-05-05,photograph
252702,10303762,134,200,0.027,digital color photograph,"Nieuwkerk, Michiel van",2009-10-02,photograph
252705,10303763,134,200,0.027,digital color photograph,"Nieuwkerk, Michiel van",2009-01-30,photograph
252706,10303764,133,201,0.027,digital color photograph,"Nieuwkerk, Michiel van",2009-11-20,photograph
252708,10303765,134,200,0.027,digital color photograph,"Nieuwkerk, Michiel van",2009-03-02,photograph
252723,10303766,134,200,0.027,digital color photograph,"Nieuwkerk, Michiel van",2009-12-30,photograph
252726,10303767,151,200,0.03,digital color photograph,"Nieuwkerk, Michiel van",2010-10-14,photograph
252730,10303768,133,201,0.027,digital color photograph,"Nieuwkerk, Michiel van",2008-09-23,photograph
252731,10303769,134,201,0.027,digital color photograph,"Nieuwkerk, Michiel van",2010-01-24,photograph
252734,10303770,135,201,0.027,digital color photograph,"Nieuwkerk, Michiel van",2009-04-02,photograph
252736,10303771,133,201,0.027,digital color photograph,"Nieuwkerk, Michiel van",2010-11-05,photograph
252738,10303772,134,200,0.027,digital color photograph,"Nieuwkerk, Michiel van",2009-05-14,photograph
252740,10303773,151,200,0.03,digital color photograph,"Nieuwkerk, Michiel van",2008-04-17,photograph
252741,10303774,134,200,0.027,digital color photograph,"Nieuwkerk, Michiel van",2008-05-01,photograph
252742,10303775,133,201,0.027,digital color photograph,"Nieuwkerk, Michiel van",2009-07-06,photograph
252744,10303776,133,201,0.027,digital color photograph,"Nieuwkerk, Michiel van",2008-05-28,photograph
252745,10303777,133,201,0.027,digital color photograph,"Nieuwkerk, Michiel van",2010-04-19,photograph
252746,10303778,133,201,0.027,digital color photograph,"Nieuwkerk, Michiel van",2009-08-06,photograph
253003,10208443,200,149,0.03,digital black-and-white photograph,"Koster, Nico",1969-03-25,photograph
253008,10208438,200,139,0.028,digital black-and-white photograph,"Koster, Nico",1969-03-25,photograph
253011,10208440,200,166,0.033,digital black-and-white photograph,"Koster, Nico",1969-03-25,photograph
253147,10288379,200,151,0.03,black and white photograph,"Dommisse, Marianne",1973,photograph
253196,10288392,133,201,0.027,black and white photograph,"Dommisse, Marianne",1955,photograph
253198,10288391,200,150,0.03,black and white photograph,"Dommisse, Marianne",1973,photograph
253199,10288380,177,200,0.035,black and white photograph,"Dommisse, Marianne",1968,photograph
253204,10288378,151,200,0.03,black and white photograph,"Dommisse, Marianne",1970,photograph
253205,10288372,201,155,0.031,black and white photograph,"Dommisse, Marianne",1956,photograph
253207,10288375,155,201,0.031,black and white photograph,"Dommisse, Marianne",1955,photograph
253208,10288373,201,150,0.03,black and white photograph,"Dommisse, Marianne",1988,photograph
253213,10288382,200,149,0.03,black and white photograph,"Dommisse, Marianne",1959,photograph
253214,10288374,150,200,0.03,black and white photograph,"Dommisse, Marianne",1977,photograph
253228,10304083,133,201,0.027,digital color photograph,"Nieuwkerk, Michiel van",2008-07-21,photograph
253230,10304084,134,200,0.027,digital color photograph,"Nieuwkerk, Michiel van",2010-09-09,photograph
253231,10304085,133,201,0.027,digital color photograph,"Nieuwkerk, Michiel van",2008-07-07,photograph
253232,10304086,135,201,0.027,digital color photograph,"Nieuwkerk, Michiel van",2008-11-21,photograph
253233,10304087,134,201,0.027,digital color photograph,"Nieuwkerk, Michiel van",2010-11-20,photograph
253234,10304088,134,201,0.027,digital color photograph,"Nieuwkerk, Michiel van",2010-11-20,photograph
253333,10288383,201,190,0.038,black and white photograph,"Dommisse, Marianne",1977-05-10,photograph
253336,10288388,149,200,0.03,black and white photograph,"Dommisse, Marianne",1955,photograph
253342,10288376,148,200,0.03,black and white photograph,"Dommisse, Marianne",1955,photograph
253344,10288377,161,201,0.032,black and white photograph,"Dommisse, Marianne",1955,photograph
253354,10288385,153,200,0.031,black and white photograph,"Dommisse, Marianne",1959,photograph
253357,10288386,153,200,0.031,black and white photograph,"Dommisse, Marianne",1958-10-04,photograph
253360,10288387,143,201,0.029,black and white photograph,"Dommisse, Marianne",1958-10-04,photograph
253383,10288381,150,201,0.03,black and white photograph,"Dommisse, Marianne",1970,photograph
253385,10288384,200,153,0.031,black and white photograph,"Dommisse, Marianne",1970,photograph
253404,10288390,149,200,0.03,black and white photograph,"Dommisse, Marianne",1954,photograph
253407,10288389,200,150,0.03,black and white photograph,"Dommisse, Marianne",1954,photograph
253433,10288371,154,200,0.031,black and white photograph,"Dommisse, Marianne",1954,photograph
253817,10648717,183,500,0.091,BD/Digital Collection,"Grotegoed, August",1930,painting
254120,10304091,134,200,0.027,digital color photograph,"Sevink, Geert Job",2014-10-12,photograph
254123,10304092,200,134,0.027,digital color photograph,"Sevink, Geert Job",2014-10-12,photograph
254127,10304093,200,133,0.027,digital color photograph,"Sevink, Geert Job",2012-04-02,photograph
254128,10304094,201,134,0.027,digital color photograph,"Sevink, Geert Job",2014-01-10,photograph
254130,10304095,201,133,0.027,digital color photograph,"Sevink, Geert Job",2013-01-11,photograph
254622,10649446,134,200,0.027,digital color photograph,"Esch, Jan van",2014,photograph
254779,10649906,173,500,0.086,color reproduction,Meester van het Portret van Stalburg,1500,altarpiece
254780,10649913,174,501,0.087,color reproduction,Meester van het Portret van Stalburg,1500,altarpiece
254852,10304426,200,134,0.027,digital color photograph,"Nieuwkerk, Michiel van",2013-10-30,photograph
254853,10304427,200,134,0.027,digital color photograph,"Nieuwkerk, Michiel van",2013-10-30,photograph
254854,10304428,200,134,0.027,digital color photograph,"Nieuwkerk, Michiel van",2013-10-30,photograph
254857,10304429,200,134,0.027,digital color photograph,"Nieuwkerk, Michiel van",2013-10-30,photograph
254858,10304430,200,134,0.027,digital color photograph,"Nieuwkerk, Michiel van",2013-10-30,photograph
254859,10304431,200,134,0.027,digital color photograph,"Nieuwkerk, Michiel van",2013-10-30,photograph
254861,10304432,200,134,0.027,digital color photograph,"Nieuwkerk, Michiel van",2013-10-30,photograph
254887,10304096,200,134,0.027,digital color photograph,"Nieuwkerk, Michiel van",2013-09-25,photograph
254889,10304097,200,134,0.027,digital color photograph,"Nieuwkerk, Michiel van",2013-09-25,photograph
254890,10304098,200,134,0.027,digital color photograph,"Nieuwkerk, Michiel van",2013-09-25,photograph
254891,10304099,200,134,0.027,digital color photograph,"Nieuwkerk, Michiel van",2013-09-25,photograph
254892,10304100,200,134,0.027,digital color photograph,"Nieuwkerk, Michiel van",2013-09-25,photograph
254893,10304101,200,134,0.027,digital color photograph,"Nieuwkerk, Michiel van",2013-09-25,photograph
254894,10304102,200,134,0.027,digital color photograph,"Nieuwkerk, Michiel van",2013-09-25,photograph
254917,10304138,200,133,0.027,digital color photograph,"Nieuwkerk, Michiel van",2012-02-27,photograph
254918,10304139,200,133,0.027,digital color photograph,"Nieuwkerk, Michiel van",2012-02-27,photograph
254920,10304140,200,133,0.027,digital color photograph,"Nieuwkerk, Michiel van",2012-02-27,photograph
254921,10304141,200,133,0.027,digital color photograph,"Nieuwkerk, Michiel van",2012-02-27,photograph
254923,10304142,200,133,0.027,digital color photograph,"Nieuwkerk, Michiel van",2012-02-27,photograph
254924,10304143,200,133,0.027,digital color photograph,"Nieuwkerk, Michiel van",2012-02-27,photograph
254925,10304144,200,133,0.027,digital color photograph,"Nieuwkerk, Michiel van",2012-02-27,photograph
254962,10304124,201,133,0.027,digital color photograph,"Nieuwkerk, Michiel van",2011-03-02,photograph
254964,10304125,201,133,0.027,digital color photograph,"Nieuwkerk, Michiel van",2011-03-02,photograph
254965,10304126,201,133,0.027,digital color photograph,"Nieuwkerk, Michiel van",2011-03-02,photograph
254966,10304127,201,133,0.027,digital color photograph,"Nieuwkerk, Michiel van",2011-03-02,photograph
254967,10304128,201,133,0.027,digital color photograph,"Nieuwkerk, Michiel van",2011-03-02,photograph
254968,10304129,201,133,0.027,digital color photograph,"Nieuwkerk, Michiel van",2011-03-02,photograph
254969,10304130,201,133,0.027,digital color photograph,"Nieuwkerk, Michiel van",2011-03-02,photograph
254973,10304159,200,134,0.027,digital color photograph,"Nieuwkerk, Michiel van",2013-08-01,photograph
254974,10304160,200,134,0.027,digital color photograph,"Nieuwkerk, Michiel van",2013-08-01,photograph
254975,10304161,200,134,0.027,digital color photograph,"Nieuwkerk, Michiel van",2013-08-01,photograph
254980,10304162,200,134,0.027,digital color photograph,"Nieuwkerk, Michiel van",2013-08-01,photograph
254981,10304163,200,134,0.027,digital color photograph,"Nieuwkerk, Michiel van",2013-08-01,photograph
254982,10304164,200,134,0.027,digital color photograph,"Nieuwkerk, Michiel van",2013-08-01,photograph
254983,10304165,200,134,0.027,digital color photograph,"Nieuwkerk, Michiel van",2013-08-01,photograph
254992,10304243,200,133,0.027,digital color photograph,"Nieuwkerk, Michiel van",2012-01-21,photograph
254993,10304244,200,133,0.027,digital color photograph,"Nieuwkerk, Michiel van",2012-01-21,photograph
254994,10304245,200,133,0.027,digital color photograph,"Nieuwkerk, Michiel van",2012-01-21,photograph
254995,10304246,200,133,0.027,digital color photograph,"Nieuwkerk, Michiel van",2012-01-21,photograph
254996,10304247,200,133,0.027,digital color photograph,"Nieuwkerk, Michiel van",2012-01-21,photograph
254997,10304248,200,133,0.027,digital color photograph,"Nieuwkerk, Michiel van",2012-01-21,photograph
254998,10304249,200,133,0.027,digital color photograph,"Nieuwkerk, Michiel van",2012-01-21,photograph
255001,10304264,200,133,0.027,digital color photograph,"Nieuwkerk, Michiel van",2012-02-03,photograph
255002,10304266,200,133,0.027,digital color photograph,"Nieuwkerk, Michiel van",2012-02-03,photograph
255004,10304265,200,133,0.027,digital color photograph,"Nieuwkerk, Michiel van",2012-02-03,photograph
255005,10304267,200,133,0.027,digital color photograph,"Nieuwkerk, Michiel van",2012-02-03,photograph
255006,10304268,200,133,0.027,digital color photograph,"Nieuwkerk, Michiel van",2012-02-03,photograph
255007,10304269,200,133,0.027,digital color photograph,"Nieuwkerk, Michiel van",2012-02-03,photograph
255009,10304270,200,133,0.027,digital color photograph,"Nieuwkerk, Michiel van",2012-02-03,photograph
255075,10302542,147,200,0.029,digital black-and-white photograph,"Raemakers, W.H.A.",1930,photograph
255281,10305141,134,200,0.027,digital color photograph,"Esch, Jan van",2011,photograph
255283,10305145,134,200,0.027,digital color photograph,"Esch, Jan van",2011,photograph
255284,10305148,133,200,0.027,digital color photograph,"Esch, Jan van",2010,photograph
255288,10304194,200,134,0.027,digital color photograph,"Nieuwkerk, Michiel van",2013-06-18,photograph
255291,10304195,200,134,0.027,digital color photograph,"Nieuwkerk, Michiel van",2013-06-18,photograph
255293,10304196,200,134,0.027,digital color photograph,"Nieuwkerk, Michiel van",2013-06-18,photograph
255294,10304197,200,134,0.027,digital color photograph,"Nieuwkerk, Michiel van",2013-06-18,photograph
255295,10304198,200,134,0.027,digital color photograph,"Nieuwkerk, Michiel van",2013-06-18,photograph
255296,10304199,200,134,0.027,digital color photograph,"Nieuwkerk, Michiel van",2013-06-18,photograph
255297,10304200,200,134,0.027,digital color photograph,"Nieuwkerk, Michiel van",2013-06-18,photograph
255299,10305149,134,200,0.027,digital color photograph,"Esch, Jan van",2008,photograph
255300,10305151,200,134,0.027,digital color photograph,"Esch, Jan van",2013,photograph
255302,10305152,137,201,0.028,digital color photograph,"Esch, Jan van",2008,photograph
255305,10305153,163,200,0.033,digital color photograph,"Esch, Jan van",2010,photograph
255307,10304279,200,134,0.027,digital color photograph,"Nieuwkerk, Michiel van",2013-06-14,photograph
255308,10304280,200,134,0.027,digital color photograph,"Nieuwkerk, Michiel van",2013-06-14,photograph
255309,10305155,144,200,0.029,digital color photograph,"Esch, Jan van",2006,photograph
255310,10304281,200,134,0.027,digital color photograph,"Nieuwkerk, Michiel van",2013-06-14,photograph
255311,10304282,200,134,0.027,digital color photograph,"Nieuwkerk, Michiel van",2013-06-14,photograph
255312,10305156,133,200,0.027,digital color photograph,"Esch, Jan van",2001,photograph
255313,10304283,200,134,0.027,digital color photograph,"Nieuwkerk, Michiel van",2013-06-14,photograph
255314,10304284,200,134,0.027,digital color photograph,"Nieuwkerk, Michiel van",2013-06-14,photograph
255315,10304285,200,134,0.027,digital color photograph,"Nieuwkerk, Michiel van",2013-06-14,photograph
255317,10305158,152,201,0.031,digital color photograph,"Esch, Jan van",2006,photograph
255369,10304342,200,133,0.027,digital color photograph,"Nieuwkerk, Michiel van",2011-06-17,photograph
255370,10304343,200,133,0.027,digital color photograph,"Nieuwkerk, Michiel van",2011-06-17,photograph
255371,10304344,200,133,0.027,digital color photograph,"Nieuwkerk, Michiel van",2011-06-17,photograph
255372,10304345,200,133,0.027,digital color photograph,"Nieuwkerk, Michiel van",2011-06-17,photograph
255373,10304346,200,133,0.027,digital color photograph,"Nieuwkerk, Michiel van",2011-06-17,photograph
255374,10304347,200,133,0.027,digital color photograph,"Nieuwkerk, Michiel van",2011-06-17,photograph
255375,10304348,200,133,0.027,digital color photograph,"Nieuwkerk, Michiel van",2011-06-17,photograph
255381,10304433,200,133,0.027,digital color photograph,"Nieuwkerk, Michiel van",2012-04-16,photograph
255382,10304434,200,133,0.027,digital color photograph,"Nieuwkerk, Michiel van",2012-04-16,photograph
255383,10304435,200,133,0.027,digital color photograph,"Nieuwkerk, Michiel van",2012-04-16,photograph
255385,10304436,200,133,0.027,digital color photograph,"Nieuwkerk, Michiel van",2012-04-16,photograph
255386,10304437,200,133,0.027,digital color photograph,"Nieuwkerk, Michiel van",2012-04-16,photograph
255387,10304438,200,133,0.027,digital color photograph,"Nieuwkerk, Michiel van",2012-04-16,photograph
255388,10304439,200,133,0.027,digital color photograph,"Nieuwkerk, Michiel van",2012-04-16,photograph
255392,10304482,200,133,0.027,digital color photograph,"Nieuwkerk, Michiel van",2010-08-05,photograph
255393,10304483,200,133,0.027,digital color photograph,"Nieuwkerk, Michiel van",2010-08-05,photograph
255394,10304484,200,133,0.027,digital color photograph,"Nieuwkerk, Michiel van",2010-08-05,photograph
255396,10304485,200,133,0.027,digital color photograph,"Nieuwkerk, Michiel van",2010-08-05,photograph
255397,10304486,200,133,0.027,digital color photograph,"Nieuwkerk, Michiel van",2010-08-05,photograph
255398,10304487,200,133,0.027,digital color photograph,"Nieuwkerk, Michiel van",2010-08-05,photograph
255399,10304488,200,133,0.027,digital color photograph,"Nieuwkerk, Michiel van",2010-08-05,photograph
255639,10304110,200,134,0.027,digital color photograph,"Nieuwkerk, Michiel van",2013-06-27,photograph
255642,10304111,200,134,0.027,digital color photograph,"Nieuwkerk, Michiel van",2013-06-27,photograph
255643,10304112,200,134,0.027,digital color photograph,"Nieuwkerk, Michiel van",2013-06-27,photograph
255644,10304113,200,134,0.027,digital color photograph,"Nieuwkerk, Michiel van",2013-06-27,photograph
255646,10304114,200,134,0.027,digital color photograph,"Nieuwkerk, Michiel van",2013-06-27,photograph
255648,10304115,200,134,0.027,digital color photograph,"Nieuwkerk, Michiel van",2013-06-27,photograph
255649,10304116,200,134,0.027,digital color photograph,"Nieuwkerk, Michiel van",2013-06-27,photograph
255673,10304117,201,133,0.027,digital color photograph,"Nieuwkerk, Michiel van",2011-01-25,photograph
255675,10304118,201,133,0.027,digital color photograph,"Nieuwkerk, Michiel van",2011-01-25,photograph
255676,10304119,201,133,0.027,digital color photograph,"Nieuwkerk, Michiel van",2011-01-25,photograph
255677,10304120,201,133,0.027,digital color photograph,"Nieuwkerk, Michiel van",2011-01-25,photograph
255678,10304121,201,133,0.027,digital color photograph,"Nieuwkerk, Michiel van",2011-01-25,photograph
255679,10304122,201,133,0.027,digital color photograph,"Nieuwkerk, Michiel van",2011-01-25,photograph
255680,10304123,201,133,0.027,digital color photograph,"Nieuwkerk, Michiel van",2011-01-25,photograph
255685,10304103,200,134,0.027,digital color photograph,"Nieuwkerk, Michiel van",2013-03-18,photograph
255686,10304104,200,134,0.027,digital color photograph,"Nieuwkerk, Michiel van",2013-03-18,photograph
255688,10304105,200,134,0.027,digital color photograph,"Nieuwkerk, Michiel van",2013-03-18,photograph
255689,10304106,200,134,0.027,digital color photograph,"Nieuwkerk, Michiel van",2013-03-18,photograph
255690,10304107,200,134,0.027,digital color photograph,"Nieuwkerk, Michiel van",2013-03-18,photograph
255691,10304108,200,134,0.027,digital color photograph,"Nieuwkerk, Michiel van",2013-03-18,photograph
255692,10304109,200,134,0.027,digital color photograph,"Nieuwkerk, Michiel van",2013-03-18,photograph
255730,10304131,201,133,0.027,digital color photograph,"Nieuwkerk, Michiel van",2010-12-28,photograph
255731,10304132,201,133,0.027,digital color photograph,"Nieuwkerk, Michiel van",2010-12-28,photograph
255733,10304133,201,133,0.027,digital color photograph,"Nieuwkerk, Michiel van",2010-12-28,photograph
255736,10304135,201,133,0.027,digital color photograph,"Nieuwkerk, Michiel van",2010-12-28,photograph
255740,10304136,201,133,0.027,digital color photograph,"Nieuwkerk, Michiel van",2010-12-28,photograph
255741,10304137,201,133,0.027,digital color photograph,"Nieuwkerk, Michiel van",2010-12-28,photograph
255764,10304215,201,133,0.027,digital color photograph,"Nieuwkerk, Michiel van",2011-03-03,photograph
255765,10304216,201,133,0.027,digital color photograph,"Nieuwkerk, Michiel van",2011-03-03,photograph
255766,10304217,201,133,0.027,digital color photograph,"Nieuwkerk, Michiel van",2011-03-03,photograph
255767,10304218,201,133,0.027,digital color photograph,"Nieuwkerk, Michiel van",2011-03-03,photograph
255768,10304219,201,133,0.027,digital color photograph,"Nieuwkerk, Michiel van",2011-03-03,photograph
255770,10304220,201,133,0.027,digital color photograph,"Nieuwkerk, Michiel van",2011-03-03,photograph
255771,10304221,201,133,0.027,digital color photograph,"Nieuwkerk, Michiel van",2011-03-03,photograph
255779,10304229,200,133,0.027,digital color photograph,"Nieuwkerk, Michiel van",2012-08-30,photograph
255781,10304230,200,133,0.027,digital color photograph,"Nieuwkerk, Michiel van",2012-08-30,photograph
255782,10304231,200,133,0.027,digital color photograph,"Nieuwkerk, Michiel van",2012-08-30,photograph
255783,10304233,200,133,0.027,digital color photograph,"Nieuwkerk, Michiel van",2012-08-30,photograph
255784,10304234,200,133,0.027,digital color photograph,"Nieuwkerk, Michiel van",2012-08-30,photograph
255785,10304235,200,133,0.027,digital color photograph,"Nieuwkerk, Michiel van",2012-08-30,photograph
256008,10304201,200,133,0.027,digital color photograph,"Nieuwkerk, Michiel van",2012-09-19,photograph
256009,10304202,200,133,0.027,digital color photograph,"Nieuwkerk, Michiel van",2012-09-19,photograph
256011,10304203,200,133,0.027,digital color photograph,"Nieuwkerk, Michiel van",2012-09-19,photograph
256012,10304204,200,133,0.027,digital color photograph,"Nieuwkerk, Michiel van",2012-09-19,photograph
256014,10304205,200,133,0.027,digital color photograph,"Nieuwkerk, Michiel van",2012-09-19,photograph
256015,10304206,200,133,0.027,digital color photograph,"Nieuwkerk, Michiel van",2012-09-19,photograph
256016,10304207,200,133,0.027,digital color photograph,"Nieuwkerk, Michiel van",2012-09-19,photograph
256019,10304286,201,133,0.027,digital color photograph,"Nieuwkerk, Michiel van",2011-04-22,photograph
256020,10304287,201,133,0.027,digital color photograph,"Nieuwkerk, Michiel van",2011-04-22,photograph
256021,10304288,201,133,0.027,digital color photograph,"Nieuwkerk, Michiel van",2011-04-22,photograph
256022,10304289,201,133,0.027,digital color photograph,"Nieuwkerk, Michiel van",2011-04-22,photograph
256023,10304290,201,133,0.027,digital color photograph,"Nieuwkerk, Michiel van",2011-04-22,photograph
256025,10304291,201,133,0.027,BD/Digital Collection,"Nieuwkerk, Michiel van",2011-04-22,photograph
256026,10304292,201,133,0.027,digital color photograph,"Nieuwkerk, Michiel van",2011-04-22,photograph
256033,10304300,200,134,0.027,digital color photograph,"Nieuwkerk, Michiel van",2013-05-17,photograph
256034,10304301,200,134,0.027,digital color photograph,"Nieuwkerk, Michiel van",2013-05-17,photograph
256036,10304302,200,134,0.027,digital color photograph,"Nieuwkerk, Michiel van",2013-05-17,photograph
256039,10304303,200,134,0.027,digital color photograph,"Nieuwkerk, Michiel van",2013-05-17,photograph
256040,10304304,200,134,0.027,digital color photograph,"Nieuwkerk, Michiel van",2013-05-17,photograph
256041,10304305,200,134,0.027,digital color photograph,"Nieuwkerk, Michiel van",2013-05-17,photograph
256042,10304306,200,134,0.027,digital color photograph,"Nieuwkerk, Michiel van",2013-05-17,photograph
256047,10304335,200,133,0.027,digital color photograph,"Nieuwkerk, Michiel van",2011-11-26,photograph
256048,10304336,200,133,0.027,digital color photograph,"Nieuwkerk, Michiel van",2011-11-26,photograph
256049,10304337,200,133,0.027,digital color photograph,"Nieuwkerk, Michiel van",2011-11-26,photograph
256051,10304338,200,133,0.027,digital color photograph,"Nieuwkerk, Michiel van",2011-11-26,photograph
256052,10304339,200,133,0.027,digital color photograph,"Nieuwkerk, Michiel van",2011-11-26,photograph
256053,10304340,200,133,0.027,digital color photograph,"Nieuwkerk, Michiel van",2011-11-26,photograph
256054,10304341,200,134,0.027,digital color photograph,"Nieuwkerk, Michiel van",2011-11-26,photograph
256418,10305239,190,501,0.095,digital image,"Goeree, Jan",1685,drawing (visual work)
256569,10304173,201,151,0.03,digital color photograph,"Nieuwkerk, Michiel van",2013-06-04,photograph
256570,10304174,200,150,0.03,digital color photograph,"Nieuwkerk, Michiel van",2013-06-04,photograph
256572,10304175,200,134,0.027,digital color photograph,"Nieuwkerk, Michiel van",2013-06-04,photograph
256575,10304176,200,151,0.03,digital color photograph,"Nieuwkerk, Michiel van",2013-06-04,photograph
256578,10304177,201,151,0.03,digital color photograph,"Nieuwkerk, Michiel van",2013-06-04,photograph
256579,10304178,201,151,0.03,digital color photograph,"Nieuwkerk, Michiel van",2013-06-04,photograph
256580,10304179,200,151,0.03,digital color photograph,"Nieuwkerk, Michiel van",2013-06-04,photograph
256593,10304398,201,133,0.027,digital color photograph,"Nieuwkerk, Michiel van",2011-02-15,photograph
256594,10304399,201,133,0.027,digital color photograph,"Nieuwkerk, Michiel van",2011-02-15,photograph
256595,10304400,201,133,0.027,digital color photograph,"Nieuwkerk, Michiel van",2011-02-15,photograph
256596,10304401,201,133,0.027,digital color photograph,"Nieuwkerk, Michiel van",2011-02-15,photograph
256599,10304402,201,133,0.027,digital color photograph,"Nieuwkerk, Michiel van",2011-02-15,photograph
256600,10304403,201,133,0.027,digital color photograph,"Nieuwkerk, Michiel van",2011-02-15,photograph
256601,10304404,201,133,0.027,digital color photograph,"Nieuwkerk, Michiel van",2011-02-15,photograph
256628,10304419,200,134,0.027,digital color photograph,"Nieuwkerk, Michiel van",2013-09-30,photograph
256630,10304420,200,134,0.027,digital color photograph,"Nieuwkerk, Michiel van",2013-09-30,photograph
256632,10304421,200,134,0.027,digital color photograph,"Nieuwkerk, Michiel van",2013-09-30,photograph
256633,10304422,200,134,0.027,digital color photograph,"Nieuwkerk, Michiel van",2013-09-30,photograph
256634,10304423,200,134,0.027,digital color photograph,"Nieuwkerk, Michiel van",2013-09-30,photograph
256635,10304424,200,134,0.027,digital color photograph,"Nieuwkerk, Michiel van",2013-09-30,photograph
256636,10304425,200,134,0.027,digital color photograph,"Nieuwkerk, Michiel van",2013-09-30,photograph
257148,10304236,200,133,0.027,digital color photograph,"Nieuwkerk, Michiel van",2012-03-12,photograph
257150,10304237,200,133,0.027,digital color photograph,"Nieuwkerk, Michiel van",2012-03-12,photograph
257151,10304238,200,133,0.027,digital color photograph,"Nieuwkerk, Michiel van",2012-03-12,photograph
257152,10304239,200,133,0.027,digital color photograph,"Nieuwkerk, Michiel van",2012-03-12,photograph
257153,10304240,200,133,0.027,digital color photograph,"Nieuwkerk, Michiel van",2012-03-12,photograph
257154,10304241,200,133,0.027,digital color photograph,"Nieuwkerk, Michiel van",2012-03-12,photograph
257155,10304242,200,133,0.027,digital color photograph,"Nieuwkerk, Michiel van",2012-03-12,photograph
257199,10651654,216,500,0.108,digital image,Meester van Liesborn,1475,painting
257279,10651744,500,205,0.102,digital image,"Zubov, Aleksei",1715,print
257301,10305281,133,200,0.027,digital color photograph,"Broeke, René ten",2013,photograph
257305,10305285,133,200,0.027,digital color photograph,"Broeke, René ten",2013,photograph
257307,10305282,133,200,0.027,digital black-and-white photograph,"Broeke, René ten",2013,photograph
257309,10305283,133,200,0.027,digital black-and-white photograph,"Broeke, René ten",2013,photograph
257310,10305284,133,200,0.027,digital black-and-white photograph,"Broeke, René ten",2013,photograph
257319,10305287,134,200,0.027,digital color photograph,"Broeke, René ten",2013,photograph
257320,10305286,134,200,0.027,digital color photograph,"Broeke, René ten",2013,photograph
257426,10304271,200,133,0.027,digital color photograph,"Nieuwkerk, Michiel van",2010-08-04,photograph
257427,10304272,200,133,0.027,digital color photograph,"Nieuwkerk, Michiel van",2010-08-04,photograph
257428,10304273,200,133,0.027,digital color photograph,"Nieuwkerk, Michiel van",2010-08-04,photograph
257430,10304274,200,133,0.027,digital color photograph,"Nieuwkerk, Michiel van",2010-08-04,photograph
257431,10304275,200,133,0.027,digital color photograph,"Nieuwkerk, Michiel van",2010-08-04,photograph
257433,10304277,200,133,0.027,digital color photograph,"Nieuwkerk, Michiel van",2010-08-04,photograph
257443,10304278,201,133,0.027,digital color photograph,"Nieuwkerk, Michiel van",2011-04-16,photograph
257450,10304328,200,133,0.027,digital color photograph,"Nieuwkerk, Michiel van",2012-03-20,photograph
257451,10304329,200,133,0.027,digital color photograph,"Nieuwkerk, Michiel van",2012-03-20,photograph
257453,10304330,200,133,0.027,digital color photograph,"Nieuwkerk, Michiel van",2012-03-20,photograph
257454,10304331,200,133,0.027,digital color photograph,"Nieuwkerk, Michiel van",2012-03-20,photograph
257455,10304332,200,133,0.027,digital color photograph,"Nieuwkerk, Michiel van",2012-03-20,photograph
257456,10304333,200,133,0.027,digital color photograph,"Nieuwkerk, Michiel van",2012-03-20,photograph
257458,10304334,200,133,0.027,digital color photograph,"Nieuwkerk, Michiel van",2012-03-20,photograph
257655,10304440,200,134,0.027,digital color photograph,"Nieuwkerk, Michiel van",2013-05-13,photograph
257656,10304441,200,134,0.027,digital color photograph,"Nieuwkerk, Michiel van",2013-05-13,photograph
257657,10304442,200,134,0.027,digital color photograph,"Nieuwkerk, Michiel van",2013-05-13,photograph
257658,10304443,200,134,0.027,digital color photograph,"Nieuwkerk, Michiel van",2013-05-13,photograph
257659,10304444,200,134,0.027,digital color photograph,"Nieuwkerk, Michiel van",2013-05-13,photograph
257660,10304445,200,134,0.027,digital color photograph,"Nieuwkerk, Michiel van",2013-05-13,photograph
257662,10304446,200,134,0.027,digital color photograph,"Nieuwkerk, Michiel van",2013-05-13,photograph
257671,10304384,200,134,0.027,digital color photograph,"Nieuwkerk, Michiel van",2013-06-10,photograph
257672,10304385,200,134,0.027,digital color photograph,"Nieuwkerk, Michiel van",2013-06-10,photograph
257673,10304386,200,134,0.027,digital color photograph,"Nieuwkerk, Michiel van",2013-06-10,photograph
257676,10304387,200,134,0.027,digital color photograph,"Nieuwkerk, Michiel van",2013-06-10,photograph
257677,10304388,200,134,0.027,digital color photograph,"Nieuwkerk, Michiel van",2013-06-10,photograph
257678,10304389,200,134,0.027,digital color photograph,"Nieuwkerk, Michiel van",2013-06-10,photograph
257679,10304390,200,134,0.027,digital color photograph,"Nieuwkerk, Michiel van",2013-06-10,photograph
257692,10304180,200,133,0.027,digital color photograph,"Nieuwkerk, Michiel van",2012-05-21,photograph
257693,10304181,200,133,0.027,digital color photograph,"Nieuwkerk, Michiel van",2012-05-21,photograph
257695,10304182,200,133,0.027,digital color photograph,"Nieuwkerk, Michiel van",2012-05-21,photograph
257696,10304183,200,133,0.027,digital color photograph,"Nieuwkerk, Michiel van",2012-05-21,photograph
257697,10304184,200,133,0.027,digital color photograph,"Nieuwkerk, Michiel van",2012-05-21,photograph
257698,10304185,200,133,0.027,digital color photograph,"Nieuwkerk, Michiel van",2012-05-21,photograph
257700,10304186,200,133,0.027,digital color photograph,"Nieuwkerk, Michiel van",2012-05-21,photograph
257927,10304166,200,133,0.027,digital color photograph,"Nieuwkerk, Michiel van",2012-10-17,photograph
257928,10302639,200,133,0.027,digital color photograph,"Broeke, René ten",2012,photograph
257932,10304167,200,133,0.027,digital color photograph,"Nieuwkerk, Michiel van",2012-10-17,photograph
257933,10304168,200,133,0.027,digital color photograph,"Nieuwkerk, Michiel van",2012-10-17,photograph
257934,10304169,200,133,0.027,digital color photograph,"Nieuwkerk, Michiel van",2012-10-17,photograph
257935,10304170,200,133,0.027,digital color photograph,"Nieuwkerk, Michiel van",2012-10-17,photograph
257936,10304171,200,133,0.027,digital color photograph,"Nieuwkerk, Michiel van",2012-10-17,photograph
257937,10304172,200,133,0.027,digital color photograph,"Nieuwkerk, Michiel van",2012-10-17,photograph
257969,10304447,200,133,0.027,digital color photograph,"Nieuwkerk, Michiel van",2012-08-29,photograph
257970,10304448,200,133,0.027,digital color photograph,"Nieuwkerk, Michiel van",2012-08-29,photograph
257971,10304449,200,133,0.027,digital color photograph,"Nieuwkerk, Michiel van",2012-08-29,photograph
257975,10304450,200,133,0.027,digital color photograph,"Nieuwkerk, Michiel van",2012-08-29,photograph
257976,10304451,200,133,0.027,digital color photograph,"Nieuwkerk, Michiel van",2012-08-29,photograph
257977,10304452,200,133,0.027,digital color photograph,"Nieuwkerk, Michiel van",2012-08-29,photograph
257978,10304453,200,133,0.027,digital color photograph,"Nieuwkerk, Michiel van",2012-08-29,photograph
258159,10304145,200,133,0.027,digital color photograph,"Nieuwkerk, Michiel van",2011-05-26,photograph
258160,10304146,200,133,0.027,digital color photograph,"Nieuwkerk, Michiel van",2011-05-26,photograph
258161,10304147,200,133,0.027,digital color photograph,"Nieuwkerk, Michiel van",2011-05-26,photograph
258162,10304148,200,133,0.027,digital color photograph,"Nieuwkerk, Michiel van",2011-05-26,photograph
258163,10304149,200,133,0.027,digital color photograph,"Nieuwkerk, Michiel van",2011-05-26,photograph
258164,10304150,200,133,0.027,digital color photograph,"Nieuwkerk, Michiel van",2011-05-26,photograph
258165,10304151,200,133,0.027,digital color photograph,"Nieuwkerk, Michiel van",2011-05-26,photograph
258180,10304187,200,133,0.027,digital color photograph,"Nieuwkerk, Michiel van",2012-10-31,photograph
258181,10304188,200,133,0.027,digital color photograph,"Nieuwkerk, Michiel van",2012-10-31,photograph
258182,10304189,200,133,0.027,digital color photograph,"Nieuwkerk, Michiel van",2012-10-31,photograph
258184,10304190,200,133,0.027,digital color photograph,"Nieuwkerk, Michiel van",2012-10-31,photograph
258185,10304191,200,133,0.027,digital color photograph,"Nieuwkerk, Michiel van",2012-10-31,photograph
258187,10304192,200,133,0.027,digital color photograph,"Nieuwkerk, Michiel van",2012-10-31,photograph
258188,10304193,200,133,0.027,digital color photograph,"Nieuwkerk, Michiel van",2012-10-31,photograph
258202,10304250,200,133,0.027,digital color photograph,"Nieuwkerk, Michiel van",2012-04-24,photograph
258203,10304251,200,133,0.027,digital color photograph,"Nieuwkerk, Michiel van",2012-04-24,photograph
258204,10304252,200,133,0.027,digital color photograph,"Nieuwkerk, Michiel van",2012-04-24,photograph
258205,10304253,200,133,0.027,digital color photograph,"Nieuwkerk, Michiel van",2012-04-24,photograph
258206,10304254,200,133,0.027,digital color photograph,"Nieuwkerk, Michiel van",2012-04-24,photograph
258207,10304255,200,133,0.027,digital color photograph,"Nieuwkerk, Michiel van",2012-04-24,photograph
258208,10304256,200,133,0.027,digital color photograph,"Nieuwkerk, Michiel van",2012-04-24,photograph
258446,10304257,201,133,0.027,digital color photograph,"Nieuwkerk, Michiel van",2011-03-13,photograph
258448,10304258,201,133,0.027,digital color photograph,"Nieuwkerk, Michiel van",2011-03-13,photograph
258449,10304259,201,133,0.027,digital color photograph,"Nieuwkerk, Michiel van",2011-03-13,photograph
258451,10304260,201,133,0.027,digital color photograph,"Nieuwkerk, Michiel van",2011-03-13,photograph
258452,10304261,201,133,0.027,digital color photograph,"Nieuwkerk, Michiel van",2011-03-13,photograph
258454,10304262,201,133,0.027,digital color photograph,"Nieuwkerk, Michiel van",2011-03-13,photograph
258455,10304263,201,133,0.027,digital color photograph,"Nieuwkerk, Michiel van",2011-03-13,photograph
258462,10304314,201,133,0.027,digital color photograph,"Nieuwkerk, Michiel van",2011-04-07,photograph
258463,10304315,201,133,0.027,digital color photograph,"Nieuwkerk, Michiel van",2011-04-07,photograph
258464,10304316,201,133,0.027,digital color photograph,"Nieuwkerk, Michiel van",2011-04-07,photograph
258465,10304317,201,133,0.027,digital color photograph,"Nieuwkerk, Michiel van",2011-04-07,photograph
258467,10304318,201,133,0.027,digital color photograph,"Nieuwkerk, Michiel van",2011-04-07,photograph
258468,10304319,201,133,0.027,digital color photograph,"Nieuwkerk, Michiel van",2011-04-07,photograph
258469,10304320,201,133,0.027,digital color photograph,"Nieuwkerk, Michiel van",2011-04-07,photograph
258471,10304349,201,133,0.027,digital color photograph,"Nieuwkerk, Michiel van",2011-02-02,photograph
258472,10304350,201,133,0.027,digital color photograph,"Nieuwkerk, Michiel van",2011-02-02,photograph
258473,10304351,201,133,0.027,digital color photograph,"Nieuwkerk, Michiel van",2011-02-02,photograph
258474,10304352,201,133,0.027,digital color photograph,"Nieuwkerk, Michiel van",2011-02-02,photograph
258475,10304353,201,133,0.027,digital color photograph,"Nieuwkerk, Michiel van",2011-02-02,photograph
258476,10304354,201,133,0.027,digital color photograph,"Nieuwkerk, Michiel van",2011-02-02,photograph
258477,10304355,201,133,0.027,digital color photograph,"Nieuwkerk, Michiel van",2011-02-02,photograph
258480,10304461,200,134,0.027,digital color photograph,"Nieuwkerk, Michiel van",2013-11-26,photograph
258481,10304462,200,134,0.027,digital color photograph,"Nieuwkerk, Michiel van",2013-11-26,photograph
258482,10304463,200,134,0.027,digital color photograph,"Nieuwkerk, Michiel van",2013-11-26,photograph
258483,10304464,200,134,0.027,digital color photograph,"Nieuwkerk, Michiel van",2013-11-26,photograph
258485,10304465,200,134,0.027,digital color photograph,"Nieuwkerk, Michiel van",2013-11-26,photograph
258487,10304466,200,134,0.027,digital color photograph,"Nieuwkerk, Michiel van",2013-11-26,photograph
258488,10304467,200,134,0.027,digital color photograph,"Nieuwkerk, Michiel van",2013-11-26,photograph
258728,10304475,201,133,0.027,digital color photograph,"Nieuwkerk, Michiel van",2010-12-29,photograph
258729,10304476,201,133,0.027,digital color photograph,"Nieuwkerk, Michiel van",2010-12-29,photograph
258730,10304477,201,133,0.027,digital color photograph,"Nieuwkerk, Michiel van",2010-12-29,photograph
258731,10304478,201,133,0.027,digital color photograph,"Nieuwkerk, Michiel van",2010-12-29,photograph
258733,10304480,200,133,0.027,digital color photograph,"Nieuwkerk, Michiel van",2010-12-29,photograph
258734,10304481,201,133,0.027,digital color photograph,"Nieuwkerk, Michiel van",2010-12-29,photograph
258739,10304468,200,134,0.027,digital color photograph,"Nieuwkerk, Michiel van",2013-07-02,photograph
258742,10304469,200,134,0.027,digital color photograph,"Nieuwkerk, Michiel van",2013-07-02,photograph
258743,10304470,200,134,0.027,digital color photograph,"Nieuwkerk, Michiel van",2013-07-02,photograph
258744,10304471,200,134,0.027,digital color photograph,"Nieuwkerk, Michiel van",2013-07-02,photograph
258745,10304472,200,134,0.027,digital color photograph,"Nieuwkerk, Michiel van",2013-07-02,photograph
258746,10304473,200,134,0.027,digital color photograph,"Nieuwkerk, Michiel van",2013-07-02,photograph
258747,10304474,200,134,0.027,digital color photograph,"Nieuwkerk, Michiel van",2013-07-02,photograph
258750,10304210,200,133,0.027,digital color photograph,"Nieuwkerk, Michiel van",2012-04-12,photograph
258751,10304212,200,133,0.027,digital color photograph,"Nieuwkerk, Michiel van",2012-04-12,photograph
258752,10304214,200,133,0.027,digital color photograph,"Nieuwkerk, Michiel van",2012-04-12,photograph
258756,10304222,200,134,0.027,digital color photograph,"Nieuwkerk, Michiel van",2013-10-26,photograph
258757,10304225,200,134,0.027,digital color photograph,"Nieuwkerk, Michiel van",2013-10-26,photograph
258758,10304228,200,134,0.027,digital color photograph,"Nieuwkerk, Michiel van",2013-10-26,photograph
258763,10304293,200,133,0.027,digital color photograph,"Nieuwkerk, Michiel van",2012-09-24,photograph
258764,10304295,200,133,0.027,digital color photograph,"Nieuwkerk, Michiel van",2012-09-24,photograph
258934,10304370,200,134,0.027,digital color photograph,"Nieuwkerk, Michiel van",2013-06-24,photograph
258935,10304371,200,134,0.027,digital color photograph,"Nieuwkerk, Michiel van",2013-06-24,photograph
258936,10304372,200,134,0.027,digital color photograph,"Nieuwkerk, Michiel van",2013-06-24,photograph
258937,10304373,200,134,0.027,digital color photograph,"Nieuwkerk, Michiel van",2013-06-24,photograph
258938,10304374,200,134,0.027,digital color photograph,"Nieuwkerk, Michiel van",2013-06-24,photograph
258939,10304375,200,134,0.027,digital color photograph,"Nieuwkerk, Michiel van",2013-06-24,photograph
258941,10304376,200,134,0.027,digital color photograph,"Nieuwkerk, Michiel van",2013-06-24,photograph
258946,10304363,200,133,0.027,digital color photograph,"Nieuwkerk, Michiel van",2010-08-05,photograph
258947,10304364,200,133,0.027,digital color photograph,"Nieuwkerk, Michiel van",2010-08-05,photograph
258948,10304365,200,133,0.027,digital color photograph,"Nieuwkerk, Michiel van",2010-08-05,photograph
258949,10304366,200,133,0.027,digital color photograph,"Nieuwkerk, Michiel van",2010-08-05,photograph
258950,10304367,200,133,0.027,digital color photograph,"Nieuwkerk, Michiel van",2010-08-05,photograph
258951,10304368,200,133,0.027,digital color photograph,"Nieuwkerk, Michiel van",2010-08-05,photograph
258952,10304369,200,133,0.027,digital color photograph,"Nieuwkerk, Michiel van",2010-08-05,photograph
258966,10304377,200,133,0.027,digital color photograph,"Nieuwkerk, Michiel van",2012-05-21,photograph
258967,10304378,200,133,0.027,digital color photograph,"Nieuwkerk, Michiel van",2012-05-21,photograph
258968,10304379,200,133,0.027,digital color photograph,"Nieuwkerk, Michiel van",2012-05-21,photograph
258971,10304380,200,133,0.027,digital color photograph,"Nieuwkerk, Michiel van",2012-05-21,photograph
258972,10304381,200,133,0.027,digital color photograph,"Nieuwkerk, Michiel van",2012-05-21,photograph
258973,10304382,200,133,0.027,digital color photograph,"Nieuwkerk, Michiel van",2012-05-21,photograph
258974,10304383,200,133,0.027,digital color photograph,"Nieuwkerk, Michiel van",2012-05-21,photograph
258997,10304405,200,133,0.027,digital color photograph,"Nieuwkerk, Michiel van",2012-02-01,photograph
258998,10304406,200,133,0.027,digital color photograph,"Nieuwkerk, Michiel van",2012-02-01,photograph
258999,10304407,200,133,0.027,digital color photograph,"Nieuwkerk, Michiel van",2012-02-01,photograph
259001,10304408,200,133,0.027,digital color photograph,"Nieuwkerk, Michiel van",2012-02-01,photograph
259003,10304409,200,133,0.027,digital color photograph,"Nieuwkerk, Michiel van",2012-02-01,photograph
259004,10304410,200,133,0.027,digital color photograph,"Nieuwkerk, Michiel van",2012-02-01,photograph
259005,10304411,200,133,0.027,digital color photograph,"Nieuwkerk, Michiel van",2012-02-01,photograph
259015,10304412,201,133,0.027,digital color photograph,"Nieuwkerk, Michiel van",2011-04-14,photograph
259016,10304413,201,133,0.027,digital color photograph,"Nieuwkerk, Michiel van",2011-04-14,photograph
259017,10304414,201,133,0.027,digital color photograph,"Nieuwkerk, Michiel van",2011-04-14,photograph
259019,10304415,201,133,0.027,digital color photograph,"Nieuwkerk, Michiel van",2011-04-14,photograph
259020,10304416,201,133,0.027,digital color photograph,"Nieuwkerk, Michiel van",2011-04-14,photograph
259022,10304417,201,133,0.027,digital color photograph,"Nieuwkerk, Michiel van",2011-04-14,photograph
259023,10304418,201,133,0.027,digital color photograph,"Nieuwkerk, Michiel van",2011-04-14,photograph
259168,10304307,201,133,0.027,digital color photograph,"Nieuwkerk, Michiel van",2011-09-17,photograph
259169,10304308,201,133,0.027,digital color photograph,"Nieuwkerk, Michiel van",2011-09-17,photograph
259170,10304310,201,133,0.027,digital color photograph,"Nieuwkerk, Michiel van",2011-09-17,photograph
259171,10304311,201,133,0.027,digital color photograph,"Nieuwkerk, Michiel van",2011-09-17,photograph
259172,10304312,201,133,0.027,digital color photograph,"Nieuwkerk, Michiel van",2011-09-17,photograph
259173,10304313,201,133,0.027,digital color photograph,"Nieuwkerk, Michiel van",2011-09-17,photograph
259187,10304321,200,134,0.027,digital color photograph,"Nieuwkerk, Michiel van",2013-08-21,photograph
259188,10304322,200,134,0.027,digital color photograph,"Nieuwkerk, Michiel van",2013-08-21,photograph
259189,10304323,200,134,0.027,digital color photograph,"Nieuwkerk, Michiel van",2013-08-21,photograph
259190,10304324,200,134,0.027,digital color photograph,"Nieuwkerk, Michiel van",2013-08-21,photograph
259191,10304325,200,134,0.027,digital color photograph,"Nieuwkerk, Michiel van",2013-08-21,photograph
259192,10304326,200,134,0.027,digital color photograph,"Nieuwkerk, Michiel van",2013-08-21,photograph
259193,10304327,200,134,0.027,digital color photograph,"Nieuwkerk, Michiel van",2013-08-21,photograph
259200,10304356,200,134,0.027,digital color photograph,"Nieuwkerk, Michiel van",2013-08-22,photograph
259202,10304357,200,134,0.027,digital color photograph,"Nieuwkerk, Michiel van",2013-08-22,photograph
259204,10304358,200,134,0.027,digital color photograph,"Nieuwkerk, Michiel van",2013-08-22,photograph
259207,10304359,200,134,0.027,digital color photograph,"Nieuwkerk, Michiel van",2013-08-22,photograph
259209,10304360,200,134,0.027,digital color photograph,"Nieuwkerk, Michiel van",2013-08-22,photograph
259210,10304361,200,134,0.027,digital color photograph,"Nieuwkerk, Michiel van",2013-08-22,photograph
259211,10304362,200,134,0.027,digital color photograph,"Nieuwkerk, Michiel van",2013-08-22,photograph
259295,10304391,200,133,0.027,digital color photograph,"Nieuwkerk, Michiel van",2010-07-28,photograph
259296,10304392,200,133,0.027,digital color photograph,"Nieuwkerk, Michiel van",2010-07-28,photograph
259297,10304393,200,133,0.027,digital color photograph,"Nieuwkerk, Michiel van",2010-07-28,photograph
259300,10304394,200,133,0.027,digital color photograph,"Nieuwkerk, Michiel van",2010-07-28,photograph
259302,10304395,200,133,0.027,digital color photograph,"Nieuwkerk, Michiel van",2010-07-28,photograph
259303,10304396,200,133,0.027,digital color photograph,"Nieuwkerk, Michiel van",2010-07-28,photograph
259304,10304397,200,133,0.027,digital color photograph,"Nieuwkerk, Michiel van",2010-07-28,photograph
259606,10304454,200,134,0.027,digital color photograph,"Nieuwkerk, Michiel van",2013-06-09,photograph
259607,10304455,200,134,0.027,digital color photograph,"Nieuwkerk, Michiel van",2013-06-09,photograph
259608,10304456,200,134,0.027,digital color photograph,"Nieuwkerk, Michiel van",2013-06-09,photograph
259610,10304457,200,134,0.027,digital color photograph,"Nieuwkerk, Michiel van",2013-06-09,photograph
259611,10304458,200,134,0.027,digital color photograph,"Nieuwkerk, Michiel van",2013-06-09,photograph
259612,10304459,200,134,0.027,digital color photograph,"Nieuwkerk, Michiel van",2013-06-09,photograph
259613,10304460,201,134,0.027,digital color photograph,"Nieuwkerk, Michiel van",2013-06-09,photograph
259625,10304490,200,133,0.027,digital color photograph,"Nieuwkerk, Michiel van",2012-04-02,photograph
259626,10304491,200,133,0.027,digital color photograph,"Nieuwkerk, Michiel van",2012-04-02,photograph
259627,10304492,200,133,0.027,digital color photograph,"Nieuwkerk, Michiel van",2012-04-02,photograph
259628,10304493,200,133,0.027,digital color photograph,"Nieuwkerk, Michiel van",2012-04-02,photograph
259629,10304494,200,133,0.027,digital color photograph,"Nieuwkerk, Michiel van",2012-04-02,photograph
259630,10304495,200,133,0.027,digital color photograph,"Nieuwkerk, Michiel van",2012-04-02,photograph
260597,10654370,218,500,0.109,digital image,"Dooijewaard, Jacob",1900,painting
261262,10302846,200,136,0.027,black and white photograph,"Boersma, Pieter (fotograaf)",1993-02,photograph
261267,10302842,200,136,0.027,black and white photograph,"Boersma, Pieter (fotograaf)",1974-02,photograph
261268,10302844,201,142,0.029,black and white photograph,"Boersma, Pieter (fotograaf)",1977,photograph
261269,10302845,200,136,0.027,black and white photograph,"Boersma, Pieter (fotograaf)",1993-02,photograph
261271,10302843,201,158,0.032,black and white photograph,"Boersma, Pieter (fotograaf)",1974,photograph
261750,10655429,500,193,0.097,digital image,"Citroen, Paul",1942,painting
264120,9175584,150,201,0.03,black and white photograph,"Dommisse, Marianne",1967,photograph
265403,10658602,500,199,0.1,digital image,"Fuijck, Maerten van der",1660,painting
265412,10288528,201,151,0.03,black and white photograph,"Dommisse, Marianne",1974,photograph
265414,10288508,200,137,0.027,black and white photograph,"Boersma, Pieter (fotograaf)",1979,photograph
265472,10288509,201,136,0.027,black and white photograph,"Boersma, Pieter (fotograaf)",1979,photograph
265473,10288510,201,137,0.028,black and white photograph,"Boersma, Pieter (fotograaf)",1979,photograph
265474,10288506,201,137,0.028,black and white photograph,"Boersma, Pieter (fotograaf)",1979,photograph
265475,10288507,200,137,0.027,black and white photograph,"Boersma, Pieter (fotograaf)",1979,photograph
265482,10288502,200,134,0.027,black and white photograph,"Boersma, Pieter (fotograaf)",1975,photograph
265493,10288504,200,133,0.027,black and white photograph,"Boersma, Pieter (fotograaf)",1980,photograph
265518,10288505,201,159,0.032,black and white photograph,"Boersma, Pieter (fotograaf)",1972,photograph
265519,10288511,201,162,0.033,black and white photograph,"Boersma, Pieter (fotograaf)",1974,photograph
265524,10288512,200,133,0.027,black and white photograph,"Boersma, Pieter (fotograaf)",1973,photograph
265536,10288515,201,165,0.033,black and white photograph,"Boersma, Pieter (fotograaf)",1984,photograph
265548,10288516,200,165,0.033,black and white photograph,"Boersma, Pieter (fotograaf)",1984,photograph
265550,10288514,200,162,0.032,black and white photograph,"Boersma, Pieter (fotograaf)",1984,photograph
265585,10288518,200,165,0.033,black and white photograph,"Boersma, Pieter (fotograaf)",1984,photograph
265595,10288519,137,200,0.027,black and white photograph,"Boersma, Pieter (fotograaf)",1977,photograph
265606,10288520,200,137,0.027,black and white photograph,"Boersma, Pieter (fotograaf)",1972,photograph
265666,10288521,200,159,0.032,black and white photograph,"Boersma, Pieter (fotograaf)",1974,photograph
265667,10288522,200,135,0.027,black and white photograph,"Boersma, Pieter (fotograaf)",1978,photograph
265668,10288513,201,132,0.027,black and white photograph,"Boersma, Pieter (fotograaf)",1976,photograph
265702,9317851,146,200,0.029,black and white photograph,"Dommisse, Marianne",1975,photograph
265708,9317852,146,201,0.029,black and white photograph,"Dommisse, Marianne",1975,photograph
265716,9317853,200,151,0.03,black and white photograph,"Dommisse, Marianne",1955,photograph
265788,10349143,157,201,0.032,digital black-and-white photograph,"Kort, Hans de",2015,photograph
265796,10349140,158,201,0.032,digital black-and-white photograph,"Kort, Hans de",2014,photograph
265797,10349136,160,201,0.032,digital black-and-white photograph,"Kort, Hans de",2013,photograph
265798,10349133,159,201,0.032,digital black-and-white photograph,"Kort, Hans de",2013,photograph
265800,10349132,161,200,0.032,digital black-and-white photograph,"Kort, Hans de",2015,photograph
265801,10349131,161,201,0.032,digital black-and-white photograph,"Kort, Hans de",2015,photograph
265806,10349130,156,200,0.031,digital black-and-white photograph,"Kort, Hans de",2015,photograph
265807,10349129,160,200,0.032,digital black-and-white photograph,"Kort, Hans de",2015,photograph
265808,10349128,162,201,0.033,digital black-and-white photograph,"Kort, Hans de",2015,photograph
265809,10349141,159,200,0.032,digital black-and-white photograph,"Kort, Hans de",2014,photograph
265810,10349137,161,200,0.032,digital black-and-white photograph,"Kort, Hans de",2015,photograph
265850,10349135,160,201,0.032,digital black-and-white photograph,"Kort, Hans de",2015,photograph
265851,10349139,158,200,0.032,digital black-and-white photograph,"Kort, Hans de",2014,photograph
265853,10349142,159,200,0.032,digital black-and-white photograph,"Kort, Hans de",2015,photograph
265854,10349138,161,200,0.032,digital black-and-white photograph,"Kort, Hans de",2015,photograph
265939,10349134,162,201,0.033,digital black-and-white photograph,"Kort, Hans de",2015,photograph
266732,10673340,158,200,0.032,digital black-and-white photograph,"Breukel, Koos",2004,photograph
266733,9236648,200,177,0.035,digital image,"Kraan, Helena van der",2004,photograph
266775,10673339,151,200,0.03,digital color photograph,"Breukel, Koos",2011,photograph
266779,10673334,167,200,0.033,digital color photograph,"Mentzel, Vincent",2000,photograph
267094,9318462,204,500,0.102,reproduction (derivative object),"Rieser, Willy",1965,drawing (visual work)
267314,10660149,134,201,0.027,digital color photograph,"Nieuwkerk, Michiel van",2015,photograph
267421,10663511,215,501,0.108,black-and-white reproduction,Giovanni del Biondo,1345,painting
267532,10349127,160,200,0.032,digital black-and-white photograph,"Kort, Hans de",2014,photograph
268277,10349165,200,134,0.027,digital color photograph,"Nieuwkerk, Michiel van",2014,photograph
268281,10349164,200,134,0.027,digital color photograph,"Nieuwkerk, Michiel van",2014,photograph
268282,10349166,200,134,0.027,digital color photograph,"Nieuwkerk, Michiel van",2014,photograph
268293,10349168,200,134,0.027,digital color photograph,"Nieuwkerk, Michiel van",2014,photograph
268295,10349167,200,134,0.027,digital color photograph,"Nieuwkerk, Michiel van",2014,photograph
268309,10349155,200,134,0.027,digital color photograph,"Nieuwkerk, Michiel van",2014,photograph
268310,10349156,200,134,0.027,digital color photograph,"Nieuwkerk, Michiel van",2014,photograph
268312,10349157,200,134,0.027,digital color photograph,"Nieuwkerk, Michiel van",2014,photograph
268313,10349158,200,134,0.027,digital color photograph,"Nieuwkerk, Michiel van",2014,photograph
268314,10349159,200,134,0.027,digital color photograph,"Nieuwkerk, Michiel van",2014,photograph
268315,10349160,200,134,0.027,digital color photograph,"Nieuwkerk, Michiel van",2014,photograph
268316,10349161,200,134,0.027,digital color photograph,"Nieuwkerk, Michiel van",2014,photograph
268326,10349169,200,134,0.027,digital color photograph,"Nieuwkerk, Michiel van",2014,photograph
268330,10349170,200,134,0.027,digital color photograph,"Nieuwkerk, Michiel van",2014,photograph
268331,10349171,200,134,0.027,digital color photograph,"Nieuwkerk, Michiel van",2014,photograph
268334,10349172,200,134,0.027,digital color photograph,"Nieuwkerk, Michiel van",2014,photograph
268336,10349173,200,134,0.027,digital color photograph,"Nieuwkerk, Michiel van",2014,photograph
268337,10349174,200,134,0.027,digital color photograph,"Nieuwkerk, Michiel van",2014,photograph
268338,10349175,200,134,0.027,digital color photograph,"Nieuwkerk, Michiel van",2014,photograph
268411,10349204,200,134,0.027,digital color photograph,"Nieuwkerk, Michiel van",2014,photograph
268413,10349205,200,134,0.027,digital color photograph,"Nieuwkerk, Michiel van",2014,photograph
268414,10349206,200,134,0.027,digital color photograph,"Nieuwkerk, Michiel van",2014,photograph
268415,10349207,200,134,0.027,digital color photograph,"Nieuwkerk, Michiel van",2014,photograph
268416,10349208,200,134,0.027,digital color photograph,"Nieuwkerk, Michiel van",2014,photograph
268417,10349209,200,134,0.027,digital color photograph,"Nieuwkerk, Michiel van",2014,photograph
268418,10349210,200,134,0.027,digital color photograph,"Nieuwkerk, Michiel van",2014,photograph
268419,10349190,200,134,0.027,digital color photograph,"Nieuwkerk, Michiel van",2014,photograph
268424,10349191,200,134,0.027,digital color photograph,"Nieuwkerk, Michiel van",2014,photograph
268425,10349192,200,134,0.027,digital color photograph,"Nieuwkerk, Michiel van",2014,photograph
268426,10349193,200,134,0.027,digital color photograph,"Nieuwkerk, Michiel van",2014,photograph
268427,10349194,200,134,0.027,digital color photograph,"Nieuwkerk, Michiel van",2014,photograph
268430,10349195,200,134,0.027,digital color photograph,"Nieuwkerk, Michiel van",2014,photograph
268431,10349196,200,134,0.027,digital color photograph,"Nieuwkerk, Michiel van",2014,photograph
268437,10349183,200,134,0.027,digital color photograph,"Nieuwkerk, Michiel van",2014,photograph
268439,10349184,200,134,0.027,digital color photograph,"Nieuwkerk, Michiel van",2014,photograph
268440,10349185,200,134,0.027,digital color photograph,"Nieuwkerk, Michiel van",2014,photograph
268441,10349186,200,134,0.027,digital color photograph,"Nieuwkerk, Michiel van",2014,photograph
268442,10349187,200,134,0.027,digital color photograph,"Nieuwkerk, Michiel van",2014,photograph
268444,10349188,200,134,0.027,digital color photograph,"Nieuwkerk, Michiel van",2014,photograph
268445,10349189,200,134,0.027,digital color photograph,"Nieuwkerk, Michiel van",2014,photograph
268447,10349197,200,134,0.027,digital color photograph,"Nieuwkerk, Michiel van",2014,photograph
268448,10349198,200,134,0.027,digital color photograph,"Nieuwkerk, Michiel van",2014,photograph
268449,10349199,200,134,0.027,digital color photograph,"Nieuwkerk, Michiel van",2014,photograph
268450,10349200,200,134,0.027,digital color photograph,"Nieuwkerk, Michiel van",2014,photograph
268451,10349201,200,134,0.027,digital color photograph,"Nieuwkerk, Michiel van",2014,photograph
268454,10349202,200,134,0.027,digital color photograph,"Nieuwkerk, Michiel van",2014,photograph
268455,10349203,200,134,0.027,digital color photograph,"Nieuwkerk, Michiel van",2014,photograph
268463,10349182,200,134,0.027,digital color photograph,"Nieuwkerk, Michiel van",2014,photograph
268464,10349176,200,134,0.027,digital color photograph,"Nieuwkerk, Michiel van",2014,photograph
268465,10349177,200,134,0.027,digital color photograph,"Nieuwkerk, Michiel van",2014,photograph
268466,10349178,200,134,0.027,digital color photograph,"Nieuwkerk, Michiel van",2014,photograph
268468,10349179,200,134,0.027,digital color photograph,"Nieuwkerk, Michiel van",2014,photograph
268469,10349180,200,134,0.027,digital color photograph,"Nieuwkerk, Michiel van",2014,photograph
268470,10349181,200,134,0.027,digital color photograph,"Nieuwkerk, Michiel van",2014,photograph
268932,10349225,200,134,0.027,digital color photograph,"Nieuwkerk, Michiel van",2014,photograph
268934,10349226,200,134,0.027,digital color photograph,"Nieuwkerk, Michiel van",2014,photograph
268935,10349227,200,134,0.027,digital color photograph,"Nieuwkerk, Michiel van",2014,photograph
268936,10349228,200,134,0.027,digital color photograph,"Nieuwkerk, Michiel van",2014,photograph
268938,10349229,200,134,0.027,digital color photograph,"Nieuwkerk, Michiel van",2014,photograph
268940,10349230,200,134,0.027,digital color photograph,"Nieuwkerk, Michiel van",2014,photograph
268941,10349231,200,134,0.027,digital color photograph,"Nieuwkerk, Michiel van",2014,photograph
268949,10349211,200,134,0.027,digital color photograph,"Nieuwkerk, Michiel van",2014,photograph
268951,10349212,200,134,0.027,digital color photograph,"Nieuwkerk, Michiel van",2014,photograph
268952,10349213,200,134,0.027,digital color photograph,"Nieuwkerk, Michiel van",2014,photograph
268960,10349214,200,134,0.027,digital color photograph,"Nieuwkerk, Michiel van",2014,photograph
269070,10349215,200,134,0.027,digital color photograph,"Nieuwkerk, Michiel van",2014,photograph
269071,10349216,200,134,0.027,digital color photograph,"Nieuwkerk, Michiel van",2014,photograph
269072,10349217,200,134,0.027,digital color photograph,"Nieuwkerk, Michiel van",2014,photograph
269087,10349239,200,134,0.027,digital color photograph,"Nieuwkerk, Michiel van",2014,photograph
269089,10349240,200,134,0.027,digital color photograph,"Nieuwkerk, Michiel van",2014,photograph
269106,10349241,200,134,0.027,digital color photograph,"Nieuwkerk, Michiel van",2014,photograph
269107,10349242,200,134,0.027,digital color photograph,"Nieuwkerk, Michiel van",2014,photograph
269108,10349243,200,134,0.027,digital color photograph,"Nieuwkerk, Michiel van",2014,photograph
269110,10349244,200,134,0.027,digital color photograph,"Nieuwkerk, Michiel van",2014,photograph
269111,10349245,200,134,0.027,digital color photograph,"Nieuwkerk, Michiel van",2014,photograph
269116,10349222,200,134,0.027,digital color photograph,"Nieuwkerk, Michiel van",2014,photograph
269124,10349223,200,134,0.027,digital color photograph,"Nieuwkerk, Michiel van",2014,photograph
269126,10349224,200,134,0.027,digital color photograph,"Nieuwkerk, Michiel van",2014,photograph
269127,10349218,200,134,0.027,digital color photograph,"Nieuwkerk, Michiel van",2014,photograph
269129,10349219,200,134,0.027,digital color photograph,"Nieuwkerk, Michiel van",2014,photograph
269130,10349220,200,134,0.027,digital color photograph,"Nieuwkerk, Michiel van",2014,photograph
269131,10349221,200,134,0.027,digital color photograph,"Nieuwkerk, Michiel van",2014,photograph
269137,10349253,200,134,0.027,digital color photograph,"Nieuwkerk, Michiel van",2014,photograph
269139,10349254,200,134,0.027,digital color photograph,"Nieuwkerk, Michiel van",2014,photograph
269141,10349255,200,134,0.027,digital color photograph,"Nieuwkerk, Michiel van",2014,photograph
269142,10349256,200,134,0.027,digital color photograph,"Nieuwkerk, Michiel van",2014,photograph
269143,10349257,200,134,0.027,digital color photograph,"Nieuwkerk, Michiel van",2014,photograph
269144,10349258,200,134,0.027,digital color photograph,"Nieuwkerk, Michiel van",2014,photograph
269145,10349259,200,134,0.027,digital color photograph,"Nieuwkerk, Michiel van",2014,photograph
269282,10349246,200,134,0.027,digital color photograph,"Nieuwkerk, Michiel van",2014,photograph
269301,10349247,200,134,0.027,digital color photograph,"Nieuwkerk, Michiel van",2014,photograph
269302,10349248,200,134,0.027,digital color photograph,"Nieuwkerk, Michiel van",2014,photograph
269304,10349249,200,134,0.027,digital color photograph,"Nieuwkerk, Michiel van",2014,photograph
269305,10349250,200,134,0.027,digital color photograph,"Nieuwkerk, Michiel van",2014,photograph
269306,10349251,200,134,0.027,digital color photograph,"Nieuwkerk, Michiel van",2014,photograph
269307,10349252,200,134,0.027,digital color photograph,"Nieuwkerk, Michiel van",2014,photograph
269314,10349232,200,134,0.027,digital color photograph,"Nieuwkerk, Michiel van",2014,photograph
269328,10349233,200,134,0.027,digital color photograph,"Nieuwkerk, Michiel van",2014,photograph
269329,10349234,200,134,0.027,digital color photograph,"Nieuwkerk, Michiel van",2014,photograph
269330,10349235,200,134,0.027,digital color photograph,"Nieuwkerk, Michiel van",2014,photograph
269332,10349236,200,134,0.027,digital color photograph,"Nieuwkerk, Michiel van",2014,photograph
269333,10349237,200,134,0.027,digital color photograph,"Nieuwkerk, Michiel van",2014,photograph
269336,10349238,200,134,0.027,digital color photograph,"Nieuwkerk, Michiel van",2014,photograph
269507,10349261,134,200,0.027,digital black-and-white photograph,"Troelstra, Sander",2014,photograph
269508,10349262,134,200,0.027,digital black-and-white photograph,"Troelstra, Sander",2014,photograph
269509,10349263,134,201,0.027,digital black-and-white photograph,"Troelstra, Sander",2011,photograph
269512,10349264,134,200,0.027,digital black-and-white photograph,"Troelstra, Sander",2015,photograph
272732,10665564,187,500,0.093,digital image,"Toorop, Jan",1897,drawing (visual work)
272737,10665568,175,501,0.088,digital image,"Toorop, Jan",1897,drawing (visual work)
272740,10665570,206,500,0.103,digital image,"Toorop, Jan",1897,drawing (visual work)
273260,10666042,175,501,0.088,digital image,"List, Wilhelm",1915,painting
275319,10352915,200,134,0.027,digital color photograph,"Huisman, Jordi",2014-12-01,photograph
275322,10352916,200,134,0.027,digital color photograph,"Huisman, Jordi",2014-12-01,photograph
275344,10352918,200,134,0.027,digital color photograph,"Huisman, Jordi",2014-12-01,photograph
275345,10352919,200,134,0.027,digital color photograph,"Huisman, Jordi",2014-12-01,photograph
275361,10352920,200,134,0.027,digital color photograph,"Huisman, Jordi",2012-09-01,photograph
275363,10352921,200,134,0.027,digital color photograph,"Huisman, Jordi",2012-09-01,photograph
275368,10352922,200,134,0.027,digital color photograph,"Huisman, Jordi",2012-09-01,photograph
275369,10352923,201,134,0.027,digital color photograph,"Huisman, Jordi",2012-09-01,photograph
275371,10352925,200,134,0.027,digital color photograph,"Huisman, Jordi",2012-09-01,photograph
275653,10669333,221,500,0.111,color photograph,Anoniem,1576,painting
277502,10288625,200,155,0.031,digital color photograph,"Smits, André (1960-)",2016-04-04,photograph
277541,10288585,200,155,0.031,digital color photograph,"Smits, André (1960-)",2016-03-31,photograph
277542,10288584,200,155,0.031,digital color photograph,"Smits, André (1960-)",2016-04-04,photograph
277543,10288586,200,155,0.031,digital color photograph,"Smits, André (1960-)",2016-04-01,photograph
277549,10288587,200,155,0.031,digital color photograph,"Smits, André (1960-)",2016-04-06,photograph
277550,10288588,200,155,0.031,digital color photograph,"Smits, André (1960-)",2016-04-03,photograph
277552,10288589,200,155,0.031,digital color photograph,"Smits, André (1960-)",2016-04-02,photograph
277561,10288590,200,155,0.031,digital color photograph,"Smits, André (1960-)",2016-04-04,photograph
277562,10288591,200,155,0.031,digital color photograph,"Smits, André (1960-)",2016-04-03,photograph
277563,10288592,200,155,0.031,digital color photograph,"Smits, André (1960-)",2016-04-05,photograph
277564,10288593,200,155,0.031,digital color photograph,"Smits, André (1960-)",2016-04-06,photograph
277565,10288594,200,155,0.031,digital color photograph,"Smits, André (1960-)",2016-03-31,photograph
277566,10288595,200,155,0.031,digital color photograph,"Smits, André (1960-)",2016-03-31,photograph
277569,10288596,200,155,0.031,digital color photograph,"Smits, André (1960-)",2016-04-03,photograph
277570,10288597,200,155,0.031,digital color photograph,"Smits, André (1960-)",2016-04-05,photograph
277572,10288598,200,155,0.031,digital color photograph,"Smits, André (1960-)",2016-04-06,photograph
277605,10288599,200,155,0.031,digital color photograph,"Smits, André (1960-)",2016-04-07,photograph
277607,10288601,200,155,0.031,digital color photograph,"Smits, André (1960-)",2016-03-30,photograph
277608,10288600,200,155,0.031,digital color photograph,"Smits, André (1960-)",2016-03-31,photograph
277617,10288602,200,155,0.031,digital color photograph,"Smits, André (1960-)",2016-04-01,photograph
277628,10288603,200,155,0.031,digital color photograph,"Smits, André (1960-)",2016-04-04,photograph
277629,10288604,200,155,0.031,digital color photograph,"Smits, André (1960-)",2016-03-30,photograph
277630,10288605,200,155,0.031,digital color photograph,"Smits, André (1960-)",2016-03-30,photograph
277637,10288606,200,155,0.031,digital color photograph,"Smits, André (1960-)",2016-03-30,photograph
277744,10288607,200,155,0.031,digital color photograph,"Smits, André (1960-)",2016-04-03,photograph
277748,10288608,200,155,0.031,digital color photograph,"Smits, André (1960-)",2016-04-05,photograph
277752,10288609,200,155,0.031,digital color photograph,"Smits, André (1960-)",2016-04-03,photograph
277757,10288610,200,155,0.031,digital color photograph,"Smits, André (1960-)",2016-04-01,photograph
277759,10671752,500,215,0.107,digital image,"Ket, Dick",1937,painting
277766,10288611,200,155,0.031,digital color photograph,"Smits, André (1960-)",2016-04-09,photograph
277773,10288612,200,155,0.031,digital color photograph,"Smits, André (1960-)",2016-04-09,photograph
277793,10288613,200,155,0.031,digital color photograph,"Smits, André (1960-)",2016-04-06,photograph
277803,10288614,200,155,0.031,digital color photograph,"Smits, André (1960-)",2016-04-06,photograph
277846,10288615,200,155,0.031,digital color photograph,"Smits, André (1960-)",2016-03-31,photograph
277849,10288617,200,155,0.031,digital color photograph,"Smits, André (1960-)",2016-04-03,photograph
277886,10288618,200,155,0.031,digital color photograph,"Smits, André (1960-)",2016-04-03,photograph
277890,10288619,200,155,0.031,digital color photograph,"Smits, André (1960-)",2016-03-30,photograph
277907,10288620,200,155,0.031,digital color photograph,"Smits, André (1960-)",2016-04-04,photograph
277909,10288621,200,155,0.031,digital color photograph,"Smits, André (1960-)",2016-04-04,photograph
277914,10288624,200,155,0.031,digital color photograph,"Smits, André (1960-)",2016-03-30,photograph
277916,10288627,200,155,0.031,digital color photograph,"Smits, André (1960-)",2016-03-30,photograph
277917,10288626,200,155,0.031,digital color photograph,"Smits, André (1960-)",2016-04-04,photograph
277973,10288622,200,155,0.031,digital color photograph,"Smits, André (1960-)",2016-04-01,photograph
277974,10288623,200,155,0.031,digital color photograph,"Smits, André (1960-)",2016-04-02,photograph
277976,10288616,200,155,0.031,digital color photograph,"Smits, André (1960-)",2016-03-30,photograph
278200,10672474,500,216,0.108,digital image,"Wagenschön, Franz Xaver",1741,reproductive print
279640,10355529,200,155,0.031,digital color photograph,"Smits, André (1960-)",2016-09-15,photograph
279702,10355513,200,155,0.031,digital color photograph,"Smits, André (1960-)",2016-09-04,photograph
279737,10355514,200,155,0.031,digital color photograph,"Smits, André (1960-)",2016-09-15,photograph
279850,10355515,200,155,0.031,digital color photograph,"Smits, André (1960-)",2016-09-15,photograph
279852,10355516,200,155,0.031,digital color photograph,"Smits, André (1960-)",2016-09-14,photograph
279853,10355517,200,155,0.031,digital color photograph,"Smits, André (1960-)",2016-09-17,photograph
279854,10355518,200,155,0.031,digital color photograph,"Smits, André (1960-)",2016-08-31,photograph
279862,10355519,200,155,0.031,digital color photograph,"Smits, André (1960-)",2016-09-04,photograph
279869,10355520,200,155,0.031,digital color photograph,"Smits, André (1960-)",2016-09-18,photograph
279870,10355521,200,155,0.031,digital color photograph,"Smits, André (1960-)",2016-09-19,photograph
279873,10355522,200,155,0.031,digital color photograph,"Smits, André (1960-)",2016-08-31,photograph
279909,10355523,200,155,0.031,digital color photograph,"Smits, André (1960-)",2016-09-04,photograph
279913,10355524,200,155,0.031,digital color photograph,"Smits, André (1960-)",2016-09-01,photograph
279925,10355525,200,155,0.031,digital color photograph,"Smits, André (1960-)",2016-09-19,photograph
279999,10355526,200,155,0.031,digital color photograph,"Smits, André (1960-)",2016-09-19,photograph
280000,10355527,200,155,0.031,digital color photograph,"Smits, André (1960-)",2016-08-31,photograph
280001,10355528,200,155,0.031,digital color photograph,"Smits, André (1960-)",2016-09-03,photograph
280002,9236596,200,155,0.031,digital color photograph,"Smits, André (1960-)",2016-07-05,photograph
280004,9236597,200,155,0.031,digital color photograph,"Smits, André (1960-)",2016-03-19,photograph
280008,9236598,200,155,0.031,digital color photograph,"Smits, André (1960-)",2016-09-26,photograph
280011,10674623,200,155,0.031,digital color photograph,"Smits, André (1960-)",2016-09-25,photograph
280017,10674624,200,155,0.031,digital color photograph,"Smits, André (1960-)",2015-10-06,photograph
280018,10674626,200,155,0.031,digital color photograph,"Smits, André (1960-)",2016-10-03,photograph
280115,9197853,501,199,0.1,digital color photograph,"Meerdink, Jacob Reyer",1982,series
281448,10676565,135,500,0.068,black and white photograph,"Jansen, Peter (1938-)",1973,installation (visual work)
283579,10679319,500,202,0.101,color reproduction,"Bergen, Raymond van (pater)",1924,drawing (visual work)
284136,10680053,501,159,0.08,digital color photograph,"Huysmans, Constant",1825,drawing (visual work)
284245,10791051,200,150,0.03,digital black-and-white photograph,"Koster, Nico",1981-09-05,photograph
285511,10682127,500,217,0.108,digital image,Anoniem,1573,triptych
288028,10686329,500,135,0.068,digital image,"Cleve, Joos van",1515,triptych
288443,10803146,500,183,0.091,digital black-and-white photograph,"Offenberg, Johannes Wilhelmus Franciscus",1859,photograph
288444,10803147,500,161,0.081,digital black-and-white photograph,Walery,1840,photograph
289793,10689357,167,500,0.084,digital image,"Bruyn, Bartholomäus (I)",1515,painting
289794,10689361,168,500,0.084,digital image,"Bruyn, Bartholomäus (I)",1515,painting
290085,10690042,183,500,0.091,digital image,Anoniem,1490,painting
293394,10697468,500,198,0.099,digital image,"Cantagallina, Remigio",1612,drawing (visual work)
293727,10698362,201,134,0.027,digital color photograph,"Smits, André (1960-)",2019-02-01,photograph
293728,10698363,201,134,0.027,digital color photograph,"Smits, André (1960-)",2019-01-29,photograph
293775,10353765,200,134,0.027,digital black-and-white photograph,"Boersma, Pieter (fotograaf)",1990-05,photograph
293777,10353766,200,134,0.027,digital black-and-white photograph,"Boersma, Pieter (fotograaf)",1990-05,photograph
293778,10353767,200,133,0.027,digital black-and-white photograph,"Boersma, Pieter (fotograaf)",1980-04,photograph
293779,10353768,200,134,0.027,digital black-and-white photograph,"Boersma, Pieter (fotograaf)",1981-09,photograph
293825,10353769,162,200,0.032,digital black-and-white photograph,"Boersma, Pieter (fotograaf)",1996-03,photograph
293826,10353770,199,201,0.04,digital black-and-white photograph,"Boersma, Pieter (fotograaf)",1967-12,photograph
293827,10353771,200,165,0.033,black and white photograph,"Boersma, Pieter (fotograaf)",1999-02,photograph
293828,10353772,200,161,0.032,digital color photograph,"Boersma, Pieter (fotograaf)",1982,photograph
293829,10353773,201,166,0.033,digital black-and-white photograph,"Boersma, Pieter (fotograaf)",2004-04,photograph
293830,10353774,200,166,0.033,digital black-and-white photograph,"Boersma, Pieter (fotograaf)",2004-04,photograph
293831,10353775,162,200,0.032,digital black-and-white photograph,"Boersma, Pieter (fotograaf)",1967-12,photograph
293832,10353776,200,134,0.027,digital black-and-white photograph,"Boersma, Pieter (fotograaf)",2000-06,photograph
293836,10353777,200,161,0.032,digital black-and-white photograph,"Boersma, Pieter (fotograaf)",1997-03,photograph
293837,10353778,200,162,0.032,digital black-and-white photograph,"Boersma, Pieter (fotograaf)",1982-08,photograph
293839,10353779,165,201,0.033,digital black-and-white photograph,"Boersma, Pieter (fotograaf)",1979-01,photograph
293840,10353780,201,164,0.033,digital black-and-white photograph,"Boersma, Pieter (fotograaf)",1979-01,photograph
293842,10353781,200,134,0.027,digital black-and-white photograph,"Boersma, Pieter (fotograaf)",1985-05,photograph
293844,10353782,200,134,0.027,digital black-and-white photograph,"Boersma, Pieter (fotograaf)",1985-05,photograph
293845,10353783,200,161,0.032,digital black-and-white photograph,"Boersma, Pieter (fotograaf)",1982-01,photograph
293847,10353784,200,165,0.033,digital black-and-white photograph,"Boersma, Pieter (fotograaf)",2004-04,photograph
293849,10353785,164,201,0.033,digital black-and-white photograph,"Boersma, Pieter (fotograaf)",1982-02,photograph
293938,10353786,200,133,0.027,digital black-and-white photograph,"Boersma, Pieter (fotograaf)",1976-10,photograph
293939,10353788,201,164,0.033,digital black-and-white photograph,"Boersma, Pieter (fotograaf)",1982-01,photograph
293941,10353789,201,160,0.032,digital black-and-white photograph,"Boersma, Pieter (fotograaf)",2000-03,photograph
293951,10353790,201,135,0.027,digital black-and-white photograph,"Boersma, Pieter (fotograaf)",1973-01,photograph
293953,10353791,201,134,0.027,digital black-and-white photograph,"Boersma, Pieter (fotograaf)",1973-01,photograph
293957,10353792,133,200,0.027,digital black-and-white photograph,"Boersma, Pieter (fotograaf)",1976-10,photograph
293961,10353793,200,133,0.027,digital black-and-white photograph,"Boersma, Pieter (fotograaf)",1992-12,photograph
293964,10353795,200,166,0.033,digital black-and-white photograph,"Boersma, Pieter (fotograaf)",1987-02,photograph
293965,10353796,150,201,0.03,digital black-and-white photograph,"Boersma, Pieter (fotograaf)",1987-02,photograph
293967,10353797,200,135,0.027,digital color photograph,"Boersma, Pieter (fotograaf)",1975-06,photograph
293969,10353800,134,200,0.027,digital color photograph,"Boersma, Pieter (fotograaf)",1979-10,photograph
293972,10353801,201,129,0.026,digital black-and-white photograph,"Boersma, Pieter (fotograaf)",1972-03,photograph
293974,10353802,200,161,0.032,digital black-and-white photograph,"Boersma, Pieter (fotograaf)",1999-02,photograph
293975,10353803,200,135,0.027,digital black-and-white photograph,"Boersma, Pieter (fotograaf)",1972-03,photograph
294037,10353804,201,164,0.033,digital black-and-white photograph,"Boersma, Pieter (fotograaf)",1982-07,photograph
294038,10353805,201,160,0.032,digital black-and-white photograph,"Boersma, Pieter (fotograaf)",1999-02,photograph
294039,10353806,201,161,0.032,digital black-and-white photograph,"Boersma, Pieter (fotograaf)",1997-03,photograph
294040,10353807,201,139,0.028,digital black-and-white photograph,"Boersma, Pieter (fotograaf)",1999-02,photograph
294042,10353808,201,160,0.032,digital black-and-white photograph,"Boersma, Pieter (fotograaf)",2001-04,photograph
294043,10353809,135,200,0.027,digital black-and-white photograph,"Boersma, Pieter (fotograaf)",1980,photograph
294045,10353810,165,200,0.033,digital black-and-white photograph,"Boersma, Pieter (fotograaf)",1998-03,photograph
294046,10353811,140,201,0.028,digital black-and-white photograph,"Boersma, Pieter (fotograaf)",1986-04,photograph
294047,10353812,201,130,0.026,digital black-and-white photograph,"Boersma, Pieter (fotograaf)",1986-04,photograph
294048,10353813,200,163,0.033,digital black-and-white photograph,"Boersma, Pieter (fotograaf)",1988-06,photograph
294049,10353814,140,200,0.028,digital black-and-white photograph,"Boersma, Pieter (fotograaf)",1985-11,photograph
294050,10353815,200,160,0.032,digital black-and-white photograph,"Boersma, Pieter (fotograaf)",1990-12,photograph
294051,10353816,136,200,0.027,digital black-and-white photograph,"Boersma, Pieter (fotograaf)",1982-09,photograph
294053,10353817,161,200,0.032,digital black-and-white photograph,"Boersma, Pieter (fotograaf)",1999-02,photograph
294054,10353818,200,134,0.027,digital black-and-white photograph,"Boersma, Pieter (fotograaf)",1985-09,photograph
294055,10353819,200,134,0.027,digital black-and-white photograph,"Boersma, Pieter (fotograaf)",1985-09,photograph
294056,10353820,200,163,0.033,digital black-and-white photograph,"Boersma, Pieter (fotograaf)",2003-03,photograph
294057,10353821,159,200,0.032,digital black-and-white photograph,"Boersma, Pieter (fotograaf)",1984-09,photograph
294058,10353822,201,135,0.027,digital black-and-white photograph,"Boersma, Pieter (fotograaf)",1978-03,photograph
294059,10353823,133,200,0.027,digital black-and-white photograph,"Boersma, Pieter (fotograaf)",1967-12,photograph
294060,10353824,141,200,0.028,digital black-and-white photograph,"Boersma, Pieter (fotograaf)",1983-01,photograph
294105,10353825,201,159,0.032,digital black-and-white photograph,"Boersma, Pieter (fotograaf)",2002-03,photograph
294108,10353826,201,162,0.033,digital black-and-white photograph,"Boersma, Pieter (fotograaf)",1994-03,photograph
294131,10353827,200,164,0.033,digital black-and-white photograph,"Boersma, Pieter (fotograaf)",1999-02,photograph
294132,10353828,200,134,0.027,digital black-and-white photograph,"Boersma, Pieter (fotograaf)",1983-02,photograph
294133,10353831,200,135,0.027,digital black-and-white photograph,"Boersma, Pieter (fotograaf)",1983-01,photograph
294134,10353836,200,156,0.031,digital black-and-white photograph,"Boersma, Pieter (fotograaf)",1999-04,photograph
294136,10353834,134,200,0.027,digital black-and-white photograph,"Boersma, Pieter (fotograaf)",1983-09,photograph
294137,10353835,200,134,0.027,digital black-and-white photograph,"Boersma, Pieter (fotograaf)",1983-09,photograph
294138,10353833,201,161,0.032,digital black-and-white photograph,"Boersma, Pieter (fotograaf)",1999-03,photograph
294139,10353837,201,158,0.032,digital black-and-white photograph,"Boersma, Pieter (fotograaf)",1996-03,photograph
294141,10353838,200,165,0.033,digital color photograph,"Boersma, Pieter (fotograaf)",1983-03,photograph
294142,10353839,201,135,0.027,digital black-and-white photograph,"Boersma, Pieter (fotograaf)",1991-02,photograph
294143,10353840,200,137,0.027,digital black-and-white photograph,"Boersma, Pieter (fotograaf)",1991-02,photograph
294144,10353841,159,200,0.032,digital black-and-white photograph,"Boersma, Pieter (fotograaf)",2004-05,photograph
294145,10353842,161,200,0.032,digital black-and-white photograph,"Boersma, Pieter (fotograaf)",1998-03,photograph
294147,10353843,201,164,0.033,digital black-and-white photograph,"Boersma, Pieter (fotograaf)",2001-04,photograph
294156,10353844,199,201,0.04,digital black-and-white photograph,"Boersma, Pieter (fotograaf)",1971-02,photograph
294158,10353845,201,167,0.034,digital black-and-white photograph,"Boersma, Pieter (fotograaf)",1987-03,photograph
294160,10353846,162,201,0.033,digital black-and-white photograph,"Boersma, Pieter (fotograaf)",1987-03,photograph
294168,10353847,133,201,0.027,digital black-and-white photograph,"Boersma, Pieter (fotograaf)",1980,photograph
294169,10353848,200,161,0.032,digital black-and-white photograph,"Boersma, Pieter (fotograaf)",1999-02,photograph
294172,10353849,201,127,0.026,digital black-and-white photograph,"Boersma, Pieter (fotograaf)",1990-12,photograph
294173,10353850,201,160,0.032,digital black-and-white photograph,"Boersma, Pieter (fotograaf)",1994-03,photograph
294175,10353851,138,200,0.028,digital black-and-white photograph,"Boersma, Pieter (fotograaf)",1986-06,photograph
294178,10353852,197,200,0.039,digital color photograph,"Boersma, Pieter (fotograaf)",1974-05,photograph
294179,10353853,200,164,0.033,digital black-and-white photograph,"Boersma, Pieter (fotograaf)",1977-02,photograph
294180,10353855,200,134,0.027,digital black-and-white photograph,"Boersma, Pieter (fotograaf)",1974-05,photograph
294181,10353856,200,133,0.027,digital black-and-white photograph,"Boersma, Pieter (fotograaf)",1974-05,photograph
294182,10353857,132,201,0.027,digital black-and-white photograph,"Boersma, Pieter (fotograaf)",1988-06,photograph
294184,10353858,200,133,0.027,digital black-and-white photograph,"Boersma, Pieter (fotograaf)",1989-09,photograph
294185,10353859,200,133,0.027,digital black-and-white photograph,"Boersma, Pieter (fotograaf)",1972-07,photograph
294186,10353860,200,136,0.027,digital black-and-white photograph,"Boersma, Pieter (fotograaf)",1977-08,photograph
294187,10353861,200,164,0.033,digital black-and-white photograph,"Boersma, Pieter (fotograaf)",1999-03,photograph
294218,10353862,201,133,0.027,digital black-and-white photograph,"Boersma, Pieter (fotograaf)",1970,photograph
294219,10353863,201,133,0.027,digital black-and-white photograph,"Boersma, Pieter (fotograaf)",1970,photograph
294220,10353864,201,137,0.028,digital black-and-white photograph,"Boersma, Pieter (fotograaf)",1974,photograph
294222,10353865,201,136,0.027,digital black-and-white photograph,"Boersma, Pieter (fotograaf)",1983-05,photograph
294223,10353866,201,136,0.027,digital black-and-white photograph,"Boersma, Pieter (fotograaf)",1983-05,photograph
294224,10353867,201,159,0.032,digital black-and-white photograph,"Boersma, Pieter (fotograaf)",1999-04,photograph
294225,10353868,194,200,0.039,digital black-and-white photograph,"Boersma, Pieter (fotograaf)",1970-03,photograph
294227,10353869,201,137,0.028,digital black-and-white photograph,"Boersma, Pieter (fotograaf)",1998-01,photograph
294229,10353870,135,200,0.027,digital black-and-white photograph,"Boersma, Pieter (fotograaf)",1969-03,photograph
294230,10353871,163,201,0.033,digital black-and-white photograph,"Boersma, Pieter (fotograaf)",1999-03,photograph
294231,10353872,158,200,0.032,digital black-and-white photograph,"Boersma, Pieter (fotograaf)",1999-04,photograph
294235,10353873,200,134,0.027,digital black-and-white photograph,"Boersma, Pieter (fotograaf)",1994-03,photograph
294237,10353874,135,200,0.027,digital black-and-white photograph,"Boersma, Pieter (fotograaf)",1965-08,photograph
294240,10353875,200,164,0.033,digital black-and-white photograph,"Boersma, Pieter (fotograaf)",2003-03,photograph
294242,10353876,200,142,0.028,digital black-and-white photograph,"Boersma, Pieter (fotograaf)",2002-03,photograph
294244,10353877,201,162,0.033,digital black-and-white photograph,"Boersma, Pieter (fotograaf)",1998-03,photograph
294245,10353878,198,201,0.04,digital black-and-white photograph,"Boersma, Pieter (fotograaf)",1966-12,photograph
294246,10353879,201,162,0.033,digital black-and-white photograph,"Boersma, Pieter (fotograaf)",1992-12,photograph
294247,10353880,201,136,0.027,digital black-and-white photograph,"Boersma, Pieter (fotograaf)",1992-06,photograph
294248,10353881,200,135,0.027,digital black-and-white photograph,"Boersma, Pieter (fotograaf)",1990-12,photograph
294303,10353883,133,201,0.027,digital black-and-white photograph,"Boersma, Pieter (fotograaf)",1990,photograph
294304,10353884,200,135,0.027,digital black-and-white photograph,"Boersma, Pieter (fotograaf)",2002-03,photograph
294306,10353885,200,135,0.027,digital black-and-white photograph,"Boersma, Pieter (fotograaf)",1972-08,photograph
294307,10353886,200,161,0.032,digital black-and-white photograph,"Boersma, Pieter (fotograaf)",1999-03,photograph
294310,10353890,160,201,0.032,digital black-and-white photograph,"Boersma, Pieter (fotograaf)",2000-04,photograph
294312,10353888,200,159,0.032,digital black-and-white photograph,"Boersma, Pieter (fotograaf)",2000-04,photograph
294314,10353889,158,200,0.032,digital black-and-white photograph,"Boersma, Pieter (fotograaf)",2007-08,photograph
294316,10353887,163,200,0.033,digital black-and-white photograph,"Boersma, Pieter (fotograaf)",2000-04,photograph
294317,10353891,137,200,0.027,digital black-and-white photograph,"Boersma, Pieter (fotograaf)",1974-02,photograph
294318,10353892,201,135,0.027,digital black-and-white photograph,"Boersma, Pieter (fotograaf)",1974-02,photograph
294319,10353893,201,135,0.027,digital black-and-white photograph,"Boersma, Pieter (fotograaf)",1974-02,photograph
294320,10353895,201,135,0.027,digital black-and-white photograph,"Boersma, Pieter (fotograaf)",1974-02,photograph
294321,10353896,200,135,0.027,digital black-and-white photograph,"Boersma, Pieter (fotograaf)",1974-02,photograph
294322,10353897,201,135,0.027,digital black-and-white photograph,"Boersma, Pieter (fotograaf)",1978-05,photograph
294324,10353898,200,141,0.028,digital black-and-white photograph,"Boersma, Pieter (fotograaf)",1994-09,photograph
294325,10353899,165,200,0.033,digital black-and-white photograph,"Boersma, Pieter (fotograaf)",1982-07,photograph
294327,10353900,201,165,0.033,digital black-and-white photograph,"Boersma, Pieter (fotograaf)",1982-07,photograph
294329,10353901,201,167,0.034,digital black-and-white photograph,"Boersma, Pieter (fotograaf)",1979-02,photograph
294330,10353902,137,201,0.028,digital black-and-white photograph,"Boersma, Pieter (fotograaf)",1979-02,photograph
294349,10353904,155,200,0.031,digital black-and-white photograph,"Boersma, Pieter (fotograaf)",1979-02,photograph
294350,10353905,155,200,0.031,digital black-and-white photograph,"Boersma, Pieter (fotograaf)",1979-02,photograph
294352,10353906,135,200,0.027,digital black-and-white photograph,"Boersma, Pieter (fotograaf)",1979-02,photograph
294354,10353908,201,134,0.027,digital black-and-white photograph,"Boersma, Pieter (fotograaf)",1979-02,photograph
294355,10353909,136,201,0.027,digital black-and-white photograph,"Boersma, Pieter (fotograaf)",1985-09,photograph
294358,10353910,201,163,0.033,digital black-and-white photograph,"Boersma, Pieter (fotograaf)",1985-05,photograph
294359,10353911,201,160,0.032,digital black-and-white photograph,"Boersma, Pieter (fotograaf)",1985-05,photograph
294360,10353912,159,201,0.032,digital color photograph,"Boersma, Pieter (fotograaf)",1985-12,photograph
294362,10353913,201,134,0.027,digital black-and-white photograph,"Boersma, Pieter (fotograaf)",1967-04,photograph
294366,10353915,201,159,0.032,digital black-and-white photograph,"Boersma, Pieter (fotograaf)",1992-11,photograph
294368,10353916,198,201,0.04,digital black-and-white photograph,"Boersma, Pieter (fotograaf)",1966-05,photograph
294370,10353917,200,134,0.027,digital black-and-white photograph,"Boersma, Pieter (fotograaf)",1983-02,photograph
294388,10353918,201,136,0.027,digital black-and-white photograph,"Boersma, Pieter (fotograaf)",1983-05,photograph
294390,10353919,200,161,0.032,digital black-and-white photograph,"Boersma, Pieter (fotograaf)",1982-01,photograph
294391,10353920,200,163,0.033,digital black-and-white photograph,"Boersma, Pieter (fotograaf)",1982-01,photograph
294392,10353921,201,135,0.027,digital black-and-white photograph,"Boersma, Pieter (fotograaf)",1978-01,photograph
294393,10353922,163,200,0.033,digital black-and-white photograph,"Boersma, Pieter (fotograaf)",1999-03,photograph
294394,10353923,200,161,0.032,digital black-and-white photograph,"Boersma, Pieter (fotograaf)",1990-12,photograph
294395,10353924,137,200,0.027,digital black-and-white photograph,"Boersma, Pieter (fotograaf)",1990,photograph
294396,10353925,201,159,0.032,digital black-and-white photograph,"Boersma, Pieter (fotograaf)",2001-03,photograph
294397,10353926,197,200,0.039,digital black-and-white photograph,"Boersma, Pieter (fotograaf)",1969-08,photograph
294398,10353927,196,201,0.039,digital black-and-white photograph,"Boersma, Pieter (fotograaf)",1969-08,photograph
294399,10353928,163,200,0.033,digital black-and-white photograph,"Boersma, Pieter (fotograaf)",1982-02,photograph
294400,10353929,200,135,0.027,digital black-and-white photograph,"Boersma, Pieter (fotograaf)",1994-02,photograph
294401,10353930,162,200,0.032,digital black-and-white photograph,"Boersma, Pieter (fotograaf)",1999-02,photograph
294402,10353931,144,200,0.029,digital color photograph,"Boersma, Pieter (fotograaf)",1995-05,photograph
294403,10353932,144,200,0.029,digital color photograph,"Boersma, Pieter (fotograaf)",1995-05,photograph
294404,10353933,196,201,0.039,digital black-and-white photograph,"Boersma, Pieter (fotograaf)",1967-05,photograph
294405,10353934,201,163,0.033,digital black-and-white photograph,"Boersma, Pieter (fotograaf)",1994-03,photograph
294407,10353935,201,134,0.027,digital black-and-white photograph,"Boersma, Pieter (fotograaf)",1976-10,photograph
294409,10353936,133,200,0.027,digital black-and-white photograph,"Boersma, Pieter (fotograaf)",1974-01,photograph
294410,10353937,200,142,0.028,digital black-and-white photograph,"Boersma, Pieter (fotograaf)",1974-01,photograph
294412,10353938,201,136,0.027,digital black-and-white photograph,"Boersma, Pieter (fotograaf)",1983-06,photograph
294413,10353939,201,165,0.033,digital black-and-white photograph,"Boersma, Pieter (fotograaf)",1996-03,photograph
294415,10353940,200,164,0.033,digital color photograph,"Boersma, Pieter (fotograaf)",1980,photograph
294416,10353941,162,201,0.033,digital color photograph,"Boersma, Pieter (fotograaf)",1980,photograph
294418,10353942,161,200,0.032,digital black-and-white photograph,"Boersma, Pieter (fotograaf)",1983-11,photograph
294419,10353943,200,163,0.033,digital black-and-white photograph,"Boersma, Pieter (fotograaf)",1999-02,photograph
294420,10353944,132,201,0.027,digital black-and-white photograph,"Boersma, Pieter (fotograaf)",1983-01,photograph
294425,10353945,201,162,0.033,digital color photograph,"Boersma, Pieter (fotograaf)",1982-08,photograph
294426,10353946,201,135,0.027,digital black-and-white photograph,"Boersma, Pieter (fotograaf)",1982-08,photograph
294428,10353947,201,137,0.028,digital black-and-white photograph,"Boersma, Pieter (fotograaf)",2001-05,photograph
294429,10353948,136,201,0.027,digital black-and-white photograph,"Boersma, Pieter (fotograaf)",1985-09,photograph
294430,10353949,200,134,0.027,digital black-and-white photograph,"Boersma, Pieter (fotograaf)",1980-07,photograph
294431,10353950,156,200,0.031,digital black-and-white photograph,"Boersma, Pieter (fotograaf)",1971-05,photograph
294432,10353951,200,156,0.031,digital black-and-white photograph,"Boersma, Pieter (fotograaf)",1971-05,photograph
294434,10353952,133,200,0.027,digital black-and-white photograph,"Boersma, Pieter (fotograaf)",1980-04,photograph
294435,10353953,155,200,0.031,digital black-and-white photograph,"Boersma, Pieter (fotograaf)",1980-10,photograph
294436,10353954,137,200,0.027,digital black-and-white photograph,"Boersma, Pieter (fotograaf)",1983-07,photograph
294437,10353955,201,160,0.032,digital black-and-white photograph,"Boersma, Pieter (fotograaf)",1982-07,photograph
294439,10353956,200,160,0.032,digital black-and-white photograph,"Boersma, Pieter (fotograaf)",1997-03,photograph
294440,10353957,200,167,0.033,digital black-and-white photograph,"Boersma, Pieter (fotograaf)",1994-03,photograph
294441,10353958,160,200,0.032,digital black-and-white photograph,"Boersma, Pieter (fotograaf)",2000-03,photograph
294443,10353959,201,134,0.027,digital black-and-white photograph,"Boersma, Pieter (fotograaf)",1980-08,photograph
294444,10353960,200,133,0.027,digital black-and-white photograph,"Boersma, Pieter (fotograaf)",1980-06,photograph
294944,10700218,220,500,0.11,digital image,"Cranach, Lucas (II)",1565,painting
305332,10717227,185,500,0.092,BD/Digital Collection,"Horemans, Jan Josef (I)",1697,drawing (visual work)
306615,10719007,168,500,0.084,BD/Digital Collection,"Gaddi, Agnolo",1393,painting
307414,10816737,187,500,0.093,BD/Digital Collection,"Bruyn, Bartholomäus (I)",1535,painting
307415,10816738,500,200,0.1,BD/Digital Collection,Meester van het leven van Maria uit Wilten,1465,series
311882,10901461,150,200,0.03,BD/Digital Collection,"Sluijters, Jan",1905,watercolor (painting)
312820,10902844,150,201,0.03,digital file,"Breukel, Koos",2019,digital image
313299,10904085,150,200,0.03,BD/Digital Collection,"Kruseman, Cornelis",1839,painting
314151,10905091,201,149,0.03,digital photograph,"Boek, Joop",1985,photograph
318093,10932359,161,201,0.032,BD/Digital Collection,"Windig, Ad",1949-03,photograph
