priref,artist_name,date,objectcat,lrefs_in_xml,reason
15397,"Boonen, Arnold",1710,painting,9305360,no image downloaded
16016,"Netscher, Caspar",1670,painting,10783267,only excluded placeholder lrefs available: 10783267
34388,"Backer, Jacob Adriaensz.",1623,painting,10783267,only excluded placeholder lrefs available: 10783267
36482,Anoniem,1550,painting,10783267,only excluded placeholder lrefs available: 10783267
36855,"Goes, Hugo van der",1473,triptych,10783267,only excluded placeholder lrefs available: 10783267
36861,Meester van de Legende van de Heilige Lucia,1475,painting,10783267,only excluded placeholder lrefs available: 10783267
36862,Meester van de Legende van de Heilige Lucia,1475,painting,10783267,only excluded placeholder lrefs available: 10783267
41248,"Heere, Lucas de",1550,painting,10783267,only excluded placeholder lrefs available: 10783267
41304,"Weyden, Goossen van der",1506,triptych,10783267,only excluded placeholder lrefs available: 10783267
41812,"Neufchâtel, Nicolas de",1544,painting,10783267,only excluded placeholder lrefs available: 10783267
41942,"Neufchâtel, Nicolas de",1550,painting,10783267,only excluded placeholder lrefs available: 10783267
42039,"Neufchâtel, Nicolas de",1550,painting,10783267,only excluded placeholder lrefs available: 10783267
42040,"Schouman, Aert",1641-03-20,painting,10783267,only excluded placeholder lrefs available: 10783267
42041,"Neufchâtel, Nicolas de",1562,painting,10783267,only excluded placeholder lrefs available: 10783267
42044,"Neufchâtel, Nicolas de",1566,painting,10783267,only excluded placeholder lrefs available: 10783267
42048,"Neufchâtel, Nicolas de",1565,painting,10783267,only excluded placeholder lrefs available: 10783267
42050,"Neufchâtel, Nicolas de",1562,painting,10783267,only excluded placeholder lrefs available: 10783267
42777,"Cleve, Joos van",1518,painting,10783267,only excluded placeholder lrefs available: 10783267
45875,"Thier, Barend Hendrik",1758,drawing (visual work),10783267,only excluded placeholder lrefs available: 10783267
48208,Anoniem,1650,painting,10783267,only excluded placeholder lrefs available: 10783267
53865,"Mor, Antonis",1560,painting,10783267,only excluded placeholder lrefs available: 10783267
53978,"Key, Adriaen Thomasz.",1589,painting,10783267,only excluded placeholder lrefs available: 10783267
53980,"Ketel, Cornelis",1575,painting,10783267,only excluded placeholder lrefs available: 10783267
53984,"Key, Adriaen Thomasz.",1575,painting,10783267,only excluded placeholder lrefs available: 10783267
54006,"Key, Adriaen Thomasz.",1550,painting,10783267,only excluded placeholder lrefs available: 10783267
54862,"Jordaens, Jacques",1608,painting,10783267,only excluded placeholder lrefs available: 10783267
60082,Anoniem,1834,painting,10771001,no image downloaded
60184,Anoniem,1834,painting,10771002,no image downloaded
60187,Anoniem,1618,painting,10771003,no image downloaded
60188,Anoniem,1618,painting,10771004,no image downloaded
60189,Anoniem,1700,painting,10771005,no image downloaded
60191,Anoniem,1700,painting,10771006,no image downloaded
60196,"Hanau, Hendricus Joannes Petrus",1883,painting,10771009,no image downloaded
60198,Anoniem,1898,painting,10771010,no image downloaded
60374,Anoniem,1607,painting,10771026,no image downloaded
60376,Anoniem,1740,painting,10771027,no image downloaded
60378,Anoniem,1777,painting,10771028,no image downloaded
60383,"Andringa, Tjeerd",1821,painting,10771032,no image downloaded
60644,"Ploegsma, Dirk Jacobs",1785,painting,10771055,no image downloaded
60647,Anoniem,1778,painting,10771056,no image downloaded
60657,"Heijmans, Jan Hendrik",1852,painting,10771061,no image downloaded
60658,"Heijmans, Jan Hendrik",1829,painting,10771062,no image downloaded
60668,"Accama, Bernardus (I)",1723,painting,10771067,no image downloaded
60670,"Verschoor, A.",1649,painting,10771068,no image downloaded
60672,Anoniem,1635,painting,10771069,no image downloaded
60677,Anoniem,1600,painting,10771072,no image downloaded
60844,Anoniem,1500,painting,10771073,no image downloaded
60845,Anoniem,1590,painting,10771074,no image downloaded
60846,Anoniem,1585,painting,10771075,no image downloaded
60847,Anoniem,1600,painting,10771076,no image downloaded
60848,"Wicheren, Johan Joeke Gabriël van",1823,painting,10771077,no image downloaded
60849,Anoniem,1600,painting,10771078,no image downloaded
60851,Anoniem,1552,painting,10771080,no image downloaded
60852,Anoniem,1664,painting,10771082,no image downloaded
60854,Anoniem,1628,painting,10783267,only excluded placeholder lrefs available: 10783267
60857,Anoniem,1600,painting,10771087,no image downloaded
60858,Anoniem,1660,painting,10771088,no image downloaded
60860,Anoniem,1600,painting,10771090,no image downloaded
60861,"Kooi, Willem Bartel van der",1823,painting,10771091,no image downloaded
60862,"Kooi, Willem Bartel van der",1826,painting,10783267,only excluded placeholder lrefs available: 10783267
60863,"Wicheren, Johan Joeke Gabriël van",1823,painting,10771093,no image downloaded
60864,Anoniem,1643,painting,10771094,no image downloaded
60865,"Accama, Matthijs",1722,painting,10771095,no image downloaded
60866,Anoniem,1628,painting,10783267,only excluded placeholder lrefs available: 10783267
60867,"Tempel, Abraham van den",1668,painting,10771097,no image downloaded
60869,Anoniem,1600,painting,10771099,no image downloaded
60872,Anoniem,1898,painting,10771102,no image downloaded
60873,Anoniem,1900,painting,10771103,no image downloaded
60874,Anoniem,1810,painting,10771104,no image downloaded
60916,Anoniem,1855,painting,10771106,no image downloaded
60920,Anoniem,1768,painting,10771108,no image downloaded
60921,Anoniem,1600,painting,10771109,no image downloaded
60925,"Kort, Cornelis de",1925,painting,10771113,no image downloaded
60926,"Kort, Cornelis de",1925,painting,10771114,no image downloaded
60937,"Haar, Herman van der",1894,painting,10771119,no image downloaded
60938,"Haar, Herman van der",1894,painting,10771120,no image downloaded
61083,"Pieneman, Jan Willem",1850,painting,10771142,no image downloaded
61088,"Kieft, Jan",1813,painting,10771146,no image downloaded
61089,Anoniem,1879,painting,10771147,no image downloaded
61092,Anoniem,1750,painting,10771149,no image downloaded
61093,Anoniem,1750,painting,10771150,no image downloaded
61784,"Oost, Jacob van (I)",1668,painting,10783267,only excluded placeholder lrefs available: 10783267
69578,Anoniem,1611,painting,10783267,only excluded placeholder lrefs available: 10783267
70168,"Israels, Isaac",1880,painting,10783267,only excluded placeholder lrefs available: 10783267
71655,Anoniem,1629,painting,10783267,only excluded placeholder lrefs available: 10783267
72299,"Arntzenius, Floris",1879,painting,10783267,only excluded placeholder lrefs available: 10783267
72307,"Arntzenius, Floris",1879,painting,10783267,only excluded placeholder lrefs available: 10783267
103474,Anoniem,1675,overdoor,10783267,only excluded placeholder lrefs available: 10783267
104777,"Breitner, George Hendrik",1887,painting,10783267,only excluded placeholder lrefs available: 10783267
109624,Anoniem,1909,photograph,10783267,only excluded placeholder lrefs available: 10783267
114616,Anoniem,1563,painting,10783267,only excluded placeholder lrefs available: 10783267
119797,"Hatterman, Nola",1925,painting,10783267,only excluded placeholder lrefs available: 10783267
119880,"Westendorp-Osieck, Betsy",1930,painting,10783267,only excluded placeholder lrefs available: 10783267
121982,"Alphen, Tony van",1893,drawing (visual work),10783267,only excluded placeholder lrefs available: 10783267
123173,Anoniem,1500,sculpture,10783267,only excluded placeholder lrefs available: 10783267
123185,Anoniem,1750,painting,10783267,only excluded placeholder lrefs available: 10783267
123190,"Limborch, Hendrik van",1715,unknown,10783267,only excluded placeholder lrefs available: 10783267
123223,"Limborch, Hendrik van",1711,painting,10783267,only excluded placeholder lrefs available: 10783267
123229,Anoniem,1625,painting,10783267,only excluded placeholder lrefs available: 10783267
123245,"Vollenhove, Bernhard",1669,painting,10783267,only excluded placeholder lrefs available: 10783267
123254,"Vollenhove, Bernhard",1669,painting,10783267,only excluded placeholder lrefs available: 10783267
123269,"Mierevelt, Michiel van",1632,painting,10783267,only excluded placeholder lrefs available: 10783267
123312,"Mesdach, Salomon",1632,painting,10783267,only excluded placeholder lrefs available: 10783267
123326,Anoniem,1675,painting,10783267,only excluded placeholder lrefs available: 10783267
123346,"Dittlinger, Marinus Bonifacius Willem",1879,painting,10783267,only excluded placeholder lrefs available: 10783267
123347,Anoniem,1725,unknown,10783267,only excluded placeholder lrefs available: 10783267
123348,Anoniem,1725,unknown,10783267,only excluded placeholder lrefs available: 10783267
123376,"Leclerc, David",1707,portrait miniature,10783267,only excluded placeholder lrefs available: 10783267
123392,Anoniem,1350,unknown,10783267,only excluded placeholder lrefs available: 10783267
123406,"Jager, H.J. de",1676,painting,10783267,only excluded placeholder lrefs available: 10783267
123407,"Netscher, Caspar",1680,painting,10783267,only excluded placeholder lrefs available: 10783267
123408,"Netscher, Caspar",1680,painting,10783267,only excluded placeholder lrefs available: 10783267
123439,Anoniem,1750,painting,10783267,only excluded placeholder lrefs available: 10783267
123440,Anoniem,1715,painting,10783267,only excluded placeholder lrefs available: 10783267
123445,Anoniem,1675,painting,10783267,only excluded placeholder lrefs available: 10783267
123446,Anoniem,1675,painting,10783267,only excluded placeholder lrefs available: 10783267
123478,"Thopas, Johannes",1650,drawing (visual work),10783267,only excluded placeholder lrefs available: 10783267
123491,"Delff, Willem Jacobsz.",1609,painting,10783267,only excluded placeholder lrefs available: 10783267
123492,"Delff, Willem Jacobsz.",1609,painting,10783267,only excluded placeholder lrefs available: 10783267
123496,"Wilt, Thomas van der",1708,painting,10783267,only excluded placeholder lrefs available: 10783267
123503,"Bol, Ferdinand",1631,unknown,10783267,only excluded placeholder lrefs available: 10783267
123507,"Mijtens, Daniël (I)",1605,painting,10783267,only excluded placeholder lrefs available: 10783267
123510,"Borch, Gerard ter (II)",1632,drawing (visual work),10783267,only excluded placeholder lrefs available: 10783267
123516,"Verspronck, Johannes Cornelisz.",1615,painting,10783267,only excluded placeholder lrefs available: 10783267
123532,Anoniem,1641,painting,10783267,only excluded placeholder lrefs available: 10783267
123571,"Vliet, Willem van der",1615,painting,10783267,only excluded placeholder lrefs available: 10783267
123654,"Maes, Nicolaes",1691,painting,10783267,only excluded placeholder lrefs available: 10783267
123669,"Hennekyn, Paulus",1627,painting,10783267,only excluded placeholder lrefs available: 10783267
123671,"Maes, Nicolaes",1649,painting,10783267,only excluded placeholder lrefs available: 10783267
123672,"Maes, Nicolaes",1649,painting,10783267,only excluded placeholder lrefs available: 10783267
123673,Anoniem,1628,painting,10783267,only excluded placeholder lrefs available: 10783267
123677,"Naiveu, Matthijs",1662,painting,10783267,only excluded placeholder lrefs available: 10783267
123682,"Wolfsen, Aleida",1679,painting,10783267,only excluded placeholder lrefs available: 10783267
123693,"Borch, Gerard ter (II)",1632,portrait miniature,10783267,only excluded placeholder lrefs available: 10783267
123701,"Ketel, Cornelis",1601,painting,10783267,only excluded placeholder lrefs available: 10783267
123702,"Oever, Hendrick ten",1686,painting,10783267,only excluded placeholder lrefs available: 10783267
123716,"Jelgerhuis, Rienk",1792,drawing (visual work),10783267,only excluded placeholder lrefs available: 10783267
123717,"Jelgerhuis, Rienk",1792,drawing (visual work),10783267,only excluded placeholder lrefs available: 10783267
123727,"Daiwaille, Jean Augustin",1801,drawing (visual work),10783267,only excluded placeholder lrefs available: 10783267
123734,"Delff, Jacob Willemsz. (II)",1647,painting,10783267,only excluded placeholder lrefs available: 10783267
123735,"Maes, Nicolaes",1677,painting,10783267,only excluded placeholder lrefs available: 10783267
123742,Anoniem,1648,painting,10783267,only excluded placeholder lrefs available: 10783267
123755,Anoniem,1600,painting,10783267,only excluded placeholder lrefs available: 10783267
123777,"Keyser, Thomas de",1649,painting,10783267,only excluded placeholder lrefs available: 10783267
123788,"Delff, Jacob Willemsz. (II)",1647,painting,10783267,only excluded placeholder lrefs available: 10783267
123797,"Jansz. de Stomme, Jan",1652,painting,10783267,only excluded placeholder lrefs available: 10783267
123853,"Witsen, Willem",1896,painting,10783267,only excluded placeholder lrefs available: 10783267
123857,"Ros, Johannes Dominicus",1890,drawing (visual work),10783267,only excluded placeholder lrefs available: 10783267
123858,"Mancini, Antonio",1857,unknown,10783267,only excluded placeholder lrefs available: 10783267
123864,"Schelfhout, Lodewijk",1916,drawing (visual work),10783267,only excluded placeholder lrefs available: 10783267
123868,"Legner, Johan Coenraad Ulrich",1874,painting,10783267,only excluded placeholder lrefs available: 10783267
123881,"Quinkhard, Jan Maurits",1745,painting,10783267,only excluded placeholder lrefs available: 10783267
123907,"Dupuis, Toon",1892,sculpture,10783267,only excluded placeholder lrefs available: 10783267
123914,"Hazelhoff Roelfzema, Maria",1908,portrait miniature,10783267,only excluded placeholder lrefs available: 10783267
123915,"Beuning, Wim",1946,drawing (visual work),10783267,only excluded placeholder lrefs available: 10783267
123916,"Dupuis, Toon",1892,sculpture,10783267,only excluded placeholder lrefs available: 10783267
123917,"Camphuis, J.",1933,drawing (visual work),10783267,only excluded placeholder lrefs available: 10783267
123918,"Mierevelt, Michiel van",1634,painting,10783267,only excluded placeholder lrefs available: 10783267
123924,Anoniem,1600,drawing (visual work),10783267,only excluded placeholder lrefs available: 10783267
123925,"Delff, Jacob Willemsz. (I)",1598,painting,10783267,only excluded placeholder lrefs available: 10783267
123926,Anoniem,1608,painting,10783267,only excluded placeholder lrefs available: 10783267
123929,Anoniem,1598,painting,10783267,only excluded placeholder lrefs available: 10783267
123930,Anoniem,1598,painting,10783267,only excluded placeholder lrefs available: 10783267
123948,"Valckert, Werner van den",1626,painting,10783267,only excluded placeholder lrefs available: 10783267
123961,"Constant Rebecque, Jan Daniël Cornelis Carel Willem de",1889,drawing (visual work),10771164,no image downloaded
123975,Anoniem,1647,painting,10783267,only excluded placeholder lrefs available: 10783267
123978,"Mieris, Frans van (II)",1723,painting,10783267,only excluded placeholder lrefs available: 10783267
123985,Anoniem,1550,painting,10783267,only excluded placeholder lrefs available: 10783267
123986,Anoniem,1550,painting,10783267,only excluded placeholder lrefs available: 10783267
123987,"Netscher, Caspar",1678,drawing (visual work),10783267,only excluded placeholder lrefs available: 10783267
123990,"Ketel, Cornelis",1563,painting,10783267,only excluded placeholder lrefs available: 10783267
123996,"Keyser, Thomas de",1626,painting,10783267,only excluded placeholder lrefs available: 10783267
123998,Anoniem,1615,painting,10783267,only excluded placeholder lrefs available: 10783267
123999,Anoniem,1640,painting,10783267,only excluded placeholder lrefs available: 10783267
124007,"Pickenoy, Nicolaes Eliasz.",1625,painting,10783267,only excluded placeholder lrefs available: 10783267
124009,"Poel, Egbert Lievensz. van der",1660,painting,10783267,only excluded placeholder lrefs available: 10783267
124010,Anoniem,1599,painting,10783267,only excluded placeholder lrefs available: 10783267
124016,"Baen, Jan de",1650,painting,10783267,only excluded placeholder lrefs available: 10783267
124038,"Keyser, Thomas de",1639,painting,10783267,only excluded placeholder lrefs available: 10783267
124039,"Keyser, Thomas de",1640,painting,10783267,only excluded placeholder lrefs available: 10783267
124118,"Santvoort, Dirck Dircksz.",1637,painting,10783267,only excluded placeholder lrefs available: 10783267
124120,Anoniem,1590,painting,10783267,only excluded placeholder lrefs available: 10783267
124145,"Ravesteyn, Jan van",1631,painting,10783267,only excluded placeholder lrefs available: 10783267
124152,"Ravesteyn, Anthonie van",1642,painting,10783267,only excluded placeholder lrefs available: 10783267
124183,"Israëls, Jozef",1839,painting,10783267,only excluded placeholder lrefs available: 10783267
124185,"Bobeldijk, Félicien",1891,drawing (visual work),10783267,only excluded placeholder lrefs available: 10783267
124190,"Mierevelt, Michiel van",1613,painting,10783267,only excluded placeholder lrefs available: 10783267
124269,"Anspach, Johannes",1767,drawing (visual work),10783267,only excluded placeholder lrefs available: 10783267
124270,"Anspach, Johannes",1767,drawing (visual work),10783267,only excluded placeholder lrefs available: 10783267
124272,"Jelgerhuis, Rienk",1800,drawing (visual work),10783267,only excluded placeholder lrefs available: 10783267
124314,"Tischbein, Johann Friedrich August",1790,painting,10783267,only excluded placeholder lrefs available: 10783267
124333,"Arntzenius, Floris",1879,painting,10783267,only excluded placeholder lrefs available: 10783267
124343,Anoniem,1785,unknown,10783267,only excluded placeholder lrefs available: 10783267
124362,"Court, Martinus de la",1698,painting,10783267,only excluded placeholder lrefs available: 10783267
124429,"Moreelse, Paulus",1586,painting,10783267,only excluded placeholder lrefs available: 10783267
124457,Anoniem,1818,painting,10783267,only excluded placeholder lrefs available: 10783267
124479,"Siebert, Heinrich (II)",1865,drawing (visual work),10783267,only excluded placeholder lrefs available: 10783267
124509,Anoniem,1650,painting,10783267,only excluded placeholder lrefs available: 10783267
124512,Anoniem,1650,painting,10783267,only excluded placeholder lrefs available: 10783267
124561,Anoniem,1697,painting,10783267,only excluded placeholder lrefs available: 10783267
124626,"Maes, Nicolaes",1688,painting,10783267,only excluded placeholder lrefs available: 10783267
124631,"Veenendaell, Thomas van",1663,painting,10783267,only excluded placeholder lrefs available: 10783267
124637,Anoniem,1603,painting,10783267,only excluded placeholder lrefs available: 10783267
124647,"Pourbus, Frans (II)",1599,painting,10783267,only excluded placeholder lrefs available: 10783267
124658,Anoniem,1629,painting,10783267,only excluded placeholder lrefs available: 10783267
124664,"Cuyp, Aelbert",1635,painting,10783267,only excluded placeholder lrefs available: 10783267
124676,"Honthorst, Gerard van",1649,painting,10783267,only excluded placeholder lrefs available: 10783267
124691,"Thopas, Johannes",1635,drawing (visual work),10783267,only excluded placeholder lrefs available: 10783267
124696,"Bloemaert, Hendrick",1625,unknown,10783267,only excluded placeholder lrefs available: 10783267
124698,Anoniem,1630,painting,10783267,only excluded placeholder lrefs available: 10783267
124714,Anoniem,1632,painting,10783267,only excluded placeholder lrefs available: 10783267
124717,"Pietersz., Aert",1604,painting,10783267,only excluded placeholder lrefs available: 10783267
124719,Anoniem,1633,painting,10783267,only excluded placeholder lrefs available: 10783267
124720,Anoniem,1655,painting,10783267,only excluded placeholder lrefs available: 10783267
124744,Anoniem,1683,painting,10783267,only excluded placeholder lrefs available: 10783267
124745,Anoniem,1618,painting,10783267,only excluded placeholder lrefs available: 10783267
124748,Anoniem,1597,painting,10783267,only excluded placeholder lrefs available: 10783267
124763,"Blijhooft, Zacharias",1654,drawing (visual work),10783267,only excluded placeholder lrefs available: 10783267
124764,Anoniem,1634,painting,10783267,only excluded placeholder lrefs available: 10783267
124766,"Thopas, Johannes",1664,drawing (visual work),10783267,only excluded placeholder lrefs available: 10783267
124782,Anoniem,1628,painting,10783267,only excluded placeholder lrefs available: 10783267
124783,Anoniem,1575,painting,10783267,only excluded placeholder lrefs available: 10783267
124835,Anoniem,1627,painting,10783267,only excluded placeholder lrefs available: 10783267
124836,Anoniem,1627,painting,10783267,only excluded placeholder lrefs available: 10783267
124844,Anoniem,1607,painting,10783267,only excluded placeholder lrefs available: 10783267
124845,Anoniem,1607,painting,10783267,only excluded placeholder lrefs available: 10783267
124866,"Netscher, Caspar",1676,painting,10783267,only excluded placeholder lrefs available: 10783267
124870,"Wieringa, Harmen Willems",1640,painting,10783267,only excluded placeholder lrefs available: 10783267
124883,"Cuyp, Jacob Gerritsz.",1643,painting,10783267,only excluded placeholder lrefs available: 10783267
124892,Anoniem,1639,painting,10783267,only excluded placeholder lrefs available: 10783267
124893,"Ketel, Cornelis",1578,painting,10783267,only excluded placeholder lrefs available: 10783267
124894,Monogrammist W,1647,painting,10783267,only excluded placeholder lrefs available: 10783267
124896,Anoniem,1632,painting,10783267,only excluded placeholder lrefs available: 10783267
124898,"Teixeira de Mattos, Henri",1871,sculpture,10783267,only excluded placeholder lrefs available: 10783267
124921,"Craeyvanger, Gijsbertus",1825,drawing (visual work),10783267,only excluded placeholder lrefs available: 10783267
124922,"Noorde, Cornelis van",1750,drawing (visual work),10783267,only excluded placeholder lrefs available: 10783267
124923,"Caspari, Hendrik Willem",1785,drawing (visual work),10783267,only excluded placeholder lrefs available: 10783267
124948,Anoniem,1842,drawing (visual work),10783267,only excluded placeholder lrefs available: 10783267
125009,Anoniem,1641,painting,10783267,only excluded placeholder lrefs available: 10783267
125016,"Lubbers, Wessel",1809,portrait miniature,10783267,only excluded placeholder lrefs available: 10783267
125055,"Palamedes, Anthonie",1634,painting,10783267,only excluded placeholder lrefs available: 10783267
125074,"Pickenoy, Nicolaes Eliasz.",1614,painting,10783267,only excluded placeholder lrefs available: 10783267
125075,"Attama, J.",1655,painting,10783267,only excluded placeholder lrefs available: 10783267
125076,Anoniem,1627,painting,10783267,only excluded placeholder lrefs available: 10783267
125077,Anoniem,1644,painting,10783267,only excluded placeholder lrefs available: 10783267
125078,Anoniem,1541,painting,10783267,only excluded placeholder lrefs available: 10783267
125082,"Donck, Gerard",1633,painting,10783267,only excluded placeholder lrefs available: 10783267
125085,"Mierevelt, Michiel van",1629,painting,10783267,only excluded placeholder lrefs available: 10783267
125087,"Beckx, Jaspar",1630,painting,10783267,only excluded placeholder lrefs available: 10783267
125090,Anoniem,1649,painting,10783267,only excluded placeholder lrefs available: 10783267
125091,Anoniem,1615,painting,10783267,only excluded placeholder lrefs available: 10783267
125092,"Mierevelt, Michiel van",1610,painting,10783267,only excluded placeholder lrefs available: 10783267
125093,"Vries, Abraham de",1628,painting,10783267,only excluded placeholder lrefs available: 10783267
125094,"Jonson van Ceulen, Cornelis (I)",1652,portrait miniature,10783267,only excluded placeholder lrefs available: 10783267
125095,"Jonson van Ceulen, Cornelis (I)",1652,portrait miniature,10783267,only excluded placeholder lrefs available: 10783267
125096,Anoniem,1647,painting,10783267,only excluded placeholder lrefs available: 10783267
125099,Anoniem,1929,painting,10783267,only excluded placeholder lrefs available: 10783267
125100,"Ravesteyn, Jan van",1635,painting,10783267,only excluded placeholder lrefs available: 10783267
125101,Anoniem,1650,painting,10783267,only excluded placeholder lrefs available: 10783267
125114,Anoniem,1629,painting,10783267,only excluded placeholder lrefs available: 10783267
125129,Anoniem,1632,painting,10783267,only excluded placeholder lrefs available: 10783267
125132,Anoniem,1650,painting,10783267,only excluded placeholder lrefs available: 10783267
125170,Peinture H. Bogaerts,1880,portrait miniature,10783267,only excluded placeholder lrefs available: 10783267
125209,"Man, Cornelis de",1659,painting,10783267,only excluded placeholder lrefs available: 10783267
125217,"Horemans, Jan Josef (I)",1720,painting,10783267,only excluded placeholder lrefs available: 10783267
125228,Anoniem,1659,painting,10783267,only excluded placeholder lrefs available: 10783267
125229,"Luttichuys, Isaack",1651,painting,10783267,only excluded placeholder lrefs available: 10783267
125230,"Tempel, Abraham van den",1663,painting,10783267,only excluded placeholder lrefs available: 10783267
125231,"Dupuis, Toon",1892,relief,10783267,only excluded placeholder lrefs available: 10783267
125232,"Geest, Wybrand de (I)",1627,painting,10783267,only excluded placeholder lrefs available: 10783267
125258,"Meer, Adriaen ter (II)",1635,painting,10783267,only excluded placeholder lrefs available: 10783267
125259,"Meer, Adriaen ter (II)",1640,painting,10783267,only excluded placeholder lrefs available: 10783267
125278,"Pickenoy, Nicolaes Eliasz.",1643,unknown,10783267,only excluded placeholder lrefs available: 10783267
125288,Anoniem,1830,drawing (visual work),10771166,no image downloaded
125311,"Pander, Pier",1893,sculpture,10783267,only excluded placeholder lrefs available: 10783267
125313,"Pieneman, Jan Willem",1794,painting,10783267,only excluded placeholder lrefs available: 10783267
125324,Geldorp Gortzius,1613,painting,10783267,only excluded placeholder lrefs available: 10783267
125325,"Honthorst, Gerard van",1643,painting,10783267,only excluded placeholder lrefs available: 10783267
125327,"Mierevelt, Michiel van",1624,painting,10783267,only excluded placeholder lrefs available: 10783267
125328,"Mierevelt, Michiel van",1636,painting,10783267,only excluded placeholder lrefs available: 10783267
125329,"Mierevelt, Michiel van",1636,painting,10783267,only excluded placeholder lrefs available: 10783267
125342,"Merck, Jacob van der",1630,painting,10783267,only excluded placeholder lrefs available: 10783267
125347,Anoniem,1623,painting,10783267,only excluded placeholder lrefs available: 10783267
125351,"Pot, Hendrick",1638,painting,10783267,only excluded placeholder lrefs available: 10783267
125354,Anoniem,1620,painting,10783267,only excluded placeholder lrefs available: 10783267
125355,"Hoogstraten, Samuel van",1653,painting,10783267,only excluded placeholder lrefs available: 10783267
125356,Anoniem,1644,painting,10783267,only excluded placeholder lrefs available: 10783267
125357,Anoniem,1627,painting,10783267,only excluded placeholder lrefs available: 10783267
125358,"Claesz, Jan (I)",1605,painting,10783267,only excluded placeholder lrefs available: 10783267
125359,Anoniem,1650,painting,10783267,only excluded placeholder lrefs available: 10783267
125360,"Keyser, Thomas de",1624,painting,10783267,only excluded placeholder lrefs available: 10783267
125361,"Palamedes, Anthonie",1644,painting,10783267,only excluded placeholder lrefs available: 10783267
125364,"Delff, Jacob Willemsz. (II)",1639,painting,10783267,only excluded placeholder lrefs available: 10783267
125366,"Mierevelt, Michiel van",1602,painting,10783267,only excluded placeholder lrefs available: 10783267
125367,Anoniem,1650,painting,10783267,only excluded placeholder lrefs available: 10783267
125368,Anoniem,1655,painting,10783267,only excluded placeholder lrefs available: 10783267
125369,Anoniem,1660,painting,10783267,only excluded placeholder lrefs available: 10783267
125371,Anoniem,1636,painting,10783267,only excluded placeholder lrefs available: 10783267
125372,Anoniem,1640,painting,10783267,only excluded placeholder lrefs available: 10783267
125374,Anoniem,1638,painting,10783267,only excluded placeholder lrefs available: 10783267
125375,Anoniem,1627,painting,10783267,only excluded placeholder lrefs available: 10783267
125377,"Borch, Gerard ter (II)",1652,painting,10783267,only excluded placeholder lrefs available: 10783267
125378,"Mierevelt, Michiel van",1629,painting,10783267,only excluded placeholder lrefs available: 10783267
125379,"Ravesteyn, Jan van",1627,painting,10783267,only excluded placeholder lrefs available: 10783267
125380,Anoniem,1629,painting,10783267,only excluded placeholder lrefs available: 10783267
125381,Anoniem,1668,painting,10783267,only excluded placeholder lrefs available: 10783267
125388,"Santvoort, Dirck Dircksz.",1645,painting,10783267,only excluded placeholder lrefs available: 10783267
125391,"Keyser, Thomas de",1632,painting,10783267,only excluded placeholder lrefs available: 10783267
125392,Anoniem,1664,painting,10783267,only excluded placeholder lrefs available: 10783267
125393,"Pickenoy, Nicolaes Eliasz.",1630,painting,10783267,only excluded placeholder lrefs available: 10783267
125394,"Pickenoy, Nicolaes Eliasz.",1631,painting,10783267,only excluded placeholder lrefs available: 10783267
125395,"Mierevelt, Jan van",1624,painting,10783267,only excluded placeholder lrefs available: 10783267
125397,"Mierevelt, Michiel van",1623,painting,10783267,only excluded placeholder lrefs available: 10783267
125399,"Mierevelt, Michiel van",1621,painting,10783267,only excluded placeholder lrefs available: 10783267
125400,"Mierevelt, Michiel van",1621,painting,10783267,only excluded placeholder lrefs available: 10783267
125401,Anoniem,1587,painting,10783267,only excluded placeholder lrefs available: 10783267
125402,Anoniem,1544,painting,10783267,only excluded placeholder lrefs available: 10783267
125406,Anoniem,1635,painting,10783267,only excluded placeholder lrefs available: 10783267
125408,"Ravesteyn, Jan van",1635,painting,10783267,only excluded placeholder lrefs available: 10783267
125409,"Pickenoy, Nicolaes Eliasz.",1637,painting,10783267,only excluded placeholder lrefs available: 10783267
125410,"Pickenoy, Nicolaes Eliasz.",1625,painting,10783267,only excluded placeholder lrefs available: 10783267
125411,"Mierevelt, Michiel van",1629,painting,10783267,only excluded placeholder lrefs available: 10783267
125413,"Palamedes, Anthonie",1658,painting,10783267,only excluded placeholder lrefs available: 10783267
125414,"Ravesteyn, Jan van",1635,painting,10783267,only excluded placeholder lrefs available: 10783267
125415,Anoniem,1622,painting,10783267,only excluded placeholder lrefs available: 10783267
125416,"Braij, Jan de",1668,painting,10783267,only excluded placeholder lrefs available: 10783267
125417,"Braij, Jan de",1668,painting,10783267,only excluded placeholder lrefs available: 10783267
125419,Anoniem,1631,painting,10783267,only excluded placeholder lrefs available: 10783267
125420,Anoniem,1615,painting,10783267,only excluded placeholder lrefs available: 10783267
125421,Anoniem,1615,painting,10783267,only excluded placeholder lrefs available: 10783267
125428,"Heemskerck, Maarten van",1561,painting,10783267,only excluded placeholder lrefs available: 10783267
125429,"Jonxis, Jan Lodewijk",1804,painting,10783267,only excluded placeholder lrefs available: 10783267
125433,"Wiegers, Jan",1927,painting,10783267,only excluded placeholder lrefs available: 10783267
125456,"Moreelse, Paulus",1638,painting,10783267,only excluded placeholder lrefs available: 10783267
125493,"Maes, Nicolaes",1649,painting,10783267,only excluded placeholder lrefs available: 10783267
125564,"Netscher, Constantijn",1719,painting,10783267,only excluded placeholder lrefs available: 10783267
125573,Anoniem,1616,painting,10783267,only excluded placeholder lrefs available: 10783267
125582,"Leveck, Jacobus",1654,painting,10783267,only excluded placeholder lrefs available: 10783267
125596,Anoniem,1691,painting,10783267,only excluded placeholder lrefs available: 10783267
125600,Anoniem,1668,painting,10783267,only excluded placeholder lrefs available: 10783267
125733,Anoniem,1635,painting,10783267,only excluded placeholder lrefs available: 10783267
125833,Anoniem,1617,painting,10783267,only excluded placeholder lrefs available: 10783267
125900,Anoniem,1600,drawing (visual work),10783267,only excluded placeholder lrefs available: 10783267
125907,"Toorop, Charley",1906,painting,10783267,only excluded placeholder lrefs available: 10783267
125915,"Weyand, Jaap",1927,painting,10783267,only excluded placeholder lrefs available: 10783267
125916,"Weyand, Jaap",1931,painting,10783267,only excluded placeholder lrefs available: 10783267
125927,Anoniem,1775,portrait miniature,10783267,only excluded placeholder lrefs available: 10783267
125928,Anoniem,1775,portrait miniature,10783267,only excluded placeholder lrefs available: 10783267
125931,Anoniem,1800,portrait miniature,10783267,only excluded placeholder lrefs available: 10783267
125950,"Vissers, F.",1915,drawing (visual work),10783267,only excluded placeholder lrefs available: 10783267
125955,Anoniem,1600,silhouette,10783267,only excluded placeholder lrefs available: 10783267
125956,Anoniem,1780,silhouette,10783267,only excluded placeholder lrefs available: 10783267
125957,Anoniem,1775,silhouette,10783267,only excluded placeholder lrefs available: 10783267
125960,Anoniem,1800,unknown,10783267,only excluded placeholder lrefs available: 10783267
125975,Anoniem,1631,unknown,10783267,only excluded placeholder lrefs available: 10783267
125978,Anoniem,1637,unknown,10783267,only excluded placeholder lrefs available: 10783267
125979,Anoniem,1637,unknown,10783267,only excluded placeholder lrefs available: 10783267
125984,"Mierevelt, Michiel van",1638,painting,10783267,only excluded placeholder lrefs available: 10783267
125998,"Beck, David",1638,painting,10783267,only excluded placeholder lrefs available: 10783267
126005,"Dalen, Jan van (II)",1655,unknown,10783267,only excluded placeholder lrefs available: 10783267
126346,"Tholen, Willem Bastiaan",1875,unknown,10783267,only excluded placeholder lrefs available: 10783267
126351,"Maes, Nicolaes",1649,painting,10783267,only excluded placeholder lrefs available: 10783267
126534,"Van Uytvanck, Valentijn Edgar",1934,drawing (visual work),10783267,only excluded placeholder lrefs available: 10783267
126540,"Oerder, Frans",1882,painting,10783267,only excluded placeholder lrefs available: 10783267
126560,Anoniem,1825,painting,10783267,only excluded placeholder lrefs available: 10783267
126631,Anoniem,1639,painting,10783267,only excluded placeholder lrefs available: 10783267
126632,Anoniem,1639,painting,10783267,only excluded placeholder lrefs available: 10783267
126659,"Haverman, Hendrik Johannes",1872,drawing (visual work),10783267,only excluded placeholder lrefs available: 10783267
126666,"Rossum, Jan van (c. 1639)",1668,painting,10783267,only excluded placeholder lrefs available: 10783267
126713,"Menger, Johan Philip Matthias",1873,medal (coin type),10783267,only excluded placeholder lrefs available: 10783267
126735,"Retel, Johannes",1931,drawing (visual work),10783267,only excluded placeholder lrefs available: 10783267
126737,"Swagemakers, Theo",1935,painting,10783267,only excluded placeholder lrefs available: 10783267
126768,"Maes, Nicolaes",1678,painting,10783267,only excluded placeholder lrefs available: 10783267
126769,"Maes, Nicolaes",1675,painting,10783267,only excluded placeholder lrefs available: 10783267
126780,"Hals, Frans (I)",1597,painting,10783267,only excluded placeholder lrefs available: 10783267
126783,"Heinsius, Johann Julius",1763,drawing (visual work),10783267,only excluded placeholder lrefs available: 10783267
126820,Anoniem,1650,painting,10783267,only excluded placeholder lrefs available: 10783267
126825,"Netscher, Caspar",1670,painting,10783267,only excluded placeholder lrefs available: 10783267
126830,Anoniem,1725,painting,10783267,only excluded placeholder lrefs available: 10783267
126851,"Pellar, Hanns",1935,painting,10783267,only excluded placeholder lrefs available: 10783267
127051,Anoniem,1800,drawing (visual work),10783267,only excluded placeholder lrefs available: 10783267
127060,"Moreelse, Paulus",1606,painting,10783267,only excluded placeholder lrefs available: 10783267
127061,"Moreelse, Paulus",1606,painting,10783267,only excluded placeholder lrefs available: 10783267
127094,Anoniem,1825,portrait miniature,10783267,only excluded placeholder lrefs available: 10783267
127107,"Visser, Willem de (1801-1875)",1816,painting,10783267,only excluded placeholder lrefs available: 10783267
127201,"Mierevelt, Michiel van",1622,painting,10783267,only excluded placeholder lrefs available: 10783267
127219,Anoniem,1849,unknown,10783267,only excluded placeholder lrefs available: 10783267
127257,"Tischbein, Johann Friedrich August",1778,painting,10783267,only excluded placeholder lrefs available: 10783267
127308,Anoniem,1675,drawing (visual work),10783267,only excluded placeholder lrefs available: 10783267
127375,"Beck, David",1650,painting,10783267,only excluded placeholder lrefs available: 10783267
127414,"Goudman, Louis",1927,drawing (visual work),10783267,only excluded placeholder lrefs available: 10783267
127475,Anoniem,1750,painting,10783267,only excluded placeholder lrefs available: 10783267
127731,Anoniem,1825,painting,10783267,only excluded placeholder lrefs available: 10783267
127791,"Haverman, Hendrik Johannes",1872,drawing (visual work),10783267,only excluded placeholder lrefs available: 10783267
127872,"Esser, Wijnand",1794,drawing (visual work),10783267,only excluded placeholder lrefs available: 10783267
127873,"Halen, Arnoud van",1688,painting,10783267,only excluded placeholder lrefs available: 10783267
127981,"Bogaerts, Henricus Aloysius Wilhelminus Maria",1924,painting,10783267,only excluded placeholder lrefs available: 10783267
127982,"Bogaerts, Henricus Aloysius Wilhelminus Maria",1924,painting,10783267,only excluded placeholder lrefs available: 10783267
127983,"Valois, Alexander Cesar August",1865,drawing (visual work),10783267,only excluded placeholder lrefs available: 10783267
127984,"Valois, Alexander Cesar August",1865,unknown,10783267,only excluded placeholder lrefs available: 10783267
128085,"Delff, Jacob Willemsz. (II)",1593,painting,10783267,only excluded placeholder lrefs available: 10783267
128111,"Craeyvanger, Gijsbertus",1825,drawing (visual work),10783267,only excluded placeholder lrefs available: 10783267
128123,"Schouman, Aert",1753,drawing (visual work),10783267,only excluded placeholder lrefs available: 10783267
128137,"Backer, Jacob Adriaensz.",1641,painting,10783267,only excluded placeholder lrefs available: 10783267
128296,"Mierevelt, Michiel van",1600,painting,10783267,only excluded placeholder lrefs available: 10783267
128321,"Jacobs van den Hof, Gijsbert",1904,sculpture,10783267,only excluded placeholder lrefs available: 10783267
128324,Anoniem,1625,painting,10783267,only excluded placeholder lrefs available: 10783267
128332,"Ravesteyn, Jan van",1633,painting,10783267,only excluded placeholder lrefs available: 10783267
128340,"Nason, Pieter",1662,painting,10783267,only excluded placeholder lrefs available: 10783267
128392,"Kockers, George",1794,silhouette,10783267,only excluded placeholder lrefs available: 10783267
128467,"Wiegers, Jan",1925,painting,10783267,only excluded placeholder lrefs available: 10783267
128497,"Verwey, Kees",1950,painting,10783267,only excluded placeholder lrefs available: 10783267
128498,Anoniem,1625,painting,10783267,only excluded placeholder lrefs available: 10783267
128507,"Geest, Wybrand de (I)",1637,painting,10783267,only excluded placeholder lrefs available: 10783267
128513,"Trip, Jan (20ste eeuw)",1900,painting,10783267,only excluded placeholder lrefs available: 10783267
128514,"Kunst, Berend",1853,drawing (visual work),10783267,only excluded placeholder lrefs available: 10783267
128791,"Noltee, Cor",1918,painting,10783267,only excluded placeholder lrefs available: 10783267
128813,Anoniem,1630,painting,10783267,only excluded placeholder lrefs available: 10783267
128814,"Ansingh, Lizzy",1890,painting,10783267,only excluded placeholder lrefs available: 10783267
128898,"Gestel, Leo",1909,painting,10783267,only excluded placeholder lrefs available: 10783267
128908,Anoniem,1800,portrait miniature,10783267,only excluded placeholder lrefs available: 10783267
128970,Anoniem,1775,silhouette,10783267,only excluded placeholder lrefs available: 10783267
129045,"Sluijters, Jan",1925,unknown,10783267,only excluded placeholder lrefs available: 10783267
129082,"Kelder, Toon",1928,drawing (visual work),10783267,only excluded placeholder lrefs available: 10783267
129091,Anoniem,1775,drawing (visual work),10783267,only excluded placeholder lrefs available: 10783267
129108,"Koningh, Leonard de",1825,painting,10783267,only excluded placeholder lrefs available: 10783267
129144,"Dongen, Kees van",1892,drawing (visual work),10783267,only excluded placeholder lrefs available: 10783267
129180,"Sondaar, Bertus",1950,sculpture,10783267,only excluded placeholder lrefs available: 10783267
129183,Anoniem,1775,painting,10783267,only excluded placeholder lrefs available: 10783267
129247,"Montpezat, Henri Auguste d'Ainecy (comte de)",1825,painting,10783267,only excluded placeholder lrefs available: 10783267
129252,"Mankes, Jan",1904,painting,10783267,only excluded placeholder lrefs available: 10783267
129262,Anoniem,1800,silhouette,10783267,only excluded placeholder lrefs available: 10783267
129286,"Kelder, Toon",1909,drawing (visual work),10783267,only excluded placeholder lrefs available: 10783267
129362,"Vos, Cornelis de",1623,painting,10783267,only excluded placeholder lrefs available: 10783267
129381,"Noltee, Cor",1918,painting,10783267,only excluded placeholder lrefs available: 10783267
129422,"Hanneman, Adriaen",1666,painting,10783267,only excluded placeholder lrefs available: 10783267
129436,"Bol-Smit, Elizabeth",1919,drawing (visual work),10783267,only excluded placeholder lrefs available: 10783267
129582,"Nicolas, Joep",1941,drawing (visual work),10783267,only excluded placeholder lrefs available: 10783267
129583,"Nicolas, Joep",1941,painting,10783267,only excluded placeholder lrefs available: 10783267
129585,"Leeser, Titus",1918,sculpture,10783267,only excluded placeholder lrefs available: 10783267
129587,"Couwenberg, Stephaan",1907,sculpture,10783267,only excluded placeholder lrefs available: 10783267
129615,Anoniem,1860,photograph,10783267,only excluded placeholder lrefs available: 10783267
129623,Anoniem,1800,portrait miniature,10783267,only excluded placeholder lrefs available: 10783267
129636,"Juel, Jens",1760,painting,10783267,only excluded placeholder lrefs available: 10783267
129818,"Hoorn, Jordanus",1775,painting,10783267,only excluded placeholder lrefs available: 10783267
129852,"Teding van Berkhout, Anna Catharina",1943,painting,10783267,only excluded placeholder lrefs available: 10783267
129860,"Sondaar, Bertus",1960,sculpture,10783267,only excluded placeholder lrefs available: 10783267
129868,"Carré, Abraham",1724,painting,10783267,only excluded placeholder lrefs available: 10783267
129910,"Rueter, Georg",1919,painting,10783267,only excluded placeholder lrefs available: 10783267
130015,"Neuman, Johan Heinrich",1854,painting,10783267,only excluded placeholder lrefs available: 10783267
130094,"Nason, Pieter",1650,painting,10783267,only excluded placeholder lrefs available: 10783267
130321,Anoniem,1790,painting,10783267,only excluded placeholder lrefs available: 10783267
130346,"Aken, Wim van",1985,painting,10783267,only excluded placeholder lrefs available: 10783267
130347,"Albers, Ton",1982,unknown,10783267,only excluded placeholder lrefs available: 10783267
130348,"Amstel, Wim van",1931,painting,10783267,only excluded placeholder lrefs available: 10783267
130349,"Baghuis, Tineke",1983,drawing (visual work),10783267,only excluded placeholder lrefs available: 10783267
130350,"Bayens, Hans",1939,painting,10783267,only excluded placeholder lrefs available: 10783267
130351,"Berg, Freek van den",1933,unknown,10783267,only excluded placeholder lrefs available: 10783267
130352,"Bogaard, Pieter van den",1954,painting,10783267,only excluded placeholder lrefs available: 10783267
130353,"Bosch, Jelly van den",1982,painting,10783267,only excluded placeholder lrefs available: 10783267
130354,"Bout, Rien",1952,painting,10783267,only excluded placeholder lrefs available: 10783267
130356,"Buytendijk, Anton",1928,painting,10783267,only excluded placeholder lrefs available: 10783267
130358,"Dijk, Leendert van",1984,painting,10783267,only excluded placeholder lrefs available: 10783267
130359,"Engelman, Hans (J.C. 'Jan')",1984,unknown,10783267,only excluded placeholder lrefs available: 10783267
130360,"Gispen, Antoinette",1979,drawing (visual work),10783267,only excluded placeholder lrefs available: 10783267
130361,"Gomes, Karel",1945,sculpture,10783267,only excluded placeholder lrefs available: 10783267
130362,"Haan, Eppe de",1983,drawing (visual work),10783267,only excluded placeholder lrefs available: 10783267
130363,"Heeneman, Chris",1939,painting,10783267,only excluded placeholder lrefs available: 10783267
130365,"Hont, Pieter d'",1932,sculpture,10783267,only excluded placeholder lrefs available: 10783267
130367,"Houten, Peter B. van (1943-)",1984,drawing (visual work),10783267,only excluded placeholder lrefs available: 10783267
130368,"Jong, Jacqueline de",1954,painting,10783267,only excluded placeholder lrefs available: 10783267
130369,"Keeken, George van",1980,unknown,10783267,only excluded placeholder lrefs available: 10783267
130370,"Kok, Bessel",1942,drawing (visual work),10783267,only excluded placeholder lrefs available: 10783267
130371,"Haan, Eppe de",1983,drawing (visual work),10783267,only excluded placeholder lrefs available: 10783267
130372,"Lamsweerde, Reinald van",1947,painting,10783267,only excluded placeholder lrefs available: 10783267
130373,"Landkroon, Piet",1979,painting,10783267,only excluded placeholder lrefs available: 10783267
130374,"Leeuwe, Miep de",1927,painting,10783267,only excluded placeholder lrefs available: 10783267
130376,"Lith, Nel van",1947,sculpture,10783267,only excluded placeholder lrefs available: 10783267
130378,"Merx, Ad",1960,painting,10783267,only excluded placeholder lrefs available: 10783267
130379,"Mes, Han",1951,painting,10783267,only excluded placeholder lrefs available: 10783267
130380,Teunn,1958,painting,10783267,only excluded placeholder lrefs available: 10783267
130381,"Bieruma Oosting, Jeanne",1980,painting,10783267,only excluded placeholder lrefs available: 10783267
130382,"Pfaeltzer, Judith",1965,sculpture,10783267,only excluded placeholder lrefs available: 10783267
130383,"Pot, Basje",1937,painting,10783267,only excluded placeholder lrefs available: 10783267
130384,"Rieser, Willy",1942,painting,10783267,only excluded placeholder lrefs available: 10783267
130385,"Rijsterborgh, Rob",1958,unknown,10783267,only excluded placeholder lrefs available: 10783267
130386,"Rosen, Frank (1946)",1961,sculpture,10783267,only excluded placeholder lrefs available: 10783267
130387,"Schäperkötter, Gerard",1960,painting,10783267,only excluded placeholder lrefs available: 10783267
130388,"Schellart, Riky",1981,painting,10783267,only excluded placeholder lrefs available: 10783267
130389,"Schilling, Otto",1984,painting,10783267,only excluded placeholder lrefs available: 10783267
130390,"Sierhuis, Jan",1942,painting,10783267,only excluded placeholder lrefs available: 10783267
130391,"Sjollema, Johan Sybolt",1915,painting,10783267,only excluded placeholder lrefs available: 10783267
130398,"Gestel, Leo",1921,drawing (visual work),10783267,only excluded placeholder lrefs available: 10783267
130419,"Kunst, Berend",1827,drawing (visual work),10783267,only excluded placeholder lrefs available: 10783267
130429,"Baen, Jan de",1677,painting,10783267,only excluded placeholder lrefs available: 10783267
130432,"Vollevens, Jan (I)",1664,painting,10783267,only excluded placeholder lrefs available: 10783267
130433,"Verelst, Herman",1656,painting,10783267,only excluded placeholder lrefs available: 10783267
130434,Anoniem,1690,painting,10783267,only excluded placeholder lrefs available: 10783267
130435,"Delff, Jacob Willemsz. (II)",1660,painting,10783267,only excluded placeholder lrefs available: 10783267
130436,"Delff, Jacob Willemsz. (II)",1647,painting,10783267,only excluded placeholder lrefs available: 10783267
130437,"Delff, Jacob Willemsz. (II)",1660,painting,10783267,only excluded placeholder lrefs available: 10783267
130449,Anoniem,1550,painting,10783267,only excluded placeholder lrefs available: 10783267
130495,"Terwesten, Augustinus (I)",1664,painting,10783267,only excluded placeholder lrefs available: 10783267
130496,"Pickenoy, Nicolaes Eliasz.",1600,painting,10783267,only excluded placeholder lrefs available: 10783267
130592,"Eernstman, Tjeerd",1816,drawing (visual work),10783267,only excluded placeholder lrefs available: 10783267
130649,"Stapel, Dick",1957,painting,10783267,only excluded placeholder lrefs available: 10783267
130651,"Stapel, Dick",1981,painting,10783267,only excluded placeholder lrefs available: 10783267
130652,"Stapel, Dick",1981,painting,10783267,only excluded placeholder lrefs available: 10783267
130655,"Stapel, Dick",1978,painting,10783267,only excluded placeholder lrefs available: 10783267
130656,"Stapel, Dick",1979,painting,10783267,only excluded placeholder lrefs available: 10783267
130658,"Stapel, Dick",1976,painting,10783267,only excluded placeholder lrefs available: 10783267
130659,"Stapel, Dick",1980,painting,10783267,only excluded placeholder lrefs available: 10783267
130661,"Stapel, Dick",1980,painting,10783267,only excluded placeholder lrefs available: 10783267
130729,Anoniem,1700,portrait miniature,10783267,only excluded placeholder lrefs available: 10783267
130730,Anoniem,1700,portrait miniature,10783267,only excluded placeholder lrefs available: 10783267
130731,Anoniem,1700,portrait miniature,10783267,only excluded placeholder lrefs available: 10783267
130732,Anoniem,1700,portrait miniature,10783267,only excluded placeholder lrefs available: 10783267
130784,"Chimaer van Oudendorp, Wilhelmus Cornelius",1837,painting,10783267,only excluded placeholder lrefs available: 10783267
130785,"Chimaer van Oudendorp, Wilhelmus Cornelius",1837,painting,10783267,only excluded placeholder lrefs available: 10783267
130880,"Schwartze, Thérèse",1866,drawing (visual work),10783267,only excluded placeholder lrefs available: 10783267
130899,Anoniem,1800,portrait miniature,10783267,only excluded placeholder lrefs available: 10783267
130900,Anoniem,1800,portrait miniature,10783267,only excluded placeholder lrefs available: 10783267
130905,Anoniem,1600,painting,10783267,only excluded placeholder lrefs available: 10783267
130935,"Pijper, C.",1787,drawing (visual work),10783267,only excluded placeholder lrefs available: 10783267
130939,Anoniem,1750,portrait miniature,10783267,only excluded placeholder lrefs available: 10783267
130940,"Eernstman, Tjeerd",1816,painting,10783267,only excluded placeholder lrefs available: 10783267
130941,"Eernstman, Tjeerd",1816,painting,10783267,only excluded placeholder lrefs available: 10783267
130942,Anoniem,1790,painting,10783267,only excluded placeholder lrefs available: 10783267
130945,Anoniem,1500,drawing (visual work),10783267,only excluded placeholder lrefs available: 10783267
130970,Anoniem,1800,painting,10783267,only excluded placeholder lrefs available: 10783267
130985,"Vos, Cornelis de",1624,painting,10783267,only excluded placeholder lrefs available: 10783267
130988,Anoniem,1616,unknown,10783267,only excluded placeholder lrefs available: 10783267
130995,"Leveck, Jacobus",1663,painting,10783267,only excluded placeholder lrefs available: 10783267
130996,"Leveck, Jacobus",1665,painting,10783267,only excluded placeholder lrefs available: 10783267
130997,"Leveck, Jacobus",1665,painting,10783267,only excluded placeholder lrefs available: 10783267
131013,Anoniem,1800,portrait miniature,10783267,only excluded placeholder lrefs available: 10783267
131018,"Hoogstraten, Samuel van",1658,painting,10783267,only excluded placeholder lrefs available: 10783267
131022,Anoniem,1790,painting,10783267,only excluded placeholder lrefs available: 10783267
131040,"Akkersdijk, Jacob",1835,painting,10783267,only excluded placeholder lrefs available: 10783267
131047,Anoniem,1750,silhouette,10783267,only excluded placeholder lrefs available: 10783267
131049,"Lubbers, Wessel",1807,painting,10783267,only excluded placeholder lrefs available: 10783267
131050,"Lubbers, Wessel",1807,painting,10783267,only excluded placeholder lrefs available: 10783267
131059,"Stad, Willem",1917,painting,10783267,only excluded placeholder lrefs available: 10783267
131060,"Stad, Willem",1917,painting,10783267,only excluded placeholder lrefs available: 10783267
131085,"Anspach, Johannes",1810,drawing (visual work),10783267,only excluded placeholder lrefs available: 10783267
131086,"Anspach, Johannes",1810,drawing (visual work),10783267,only excluded placeholder lrefs available: 10783267
131092,"Anspach, Johannes",1803,drawing (visual work),10783267,only excluded placeholder lrefs available: 10783267
131095,"Tholen, Willem Bastiaan",1925,painting,10783267,only excluded placeholder lrefs available: 10783267
131096,"Stolk, Emma Johanna Antoinetta Romelia van",1933,drawing (visual work),10783267,only excluded placeholder lrefs available: 10783267
131097,"Stolk, Emma Johanna Antoinetta Romelia van",1934,painting,10783267,only excluded placeholder lrefs available: 10783267
131098,"Stolk, Emma Johanna Antoinetta Romelia van",1902,painting,10783267,only excluded placeholder lrefs available: 10783267
131099,"Koch, Pyke",1927,painting,10783267,only excluded placeholder lrefs available: 10783267
131100,"Stolk, Emma Johanna Antoinetta Romelia van",1902,painting,10783267,only excluded placeholder lrefs available: 10783267
131101,"Mees, Herman",1895,painting,10783267,only excluded placeholder lrefs available: 10783267
131102,"Mees, Herman",1895,painting,10783267,only excluded placeholder lrefs available: 10783267
131103,"Mees, Herman",1895,painting,10783267,only excluded placeholder lrefs available: 10783267
131104,"Stolk, Anna Joanna van",1868,drawing (visual work),10783267,only excluded placeholder lrefs available: 10783267
131105,"Stolk, Emma Johanna Antoinetta Romelia van",1902,drawing (visual work),10783267,only excluded placeholder lrefs available: 10783267
131112,"Ravesteyn, Jan van",1625,painting,10783267,only excluded placeholder lrefs available: 10783267
131125,Anoniem,1727,relief,10783267,only excluded placeholder lrefs available: 10783267
131179,Anoniem,1700,painting,10783267,only excluded placeholder lrefs available: 10783267
131191,"Heuvel, Willem van den (1874-1925)",1902,painting,10783267,only excluded placeholder lrefs available: 10783267
131192,"Heuvel, Willem van den (1874-1925)",1902,painting,10783267,only excluded placeholder lrefs available: 10783267
131216,"Schalck, Heinrich Franz",1821,portrait miniature,10783267,only excluded placeholder lrefs available: 10783267
131219,"Jonson van Ceulen, Cornelis (I)",1624,painting,10783267,only excluded placeholder lrefs available: 10783267
131330,"Netscher, Caspar",1682,painting,10783267,only excluded placeholder lrefs available: 10783267
131374,"Kunst, Berend",1830,drawing (visual work),10783267,only excluded placeholder lrefs available: 10783267
131380,Anoniem,1775,painting,10783267,only excluded placeholder lrefs available: 10783267
131381,Anoniem,1775,painting,10783267,only excluded placeholder lrefs available: 10783267
131385,Anoniem,1810,portrait miniature,10783267,only excluded placeholder lrefs available: 10783267
131393,Anoniem,1825,unknown,10783267,only excluded placeholder lrefs available: 10783267
131411,"Bohres, Theodorus",1815,drawing (visual work),10783267,only excluded placeholder lrefs available: 10783267
131415,Anoniem,1800,drawing (visual work),10783267,only excluded placeholder lrefs available: 10783267
131466,"Limborch, Hendrik van",1715,unknown,10783267,only excluded placeholder lrefs available: 10783267
131495,Anoniem,1800,drawing (visual work),10783267,only excluded placeholder lrefs available: 10783267
131686,Anoniem,1600,painting,10783267,only excluded placeholder lrefs available: 10783267
131752,"Kunst, Berend",1839,drawing (visual work),10783267,only excluded placeholder lrefs available: 10783267
131753,"Kunst, Berend",1839,drawing (visual work),10783267,only excluded placeholder lrefs available: 10783267
131764,Anoniem,1650,unknown,10783267,only excluded placeholder lrefs available: 10783267
131773,Anoniem,1600,painting,10783267,only excluded placeholder lrefs available: 10783267
131776,Anoniem,1800,painting,10783267,only excluded placeholder lrefs available: 10783267
131797,"Campen, Jacob van",1646,painting,10783267,only excluded placeholder lrefs available: 10783267
131802,"Jordaens, Jacques",1641,painting,10783267,only excluded placeholder lrefs available: 10783267
131811,"Pourbus, Frans (I)",1573,painting,10783267,only excluded placeholder lrefs available: 10783267
131816,Anoniem,1636,painting,10783267,only excluded placeholder lrefs available: 10783267
131817,"Key, Willem",1530,painting,10783267,only excluded placeholder lrefs available: 10783267
131824,"Flinck, Govert",1640,painting,10783267,only excluded placeholder lrefs available: 10783267
131831,"Key, Willem",1550,painting,10783267,only excluded placeholder lrefs available: 10783267
131833,"Meert, Pieter",1661,painting,10783267,only excluded placeholder lrefs available: 10783267
131834,"Meert, Pieter",1661,painting,10783267,only excluded placeholder lrefs available: 10783267
131836,Anoniem,1600,painting,10783267,only excluded placeholder lrefs available: 10783267
131888,Anoniem,1625,drawing (visual work),10783267,only excluded placeholder lrefs available: 10783267
131926,"Quinkhard, Jan Maurits",1703,drawing (visual work),10783267,only excluded placeholder lrefs available: 10783267
131935,"Witsen, Willem",1900,painting,10783267,only excluded placeholder lrefs available: 10783267
131942,"Delft, Jan van",1925,painting,10783267,only excluded placeholder lrefs available: 10783267
131977,"Haaxman, Pieter Alardus",1844,unknown,10783267,only excluded placeholder lrefs available: 10783267
132077,"Marle, Eva van",1650,painting,10783267,only excluded placeholder lrefs available: 10783267
132160,"Nason, Pieter",1662,painting,10783267,only excluded placeholder lrefs available: 10783267
132180,"Hanneman, Adriaen",1618,painting,10783267,only excluded placeholder lrefs available: 10783267
132246,"Marle, Eva van",1650,painting,10783267,only excluded placeholder lrefs available: 10783267
132308,Anoniem,1825,painting,10783267,only excluded placeholder lrefs available: 10783267
132394,"Witsen, Willem",1885,painting,10783267,only excluded placeholder lrefs available: 10783267
132446,"Maes, Nicolaes",1649,painting,10783267,only excluded placeholder lrefs available: 10783267
132447,Anoniem,1675,painting,10783267,only excluded placeholder lrefs available: 10783267
132461,"Keyser, Thomas de",1631,painting,10783267,only excluded placeholder lrefs available: 10783267
132478,Anoniem,1829,painting,10783267,only excluded placeholder lrefs available: 10783267
132479,Anoniem,1860,painting,10783267,only excluded placeholder lrefs available: 10783267
132482,"Roland Holst-de Meester, Annie",1908,painting,10783267,only excluded placeholder lrefs available: 10783267
132552,"Budde, Aleida",1830,painting,10783267,only excluded placeholder lrefs available: 10783267
132685,"Palamedes, Anthonie",1616,painting,10783267,only excluded placeholder lrefs available: 10783267
132805,Anoniem,1500,painting,10783267,only excluded placeholder lrefs available: 10783267
132908,Anoniem,1775,portrait miniature,10783267,only excluded placeholder lrefs available: 10783267
132909,Anoniem,1800,portrait miniature,10783267,only excluded placeholder lrefs available: 10783267
132910,Anoniem,1825,unknown,10783267,only excluded placeholder lrefs available: 10783267
132914,"Geraedts, Pieter (1911-1978)",1926,painting,10783267,only excluded placeholder lrefs available: 10783267
132917,"Paroux, E.",1917,drawing (visual work),10783267,only excluded placeholder lrefs available: 10783267
132970,"Bouland, J.",1675,painting,10783267,only excluded placeholder lrefs available: 10783267
133008,"Geest, Julius de",1675,painting,10783267,only excluded placeholder lrefs available: 10783267
133048,"Anspach, Johannes",1812,drawing (visual work),10783267,only excluded placeholder lrefs available: 10783267
133049,"Anspach, Johannes",1812,drawing (visual work),10783267,only excluded placeholder lrefs available: 10783267
133132,"Backer, Jacob Adriaensz.",1625,painting,10783267,only excluded placeholder lrefs available: 10783267
133161,Anoniem,1800,drawing (visual work),10783267,only excluded placeholder lrefs available: 10783267
133162,Anoniem,1800,drawing (visual work),10783267,only excluded placeholder lrefs available: 10783267
133166,Anoniem,1582,painting,10783267,only excluded placeholder lrefs available: 10783267
133167,"Eeckhout, Gerbrand van den",1662,painting,10783267,only excluded placeholder lrefs available: 10783267
133187,Monogrammist F.H.V.,1650,relief,10783267,only excluded placeholder lrefs available: 10783267
133193,"Rueter, Georg",1938,painting,10783267,only excluded placeholder lrefs available: 10783267
133231,Anoniem,1775,unknown,10783267,only excluded placeholder lrefs available: 10783267
133253,"Oberndorff, Charles von",1985,painting,10783267,only excluded placeholder lrefs available: 10783267
133272,Anoniem,1800,painting,10783267,only excluded placeholder lrefs available: 10783267
133349,Anoniem,1700,painting,10783267,only excluded placeholder lrefs available: 10783267
133377,Anoniem,1650,painting,10783267,only excluded placeholder lrefs available: 10783267
133582,"Moor, Chris de",1943,painting,10783267,only excluded placeholder lrefs available: 10783267
133584,"Boon, Jan (1882)",1940,drawing (visual work),10783267,only excluded placeholder lrefs available: 10783267
133602,"Kunst, Berend",1841,drawing (visual work),10783267,only excluded placeholder lrefs available: 10783267
133616,"Weenix, Jan",1692,painting,10783267,only excluded placeholder lrefs available: 10783267
133763,"Quinkhard, Jan Maurits",1744,painting,10783267,only excluded placeholder lrefs available: 10783267
133764,"Quinkhard, Jan Maurits",1739,portrait miniature,10783267,only excluded placeholder lrefs available: 10783267
133787,"Quinkhard, Jan Maurits",1703,painting,10783267,only excluded placeholder lrefs available: 10783267
133788,"Quinkhard, Jan Maurits",1734,portrait miniature,10783267,only excluded placeholder lrefs available: 10783267
133789,"Quinkhard, Jan Maurits",1753,portrait miniature,10783267,only excluded placeholder lrefs available: 10783267
133790,"Quinkhard, Jan Maurits",1703,painting,10783267,only excluded placeholder lrefs available: 10783267
133791,"Quinkhard, Jan Maurits",1703,unknown,10783267,only excluded placeholder lrefs available: 10783267
133792,"Quinkhard, Jan Maurits",1703,unknown,10783267,only excluded placeholder lrefs available: 10783267
133793,"Quinkhard, Jan Maurits",1703,painting,10783267,only excluded placeholder lrefs available: 10783267
133794,"Quinkhard, Jan Maurits",1703,painting,10783267,only excluded placeholder lrefs available: 10783267
133795,"Quinkhard, Jan Maurits",1752,painting,10783267,only excluded placeholder lrefs available: 10783267
133797,"Quinkhard, Jan Maurits",1703,painting,10783267,only excluded placeholder lrefs available: 10783267
133798,"Quinkhard, Jan Maurits",1744,painting,10783267,only excluded placeholder lrefs available: 10783267
133799,"Quinkhard, Jan Maurits",1727,painting,10783267,only excluded placeholder lrefs available: 10783267
133800,"Quinkhard, Jan Maurits",1703,painting,10783267,only excluded placeholder lrefs available: 10783267
133801,"Quinkhard, Jan Maurits",1717,painting,10783267,only excluded placeholder lrefs available: 10783267
133802,"Quinkhard, Jan Maurits",1703,painting,10783267,only excluded placeholder lrefs available: 10783267
133804,"Quinkhard, Jan Maurits",1745,painting,10783267,only excluded placeholder lrefs available: 10783267
133805,"Quinkhard, Jan Maurits",1764,painting,10783267,only excluded placeholder lrefs available: 10783267
133806,"Quinkhard, Jan Maurits",1738,unknown,10783267,only excluded placeholder lrefs available: 10783267
133807,"Quinkhard, Jan Maurits",1759,painting,10783267,only excluded placeholder lrefs available: 10783267
133808,"Quinkhard, Jan Maurits",1703,painting,10783267,only excluded placeholder lrefs available: 10783267
133809,"Quinkhard, Jan Maurits",1737,painting,10783267,only excluded placeholder lrefs available: 10783267
133810,"Quinkhard, Jan Maurits",1737,painting,10783267,only excluded placeholder lrefs available: 10783267
133812,"Quinkhard, Jan Maurits",1703,painting,10783267,only excluded placeholder lrefs available: 10783267
133813,"Quinkhard, Jan Maurits",1736,unknown,10783267,only excluded placeholder lrefs available: 10783267
133814,"Quinkhard, Jan Maurits",1736,unknown,10783267,only excluded placeholder lrefs available: 10783267
133817,"Quinkhard, Jan Maurits",1721,portrait miniature,10783267,only excluded placeholder lrefs available: 10783267
133819,"Dooijewaard, Jacob",1959,painting,10783267,only excluded placeholder lrefs available: 10783267
133823,"Soest, Cornelis van",1825,drawing (visual work),10783267,only excluded placeholder lrefs available: 10783267
133949,"Kunst, Berend",1827,drawing (visual work),10783267,only excluded placeholder lrefs available: 10783267
133972,"Kunst, Berend",1854,drawing (visual work),10783267,only excluded placeholder lrefs available: 10783267
133973,"Kunst, Berend",1865,drawing (visual work),10783267,only excluded placeholder lrefs available: 10783267
133995,"Quinkhard, Jan Maurits",1703,painting,10783267,only excluded placeholder lrefs available: 10783267
134101,"Wieringa, Harmen Willems",1628,painting,10783267,only excluded placeholder lrefs available: 10783267
134104,"Röling, Gé",1957,painting,10783267,only excluded placeholder lrefs available: 10783267
134132,Anoniem,1650,painting,10783267,only excluded placeholder lrefs available: 10783267
134164,"Sterk, Joke",1984,painting,10783267,only excluded placeholder lrefs available: 10783267
134165,"Bergh, Bep van den",1934,sculpture,10783267,only excluded placeholder lrefs available: 10783267
134166,"Terpstra, Ronald",1984,painting,10783267,only excluded placeholder lrefs available: 10783267
134168,"Truijen, Hans",1984,painting,10783267,only excluded placeholder lrefs available: 10783267
134169,"Vathorst, Theo van de",1949,sculpture,10783267,only excluded placeholder lrefs available: 10783267
134170,"Veldhoen, Aat",1949,painting,10783267,only excluded placeholder lrefs available: 10783267
134171,"Waerden, Dorien van der",1956,painting,10783267,only excluded placeholder lrefs available: 10783267
134172,"Wasowicz, Gabryela",1984,painting,10783267,only excluded placeholder lrefs available: 10783267
134173,"Zielstra, Hélène",1956,unknown,10783267,only excluded placeholder lrefs available: 10783267
134174,"Thijn, Kees",1982,painting,10783267,only excluded placeholder lrefs available: 10783267
134203,"Jacobsz., Dirck",1561,painting,10783267,only excluded placeholder lrefs available: 10783267
134275,"Gestel, Leo",1896,drawing (visual work),10783267,only excluded placeholder lrefs available: 10783267
134285,Anoniem,1840,portrait miniature,10783267,only excluded placeholder lrefs available: 10783267
134433,"Spoel, Jacob",1835,painting,10783267,only excluded placeholder lrefs available: 10783267
134434,"Spoel, Jacob",1835,painting,10783267,only excluded placeholder lrefs available: 10783267
134448,Anoniem,1612,painting,10783267,only excluded placeholder lrefs available: 10783267
134449,Anoniem,1612,painting,10783267,only excluded placeholder lrefs available: 10783267
134452,"De Keyser, Nicaise",1828,drawing (visual work),10783267,only excluded placeholder lrefs available: 10783267
134459,"Amelsfoort, Quirinus van",1777,unknown,10783267,only excluded placeholder lrefs available: 10783267
134460,"Amelsfoort, Quirinus van",1800,unknown,10783267,only excluded placeholder lrefs available: 10783267
134476,"Sonderland, Johann Baptist Wilhelm Adolf",1843,unknown,10783267,only excluded placeholder lrefs available: 10783267
134574,"Netscher, Caspar",1675,painting,10783267,only excluded placeholder lrefs available: 10783267
134583,"Vollevens, Jan (I)",1678,painting,10783267,only excluded placeholder lrefs available: 10783267
134584,"Beeldemaker, Adriaen Cornelisz.",1663,painting,10783267,only excluded placeholder lrefs available: 10783267
134585,"Rotius, Jan Albertsz.",1661,painting,10783267,only excluded placeholder lrefs available: 10783267
134587,"Maes, Nicolaes",1649,painting,10783267,only excluded placeholder lrefs available: 10783267
134588,"Tischbein, Johann Friedrich August",1765,painting,10783267,only excluded placeholder lrefs available: 10783267
134591,Anoniem,1771,silhouette,10783267,only excluded placeholder lrefs available: 10783267
134592,"Pieneman, Nicolaas (1809-1860)",1832,painting,10783267,only excluded placeholder lrefs available: 10783267
134595,"Troost, Cornelis",1737,painting,10783267,only excluded placeholder lrefs available: 10783267
134600,"Roode, Nicolaas Johannes Wilhelmus de",1845,unknown,10783267,only excluded placeholder lrefs available: 10783267
134601,"Horstok, Johannes Petrus van",1808,painting,10783267,only excluded placeholder lrefs available: 10783267
134602,"Horstok, Johannes Petrus van",1808,painting,10783267,only excluded placeholder lrefs available: 10783267
134603,"Kruseman, Jan Adam",1835,painting,10783267,only excluded placeholder lrefs available: 10783267
134604,"Key, Willem",1543,painting,10783267,only excluded placeholder lrefs available: 10783267
134605,"Baen, Jan de",1668,painting,10783267,only excluded placeholder lrefs available: 10783267
134606,"Baen, Jan de",1648,painting,10783267,only excluded placeholder lrefs available: 10783267
134608,Anoniem,1645,painting,10783267,only excluded placeholder lrefs available: 10783267
134609,Anoniem,1759,painting,10783267,only excluded placeholder lrefs available: 10783267
134613,Anoniem,1626,painting,10783267,only excluded placeholder lrefs available: 10783267
134614,"Cuyp, Jacob Gerritsz.",1638,painting,10783267,only excluded placeholder lrefs available: 10783267
134615,Anoniem,1707,painting,10783267,only excluded placeholder lrefs available: 10783267
134617,"Accama, Bernardus (I)",1737,painting,10783267,only excluded placeholder lrefs available: 10783267
134630,Anoniem,1651,painting,10783267,only excluded placeholder lrefs available: 10783267
134631,"Veldhuijzen, Gerrit",1849,painting,10783267,only excluded placeholder lrefs available: 10783267
134664,"Ziesenis, Johann Georg",1765,portrait miniature,10783267,only excluded placeholder lrefs available: 10783267
134665,"Ziesenis, Johann Georg",1765,portrait miniature,10783267,only excluded placeholder lrefs available: 10783267
134700,"Dyck, Anthony van",1640,painting,10783267,only excluded placeholder lrefs available: 10783267
134706,"Bohres, Theodorus",1815,drawing (visual work),10783267,only excluded placeholder lrefs available: 10783267
134999,"Schmidt, George Adam",1775,drawing (visual work),10783267,only excluded placeholder lrefs available: 10783267
135001,"Bailly, David",1600,painting,10783267,only excluded placeholder lrefs available: 10783267
135002,"Bailly, David",1600,painting,10783267,only excluded placeholder lrefs available: 10783267
135051,Anoniem,1674,painting,10783267,only excluded placeholder lrefs available: 10783267
135052,Anoniem,1689,painting,10783267,only excluded placeholder lrefs available: 10783267
135053,"Apostool, Cornelis",1834,painting,10783267,only excluded placeholder lrefs available: 10783267
135057,Anoniem,1751,painting,10783267,only excluded placeholder lrefs available: 10783267
135059,"Kunst, Berend",1809,drawing (visual work),10783267,only excluded placeholder lrefs available: 10783267
135060,"Kunst, Berend",1809,drawing (visual work),10783267,only excluded placeholder lrefs available: 10783267
135061,"Kunst, Berend",1809,drawing (visual work),10783267,only excluded placeholder lrefs available: 10783267
135062,"Kunst, Berend",1809,drawing (visual work),10783267,only excluded placeholder lrefs available: 10783267
135063,"Kunst, Berend",1809,drawing (visual work),10783267,only excluded placeholder lrefs available: 10783267
135064,"Kunst, Berend",1848,drawing (visual work),10783267,only excluded placeholder lrefs available: 10783267
135065,"Kunst, Berend",1848,drawing (visual work),10783267,only excluded placeholder lrefs available: 10783267
135085,Anoniem,1648,painting,10783267,only excluded placeholder lrefs available: 10783267
135086,Anoniem,1650,painting,10783267,only excluded placeholder lrefs available: 10783267
135087,Anoniem,1679,painting,10783267,only excluded placeholder lrefs available: 10783267
135088,Anoniem,1672,painting,10783267,only excluded placeholder lrefs available: 10783267
135089,Anoniem,1702,painting,10783267,only excluded placeholder lrefs available: 10783267
135090,Anoniem,1702,painting,10783267,only excluded placeholder lrefs available: 10783267
135091,Anoniem,1679,painting,10783267,only excluded placeholder lrefs available: 10783267
135092,Anoniem,1679,painting,10783267,only excluded placeholder lrefs available: 10783267
135093,Anoniem,1709,painting,10783267,only excluded placeholder lrefs available: 10783267
135094,Anoniem,1708,painting,10783267,only excluded placeholder lrefs available: 10783267
135095,Anoniem,1636,painting,10783267,only excluded placeholder lrefs available: 10783267
135096,Anoniem,1700,painting,10783267,only excluded placeholder lrefs available: 10783267
135097,Anoniem,1600,painting,10783267,only excluded placeholder lrefs available: 10783267
135112,Anoniem,1828,drawing (visual work),10783267,only excluded placeholder lrefs available: 10783267
135113,Anoniem,1836,drawing (visual work),10783267,only excluded placeholder lrefs available: 10783267
135114,Anoniem,1765,painting,10783267,only excluded placeholder lrefs available: 10783267
135116,Anoniem,1828,painting,10783267,only excluded placeholder lrefs available: 10783267
135144,"Weyers, Berend Wolter",1932,unknown,10783267,only excluded placeholder lrefs available: 10783267
135145,"Weyers, Berend Wolter",1932,unknown,10783267,only excluded placeholder lrefs available: 10783267
135146,"Denner, Balthasar",1725,painting,10783267,only excluded placeholder lrefs available: 10783267
135153,"Weyers, Berend Wolter",1932,painting,10783267,only excluded placeholder lrefs available: 10783267
135154,"Weyers, Berend Wolter",1932,painting,10783267,only excluded placeholder lrefs available: 10783267
135155,"Kemper, Pauline C.H.",1850,drawing (visual work),10783267,only excluded placeholder lrefs available: 10783267
135156,"Kemper, Pauline C.H.",1850,drawing (visual work),10783267,only excluded placeholder lrefs available: 10783267
135158,"Cuyp, Jacob Gerritsz.",1645,unknown,10783267,only excluded placeholder lrefs available: 10783267
135188,"Breitner, George Hendrik",1872,painting,10783267,only excluded placeholder lrefs available: 10783267
135189,"Barnard, Anne (Lady)",1765,drawing (visual work),10783267,only excluded placeholder lrefs available: 10783267
135190,"Barnard, Anne (Lady)",1765,unknown,10783267,only excluded placeholder lrefs available: 10783267
135191,Anoniem,1701,painting,10783267,only excluded placeholder lrefs available: 10783267
135192,Anoniem,1722,painting,10783267,only excluded placeholder lrefs available: 10783267
135193,Anoniem,1800,drawing (visual work),10783267,only excluded placeholder lrefs available: 10783267
135194,Anoniem,1764,silhouette,10783267,only excluded placeholder lrefs available: 10783267
135195,Anoniem,1750,drawing (visual work),10783267,only excluded placeholder lrefs available: 10783267
135196,Anoniem,1760,painting,10783267,only excluded placeholder lrefs available: 10783267
135197,Anoniem,1750,painting,10783267,only excluded placeholder lrefs available: 10783267
135199,Anoniem,1701,painting,10783267,only excluded placeholder lrefs available: 10783267
135200,Anoniem,1711,painting,10783267,only excluded placeholder lrefs available: 10783267
135201,Anoniem,1775,painting,10783267,only excluded placeholder lrefs available: 10783267
135202,Anoniem,1775,painting,10783267,only excluded placeholder lrefs available: 10783267
135203,Anoniem,1650,painting,10783267,only excluded placeholder lrefs available: 10783267
135204,Anoniem,1350,painting,10783267,only excluded placeholder lrefs available: 10783267
135314,Anoniem,1600,painting,10783267,only excluded placeholder lrefs available: 10783267
135315,Anoniem,1638,painting,10783267,only excluded placeholder lrefs available: 10783267
135327,"Uden, Thomas Carolus van",1841,painting,10783267,only excluded placeholder lrefs available: 10783267
135328,"Uden, Thomas Carolus van",1841,painting,10783267,only excluded placeholder lrefs available: 10783267
135330,"Beers, Frans van",1854,painting,10783267,only excluded placeholder lrefs available: 10783267
135376,Anoniem,1842,painting,10783267,only excluded placeholder lrefs available: 10783267
135401,Anoniem,1825,drawing (visual work),10783267,only excluded placeholder lrefs available: 10783267
135411,Anoniem,1750,painting,10783267,only excluded placeholder lrefs available: 10783267
135412,Anoniem,1770,painting,10783267,only excluded placeholder lrefs available: 10783267
135816,Anoniem,1775,portrait miniature,10783267,only excluded placeholder lrefs available: 10783267
135821,"Haanen, George Gillis",1822,painting,10783267,only excluded placeholder lrefs available: 10783267
135833,"Hartmann-Hendriks, Martha",1928,painting,10783267,only excluded placeholder lrefs available: 10783267
135942,"Maes, Nicolaes",1649,painting,10783267,only excluded placeholder lrefs available: 10783267
135956,"Bloemaert, Hendrick",1644,painting,10783267,only excluded placeholder lrefs available: 10783267
135957,"Bloemaert, Hendrick",1644,painting,10783267,only excluded placeholder lrefs available: 10783267
135958,Anoniem,1600,painting,10783267,only excluded placeholder lrefs available: 10783267
135959,Anoniem,1600,painting,10783267,only excluded placeholder lrefs available: 10783267
135960,Anoniem,1600,painting,10783267,only excluded placeholder lrefs available: 10783267
135987,Anoniem,1613,painting,10783267,only excluded placeholder lrefs available: 10783267
135988,Anoniem,1600,painting,10783267,only excluded placeholder lrefs available: 10783267
135989,Anoniem,1600,painting,10783267,only excluded placeholder lrefs available: 10783267
135996,"Maes, Nicolaes",1649,painting,10783267,only excluded placeholder lrefs available: 10783267
136010,Anoniem,1700,painting,10783267,only excluded placeholder lrefs available: 10783267
136041,"Bogaert, Jan van den (II)",1937,painting,10783267,only excluded placeholder lrefs available: 10783267
136090,"Stapel, Dick",1986,painting,10783267,only excluded placeholder lrefs available: 10783267
136102,"Merck, Jacob van der",1650,painting,10783267,only excluded placeholder lrefs available: 10783267
136168,"Oets, Pieter",1735,drawing (visual work),10783267,only excluded placeholder lrefs available: 10783267
136229,Anoniem,1737,drawing (visual work),10783267,only excluded placeholder lrefs available: 10783267
136230,Anoniem,1350,drawing (visual work),10783267,only excluded placeholder lrefs available: 10783267
136231,Anoniem,1700,drawing (visual work),10783267,only excluded placeholder lrefs available: 10783267
136232,Anoniem,1732,drawing (visual work),10783267,only excluded placeholder lrefs available: 10783267
136288,"Dijk, Philip van",1659,portrait miniature,10783267,only excluded placeholder lrefs available: 10783267
136299,Anoniem,1826,drawing (visual work),10783267,only excluded placeholder lrefs available: 10783267
136336,"Dannenberg, Wijchel",1719,painting,10783267,only excluded placeholder lrefs available: 10783267
136355,"Huguenin, Ulrich",1770,drawing (visual work),10783267,only excluded placeholder lrefs available: 10783267
136376,"Velthoven, Hendrik van",1743,painting,10783267,only excluded placeholder lrefs available: 10783267
136382,Anoniem,1675,painting,10783267,only excluded placeholder lrefs available: 10783267
136383,Anoniem,1645,painting,10783267,only excluded placeholder lrefs available: 10783267
136392,Anoniem,1775,portrait miniature,10783267,only excluded placeholder lrefs available: 10783267
136393,Anoniem,1750,silhouette,10783267,only excluded placeholder lrefs available: 10783267
136394,Anoniem,1750,silhouette,10783267,only excluded placeholder lrefs available: 10783267
136395,Anoniem,1829,painting,10783267,only excluded placeholder lrefs available: 10783267
136396,Anoniem,1829,painting,10783267,only excluded placeholder lrefs available: 10783267
136408,Anoniem,1792,drawing (visual work),10783267,only excluded placeholder lrefs available: 10783267
136409,Anoniem,1725,drawing (visual work),10783267,only excluded placeholder lrefs available: 10783267
136422,Anoniem,1750,painting,10783267,only excluded placeholder lrefs available: 10783267
136423,Anoniem,1750,drawing (visual work),10783267,only excluded placeholder lrefs available: 10783267
136457,"Hodges, Charles Howard",1800,painting,10783267,only excluded placeholder lrefs available: 10783267
136465,"Mijtens, Jan",1658,painting,10783267,only excluded placeholder lrefs available: 10783267
136470,"Kruseman, Cornelis",1825,drawing (visual work),10783267,only excluded placeholder lrefs available: 10783267
136550,"Kriege, Jan",1899,sculpture,10783267,only excluded placeholder lrefs available: 10783267
136551,"Kriege, Jan",1899,sculpture,10783267,only excluded placeholder lrefs available: 10783267
136553,"Kriege, Jan",1899,sculpture,10783267,only excluded placeholder lrefs available: 10783267
136554,"Kriege, Jan",1899,sculpture,10783267,only excluded placeholder lrefs available: 10783267
136555,"Kriege, Jan",1899,sculpture,10783267,only excluded placeholder lrefs available: 10783267
136563,Bogaers,1900,painting,10783267,only excluded placeholder lrefs available: 10783267
136564,Bogaers,1900,painting,10783267,only excluded placeholder lrefs available: 10783267
136594,"Boon, H.",1791,drawing (visual work),10783267,only excluded placeholder lrefs available: 10783267
136610,"Bron, Louis",1917,painting,10783267,only excluded placeholder lrefs available: 10783267
136611,"Bron, Louis",1899,painting,10783267,only excluded placeholder lrefs available: 10783267
136612,"Bron, Louis",1899,painting,10783267,only excluded placeholder lrefs available: 10783267
136613,"Bron, Louis",1917,painting,10783267,only excluded placeholder lrefs available: 10783267
136614,"Bron, Louis",1917,painting,10783267,only excluded placeholder lrefs available: 10783267
136617,"Pieneman, Nicolaas (1809-1860)",1824,drawing (visual work),10783267,only excluded placeholder lrefs available: 10783267
136618,"Pieneman, Nicolaas (1809-1860)",1824,drawing (visual work),10783267,only excluded placeholder lrefs available: 10783267
136619,Anoniem,1803,painting,10783267,only excluded placeholder lrefs available: 10783267
136625,"Kunst, Berend",1848,drawing (visual work),10783267,only excluded placeholder lrefs available: 10783267
136628,"Kunst, Berend",1849,drawing (visual work),10783267,only excluded placeholder lrefs available: 10783267
136629,"Kunst, Berend",1849,drawing (visual work),10783267,only excluded placeholder lrefs available: 10783267
136643,"Neuman, Johan Heinrich",1898,painting,10783267,only excluded placeholder lrefs available: 10783267
136662,"Neuman, Johan Heinrich",1863,painting,10783267,only excluded placeholder lrefs available: 10783267
136666,"Haak, Jan",1858,painting,10783267,only excluded placeholder lrefs available: 10783267
136677,"Veth, Jan",1893,drawing (visual work),10783267,only excluded placeholder lrefs available: 10783267
136686,"Sondaar, Bertus",1932,sculpture,10783267,only excluded placeholder lrefs available: 10783267
136691,"Veth, Jan",1920,painting,10783267,only excluded placeholder lrefs available: 10783267
136773,Anoniem,1800,silhouette,10783267,only excluded placeholder lrefs available: 10783267
136798,"Barckhuis, Joost",1729,painting,10783267,only excluded placeholder lrefs available: 10783267
136799,"Barckhuis, Joost",1729,painting,10783267,only excluded placeholder lrefs available: 10783267
136901,"Moritz, Louis",1833,painting,10783267,only excluded placeholder lrefs available: 10783267
136926,"Slingelandt, Pieter van",1676,drawing (visual work),10783267,only excluded placeholder lrefs available: 10783267
136927,"Slingelandt, Pieter van",1655,drawing (visual work),10783267,only excluded placeholder lrefs available: 10783267
136928,"Slingelandt, Pieter van",1675,drawing (visual work),10783267,only excluded placeholder lrefs available: 10783267
136995,"Maes, Nicolaes",1675,painting,10783267,only excluded placeholder lrefs available: 10783267
137048,"Uytenbogaart, Abraham",1838,unknown,10783267,only excluded placeholder lrefs available: 10783267
137049,"Uytenbogaart, Abraham",1838,unknown,10783267,only excluded placeholder lrefs available: 10783267
137050,"Wicheren, Johan Joeke Gabriël van",1857,unknown,10783267,only excluded placeholder lrefs available: 10783267
137056,"Kever, Jacob Simon Hendrik",1873,drawing (visual work),10783267,only excluded placeholder lrefs available: 10783267
137058,"Akkersdijk, Jacob",1855,painting,10783267,only excluded placeholder lrefs available: 10783267
137059,"Akkersdijk, Jacob",1855,painting,10783267,only excluded placeholder lrefs available: 10783267
137061,"Leveck, Jacobus",1671,painting,10783267,only excluded placeholder lrefs available: 10783267
137071,Anoniem,1657,unknown,10783267,only excluded placeholder lrefs available: 10783267
137080,"Brouwer, Anthonius",1885,painting,10783267,only excluded placeholder lrefs available: 10783267
137081,"Brouwer, Anthonius",1850,drawing (visual work),10783267,only excluded placeholder lrefs available: 10783267
137104,"Memling, Hans",1487,diptych,10783267,only excluded placeholder lrefs available: 10783267
137127,"Maes, Nicolaes",1649,painting,10783267,only excluded placeholder lrefs available: 10783267
137128,"Maes, Nicolaes",1649,painting,10783267,only excluded placeholder lrefs available: 10783267
137129,"Schouman, Aert",1725,portrait miniature,10783267,only excluded placeholder lrefs available: 10783267
137130,Anoniem,1650,portrait miniature,10783267,only excluded placeholder lrefs available: 10783267
137131,"Baen, Jan de",1650,portrait miniature,10783267,only excluded placeholder lrefs available: 10783267
137132,Anoniem,1800,portrait miniature,10783267,only excluded placeholder lrefs available: 10783267
137133,Anoniem,1800,portrait miniature,10783267,only excluded placeholder lrefs available: 10783267
137134,Anoniem,1350,portrait miniature,10783267,only excluded placeholder lrefs available: 10783267
137143,"Lelie, Jan Adriaan Antonie de",1803,painting,10783267,only excluded placeholder lrefs available: 10783267
137144,"Does, Simon van der",1680,painting,10783267,only excluded placeholder lrefs available: 10783267
137156,"Dijk, Willem Cornelis van (1826-1881)",1841,painting,10783267,only excluded placeholder lrefs available: 10783267
137157,"Georges, Eduard François",1844,sculpture,10783267,only excluded placeholder lrefs available: 10783267
137159,"Wonder, Pieter Christoffel",1795,painting,10783267,only excluded placeholder lrefs available: 10783267
137169,"Craey, Dirck",1651,painting,10783267,only excluded placeholder lrefs available: 10783267
137178,"Wuchters, Abraham",1623,painting,10783267,only excluded placeholder lrefs available: 10783267
137184,"Netscher, Caspar",1682,painting,10783267,only excluded placeholder lrefs available: 10783267
137187,"Mierevelt, Michiel van",1625,painting,10783267,only excluded placeholder lrefs available: 10783267
137198,Anoniem,1600,painting,10783267,only excluded placeholder lrefs available: 10783267
137200,"Hooghe, Romeyn de",1660,unknown,10783267,only excluded placeholder lrefs available: 10783267
137201,"Hooghe, Romeyn de",1660,unknown,10783267,only excluded placeholder lrefs available: 10783267
137204,Anoniem,1600,painting,10783267,only excluded placeholder lrefs available: 10783267
137208,"Mijn, Herman van der",1699,painting,10783267,only excluded placeholder lrefs available: 10783267
137230,"Putter, Pieter de",1605,unknown,10783267,only excluded placeholder lrefs available: 10783267
137231,"Putter, Pieter de",1605,unknown,10783267,only excluded placeholder lrefs available: 10783267
137232,Anoniem,1625,unknown,10783267,only excluded placeholder lrefs available: 10783267
137233,"Putter, Pieter de",1605,unknown,10783267,only excluded placeholder lrefs available: 10783267
137234,"Putter, Pieter de",1605,unknown,10783267,only excluded placeholder lrefs available: 10783267
137235,"Putter, Pieter de",1605,unknown,10783267,only excluded placeholder lrefs available: 10783267
137236,"Putter, Pieter de",1605,unknown,10783267,only excluded placeholder lrefs available: 10783267
137237,"Putter, Pieter de",1605,unknown,10783267,only excluded placeholder lrefs available: 10783267
137238,"Putter, Pieter de",1605,unknown,10783267,only excluded placeholder lrefs available: 10783267
137239,"Putter, Pieter de",1605,unknown,10783267,only excluded placeholder lrefs available: 10783267
137240,"Veen, Apollonia van",1600,unknown,10783267,only excluded placeholder lrefs available: 10783267
137241,"Putter, Pieter de",1605,unknown,10783267,only excluded placeholder lrefs available: 10783267
137242,"Putter, Pieter de",1605,unknown,10783267,only excluded placeholder lrefs available: 10783267
137243,"Vliet, Willem van der",1615,unknown,10783267,only excluded placeholder lrefs available: 10783267
137244,"Veen, Pieter van (1563)",1578,unknown,10783267,only excluded placeholder lrefs available: 10783267
137245,"Cuyp, Benjamin",1627,unknown,10783267,only excluded placeholder lrefs available: 10783267
137246,"Cuyp, Benjamin",1627,unknown,10783267,only excluded placeholder lrefs available: 10783267
137248,Anoniem,1575,unknown,10783267,only excluded placeholder lrefs available: 10783267
137249,Anoniem,1630,unknown,10783267,only excluded placeholder lrefs available: 10783267
137250,Anoniem,1575,unknown,10783267,only excluded placeholder lrefs available: 10783267
137251,Anoniem,1550,unknown,10783267,only excluded placeholder lrefs available: 10783267
137252,Anoniem,1550,unknown,10783267,only excluded placeholder lrefs available: 10783267
137253,Anoniem,1600,unknown,10783267,only excluded placeholder lrefs available: 10783267
137254,Anoniem,1600,unknown,10783267,only excluded placeholder lrefs available: 10783267
137255,Anoniem,1600,unknown,10783267,only excluded placeholder lrefs available: 10783267
137256,Anoniem,1600,unknown,10783267,only excluded placeholder lrefs available: 10783267
137257,Anoniem,1600,unknown,10783267,only excluded placeholder lrefs available: 10783267
137258,Anoniem,1600,unknown,10783267,only excluded placeholder lrefs available: 10783267
137259,"Moreelse, Paulus",1616,painting,10783267,only excluded placeholder lrefs available: 10783267
137260,Anoniem,1600,drawing (visual work),10783267,only excluded placeholder lrefs available: 10783267
137261,Anoniem,1575,unknown,10783267,only excluded placeholder lrefs available: 10783267
137262,"Veen, Simon van",1629,drawing (visual work),10783267,only excluded placeholder lrefs available: 10783267
137263,Anoniem,1600,drawing (visual work),10783267,only excluded placeholder lrefs available: 10783267
137272,Anoniem,1657,unknown,10783267,only excluded placeholder lrefs available: 10783267
137273,"Spijck, Jacob van der (II)",1665,unknown,10783267,only excluded placeholder lrefs available: 10783267
137274,"Merck, Jacob van der",1615,unknown,10783267,only excluded placeholder lrefs available: 10783267
137275,"Oldewelt, Ferdinand",1872,painting,10783267,only excluded placeholder lrefs available: 10783267
137276,"Pieneman, Nicolaas (1809-1860)",1824,painting,10783267,only excluded placeholder lrefs available: 10783267
137277,Anoniem,1900,painting,10783267,only excluded placeholder lrefs available: 10783267
137279,"Velde, Bram van",1910,painting,10783267,only excluded placeholder lrefs available: 10783267
137280,"Sluijters, Jan",1896,drawing (visual work),10783267,only excluded placeholder lrefs available: 10783267
137289,"Waay, Nicolaas van der",1870,drawing (visual work),10783267,only excluded placeholder lrefs available: 10783267
137291,"Humbert de Superville, David Pièrre Giottino",1785,drawing (visual work),10783267,only excluded placeholder lrefs available: 10783267
137295,Louise (prinses van Oranje-Nassau),1785,drawing (visual work),10783267,only excluded placeholder lrefs available: 10783267
137296,"Richters, Marius",1920,painting,10783267,only excluded placeholder lrefs available: 10783267
137297,"Wiegers, Jan",1929,drawing (visual work),10783267,only excluded placeholder lrefs available: 10783267
137298,"Wiegers, Jan",1929,drawing (visual work),10783267,only excluded placeholder lrefs available: 10783267
137299,"Dupuis, Toon",1892,sculpture,10783267,only excluded placeholder lrefs available: 10783267
137305,"Sondaar, Bertus",1944,sculpture,10783267,only excluded placeholder lrefs available: 10783267
137311,"Bailly, David",1628,drawing (visual work),10783267,only excluded placeholder lrefs available: 10783267
137337,"Cohen, Johan",1910,drawing (visual work),10783267,only excluded placeholder lrefs available: 10783267
137339,"Steenhoff, Willem",1932,drawing (visual work),10783267,only excluded placeholder lrefs available: 10783267
137340,"Langeveld, A.",1880,drawing (visual work),10783267,only excluded placeholder lrefs available: 10783267
137360,"Aldewereld, Herman van",1643,painting,10783267,only excluded placeholder lrefs available: 10783267
137375,"Picolet, Cornelis",1653,painting,10783267,only excluded placeholder lrefs available: 10783267
137381,"Verkolje, Jan (I)",1690,unknown,10783267,only excluded placeholder lrefs available: 10783267
137382,"Heyden, Jan van der",1661,drawing (visual work),10783267,only excluded placeholder lrefs available: 10783267
137383,"Merck, Jacob van der",1615,unknown,10783267,only excluded placeholder lrefs available: 10783267
137400,"Wessel, Isaac van",1669,drawing (visual work),10783267,only excluded placeholder lrefs available: 10783267
137406,"Baen, Jan de",1648,unknown,10783267,only excluded placeholder lrefs available: 10783267
137412,"Westerbaen, Jan Jansz. (I)",1650,painting,10783267,only excluded placeholder lrefs available: 10783267
137414,"Mieris, Frans van (I)",1650,drawing (visual work),10783267,only excluded placeholder lrefs available: 10783267
137417,"Quinkhard, Julius (I)",1649,painting,10783267,only excluded placeholder lrefs available: 10783267
137425,"Sondaar, Bertus",1947,sculpture,10783267,only excluded placeholder lrefs available: 10783267
137434,Anoniem,1735,drawing (visual work),10783267,only excluded placeholder lrefs available: 10783267
137436,Anoniem,1800,silhouette,10783267,only excluded placeholder lrefs available: 10783267
137437,Anoniem,1800,silhouette,10783267,only excluded placeholder lrefs available: 10783267
137443,"Cooghen, Leendert van der",1651,drawing (visual work),10783267,only excluded placeholder lrefs available: 10783267
137444,"Cooghen, Leendert van der",1653,drawing (visual work),10783267,only excluded placeholder lrefs available: 10783267
137452,"Jacobsz., Dirck",1502,painting,10783267,only excluded placeholder lrefs available: 10783267
137453,"Visscher, Cornelis (III)",1643,drawing (visual work),10783267,only excluded placeholder lrefs available: 10783267
137456,"Visscher, Cornelis (III)",1652,drawing (visual work),10783267,only excluded placeholder lrefs available: 10783267
137457,"Visscher, Cornelis (III)",1658,unknown,10783267,only excluded placeholder lrefs available: 10783267
137461,Anoniem,1500,unknown,10783267,only excluded placeholder lrefs available: 10783267
137463,"Scorel, Jan van",1550,painting,10783267,only excluded placeholder lrefs available: 10783267
137465,"Schoor, Aelbert Jansz. van der",1651,painting,10783267,only excluded placeholder lrefs available: 10783267
137481,"Sondaar, Bertus",1935,sculpture,10783267,only excluded placeholder lrefs available: 10783267
137487,Anoniem,1561,unknown,10783267,only excluded placeholder lrefs available: 10783267
137488,Anoniem,1567,unknown,10783267,only excluded placeholder lrefs available: 10783267
137489,Anoniem,1576,unknown,10783267,only excluded placeholder lrefs available: 10783267
137490,"Cuyp, Jacob Gerritsz.",1624,unknown,10783267,only excluded placeholder lrefs available: 10783267
137491,"Cuyp, Jacob Gerritsz.",1624,unknown,10783267,only excluded placeholder lrefs available: 10783267
137492,"Cuyp, Jacob Gerritsz.",1626,unknown,10783267,only excluded placeholder lrefs available: 10783267
137493,"Cuyp, Jacob Gerritsz.",1626,unknown,10783267,only excluded placeholder lrefs available: 10783267
137494,Anoniem,1629,unknown,10783267,only excluded placeholder lrefs available: 10783267
137495,"Cuyp, Jacob Gerritsz.",1609,painting,10783267,only excluded placeholder lrefs available: 10783267
137496,"Cuyp, Jacob Gerritsz.",1609,painting,10783267,only excluded placeholder lrefs available: 10783267
137500,Anoniem,1525,unknown,10783267,only excluded placeholder lrefs available: 10783267
137510,"Delin, Charles Bruno Donat",1775,painting,10783267,only excluded placeholder lrefs available: 10783267
137511,Anoniem,1600,unknown,10783267,only excluded placeholder lrefs available: 10783267
137513,Anoniem,1515,painting,10783267,only excluded placeholder lrefs available: 10783267
137516,"Kunst, Berend",1822,drawing (visual work),10783267,only excluded placeholder lrefs available: 10783267
137518,"Esser, Wijnand",1794,drawing (visual work),10783267,only excluded placeholder lrefs available: 10783267
137519,"Kunst, Berend",1842,drawing (visual work),10783267,only excluded placeholder lrefs available: 10783267
137520,"Kunst, Berend",1849,drawing (visual work),10783267,only excluded placeholder lrefs available: 10783267
137522,Anoniem,1733,unknown,10783267,only excluded placeholder lrefs available: 10783267
137537,"Lengele, Martinus",1600,painting,10783267,only excluded placeholder lrefs available: 10783267
137544,"Netscher, Caspar",1654,painting,10783267,only excluded placeholder lrefs available: 10783267
137545,"Lengele, Martinus",1650,painting,10783267,only excluded placeholder lrefs available: 10783267
137561,"Vollevens, Johannes (II)",1700,painting,10783267,only excluded placeholder lrefs available: 10783267
137567,"Swanenburg, Isaac Claesz. van",1552,painting,10783267,only excluded placeholder lrefs available: 10783267
137568,Anoniem,1525,painting,10783267,only excluded placeholder lrefs available: 10783267
137581,Anoniem,1650,painting,10783267,only excluded placeholder lrefs available: 10783267
137582,Anoniem,1550,painting,10783267,only excluded placeholder lrefs available: 10783267
137583,"Loo, Jacob van",1629,painting,10783267,only excluded placeholder lrefs available: 10783267
137585,"Mijn, Herman van der",1727,painting,10783267,only excluded placeholder lrefs available: 10783267
137595,"Mierevelt, Michiel van",1614,painting,10783267,only excluded placeholder lrefs available: 10783267
137596,"Baen, Jan de",1650,painting,10783267,only excluded placeholder lrefs available: 10783267
137597,"Ravesteyn, Jan van",1625,painting,10783267,only excluded placeholder lrefs available: 10783267
137598,"Mierevelt, Michiel van",1607,painting,10783267,only excluded placeholder lrefs available: 10783267
137599,"Hillegaert, Paulus van (I)",1625,painting,10783267,only excluded placeholder lrefs available: 10783267
137600,"Dalen, Cornelis van (I)",1650,painting,10783267,only excluded placeholder lrefs available: 10783267
137631,Anoniem,1714,painting,10783267,only excluded placeholder lrefs available: 10783267
137632,Anoniem,1725,painting,10783267,only excluded placeholder lrefs available: 10783267
137634,Anoniem,1350,painting,10783267,only excluded placeholder lrefs available: 10783267
137635,Anoniem,1620,painting,10783267,only excluded placeholder lrefs available: 10783267
137636,Anoniem,1649,painting,10783267,only excluded placeholder lrefs available: 10783267
137637,Anoniem,1649,painting,10783267,only excluded placeholder lrefs available: 10783267
137638,Anoniem,1615,painting,10783267,only excluded placeholder lrefs available: 10783267
137639,Anoniem,1612,painting,10783267,only excluded placeholder lrefs available: 10783267
137640,Anoniem,1613,unknown,10783267,only excluded placeholder lrefs available: 10783267
137641,Anoniem,1552,unknown,10783267,only excluded placeholder lrefs available: 10783267
137642,Anoniem,1552,unknown,10783267,only excluded placeholder lrefs available: 10783267
137643,Anoniem,1596,unknown,10783267,only excluded placeholder lrefs available: 10783267
137644,Anoniem,1571,unknown,10783267,only excluded placeholder lrefs available: 10783267
137645,Anoniem,1350,unknown,10783267,only excluded placeholder lrefs available: 10783267
137646,Anoniem,1350,unknown,10783267,only excluded placeholder lrefs available: 10783267
137647,Anoniem,1596,unknown,10783267,only excluded placeholder lrefs available: 10783267
137648,Anoniem,1350,unknown,10783267,only excluded placeholder lrefs available: 10783267
137649,Anoniem,1564,unknown,10783267,only excluded placeholder lrefs available: 10783267
137650,Anoniem,1564,unknown,10783267,only excluded placeholder lrefs available: 10783267
137654,"Asscher, Henriëtte",1873,drawing (visual work),10783267,only excluded placeholder lrefs available: 10783267
137661,"Monnickendam, Martin",1910,painting,10783267,only excluded placeholder lrefs available: 10783267
137665,"Bleekrode, Meijer",1911,painting,10783267,only excluded placeholder lrefs available: 10783267
137667,"Hartman-Elias, Joke",1942,drawing (visual work),10783267,only excluded placeholder lrefs available: 10783267
137668,"Chapon, Jules",1944,drawing (visual work),10783267,only excluded placeholder lrefs available: 10783267
137685,"Kok, Leo",1944,drawing (visual work),10783267,only excluded placeholder lrefs available: 10783267
137689,"Borselen, van",1841,painting,10783267,only excluded placeholder lrefs available: 10783267
137690,"Borselen, van",1836,painting,10783267,only excluded placeholder lrefs available: 10783267
137691,"Borselen, van",1830,painting,10783267,only excluded placeholder lrefs available: 10783267
137694,Anoniem,1816,drawing (visual work),10783267,only excluded placeholder lrefs available: 10783267
137699,"Mogendorff, Ro",1922,drawing (visual work),10783267,only excluded placeholder lrefs available: 10783267
137702,Anoniem,1860,drawing (visual work),10783267,only excluded placeholder lrefs available: 10783267
137706,"Musaph, Herman",1981,painting,10783267,only excluded placeholder lrefs available: 10783267
137708,Anoniem,1800,drawing (visual work),10783267,only excluded placeholder lrefs available: 10783267
137711,"Hess, Felix",1893,drawing (visual work),10783267,only excluded placeholder lrefs available: 10783267
137886,"Borch, Gerard ter (II)",1632,painting,10783267,only excluded placeholder lrefs available: 10783267
137939,"Zádor, István",1939,drawing (visual work),10783267,only excluded placeholder lrefs available: 10783267
137943,"Vogelsang, Willem",1917,drawing (visual work),10783267,only excluded placeholder lrefs available: 10783267
137951,"Kruseman, Jan Adam",1834,unknown,10783267,only excluded placeholder lrefs available: 10783267
137954,"Wassenbergh, Jan",1742,portrait miniature,10783267,only excluded placeholder lrefs available: 10783267
137955,"Kruseman, Jan Adam",1819,drawing (visual work),10783267,only excluded placeholder lrefs available: 10783267
137957,"Kruseman, Jan Adam",1834,painting,10783267,only excluded placeholder lrefs available: 10783267
137959,"Kruseman, Jan Adam",1831,unknown,10783267,only excluded placeholder lrefs available: 10783267
137966,"Kruseman, Jan Adam",1830,unknown,10783267,only excluded placeholder lrefs available: 10783267
137981,"Vogelsang, Willem",1917,drawing (visual work),10783267,only excluded placeholder lrefs available: 10783267
137982,Anoniem,1850,drawing (visual work),10783267,only excluded placeholder lrefs available: 10783267
138000,"Noorle Jansen, Jacob Jan van",1910,drawing (visual work),10783267,only excluded placeholder lrefs available: 10783267
138002,"Neuman, Johan Heinrich",1834,unknown,10783267,only excluded placeholder lrefs available: 10783267
138003,"Neuman, Johan Heinrich",1841,painting,10783267,only excluded placeholder lrefs available: 10783267
138012,"Koopman, W.N.",1796,relief,10783267,only excluded placeholder lrefs available: 10783267
138014,Anoniem,1815,silhouette,10783267,only excluded placeholder lrefs available: 10783267
138016,"Schouten, G.L.",1893,drawing (visual work),10783267,only excluded placeholder lrefs available: 10783267
138017,"Huffel, Nicolaas Gerhard van",1884,drawing (visual work),10783267,only excluded placeholder lrefs available: 10783267
138023,"Mulder, David",1778,relief,10783267,only excluded placeholder lrefs available: 10783267
138025,Anoniem,1750,drawing (visual work),10783267,only excluded placeholder lrefs available: 10783267
138163,"Grolman, Anthony",1878,drawing (visual work),10783267,only excluded placeholder lrefs available: 10783267
138195,"Maris, Simon",1888,painting,10783267,only excluded placeholder lrefs available: 10783267
138202,"Schwartze, Thérèse",1866,drawing (visual work),10783267,only excluded placeholder lrefs available: 10783267
138203,"Schwartze, Thérèse",1866,painting,10783267,only excluded placeholder lrefs available: 10783267
138204,"Anspach, Johannes",1767,drawing (visual work),10783267,only excluded placeholder lrefs available: 10783267
138207,Anoniem,1634,painting,10783267,only excluded placeholder lrefs available: 10783267
138209,"Sluijters, Jan",1896,drawing (visual work),10783267,only excluded placeholder lrefs available: 10783267
138234,Anoniem,1700,unknown,10783267,only excluded placeholder lrefs available: 10783267
138235,"Sondaar, Bertus",1953,sculpture,10783267,only excluded placeholder lrefs available: 10783267
138236,"Sondaar, Bertus",1956,sculpture,10783267,only excluded placeholder lrefs available: 10783267
138237,"Sondaar, Bertus",1958,relief,10783267,only excluded placeholder lrefs available: 10783267
138266,"Liernur, Martinus Wilhelmus",1852,painting,10783267,only excluded placeholder lrefs available: 10783267
138269,"Schwartze, Thérèse",1903,drawing (visual work),10783267,only excluded placeholder lrefs available: 10783267
138274,"Veldhoen, Aat",1950,painting,10783267,only excluded placeholder lrefs available: 10783267
138276,"Veldhoen, Aat",1977,painting,10783267,only excluded placeholder lrefs available: 10783267
138277,"Hartz, Sem",1927,drawing (visual work),10783267,only excluded placeholder lrefs available: 10783267
138281,Anoniem,1500,unknown,10783267,only excluded placeholder lrefs available: 10783267
138294,"Citroen, Paul",1933,drawing (visual work),10783267,only excluded placeholder lrefs available: 10783267
138295,"Perkois, Jacob",1771,drawing (visual work),10783267,only excluded placeholder lrefs available: 10783267
138318,"Sondaar, Bertus",1949,sculpture,10783267,only excluded placeholder lrefs available: 10783267
138319,"Sondaar, Bertus",1960,sculpture,10783267,only excluded placeholder lrefs available: 10783267
138328,"Sondaar, Bertus",1960,sculpture,10783267,only excluded placeholder lrefs available: 10783267
138334,"Schwartze, Thérèse",1896,drawing (visual work),10783267,only excluded placeholder lrefs available: 10783267
138335,"Sondaar, Bertus",1946,sculpture,10783267,only excluded placeholder lrefs available: 10783267
138336,"Sondaar, Bertus",1966,sculpture,10783267,only excluded placeholder lrefs available: 10783267
138337,"Sondaar, Bertus",1966,sculpture,10783267,only excluded placeholder lrefs available: 10783267
138338,"Sondaar, Bertus",1963,sculpture,10783267,only excluded placeholder lrefs available: 10783267
138339,"Sondaar, Bertus",1963,sculpture,10783267,only excluded placeholder lrefs available: 10783267
138340,"Sondaar, Bertus",1964,sculpture,10783267,only excluded placeholder lrefs available: 10783267
138341,"Sondaar, Bertus",1965,sculpture,10783267,only excluded placeholder lrefs available: 10783267
138342,"Sondaar, Bertus",1963,sculpture,10783267,only excluded placeholder lrefs available: 10783267
138343,"Sondaar, Bertus",1967,sculpture,10783267,only excluded placeholder lrefs available: 10783267
138344,"Sondaar, Bertus",1971,sculpture,10783267,only excluded placeholder lrefs available: 10783267
138345,"Sondaar, Bertus",1972,sculpture,10783267,only excluded placeholder lrefs available: 10783267
138346,"Sondaar, Bertus",1973,relief,10783267,only excluded placeholder lrefs available: 10783267
138347,"Sondaar, Bertus",1961,relief,10783267,only excluded placeholder lrefs available: 10783267
138348,"Sondaar, Bertus",1961,sculpture,10783267,only excluded placeholder lrefs available: 10783267
138349,"Sondaar, Bertus",1962,sculpture,10783267,only excluded placeholder lrefs available: 10783267
138350,"Sondaar, Bertus",1969,sculpture,10783267,only excluded placeholder lrefs available: 10783267
138351,"Sondaar, Bertus",1966,relief,10783267,only excluded placeholder lrefs available: 10783267
138352,"Sondaar, Bertus",1935,sculpture,10783267,only excluded placeholder lrefs available: 10783267
138353,"Sondaar, Bertus",1937,sculpture,10783267,only excluded placeholder lrefs available: 10783267
138362,"Haverman, Hendrik Johannes",1900,drawing (visual work),10783267,only excluded placeholder lrefs available: 10783267
138371,"Vos, Cornelis de",1599,painting,10783267,only excluded placeholder lrefs available: 10783267
138378,"Góth, Móricz",1911,painting,10783267,only excluded placeholder lrefs available: 10783267
138380,"Góth, Móricz",1888,drawing (visual work),10783267,only excluded placeholder lrefs available: 10783267
138381,"Góth, Móricz",1888,painting,10783267,only excluded placeholder lrefs available: 10783267
138383,"Góth, Móricz",1935,painting,10783267,only excluded placeholder lrefs available: 10783267
138384,"Góth, Móricz",1888,painting,10783267,only excluded placeholder lrefs available: 10783267
138386,"Góth, Móricz",1888,painting,10783267,only excluded placeholder lrefs available: 10783267
138388,"Pieneman, Nicolaas (1809-1860)",1824,painting,10783267,only excluded placeholder lrefs available: 10783267
138389,Anoniem,1569,portrait miniature,10783267,only excluded placeholder lrefs available: 10783267
138393,Anoniem,1604,painting,10783267,only excluded placeholder lrefs available: 10783267
138394,Anoniem,1604,unknown,10783267,only excluded placeholder lrefs available: 10783267
138395,"Netscher, Caspar",1674,painting,10783267,only excluded placeholder lrefs available: 10783267
138401,"Kelder, Toon",1909,unknown,10783267,only excluded placeholder lrefs available: 10783267
138406,"Seydewitz, Max von",1877,painting,10783267,only excluded placeholder lrefs available: 10783267
138415,"Krijger, Henk",1942,painting,10783267,only excluded placeholder lrefs available: 10783267
138416,"Ansingh, Lizzy",1912,painting,10783267,only excluded placeholder lrefs available: 10783267
138421,"Bellefroid, Edmond",1908,painting,10783267,only excluded placeholder lrefs available: 10783267
138422,"Oort, Dorinde van",1961,unknown,10783267,only excluded placeholder lrefs available: 10783267
138424,"Van Uytvanck, Valentijn Edgar",1911,painting,10783267,only excluded placeholder lrefs available: 10783267
138425,"Roëde, Jan (1914-2007)",1980,painting,10783267,only excluded placeholder lrefs available: 10783267
138427,Anoniem,1950,unknown,10783267,only excluded placeholder lrefs available: 10783267
138429,"Artz, David Adolph Constant",1852,painting,10783267,only excluded placeholder lrefs available: 10783267
138434,"Dool, Rein",1900,unknown,10783267,only excluded placeholder lrefs available: 10783267
138435,"Blom, Theo (1935)",1950,drawing (visual work),10783267,only excluded placeholder lrefs available: 10783267
138436,"Kleintjes, Jan",1937,painting,10783267,only excluded placeholder lrefs available: 10783267
138440,"Lindgreen, Ronald",1925,painting,10783267,only excluded placeholder lrefs available: 10783267
138441,"Schrofer, Willem",1960,painting,10783267,only excluded placeholder lrefs available: 10783267
138442,"Eyck, Karin",1900,painting,10783267,only excluded placeholder lrefs available: 10783267
138443,"Oort, Dorinde van",1900,unknown,10783267,only excluded placeholder lrefs available: 10783267
138445,Anoniem,1794,painting,10783267,only excluded placeholder lrefs available: 10783267
138446,"Smies, Jacob",1779,painting,10783267,only excluded placeholder lrefs available: 10783267
138447,"Quisthoudt, Jozef",1910,painting,10783267,only excluded placeholder lrefs available: 10783267
138448,"Dijkstra, Hennie",1900,unknown,10783267,only excluded placeholder lrefs available: 10783267
138452,"Knopper, Kees",1984,drawing (visual work),10783267,only excluded placeholder lrefs available: 10783267
138453,"Kickert, Conrad",1900,painting,10783267,only excluded placeholder lrefs available: 10783267
138455,"Welie, Antoon van",1934,drawing (visual work),10783267,only excluded placeholder lrefs available: 10783267
138456,"Zon, Jacques",1905,painting,10783267,only excluded placeholder lrefs available: 10783267
138457,"Visser, Erika (1919-2007)",1964,painting,10783267,only excluded placeholder lrefs available: 10783267
138458,"Visser, Erika (1919-2007)",1900,painting,10783267,only excluded placeholder lrefs available: 10783267
138462,"Sjollema, Johan Sybolt",1900,painting,10783267,only excluded placeholder lrefs available: 10783267
138463,"Belinfante-Sauerbier, Willy",1977,painting,10783267,only excluded placeholder lrefs available: 10783267
138466,"Borch, Gerard ter (II)",1632,painting,10783267,only excluded placeholder lrefs available: 10783267
138467,"Meurs, Geertjan van",1984,painting,10783267,only excluded placeholder lrefs available: 10783267
138468,"Rieser, Willy",1942,painting,10783267,only excluded placeholder lrefs available: 10783267
138469,"Schrofer, Willem",1966,painting,10783267,only excluded placeholder lrefs available: 10783267
138470,"Kelder, Toon",1924,painting,10783267,only excluded placeholder lrefs available: 10783267
138471,Anoniem,1859,portrait miniature,10783267,only excluded placeholder lrefs available: 10783267
138474,"Hari, Johannes (II)",1822,drawing (visual work),10783267,only excluded placeholder lrefs available: 10783267
138480,"Bieruma Oosting, Jeanne",1913,painting,10783267,only excluded placeholder lrefs available: 10783267
138482,"Speenhoff, Koos",1925,drawing (visual work),10783267,only excluded placeholder lrefs available: 10783267
138484,"Rijdes, Barend",1937,drawing (visual work),10783267,only excluded placeholder lrefs available: 10783267
138486,"Schagen, Jacob van",1946,painting,10783267,only excluded placeholder lrefs available: 10783267
138488,"Schotman, Johann Willem",1944,painting,10783267,only excluded placeholder lrefs available: 10783267
138489,"Berg, Willem van den (1886-1970)",1901,painting,10783267,only excluded placeholder lrefs available: 10783267
138497,"Vries, Erwin de",1980,painting,10783267,only excluded placeholder lrefs available: 10783267
138498,"Poortenaar, Jan",1900,painting,10783267,only excluded placeholder lrefs available: 10783267
138501,"Buytendijk, Anton",1945,painting,10783267,only excluded placeholder lrefs available: 10783267
138503,"Vroman, Leo",1900,painting,10783267,only excluded placeholder lrefs available: 10783267
138505,"Vroman, Leo",1900,unknown,10783267,only excluded placeholder lrefs available: 10783267
138506,"Vroman, Leo",1930,drawing (visual work),10783267,only excluded placeholder lrefs available: 10783267
138510,"Schultze, Paul",1900,unknown,10783267,only excluded placeholder lrefs available: 10783267
138512,"Poppel, Peter van",1900,unknown,10783267,only excluded placeholder lrefs available: 10783267
138525,"Koning, Arnold de (1910-1943)",1940,painting,10783267,only excluded placeholder lrefs available: 10783267
138527,"Höch, Hannah",1900,painting,10783267,only excluded placeholder lrefs available: 10783267
138529,"Witsen, Willem",1891,painting,10783267,only excluded placeholder lrefs available: 10783267
138530,"Poortenaar, Jan",1900,painting,10783267,only excluded placeholder lrefs available: 10783267
138534,Anoniem,1840,painting,10783267,only excluded placeholder lrefs available: 10783267
138535,"Willing, J.",1900,unknown,10783267,only excluded placeholder lrefs available: 10783267
138537,"Rieser, Willy",1942,painting,10783267,only excluded placeholder lrefs available: 10783267
138538,Anoniem,1900,painting,10783267,only excluded placeholder lrefs available: 10783267
138539,"Meegeren, Han van",1904,painting,10783267,only excluded placeholder lrefs available: 10783267
138540,"Hem, Piet van der",1900,painting,10783267,only excluded placeholder lrefs available: 10783267
138541,"Schultze, Paul",1900,painting,10783267,only excluded placeholder lrefs available: 10783267
138542,"Eeden, Paul van",1948,painting,10783267,only excluded placeholder lrefs available: 10783267
138544,"Heeresma, Faber",1900,unknown,10783267,only excluded placeholder lrefs available: 10783267
138552,"Straten, Erik van",1900,unknown,10783267,only excluded placeholder lrefs available: 10783267
138554,"Citroen, Paul",1911,unknown,10783267,only excluded placeholder lrefs available: 10783267
138556,"Nijland, Dirk Hidde",1900,drawing (visual work),10783267,only excluded placeholder lrefs available: 10783267
138557,"Kuiper, Jan (1928-2017)",1984,painting,10783267,only excluded placeholder lrefs available: 10783267
138561,"Retel, Johannes",1931,painting,10783267,only excluded placeholder lrefs available: 10783267
138568,"Quinkhard, Jan Maurits",1735,unknown,10783267,only excluded placeholder lrefs available: 10783267
138577,"Machwirth, Johanna",1889,drawing (visual work),10783267,only excluded placeholder lrefs available: 10783267
138578,"Dupont, Pieter",1885,drawing (visual work),10783267,only excluded placeholder lrefs available: 10783267
138583,"Moor, Chris de",1932,drawing (visual work),10783267,only excluded placeholder lrefs available: 10783267
138585,"Roelofsz, Joost",1966,drawing (visual work),10783267,only excluded placeholder lrefs available: 10783267
138593,"Martens, Willy",1871,painting,10783267,only excluded placeholder lrefs available: 10783267
138595,"Schwartze, Thérèse",1866,painting,10783267,only excluded placeholder lrefs available: 10783267
138596,"Schröder, Sierk",1918,painting,10783267,only excluded placeholder lrefs available: 10783267
138597,"Zijl, Lambertus",1881,relief,10783267,only excluded placeholder lrefs available: 10783267
138598,"Wagenaar, Pieter (II)",1762,drawing (visual work),10783267,only excluded placeholder lrefs available: 10783267
138599,"Rueb, Gra",1900,relief,10783267,only excluded placeholder lrefs available: 10783267
138600,"Schäffer, Willem Frederik George",1878,painting,10783267,only excluded placeholder lrefs available: 10783267
138601,"Moleveld, Piet (1919-1976)",1900,painting,10783267,only excluded placeholder lrefs available: 10783267
138604,"Citroen, Paul",1911,drawing (visual work),10783267,only excluded placeholder lrefs available: 10783267
138605,"Citroen, Paul",1911,unknown,10783267,only excluded placeholder lrefs available: 10783267
138612,"Sondaar, Bertus",1961,relief,10783267,only excluded placeholder lrefs available: 10783267
138618,"Verheyden, Mattheus",1715,unknown,10783267,only excluded placeholder lrefs available: 10783267
138625,"Tanjé, Pieter",1721,drawing (visual work),10783267,only excluded placeholder lrefs available: 10783267
138643,"Barbiers, Pieter (III)",1787,drawing (visual work),10783267,only excluded placeholder lrefs available: 10783267
138691,"Ansingh, Lizzy",1958,painting,10783267,only excluded placeholder lrefs available: 10783267
138692,"Pieneman, Nicolaas (1809-1860)",1852,drawing (visual work),10783267,only excluded placeholder lrefs available: 10783267
138694,"Nieuwenhoven, Willem van",1894,painting,10783267,only excluded placeholder lrefs available: 10783267
138706,"Toorop, Jan",1912,drawing (visual work),10783267,only excluded placeholder lrefs available: 10783267
138707,"Zweep, Douwe Jan van der",1923,drawing (visual work),10783267,only excluded placeholder lrefs available: 10783267
138711,"Makkink, Jan Henri",1943,painting,10783267,only excluded placeholder lrefs available: 10783267
138712,"Jong, Jan de (1864-1901)",1894,painting,10783267,only excluded placeholder lrefs available: 10783267
138713,"Rivière, Adriaan de la",1872,painting,10783267,only excluded placeholder lrefs available: 10783267
138714,"Os, Georgius Jacobus Johannes van (1782-1861)",1845,unknown,10783267,only excluded placeholder lrefs available: 10783267
138715,"Kunst, Berend",1851,drawing (visual work),10783267,only excluded placeholder lrefs available: 10783267
138716,"Groen, Hendrik Pieter",1935,drawing (visual work),10783267,only excluded placeholder lrefs available: 10783267
138717,"Groen, Hendrik Pieter",1900,drawing (visual work),10783267,only excluded placeholder lrefs available: 10783267
138729,"Gillis, J.",1800,portrait miniature,10783267,only excluded placeholder lrefs available: 10783267
138731,Anoniem,1647,painting,10783267,only excluded placeholder lrefs available: 10783267
138734,"Alberts, Gerrit (1663-1757)",1742,painting,10783267,only excluded placeholder lrefs available: 10783267
138740,Anoniem,1650,painting,10783267,only excluded placeholder lrefs available: 10783267
138755,"Baen, Jan de",1650,unknown,10783267,only excluded placeholder lrefs available: 10783267
138757,"Geelen, Christiaan van (I)",1781,painting,10783267,only excluded placeholder lrefs available: 10783267
138761,"Akkerman, Philip",1991,painting,10783267,only excluded placeholder lrefs available: 10783267
138769,"Hoboken, Jemmy van",1900,painting,10783267,only excluded placeholder lrefs available: 10783267
138786,"Maes, Nicolaes",1649,unknown,10783267,only excluded placeholder lrefs available: 10783267
138787,"Schouman, Aert",1725,portrait miniature,10783267,only excluded placeholder lrefs available: 10783267
138788,"Maes, Nicolaes",1649,unknown,10783267,only excluded placeholder lrefs available: 10783267
138789,"Mierevelt, Michiel van",1639,painting,10783267,only excluded placeholder lrefs available: 10783267
138790,"Gelder, Arent de",1660,unknown,10783267,only excluded placeholder lrefs available: 10783267
138792,"Hoogstraten, Samuel van",1676,painting,10783267,only excluded placeholder lrefs available: 10783267
138793,"Maes, Nicolaes",1649,unknown,10783267,only excluded placeholder lrefs available: 10783267
138794,Anoniem,1832,drawing (visual work),10783267,only excluded placeholder lrefs available: 10783267
138795,Anoniem,1832,drawing (visual work),10783267,only excluded placeholder lrefs available: 10783267
138801,Anoniem,1350,painting,10783267,only excluded placeholder lrefs available: 10783267
138805,"Bonsen, Joop",1900,painting,10783267,only excluded placeholder lrefs available: 10783267
138806,"Bonsen, Joop",1900,painting,10783267,only excluded placeholder lrefs available: 10783267
138807,"Willerding, K.J.",1901,painting,10783267,only excluded placeholder lrefs available: 10783267
138811,Anoniem,1934,drawing (visual work),10783267,only excluded placeholder lrefs available: 10783267
138812,"Veterman, Eduard",1931,drawing (visual work),10783267,only excluded placeholder lrefs available: 10783267
138813,"Zwart, Willem de (1862-1931)",1877,drawing (visual work),10783267,only excluded placeholder lrefs available: 10783267
138817,"Woudt, Jan Cornelisz. van 't",1607,painting,10783267,only excluded placeholder lrefs available: 10783267
138818,"Woudt, Jan Cornelisz. van 't",1596,painting,10783267,only excluded placeholder lrefs available: 10783267
138828,"Kuyten, Harrie",1925,painting,10783267,only excluded placeholder lrefs available: 10783267
138831,"Valk, Hendrik",1937,unknown,10783267,only excluded placeholder lrefs available: 10783267
138860,"Strasser, Roland",1900,drawing (visual work),10783267,only excluded placeholder lrefs available: 10783267
138863,Anoniem,1350,painting,10783267,only excluded placeholder lrefs available: 10783267
138864,Anoniem,1350,painting,10783267,only excluded placeholder lrefs available: 10783267
138865,"Nieuwenhoven, Willem van",1940,painting,10783267,only excluded placeholder lrefs available: 10783267
138875,"Toorop, Charley",1906,drawing (visual work),10783267,only excluded placeholder lrefs available: 10783267
138881,"Leeuwen, Henk van",1900,painting,10783267,only excluded placeholder lrefs available: 10783267
138882,Anoniem,1830,painting,10783267,only excluded placeholder lrefs available: 10783267
138890,Anoniem,1954,painting,10783267,only excluded placeholder lrefs available: 10783267
138892,"Pluymen, Jos",1900,drawing (visual work),10783267,only excluded placeholder lrefs available: 10783267
138914,"Kuyten, Harrie",1898,drawing (visual work),10783267,only excluded placeholder lrefs available: 10783267
138915,"Fleur, Willy",1928,painting,10783267,only excluded placeholder lrefs available: 10783267
138916,"Klashorst, Peter",1900,drawing (visual work),10783267,only excluded placeholder lrefs available: 10783267
138917,"Goth, Sárika",1927,drawing (visual work),10783267,only excluded placeholder lrefs available: 10783267
138918,"Góth, Móricz",1888,painting,10783267,only excluded placeholder lrefs available: 10783267
138928,"Toorenvliet, Abraham (II)",1697,drawing (visual work),10783267,only excluded placeholder lrefs available: 10783267
138935,"Kruysen, Antoon",1919,drawing (visual work),10783267,only excluded placeholder lrefs available: 10783267
138936,"Berg, Willem van den (1886-1970)",1962,painting,10783267,only excluded placeholder lrefs available: 10783267
138939,"Welie, Antoon van",1881,painting,10783267,only excluded placeholder lrefs available: 10783267
138941,"Fredriks, Johannes Hendrik",1766,painting,10783267,only excluded placeholder lrefs available: 10783267
138942,"Fredriks, Johannes Hendrik",1795,drawing (visual work),10783267,only excluded placeholder lrefs available: 10783267
138946,Anoniem,1816,painting,10783267,only excluded placeholder lrefs available: 10783267
138948,Anoniem,1550,drawing (visual work),10783267,only excluded placeholder lrefs available: 10783267
138949,Anoniem,1500,drawing (visual work),10783267,only excluded placeholder lrefs available: 10783267
138957,Anoniem,1700,painting,10783267,only excluded placeholder lrefs available: 10783267
138984,"Veth, Jan",1879,painting,10783267,only excluded placeholder lrefs available: 10783267
138985,"Veth, Jan",1879,painting,10783267,only excluded placeholder lrefs available: 10783267
138986,"Neuhuys, Albert (1844)",1862,painting,10783267,only excluded placeholder lrefs available: 10783267
138987,"Essen, Jan van (1854-1936)",1869,drawing (visual work),10783267,only excluded placeholder lrefs available: 10783267
138988,"Krabbé, Heinrich Martin",1896,drawing (visual work),10783267,only excluded placeholder lrefs available: 10783267
138989,"Waay, Nicolaas van der",1870,drawing (visual work),10783267,only excluded placeholder lrefs available: 10783267
138991,"Schröder, Sierk",1900,drawing (visual work),10783267,only excluded placeholder lrefs available: 10783267
138992,Anoniem,1800,drawing (visual work),10783267,only excluded placeholder lrefs available: 10783267
138993,Anoniem,1800,drawing (visual work),10783267,only excluded placeholder lrefs available: 10783267
138994,Anoniem,1800,drawing (visual work),10783267,only excluded placeholder lrefs available: 10783267
138995,"Valois, Jean Chrétien",1842,drawing (visual work),10783267,only excluded placeholder lrefs available: 10783267
138996,"Schouman, Izaak",1816,drawing (visual work),10783267,only excluded placeholder lrefs available: 10783267
139007,"Dijck, Jacobus van",1852,painting,10783267,only excluded placeholder lrefs available: 10783267
139008,"Allebé, August",1908,drawing (visual work),10783267,only excluded placeholder lrefs available: 10783267
139010,"Maris, Simon",1930,painting,10783267,only excluded placeholder lrefs available: 10783267
139011,"Maris, Simon",1904,painting,10783267,only excluded placeholder lrefs available: 10783267
139015,"Voskuyl, Gijs",1944,drawing (visual work),10783267,only excluded placeholder lrefs available: 10783267
139018,"Witkamp, Ernst",1869,drawing (visual work),10783267,only excluded placeholder lrefs available: 10783267
139019,"Waay, Nicolaas van der",1870,unknown,10783267,only excluded placeholder lrefs available: 10783267
139021,"Waay, Nicolaas van der",1870,drawing (visual work),10783267,only excluded placeholder lrefs available: 10783267
139022,"Waay, Nicolaas van der",1870,drawing (visual work),10783267,only excluded placeholder lrefs available: 10783267
139023,"Bottema, Tjerk",1897,drawing (visual work),10783267,only excluded placeholder lrefs available: 10783267
139024,"Rotgans, Jan",1896,drawing (visual work),10783267,only excluded placeholder lrefs available: 10783267
139025,"Berg, Willem van den (1886-1970)",1901,painting,10783267,only excluded placeholder lrefs available: 10783267
139027,"Roland Holst-de Meester, Annie",1929,drawing (visual work),10783267,only excluded placeholder lrefs available: 10783267
139028,"Oyens, David",1857,drawing (visual work),10783267,only excluded placeholder lrefs available: 10783267
139031,"Haverman, Hendrik Johannes",1872,drawing (visual work),10783267,only excluded placeholder lrefs available: 10783267
139032,"Waay, Nicolaas van der",1870,unknown,10783267,only excluded placeholder lrefs available: 10783267
139033,Anoniem,1557,sculpture,10783267,only excluded placeholder lrefs available: 10783267
139045,"Bauer, Jo",1888,unknown,10783267,only excluded placeholder lrefs available: 10783267
139046,Anoniem,1350,unknown,10783267,only excluded placeholder lrefs available: 10783267
139047,Anoniem,1600,unknown,10783267,only excluded placeholder lrefs available: 10783267
139049,Anoniem,1350,unknown,10783267,only excluded placeholder lrefs available: 10783267
139058,"Bos, Paul Christiaan",1990,painting,10783267,only excluded placeholder lrefs available: 10783267
139061,"Couwenberg, Henricus Wilhelmus",1842,drawing (visual work),10783267,only excluded placeholder lrefs available: 10783267
139062,"Palamedes, Anthonie",1667,painting,10783267,only excluded placeholder lrefs available: 10783267
139064,"Olis, Jan",1625,unknown,10783267,only excluded placeholder lrefs available: 10783267
139066,"Krabbé, Maarten",1945,painting,10783267,only excluded placeholder lrefs available: 10783267
139067,"Citroen, Paul",1939,drawing (visual work),10783267,only excluded placeholder lrefs available: 10783267
139068,"Delff, Jacob Willemsz. (II)",1639,painting,10783267,only excluded placeholder lrefs available: 10783267
139069,"Delff, Jacob Willemsz. (II)",1639,painting,10783267,only excluded placeholder lrefs available: 10783267
139070,"Backer, Jacob Adriaensz.",1632,painting,10783267,only excluded placeholder lrefs available: 10783267
139077,"Looy, Jac. van",1870,drawing (visual work),10783267,only excluded placeholder lrefs available: 10783267
139079,"Wedig, Gotthardt de",1628,painting,10783267,only excluded placeholder lrefs available: 10783267
139080,"Memling, Hans",1487,painting,10783267,only excluded placeholder lrefs available: 10783267
139092,"Rochard, Simon Jacques",1815,portrait miniature,10783267,only excluded placeholder lrefs available: 10783267
139093,"Van der Hulst, Jean-Baptiste",1842,painting,10783267,only excluded placeholder lrefs available: 10783267
139094,"Neumann, Arnold",1851,painting,10783267,only excluded placeholder lrefs available: 10783267
139095,"Bieruma Oosting, Jeanne",1938,painting,10783267,only excluded placeholder lrefs available: 10783267
139096,Anoniem,1675,painting,10783267,only excluded placeholder lrefs available: 10783267
139100,"Israels, Isaac",1880,painting,10783267,only excluded placeholder lrefs available: 10783267
139111,"Gabriël, Paul Joseph Constantin",1843,painting,10783267,only excluded placeholder lrefs available: 10783267
139115,"Waay, Nicolaas van der",1870,drawing (visual work),10783267,only excluded placeholder lrefs available: 10783267
139136,"Vroom, Jean Paul",1900,painting,10783267,only excluded placeholder lrefs available: 10783267
139152,"Borch, Gerard ter (II)",1632,painting,10783267,only excluded placeholder lrefs available: 10783267
139161,"Kelder, Toon",1929,painting,10783267,only excluded placeholder lrefs available: 10783267
139163,Anoniem,1650,painting,10783267,only excluded placeholder lrefs available: 10783267
139167,"Citroen, Paul",1952,drawing (visual work),10783267,only excluded placeholder lrefs available: 10783267
139168,"Bieling, Herman",1902,painting,10783267,only excluded placeholder lrefs available: 10783267
139169,"Deutmann, Franz",1897,drawing (visual work),10783267,only excluded placeholder lrefs available: 10783267
139170,"Schwartze, Thérèse",1889,drawing (visual work),10783267,only excluded placeholder lrefs available: 10783267
139171,"Sluiter, Willy",1936,drawing (visual work),10783267,only excluded placeholder lrefs available: 10783267
139175,"Helmantel, Henk",1987,painting,10783267,only excluded placeholder lrefs available: 10783267
139177,"Berserik, Herman",1993,painting,10783267,only excluded placeholder lrefs available: 10783267
139178,"Stapel, Dick",1993,painting,10783267,only excluded placeholder lrefs available: 10783267
139179,"Stapel, Dick",1994,painting,10783267,only excluded placeholder lrefs available: 10783267
139181,"Stahlecker, Adrian",1977,drawing (visual work),10783267,only excluded placeholder lrefs available: 10783267
139183,"Koster, Jo",1900,drawing (visual work),10783267,only excluded placeholder lrefs available: 10783267
139184,"Tholen, Willem Bastiaan",1922,painting,10783267,only excluded placeholder lrefs available: 10783267
139186,"Kostense, G.J.",1944,drawing (visual work),10783267,only excluded placeholder lrefs available: 10783267
139198,"Leusden, Willem van",1900,painting,10783267,only excluded placeholder lrefs available: 10783267
139204,"Erfmann, Ferdinand",1900,drawing (visual work),10783267,only excluded placeholder lrefs available: 10783267
139205,"Erfmann, Ferdinand",1900,drawing (visual work),10783267,only excluded placeholder lrefs available: 10783267
139208,"Krabbé, Heinrich Martin",1918,painting,10783267,only excluded placeholder lrefs available: 10783267
139211,"Noltee, Cor",1918,painting,10783267,only excluded placeholder lrefs available: 10783267
139212,"Noltee, Cor",1918,painting,10783267,only excluded placeholder lrefs available: 10783267
139213,"Noltee, Cor",1918,painting,10783267,only excluded placeholder lrefs available: 10783267
139214,"Noltee, Cor",1918,painting,10783267,only excluded placeholder lrefs available: 10783267
139215,"Noltee, Cor",1918,drawing (visual work),10783267,only excluded placeholder lrefs available: 10783267
139216,"Zwart, Willem de (1862-1931)",1877,drawing (visual work),10783267,only excluded placeholder lrefs available: 10783267
139221,"Troost, Sara",1747,painting,10783267,only excluded placeholder lrefs available: 10783267
139222,Anoniem,1852,painting,10783267,only excluded placeholder lrefs available: 10783267
139223,"Sluijters, Jan",1921,painting,10783267,only excluded placeholder lrefs available: 10783267
139227,"Van Uytvanck, Valentijn Edgar",1933,drawing (visual work),10783267,only excluded placeholder lrefs available: 10783267
139229,"Van Uytvanck, Valentijn Edgar",1917,drawing (visual work),10783267,only excluded placeholder lrefs available: 10783267
139243,"Van Uytvanck, Valentijn Edgar",1936,drawing (visual work),10783267,only excluded placeholder lrefs available: 10783267
139245,"Van Uytvanck, Valentijn Edgar",1917,drawing (visual work),10783267,only excluded placeholder lrefs available: 10783267
139246,"Van Uytvanck, Valentijn Edgar",1915,painting,10783267,only excluded placeholder lrefs available: 10783267
139247,"Van Uytvanck, Valentijn Edgar",1911,painting,10783267,only excluded placeholder lrefs available: 10783267
139251,"Van Uytvanck, Valentijn Edgar",1929,drawing (visual work),10783267,only excluded placeholder lrefs available: 10783267
139255,"Van Uytvanck, Valentijn Edgar",1931,drawing (visual work),10783267,only excluded placeholder lrefs available: 10783267
139275,Anoniem,1562,painting,10783267,only excluded placeholder lrefs available: 10783267
139278,"Doudijn, Jan",1564,painting,10783267,only excluded placeholder lrefs available: 10783267
139279,Anoniem,1560,painting,10783267,only excluded placeholder lrefs available: 10783267
139280,Anoniem,1560,painting,10783267,only excluded placeholder lrefs available: 10783267
139281,"Doudijn, Jan",1535,unknown,10783267,only excluded placeholder lrefs available: 10783267
139282,"Doudijn, Jan",1568,painting,10783267,only excluded placeholder lrefs available: 10783267
139287,"Musscher, Michiel van",1660,painting,10783267,only excluded placeholder lrefs available: 10783267
139289,"Doudijn, Jan",1560,unknown,10783267,only excluded placeholder lrefs available: 10783267
139290,"Doudijn, Jan",1567,unknown,10783267,only excluded placeholder lrefs available: 10783267
139291,"Doudijn, Jan",1567,unknown,10783267,only excluded placeholder lrefs available: 10783267
139292,"Doudijn, Jan",1562,unknown,10783267,only excluded placeholder lrefs available: 10783267
139298,"Neck, Jan van",1682,unknown,10783267,only excluded placeholder lrefs available: 10783267
139304,"Mierevelt, Michiel van",1600,painting,10771170,no image downloaded
139311,"Roos, Sjoerd Hendrik de",1907,drawing (visual work),10783267,only excluded placeholder lrefs available: 10783267
139315,"Borch, Harmen ter",1653,painting,10783267,only excluded placeholder lrefs available: 10783267
139318,Anoniem,1800,portrait miniature,10783267,only excluded placeholder lrefs available: 10783267
139321,"Carré, Hendrik (I)",1697,painting,10783267,only excluded placeholder lrefs available: 10783267
139328,"Welie, Antoon van",1911,drawing (visual work),10783267,only excluded placeholder lrefs available: 10783267
139329,"Krabbé, Heinrich Martin",1917,painting,10783267,only excluded placeholder lrefs available: 10783267
139333,"Dongen, Kees van",1892,painting,10783267,only excluded placeholder lrefs available: 10783267
139346,"Eeckhout, Gerbrand van den",1636,drawing (visual work),10783267,only excluded placeholder lrefs available: 10783267
139347,Rembrandt,1626,painting,10783267,only excluded placeholder lrefs available: 10783267
139354,"Noordt, Jan van",1638,drawing (visual work),10783267,only excluded placeholder lrefs available: 10783267
139359,"Buning, Johan",1908,painting,10783267,only excluded placeholder lrefs available: 10783267
139360,"Toorop, Charley",1914,drawing (visual work),10783267,only excluded placeholder lrefs available: 10783267
139361,"Bohemen, Kees van",1978,drawing (visual work),10783267,only excluded placeholder lrefs available: 10783267
139363,Corneille,1941,drawing (visual work),10783267,only excluded placeholder lrefs available: 10783267
139364,Anoniem,1350,unknown,10783267,only excluded placeholder lrefs available: 10783267
139365,"Loghem de Josselin de Jong, Hendrik van",1879,unknown,10783267,only excluded placeholder lrefs available: 10783267
139366,"Loghem de Josselin de Jong, Hendrik van",1879,painting,10783267,only excluded placeholder lrefs available: 10783267
139367,"Burgers, Maria Sophia",1862,unknown,10783267,only excluded placeholder lrefs available: 10783267
139368,"Veldhoen, Aat",1900,painting,10783267,only excluded placeholder lrefs available: 10783267
139371,"Sluijters, Jan",1896,drawing (visual work),10783267,only excluded placeholder lrefs available: 10783267
139374,"Schwartze, Thérèse",1866,painting,10783267,only excluded placeholder lrefs available: 10783267
139375,"Veterman, Eduard",1900,unknown,10783267,only excluded placeholder lrefs available: 10783267
139396,"Küppers, Albert Hermann",1923,relief,10783267,only excluded placeholder lrefs available: 10783267
139404,"Israëls, Jozef",1839,drawing (visual work),10783267,only excluded placeholder lrefs available: 10783267
139405,"Schwartze, Thérèse",1905,drawing (visual work),10783267,only excluded placeholder lrefs available: 10783267
139408,"Strumphler, Sara Johanna",1923,drawing (visual work),10783267,only excluded placeholder lrefs available: 10783267
139409,"Staring, Willem Constantijn",1877,drawing (visual work),10783267,only excluded placeholder lrefs available: 10783267
139410,"Hendriks, Barend Leonardus",1872,painting,10783267,only excluded placeholder lrefs available: 10783267
139412,Anoniem,1350,drawing (visual work),10783267,only excluded placeholder lrefs available: 10783267
139417,"Bach, Franciscus Hermanus",1949,drawing (visual work),10783267,only excluded placeholder lrefs available: 10783267
139448,"Rueter, Georg",1890,painting,10783267,only excluded placeholder lrefs available: 10783267
139450,"Rueter, Georg",1890,painting,10783267,only excluded placeholder lrefs available: 10783267
139451,"Rueter, Georg",1890,drawing (visual work),10783267,only excluded placeholder lrefs available: 10783267
139452,"Rueter, Georg",1890,drawing (visual work),10783267,only excluded placeholder lrefs available: 10783267
139453,"Rueter, Georg",1890,painting,10783267,only excluded placeholder lrefs available: 10783267
139454,"Rueter, Georg",1890,painting,10783267,only excluded placeholder lrefs available: 10783267
139455,"Rueter, Georg",1890,painting,10783267,only excluded placeholder lrefs available: 10783267
139456,"Rueter, Georg",1890,painting,10783267,only excluded placeholder lrefs available: 10783267
139457,"Rueter, Georg",1890,painting,10783267,only excluded placeholder lrefs available: 10783267
139459,"Rueter, Georg",1890,painting,10783267,only excluded placeholder lrefs available: 10783267
139460,"Rueter, Georg",1890,painting,10783267,only excluded placeholder lrefs available: 10783267
139461,"Rueter, Georg",1890,painting,10783267,only excluded placeholder lrefs available: 10783267
139462,"Rueter, Georg",1890,drawing (visual work),10783267,only excluded placeholder lrefs available: 10783267
139463,"Rueter, Georg",1890,drawing (visual work),10783267,only excluded placeholder lrefs available: 10783267
139464,"Rueter, Georg",1890,painting,10783267,only excluded placeholder lrefs available: 10783267
139465,"Rueter, Georg",1890,painting,10783267,only excluded placeholder lrefs available: 10783267
139466,"Rueter, Georg",1890,painting,10783267,only excluded placeholder lrefs available: 10783267
139468,"Rueter, Georg",1890,painting,10783267,only excluded placeholder lrefs available: 10783267
139469,"Rueter, Georg",1890,drawing (visual work),10783267,only excluded placeholder lrefs available: 10783267
139470,"Rueter, Georg",1890,drawing (visual work),10783267,only excluded placeholder lrefs available: 10783267
139471,"Rueter, Georg",1890,painting,10783267,only excluded placeholder lrefs available: 10783267
139487,"Velde, Bram van",1910,painting,10783267,only excluded placeholder lrefs available: 10783267
139488,"Velde, Bram van",1910,painting,10783267,only excluded placeholder lrefs available: 10783267
139489,"Velde, Bram van",1910,painting,10783267,only excluded placeholder lrefs available: 10783267
139490,"Velde, Bram van",1910,painting,10783267,only excluded placeholder lrefs available: 10783267
139524,"Bol-Smit, Elizabeth",1919,painting,10783267,only excluded placeholder lrefs available: 10783267
139525,Anoniem,1800,painting,10783267,only excluded placeholder lrefs available: 10783267
139526,"Koster, Jo",1891,painting,10783267,only excluded placeholder lrefs available: 10783267
139527,"Noltee, Cor",1918,painting,10783267,only excluded placeholder lrefs available: 10783267
139528,"Schultze, Paul",1900,painting,10783267,only excluded placeholder lrefs available: 10783267
139529,"Strij, Abraham van (I)",1785,painting,10783267,only excluded placeholder lrefs available: 10783267
139530,"Theuns, Jan",1892,painting,10783267,only excluded placeholder lrefs available: 10783267
139531,"Theuns, Jan",1892,drawing (visual work),10783267,only excluded placeholder lrefs available: 10783267
139532,"Doets, C.",1947,drawing (visual work),10783267,only excluded placeholder lrefs available: 10783267
139551,"Le Fauconnier, Henri Victor Gabriel",1939,painting,10783267,only excluded placeholder lrefs available: 10783267
139553,"Koster, Wim (1897-1989)",1947,painting,10783267,only excluded placeholder lrefs available: 10783267
139554,"Rädecker, Max",1943,painting,10783267,only excluded placeholder lrefs available: 10783267
139555,"Sluijters, Jan",1896,drawing (visual work),10783267,only excluded placeholder lrefs available: 10783267
139595,Anoniem,1625,unknown,10783267,only excluded placeholder lrefs available: 10783267
139602,Anoniem,1641,painting,10783267,only excluded placeholder lrefs available: 10783267
139610,Anoniem,1625,painting,10783267,only excluded placeholder lrefs available: 10783267
139711,Anoniem,1700,painting,10783267,only excluded placeholder lrefs available: 10783267
139712,Anoniem,1764,portrait miniature,10783267,only excluded placeholder lrefs available: 10783267
139713,"Oets, Pieter",1749,painting,10783267,only excluded placeholder lrefs available: 10783267
139714,Anoniem,1735,drawing (visual work),10783267,only excluded placeholder lrefs available: 10783267
139718,Anoniem,1350,painting,10783267,only excluded placeholder lrefs available: 10783267
139756,Anoniem,1850,drawing (visual work),10783267,only excluded placeholder lrefs available: 10783267
139757,"Krol, Gerard",1897,drawing (visual work),10783267,only excluded placeholder lrefs available: 10783267
139758,"Palamedes, Anthonie",1616,painting,10783267,only excluded placeholder lrefs available: 10783267
139762,"Sage, Pieter le",1783,portrait miniature,10783267,only excluded placeholder lrefs available: 10783267
139773,"Winter, Pieter van",1760,drawing (visual work),10783267,only excluded placeholder lrefs available: 10783267
139774,"Winter, Pieter van",1760,drawing (visual work),10783267,only excluded placeholder lrefs available: 10783267
139775,"Mertens, Johannes Cornelis",1757,drawing (visual work),10783267,only excluded placeholder lrefs available: 10783267
139776,"Mertens, Johannes Cornelis",1757,drawing (visual work),10783267,only excluded placeholder lrefs available: 10783267
139782,"Claesz, Jan (I)",1575,painting,10783267,only excluded placeholder lrefs available: 10783267
139936,Anoniem,1600,portrait miniature,10783267,only excluded placeholder lrefs available: 10783267
139957,Anoniem,1740,drawing (visual work),10783267,only excluded placeholder lrefs available: 10783267
139958,Anoniem,1550,relief,10783267,only excluded placeholder lrefs available: 10783267
139967,"Leveck, Jacobus",1649,painting,10783267,only excluded placeholder lrefs available: 10783267
140039,"Waanders, Franciscus Bernardus",1850,unknown,10783267,only excluded placeholder lrefs available: 10783267
140069,Anoniem,1838,painting,10783267,only excluded placeholder lrefs available: 10783267
140154,"Delft, Theo van",1957,painting,10783267,only excluded placeholder lrefs available: 10783267
140186,"Delin, Joseph",1836,painting,10783267,only excluded placeholder lrefs available: 10783267
140198,"Paling, Isaac",1704,painting,10783267,only excluded placeholder lrefs available: 10783267
140199,"Paling, Isaac",1704,painting,10783267,only excluded placeholder lrefs available: 10783267
140200,"Paling, Isaac",1704,painting,10783267,only excluded placeholder lrefs available: 10783267
140201,"Paling, Isaac",1704,painting,10783267,only excluded placeholder lrefs available: 10783267
140232,"Temminck, Leonardus",1761,portrait miniature,10783267,only excluded placeholder lrefs available: 10783267
140276,"Wesseling, Hendrik Jan",1900,portrait miniature,10783267,only excluded placeholder lrefs available: 10783267
140350,"Floh, Abraham Wilhelm",1824,painting,10783267,only excluded placeholder lrefs available: 10783267
140351,"Floh, Abraham Wilhelm",1824,unknown,10783267,only excluded placeholder lrefs available: 10783267
140381,"Delin, Charles Bruno Donat",1771,painting,10783267,only excluded placeholder lrefs available: 10783267
140386,"Anspach, Johannes",1767,drawing (visual work),10783267,only excluded placeholder lrefs available: 10783267
140387,"Anspach, Johannes",1767,drawing (visual work),10783267,only excluded placeholder lrefs available: 10783267
140408,Anoniem,1800,drawing (visual work),10783267,only excluded placeholder lrefs available: 10783267
140410,"Vlijmen, Bernard van",1922,drawing (visual work),10783267,only excluded placeholder lrefs available: 10783267
140438,Anoniem,1875,painting,10783267,only excluded placeholder lrefs available: 10783267
140439,"Driest, Dirk van",1900,drawing (visual work),10783267,only excluded placeholder lrefs available: 10783267
140448,"Josselin de Jong, Pieter de",1876,painting,10783267,only excluded placeholder lrefs available: 10783267
140451,Anoniem,1763,painting,10783267,only excluded placeholder lrefs available: 10783267
140508,Anoniem,1800,painting,10783267,only excluded placeholder lrefs available: 10783267
140514,"Obermayer, Max",1881,painting,10783267,only excluded placeholder lrefs available: 10783267
140515,"Obermayer, Max",1881,painting,10783267,only excluded placeholder lrefs available: 10783267
140595,"Wiegman, Matthieu",1900,drawing (visual work),10783267,only excluded placeholder lrefs available: 10783267
140596,"Wiegman, Matthieu",1900,drawing (visual work),10783267,only excluded placeholder lrefs available: 10783267
140597,"Berg, Willem van den (1886-1970)",1950,painting,10783267,only excluded placeholder lrefs available: 10783267
140598,"Wiegman, Matthieu",1923,painting,10783267,only excluded placeholder lrefs available: 10783267
140600,"Sluiter, Willy",1907,unknown,10783267,only excluded placeholder lrefs available: 10783267
140605,"Key, Adriaen Thomasz.",1572,unknown,10783267,only excluded placeholder lrefs available: 10783267
140614,"Toorop, Jan",1921,drawing (visual work),10783267,only excluded placeholder lrefs available: 10783267
140622,"Rueter, Georg",1949,unknown,10783267,only excluded placeholder lrefs available: 10783267
140623,"Weyand, Jaap",1900,unknown,10783267,only excluded placeholder lrefs available: 10783267
140624,"Weyand, Jaap",1947,drawing (visual work),10783267,only excluded placeholder lrefs available: 10783267
140625,"Weyand, Jaap",1900,drawing (visual work),10783267,only excluded placeholder lrefs available: 10783267
140626,"Wesseling, Riek",1900,unknown,10783267,only excluded placeholder lrefs available: 10783267
140627,"Bovencamp, J. van den",1975,drawing (visual work),10783267,only excluded placeholder lrefs available: 10783267
140628,"Bovencamp, J. van den",1940,unknown,10783267,only excluded placeholder lrefs available: 10783267
140630,"Pallandt, Charlotte van",1900,sculpture,10783267,only excluded placeholder lrefs available: 10783267
140663,Anoniem,1625,painting,10783267,only excluded placeholder lrefs available: 10783267
140672,"Verwey, Kees",1957,painting,10783267,only excluded placeholder lrefs available: 10783267
140673,"Kleima, Ekke Abel",1900,drawing (visual work),10783267,only excluded placeholder lrefs available: 10783267
140674,"Zee, Jan van der (1898-1988)",1938,painting,10783267,only excluded placeholder lrefs available: 10783267
140678,Anoniem,1839,portrait miniature,10783267,only excluded placeholder lrefs available: 10783267
140680,"Stapel, Dick",1994,painting,10783267,only excluded placeholder lrefs available: 10783267
140685,"Cool, Jan Daemen",1640,painting,10783267,only excluded placeholder lrefs available: 10783267
140696,"Gestel, Leo",1910,drawing (visual work),10783267,only excluded placeholder lrefs available: 10783267
140697,"Wijngaerdt, Piet van",1927,drawing (visual work),10783267,only excluded placeholder lrefs available: 10783267
140698,"Ansingh, Lizzy",1909,painting,10783267,only excluded placeholder lrefs available: 10783267
140699,"Roelofs, Albert",1920,drawing (visual work),10783267,only excluded placeholder lrefs available: 10783267
140700,"Tholen, Willem Bastiaan",1875,painting,10783267,only excluded placeholder lrefs available: 10783267
140709,"Eertbrugge, W. van",1685,unknown,10783267,only excluded placeholder lrefs available: 10783267
140722,"Hasselt, Bertha van",1926,drawing (visual work),10783267,only excluded placeholder lrefs available: 10783267
140732,"Robertson, Suze",1870,drawing (visual work),10783267,only excluded placeholder lrefs available: 10783267
140733,"Kregten, Fedor van",1886,painting,10783267,only excluded placeholder lrefs available: 10783267
140734,"Kregten, Fedor van",1886,painting,10783267,only excluded placeholder lrefs available: 10783267
140735,"Kregten, Fedor van",1886,painting,10783267,only excluded placeholder lrefs available: 10783267
140747,"Ringeling, Hendrik",1860,painting,10783267,only excluded placeholder lrefs available: 10783267
140748,"Ringeling, Hendrik",1827,painting,10783267,only excluded placeholder lrefs available: 10783267
140749,"Temminck, Leonardus",1761,portrait miniature,10783267,only excluded placeholder lrefs available: 10783267
140752,"Reitsma-Valença, Engelien",1904,drawing (visual work),10783267,only excluded placeholder lrefs available: 10783267
140756,"Dulmen Krumpelman, Erasmus Bernhard van (1897-1987)",1920,drawing (visual work),10783267,only excluded placeholder lrefs available: 10783267
140758,"Buys, Jacobus",1739,drawing (visual work),10783267,only excluded placeholder lrefs available: 10783267
140760,"Sluijters, Jan",1929,painting,10783267,only excluded placeholder lrefs available: 10783267
140761,Anoniem,1700,portrait miniature,10783267,only excluded placeholder lrefs available: 10783267
140762,Anoniem,1350,portrait miniature,10783267,only excluded placeholder lrefs available: 10783267
140765,"Leyden, Ernst",1900,unknown,10783267,only excluded placeholder lrefs available: 10783267
140770,"Toorop, Jan",1873,drawing (visual work),10783267,only excluded placeholder lrefs available: 10783267
140773,"Voskuyl, Henk",1935,drawing (visual work),10783267,only excluded placeholder lrefs available: 10783267
140775,Anoniem,1725,painting,10783267,only excluded placeholder lrefs available: 10783267
140776,"Maes, Nicolaes",1649,painting,10783267,only excluded placeholder lrefs available: 10783267
140777,"Uytenbogaart, Abraham",1838,unknown,10783267,only excluded placeholder lrefs available: 10783267
140778,"Uytenbogaart, Abraham",1838,unknown,10783267,only excluded placeholder lrefs available: 10783267
140779,"Wicheren, Johan Joeke Gabriël van",1857,unknown,10783267,only excluded placeholder lrefs available: 10783267
140799,"Mele, Matthias de",1679,unknown,10783267,only excluded placeholder lrefs available: 10783267
140804,"Toorop, Charley",1929,drawing (visual work),10783267,only excluded placeholder lrefs available: 10783267
140811,"Noltee, Cor",1918,drawing (visual work),10783267,only excluded placeholder lrefs available: 10783267
140812,Anoniem,1700,painting,10783267,only excluded placeholder lrefs available: 10783267
140817,"Kelder, Toon",1909,painting,10783267,only excluded placeholder lrefs available: 10783267
140818,Anoniem,1575,painting,10783267,only excluded placeholder lrefs available: 10783267
140819,Anoniem,1575,sculpture,10783267,only excluded placeholder lrefs available: 10783267
140820,Anoniem,1350,unknown,10783267,only excluded placeholder lrefs available: 10783267
140834,"Corbett, John",1794,painting,10783267,only excluded placeholder lrefs available: 10783267
140854,"Bijtel, Jacobus",1943,painting,10783267,only excluded placeholder lrefs available: 10783267
140857,"Smith, Arnold",1937,painting,10783267,only excluded placeholder lrefs available: 10783267
140859,"Smith, Arnold",1900,drawing (visual work),10783267,only excluded placeholder lrefs available: 10783267
140860,"Schultze, Paul",1951,painting,10783267,only excluded placeholder lrefs available: 10783267
140861,"Klijn, Henk",1952,drawing (visual work),10783267,only excluded placeholder lrefs available: 10783267
140862,"Aken, Wim van",1955,painting,10783267,only excluded placeholder lrefs available: 10783267
140865,"Schouman, Izaak",1848,painting,10783267,only excluded placeholder lrefs available: 10783267
140866,"Steijn, Wim",1929,painting,10783267,only excluded placeholder lrefs available: 10783267
140867,"Rezelman, Piet",1923,painting,10783267,only excluded placeholder lrefs available: 10783267
140889,"Le Blon, Jakob Christof",1682,unknown,10783267,only excluded placeholder lrefs available: 10783267
140895,Anoniem,1850,unknown,10783267,only excluded placeholder lrefs available: 10783267
140898,Anoniem,1925,drawing (visual work),10783267,only excluded placeholder lrefs available: 10783267
140900,"Rijnbende, Vincent",1994,painting,10783267,only excluded placeholder lrefs available: 10783267
140903,"Koning, Roeland (1898-1985)",1945,drawing (visual work),10783267,only excluded placeholder lrefs available: 10783267
140904,"Watjer, Remko",1941,painting,10783267,only excluded placeholder lrefs available: 10783267
140905,"Polderman, Peter",1948,drawing (visual work),10783267,only excluded placeholder lrefs available: 10783267
140906,"Polderman, Peter",1948,drawing (visual work),10783267,only excluded placeholder lrefs available: 10783267
140907,"Polderman, Peter",1948,drawing (visual work),10783267,only excluded placeholder lrefs available: 10783267
140908,"Polderman, Peter",1948,drawing (visual work),10783267,only excluded placeholder lrefs available: 10783267
140909,"Polderman, Peter",1948,drawing (visual work),10783267,only excluded placeholder lrefs available: 10783267
140910,"Polderman, Peter",1948,drawing (visual work),10783267,only excluded placeholder lrefs available: 10783267
140911,"Polderman, Peter",1948,drawing (visual work),10783267,only excluded placeholder lrefs available: 10783267
140914,"Fernhout, Edgar",1946,drawing (visual work),10783267,only excluded placeholder lrefs available: 10783267
140915,"Grégoire, Paul",1994,sculpture,10783267,only excluded placeholder lrefs available: 10783267
140925,"Sterre de Jong, Jacobus Frederik",1881,unknown,10783267,only excluded placeholder lrefs available: 10783267
140931,Anoniem,1667,unknown,10783267,only excluded placeholder lrefs available: 10783267
140946,Anoniem,1775,painting,10783267,only excluded placeholder lrefs available: 10783267
140960,"Dalsum, Albert van (1889-1971)",1900,painting,10783267,only excluded placeholder lrefs available: 10783267
140961,"Raemaekers, Louis",1884,drawing (visual work),10783267,only excluded placeholder lrefs available: 10783267
140963,"Geest, Arie van",1985,painting,10783267,only excluded placeholder lrefs available: 10783267
140964,"Meegeren, Han van",1923,drawing (visual work),10783267,only excluded placeholder lrefs available: 10783267
140965,"Helt Stockade, Nicolaes van",1625,painting,10783267,only excluded placeholder lrefs available: 10783267
140971,"Haverman, Hendrik Johannes",1901,drawing (visual work),10783267,only excluded placeholder lrefs available: 10783267
140972,"Sluiter, Willy",1908,drawing (visual work),10783267,only excluded placeholder lrefs available: 10783267
140973,"Sluiter, Willy",1909,drawing (visual work),10783267,only excluded placeholder lrefs available: 10783267
140974,"Sluiter, Willy",1888,drawing (visual work),10783267,only excluded placeholder lrefs available: 10783267
140976,"Sluiter, Willy",1904,drawing (visual work),10783267,only excluded placeholder lrefs available: 10783267
140977,"Sluiter, Willy",1905,drawing (visual work),10783267,only excluded placeholder lrefs available: 10783267
140978,"Maris, Willem (Jbzn)",1887,drawing (visual work),10783267,only excluded placeholder lrefs available: 10783267
140979,"Maris, Jacob",1852,painting,10783267,only excluded placeholder lrefs available: 10783267
140980,"Maris, Willem (Jbzn)",1887,painting,10783267,only excluded placeholder lrefs available: 10783267
140981,"Boshamer, Johannes Willem",1840,painting,10783267,only excluded placeholder lrefs available: 10783267
140982,Anoniem,1350,painting,10783267,only excluded placeholder lrefs available: 10783267
140983,"Sluiter, Willy",1942,painting,10783267,only excluded placeholder lrefs available: 10783267
140984,Anoniem,1800,painting,10783267,only excluded placeholder lrefs available: 10783267
140985,"Portman, Christiaan Julius Lodewijk",1837,painting,10783267,only excluded placeholder lrefs available: 10783267
140986,"Schmidt, George Adam",1814,painting,10783267,only excluded placeholder lrefs available: 10783267
140987,"Schmidt, George Adam",1814,painting,10783267,only excluded placeholder lrefs available: 10783267
140995,"Ekels, Jan (II)",1774,drawing (visual work),10783267,only excluded placeholder lrefs available: 10783267
140996,"Testart, Judith Magdalena",1779,drawing (visual work),10783267,only excluded placeholder lrefs available: 10783267
141001,"Nason, Pieter",1650,painting,10783267,only excluded placeholder lrefs available: 10783267
141008,Anoniem,1800,painting,10783267,only excluded placeholder lrefs available: 10783267
141038,"Wolfsen, Aleida",1687,painting,10783267,only excluded placeholder lrefs available: 10783267
141050,"Dreght, Joannes van",1752,painting,10783267,only excluded placeholder lrefs available: 10783267
141051,"Dreght, Joannes van",1771,painting,10783267,only excluded placeholder lrefs available: 10783267
141052,"Akkeringa, Johannes Evert Hendrik",1931,painting,10783267,only excluded placeholder lrefs available: 10783267
141053,"Krabbé, Heinrich Martin",1895,painting,10783267,only excluded placeholder lrefs available: 10783267
141054,"Meegeren, Han van",1904,drawing (visual work),10783267,only excluded placeholder lrefs available: 10783267
141055,"Meegeren, Han van",1947,drawing (visual work),10783267,only excluded placeholder lrefs available: 10783267
141056,"Eekman, Nico",1923,drawing (visual work),10783267,only excluded placeholder lrefs available: 10783267
141057,"Sjollema, Johan Sybolt",1900,painting,10783267,only excluded placeholder lrefs available: 10783267
141061,"Berg, Willem van den (1886-1970)",1953,drawing (visual work),10783267,only excluded placeholder lrefs available: 10783267
141062,"Berg, Willem van den (1886-1970)",1901,unknown,10783267,only excluded placeholder lrefs available: 10783267
141063,"Berg, Willem van den (1886-1970)",1901,drawing (visual work),10783267,only excluded placeholder lrefs available: 10783267
141064,"Nijland, Dirk Hidde",1939,painting,10783267,only excluded placeholder lrefs available: 10783267
141078,"Maes, Nicolaes",1649,painting,10783267,only excluded placeholder lrefs available: 10783267
141086,"Koets, J. Pieter",1736,painting,10783267,only excluded placeholder lrefs available: 10783267
141087,"Ommeganck, Balthasar Paul",1770,unknown,10783267,only excluded placeholder lrefs available: 10783267
141088,"Ommeganck, Balthasar Paul",1770,painting,10783267,only excluded placeholder lrefs available: 10783267
141089,"Ommeganck, Balthasar Paul",1770,painting,10783267,only excluded placeholder lrefs available: 10783267
141090,"Ommeganck, Balthasar Paul",1770,unknown,10783267,only excluded placeholder lrefs available: 10783267
141093,"Wiegman, Matthieu",1900,drawing (visual work),10783267,only excluded placeholder lrefs available: 10783267
141096,"Wijngaerdt, Piet van",1902,painting,10783267,only excluded placeholder lrefs available: 10783267
141097,"Carpentier, Jaap de",1973,painting,10783267,only excluded placeholder lrefs available: 10783267
141098,"Hoynck van Papendrecht, Jan",1873,drawing (visual work),10783267,only excluded placeholder lrefs available: 10783267
141099,"Schrofer, Willem",1959,painting,10783267,only excluded placeholder lrefs available: 10783267
141100,"Koster, Jo",1943,painting,10783267,only excluded placeholder lrefs available: 10783267
141101,"Herwijnen, Jan van",1918,drawing (visual work),10783267,only excluded placeholder lrefs available: 10783267
141102,Anoniem,1350,painting,10783267,only excluded placeholder lrefs available: 10783267
141106,"Eversdijck, Willem",1650,painting,10783267,only excluded placeholder lrefs available: 10783267
141108,"Bobeldijk, Félicien",1932,painting,10783267,only excluded placeholder lrefs available: 10783267
141113,"Gestel, Leo",1896,drawing (visual work),10783267,only excluded placeholder lrefs available: 10783267
141115,Anoniem,1624,unknown,10783267,only excluded placeholder lrefs available: 10783267
141117,"Vlijmen, Bernard van",1927,drawing (visual work),10783267,only excluded placeholder lrefs available: 10783267
141120,"Sluijters, Jan",1925,painting,10783267,only excluded placeholder lrefs available: 10783267
141121,"Veldhoen, Aat",1900,painting,10783267,only excluded placeholder lrefs available: 10783267
141123,"Feuerstein, Greet",1930,painting,10783267,only excluded placeholder lrefs available: 10783267
141128,"Sluijters, Jan",1896,unknown,10783267,only excluded placeholder lrefs available: 10783267
141131,"Welie, Antoon van",1881,painting,10783267,only excluded placeholder lrefs available: 10783267
141133,"Samson, Lancelot",1900,sculpture,10783267,only excluded placeholder lrefs available: 10783267
141134,"Molkenboer, Theo",1898,painting,10783267,only excluded placeholder lrefs available: 10783267
141135,"Deene, Jan van",1936,painting,10783267,only excluded placeholder lrefs available: 10783267
141136,"Leeflang, Arie",1900,painting,10783267,only excluded placeholder lrefs available: 10783267
141137,Anoniem,1900,unknown,10783267,only excluded placeholder lrefs available: 10783267
141156,"Verwey, Kees",1970,drawing (visual work),10783267,only excluded placeholder lrefs available: 10783267
141157,"Rees, Otto van",1900,drawing (visual work),10783267,only excluded placeholder lrefs available: 10783267
141158,"Lewenstein, Daniel",1924,painting,10783267,only excluded placeholder lrefs available: 10783267
141159,"Maris, Simon",1926,painting,10783267,only excluded placeholder lrefs available: 10783267
141160,"Pieneman, Nicolaas (1809-1860)",1841,drawing (visual work),10783267,only excluded placeholder lrefs available: 10783267
141161,"Kamerlingh Onnes, Harm",1970,painting,10783267,only excluded placeholder lrefs available: 10783267
141173,Anoniem,1700,sculpture,10783267,only excluded placeholder lrefs available: 10783267
141174,Chitqua,1748,sculpture,10783267,only excluded placeholder lrefs available: 10783267
141175,Chitqua,1750,sculpture,10783267,only excluded placeholder lrefs available: 10783267
141176,Anoniem,1700,sculpture,10783267,only excluded placeholder lrefs available: 10783267
141180,"Veth, Jan",1901,drawing (visual work),10783267,only excluded placeholder lrefs available: 10783267
141183,Anoniem,1665,painting,10783267,only excluded placeholder lrefs available: 10783267
141187,"Houwelingen, Ch. van",1936,drawing (visual work),10783267,only excluded placeholder lrefs available: 10783267
141190,Anoniem,1653,painting,10783267,only excluded placeholder lrefs available: 10783267
141203,"Bol-Smit, Elizabeth",1919,drawing (visual work),10783267,only excluded placeholder lrefs available: 10783267
141226,"Veldhoen, Aat",1900,drawing (visual work),10783267,only excluded placeholder lrefs available: 10783267
141253,Anoniem,1693,painting,10783267,only excluded placeholder lrefs available: 10783267
141254,Anoniem,1650,unknown,10783267,only excluded placeholder lrefs available: 10783267
141255,"Werff, Adriaen van der",1700,unknown,10783267,only excluded placeholder lrefs available: 10783267
141256,"Ommeren, Jaap van",1900,painting,10783267,only excluded placeholder lrefs available: 10783267
141257,"Leeuwen, Henk van",1900,drawing (visual work),10783267,only excluded placeholder lrefs available: 10783267
141259,"Koningh, Leendert de",1842,painting,10783267,only excluded placeholder lrefs available: 10783267
141260,"Sluiter, Willy",1888,painting,10783267,only excluded placeholder lrefs available: 10783267
141273,"Bitter, Theo",1900,painting,10783267,only excluded placeholder lrefs available: 10783267
141274,"Bitter, Theo",1940,painting,10783267,only excluded placeholder lrefs available: 10783267
141276,"Snoeck, Jan",1900,drawing (visual work),10783267,only excluded placeholder lrefs available: 10783267
141286,"Stapel, Dick",1972,unknown,10783267,only excluded placeholder lrefs available: 10783267
141288,"Stapel, Dick",1971,unknown,10783267,only excluded placeholder lrefs available: 10783267
141289,"Stapel, Dick",1970,unknown,10783267,only excluded placeholder lrefs available: 10783267
141290,"Stapel, Dick",1970,unknown,10783267,only excluded placeholder lrefs available: 10783267
141291,"Markus, Ans",1900,painting,10783267,only excluded placeholder lrefs available: 10783267
141292,"Markus, Ans",1900,painting,10783267,only excluded placeholder lrefs available: 10783267
141293,"Bol, Kees",1972,painting,10783267,only excluded placeholder lrefs available: 10783267
141295,"Stapel, Dick",1993,painting,10783267,only excluded placeholder lrefs available: 10783267
141299,"Langeveld, Frans",1925,drawing (visual work),10783267,only excluded placeholder lrefs available: 10783267
141316,"Ebbenhorst &amp; Zoon, J.",1860,carte-de-visite,10783267,only excluded placeholder lrefs available: 10783267
141321,Anoniem,1769,drawing (visual work),10783267,only excluded placeholder lrefs available: 10783267
141325,"Stracké-van Bosse, Sara",1852,painting,10783267,only excluded placeholder lrefs available: 10783267
141327,"Dunselman, Jan",1889,painting,10783267,only excluded placeholder lrefs available: 10783267
141328,"Troost, Cornelis",1726,painting,10783267,only excluded placeholder lrefs available: 10783267
141379,Anoniem,1850,painting,10783267,only excluded placeholder lrefs available: 10783267
141407,"Boon, Jan (1882)",1900,drawing (visual work),10783267,only excluded placeholder lrefs available: 10783267
141408,Anoniem,1650,portrait miniature,10783267,only excluded placeholder lrefs available: 10783267
141409,Anoniem,1686,portrait miniature,10783267,only excluded placeholder lrefs available: 10783267
141418,Anoniem,1643,painting,10783267,only excluded placeholder lrefs available: 10783267
141420,Anoniem,1630,painting,10783267,only excluded placeholder lrefs available: 10783267
141421,Anoniem,1693,unknown,10783267,only excluded placeholder lrefs available: 10783267
141422,Anoniem,1725,unknown,10783267,only excluded placeholder lrefs available: 10783267
141423,Anoniem,1350,unknown,10783267,only excluded placeholder lrefs available: 10783267
141436,"Hirschmann, Johann Adam",1795,drawing (visual work),10783267,only excluded placeholder lrefs available: 10783267
141464,"Arntzenius, Floris",1907,drawing (visual work),10783267,only excluded placeholder lrefs available: 10783267
141477,Anoniem,1700,painting,10783267,only excluded placeholder lrefs available: 10783267
141560,"Craeyvanger, Gijsbertus",1825,painting,10783267,only excluded placeholder lrefs available: 10783267
141561,Anoniem,1350,painting,10783267,only excluded placeholder lrefs available: 10783267
141607,"Haye, Reinier de la",1675,unknown,10783267,only excluded placeholder lrefs available: 10783267
141608,"Haye, Reinier de la",1675,unknown,10783267,only excluded placeholder lrefs available: 10783267
141611,"Keyser, Thomas de",1649,painting,10783267,only excluded placeholder lrefs available: 10783267
141612,"Braij, Jan de",1650,painting,10783267,only excluded placeholder lrefs available: 10783267
141613,"Ketel, Cornelis",1563,painting,10783267,only excluded placeholder lrefs available: 10783267
141615,"Honthorst, Gerard van",1632,painting,10783267,only excluded placeholder lrefs available: 10783267
141616,Anoniem,1645,painting,10783267,only excluded placeholder lrefs available: 10783267
141617,"Josselin de Jong, Pieter de",1889,painting,10783267,only excluded placeholder lrefs available: 10783267
141622,"Rotius, Jan Albertsz.",1646,painting,10783267,only excluded placeholder lrefs available: 10783267
141623,Anoniem,1599,painting,10783267,only excluded placeholder lrefs available: 10783267
141624,Anoniem,1607,painting,10783267,only excluded placeholder lrefs available: 10783267
141626,Anoniem,1561,painting,10783267,only excluded placeholder lrefs available: 10783267
141627,"Sanders, Hercules",1660,painting,10783267,only excluded placeholder lrefs available: 10783267
141630,Anoniem,1625,painting,10783267,only excluded placeholder lrefs available: 10783267
141633,Anoniem,1583,painting,10783267,only excluded placeholder lrefs available: 10783267
141635,Anoniem,1619,painting,10783267,only excluded placeholder lrefs available: 10783267
141636,"Mierevelt, Michiel van",1629,painting,10783267,only excluded placeholder lrefs available: 10783267
141644,"Attama, J.",1655,painting,10783267,only excluded placeholder lrefs available: 10783267
141650,"Mierevelt, Michiel van",1609,painting,10783267,only excluded placeholder lrefs available: 10783267
141654,"Ravesteyn, Jan van",1629,painting,10783267,only excluded placeholder lrefs available: 10783267
141688,"Baen, Jan de",1680,painting,10783267,only excluded placeholder lrefs available: 10783267
141690,Anoniem,1636,painting,10783267,only excluded placeholder lrefs available: 10783267
141709,Anoniem,1633,painting,10783267,only excluded placeholder lrefs available: 10783267
141710,"Everdingen, Caesar van",1671,unknown,10783267,only excluded placeholder lrefs available: 10783267
141712,Anoniem,1600,unknown,10783267,only excluded placeholder lrefs available: 10783267
141714,"Geest, Wybrand de (I)",1641,painting,10783267,only excluded placeholder lrefs available: 10783267
141716,"Scorel, Jan van",1510,painting,10783267,only excluded placeholder lrefs available: 10783267
141718,Anoniem,1627,painting,10783267,only excluded placeholder lrefs available: 10783267
141719,Anoniem,1633,painting,10783267,only excluded placeholder lrefs available: 10783267
141730,"Vries, Abraham de",1620,painting,10783267,only excluded placeholder lrefs available: 10783267
141731,"Vries, Abraham de",1620,painting,10783267,only excluded placeholder lrefs available: 10783267
141732,"Mor, Antonis",1550,painting,10783267,only excluded placeholder lrefs available: 10783267
141733,Anoniem,1616,painting,10783267,only excluded placeholder lrefs available: 10783267
141734,Geldorp Gortzius,1601,painting,10783267,only excluded placeholder lrefs available: 10783267
141735,Anoniem,1589,painting,10783267,only excluded placeholder lrefs available: 10783267
141736,Anoniem,1596,painting,10783267,only excluded placeholder lrefs available: 10783267
141737,"Mierevelt, Michiel van",1629,painting,10783267,only excluded placeholder lrefs available: 10783267
141742,Anoniem,1564,painting,10783267,only excluded placeholder lrefs available: 10783267
141743,Monogrammist HHF,1566,painting,10783267,only excluded placeholder lrefs available: 10783267
141749,Anoniem,1562,unknown,10783267,only excluded placeholder lrefs available: 10783267
141750,Anoniem,1611,painting,10783267,only excluded placeholder lrefs available: 10783267
141752,Anoniem,1634,painting,10783267,only excluded placeholder lrefs available: 10783267
141762,"Ising, Willem Justus",1925,painting,10783267,only excluded placeholder lrefs available: 10783267
141763,"Velden, Pieter Cornelis van den",1821,drawing (visual work),10783267,only excluded placeholder lrefs available: 10783267
141764,"Wonder, Pieter Christoffel",1795,drawing (visual work),10783267,only excluded placeholder lrefs available: 10783267
141765,"Israëls, Jozef",1839,painting,10783267,only excluded placeholder lrefs available: 10783267
141766,"Israëls, Jozef",1872,painting,10783267,only excluded placeholder lrefs available: 10783267
141767,Anoniem,1830,portrait miniature,10783267,only excluded placeholder lrefs available: 10783267
141773,Anoniem,1800,portrait miniature,10783267,only excluded placeholder lrefs available: 10783267
141774,"Sayers, Charles",1936,painting,10783267,only excluded placeholder lrefs available: 10783267
141775,"Schneider, Johannes Daniël",1857,painting,10783267,only excluded placeholder lrefs available: 10783267
141781,"Welie, Antoon van",1911,drawing (visual work),10783267,only excluded placeholder lrefs available: 10783267
141785,"Toorop, Jan",1908,drawing (visual work),10783267,only excluded placeholder lrefs available: 10783267
141786,"Toorop, Jan",1873,drawing (visual work),10783267,only excluded placeholder lrefs available: 10783267
141787,"Nicolas, Suzanne",1900,drawing (visual work),10783267,only excluded placeholder lrefs available: 10783267
141801,Monogrammist AR of AVR,1668,drawing (visual work),10783267,only excluded placeholder lrefs available: 10783267
141802,Monogrammist AR of AVR,1668,drawing (visual work),10783267,only excluded placeholder lrefs available: 10783267
141806,"Laguna, Baruch",1900,drawing (visual work),10783267,only excluded placeholder lrefs available: 10783267
141807,"Hamel, Jack",1949,painting,10783267,only excluded placeholder lrefs available: 10783267
141812,"Kuiper, Hans (1855-1937)",1870,unknown,10783267,only excluded placeholder lrefs available: 10783267
141813,"Kuiper, Hans (1855-1937)",1870,unknown,10783267,only excluded placeholder lrefs available: 10783267
141814,"Kuiper, Hans (1855-1937)",1870,unknown,10783267,only excluded placeholder lrefs available: 10783267
141815,"Kuiper, Hans (1855-1937)",1870,unknown,10783267,only excluded placeholder lrefs available: 10783267
141829,"Arntzenius, Floris",1879,painting,10783267,only excluded placeholder lrefs available: 10783267
141870,"Lengele, Martinus",1660,painting,10783267,only excluded placeholder lrefs available: 10783267
141875,"Netscher, Caspar",1676,painting,10783267,only excluded placeholder lrefs available: 10783267
141876,"Netscher, Caspar",1676,painting,10783267,only excluded placeholder lrefs available: 10783267
141880,"Haensbergen, Jan van",1675,painting,10783267,only excluded placeholder lrefs available: 10783267
141881,"Netscher, Caspar",1676,painting,10783267,only excluded placeholder lrefs available: 10783267
141884,Anoniem,1574,painting,10783267,only excluded placeholder lrefs available: 10783267
141885,Anoniem,1576,painting,10783267,only excluded placeholder lrefs available: 10783267
141909,"Berg, Willem van den (1886-1970)",1901,drawing (visual work),10783267,only excluded placeholder lrefs available: 10783267
141910,"Bobeldijk, Félicien",1891,unknown,10783267,only excluded placeholder lrefs available: 10783267
141915,"Stapel, Dick",1995,unknown,10783267,only excluded placeholder lrefs available: 10783267
141919,"Lith, D. van",1736,painting,10783267,only excluded placeholder lrefs available: 10783267
141920,"Lith, D. van",1736,painting,10783267,only excluded placeholder lrefs available: 10783267
141922,Meester van de aaneengestrengelde AE,1621,painting,10783267,only excluded placeholder lrefs available: 10783267
141923,"Wieringa, Harmen Willems",1636,painting,10783267,only excluded placeholder lrefs available: 10783267
141932,"Mierevelt, Michiel van",1617,painting,10783267,only excluded placeholder lrefs available: 10783267
141935,"Valckert, Werner van den",1620,painting,10783267,only excluded placeholder lrefs available: 10783267
141937,Anoniem,1647,painting,10783267,only excluded placeholder lrefs available: 10783267
141939,Anoniem,1645,painting,10783267,only excluded placeholder lrefs available: 10783267
141940,Anoniem,1647,painting,10783267,only excluded placeholder lrefs available: 10783267
141941,Anoniem,1615,painting,10783267,only excluded placeholder lrefs available: 10783267
141942,Anoniem,1613,painting,10783267,only excluded placeholder lrefs available: 10783267
141943,Anoniem,1633,painting,10783267,only excluded placeholder lrefs available: 10783267
141944,Anoniem,1627,painting,10783267,only excluded placeholder lrefs available: 10783267
141959,"Hettinga Tromp, Tjitske Geertruida Maria van",1912,painting,10783267,only excluded placeholder lrefs available: 10783267
141960,"Hasselt, Bertha van",1924,painting,10783267,only excluded placeholder lrefs available: 10783267
141961,"Drabbe, Mies",1890,painting,10783267,only excluded placeholder lrefs available: 10783267
141971,"Lesire, Paulus",1638,painting,10783267,only excluded placeholder lrefs available: 10783267
141972,"Lesire, Paulus",1638,painting,10783267,only excluded placeholder lrefs available: 10783267
141973,Anoniem,1623,painting,10783267,only excluded placeholder lrefs available: 10783267
141974,"Netscher, Caspar",1670,painting,10783267,only excluded placeholder lrefs available: 10783267
141975,Anoniem,1552,painting,10783267,only excluded placeholder lrefs available: 10783267
141976,Anoniem,1638,painting,10783267,only excluded placeholder lrefs available: 10783267
141980,Anoniem,1659,painting,10783267,only excluded placeholder lrefs available: 10783267
142010,Anoniem,1664,painting,10783267,only excluded placeholder lrefs available: 10783267
142012,Anoniem,1669,painting,10783267,only excluded placeholder lrefs available: 10783267
142013,Anoniem,1666,painting,10783267,only excluded placeholder lrefs available: 10783267
142017,Anoniem,1700,painting,10783267,only excluded placeholder lrefs available: 10783267
142019,Anoniem,1634,painting,10783267,only excluded placeholder lrefs available: 10783267
142024,"Putter, Pieter de",1646,painting,10783267,only excluded placeholder lrefs available: 10783267
142027,Anoniem,1635,painting,10783267,only excluded placeholder lrefs available: 10783267
142031,Anoniem,1567,painting,10783267,only excluded placeholder lrefs available: 10783267
142032,Anoniem,1606,painting,10783267,only excluded placeholder lrefs available: 10783267
142033,"Bary, Hendrik",1659,drawing (visual work),10783267,only excluded placeholder lrefs available: 10783267
142036,"Ban, Gerbrand",1651,painting,10783267,only excluded placeholder lrefs available: 10783267
142065,Anoniem,1800,painting,10783267,only excluded placeholder lrefs available: 10783267
142105,"Bloeme, Herman Antonie de",1854,painting,10783267,only excluded placeholder lrefs available: 10783267
142107,"Schwartze, Johann Georg",1825,painting,10783267,only excluded placeholder lrefs available: 10783267
142142,"Veth, Jan",1879,drawing (visual work),10783267,only excluded placeholder lrefs available: 10783267
142143,"Veth, Jan",1897,drawing (visual work),10783267,only excluded placeholder lrefs available: 10783267
142144,"Veth, Jan",1897,drawing (visual work),10783267,only excluded placeholder lrefs available: 10783267
142145,"Witsen, Willem",1887,painting,10783267,only excluded placeholder lrefs available: 10783267
142146,"Le Fauconnier, Henri Victor Gabriel",1896,painting,10783267,only excluded placeholder lrefs available: 10783267
142147,"Eeden, Frederik van",1885,drawing (visual work),10783267,only excluded placeholder lrefs available: 10783267
142151,"Le Fauconnier, Henri Victor Gabriel",1917,drawing (visual work),10783267,only excluded placeholder lrefs available: 10783267
142152,"Le Fauconnier, Henri Victor Gabriel",1917,drawing (visual work),10783267,only excluded placeholder lrefs available: 10783267
142153,"Le Fauconnier, Henri Victor Gabriel",1917,drawing (visual work),10783267,only excluded placeholder lrefs available: 10783267
142155,"Le Fauconnier, Henri Victor Gabriel",1911,drawing (visual work),10783267,only excluded placeholder lrefs available: 10783267
142156,"Le Fauconnier, Henri Victor Gabriel",1915,painting,10783267,only excluded placeholder lrefs available: 10783267
142158,"Kaey, Lucas van de",1666,painting,10783267,only excluded placeholder lrefs available: 10783267
142159,Anoniem,1666,painting,10783267,only excluded placeholder lrefs available: 10783267
142160,Anoniem,1599,painting,10783267,only excluded placeholder lrefs available: 10783267
142161,"Palamedes, Anthonie",1645,painting,10783267,only excluded placeholder lrefs available: 10783267
142162,"Palamedes, Anthonie",1666,painting,10783267,only excluded placeholder lrefs available: 10783267
142163,Anoniem,1640,painting,10783267,only excluded placeholder lrefs available: 10783267
142164,Anoniem,1640,painting,10783267,only excluded placeholder lrefs available: 10783267
142169,Anoniem,1637,painting,10783267,only excluded placeholder lrefs available: 10783267
142172,"Eekman, Nico",1930,painting,10783267,only excluded placeholder lrefs available: 10783267
142177,"Rivière, Adriaan de la",1872,painting,10783267,only excluded placeholder lrefs available: 10783267
142178,"Verhoeven, Kees",1900,painting,10783267,only excluded placeholder lrefs available: 10783267
142183,Anoniem,1634,painting,10783267,only excluded placeholder lrefs available: 10783267
142184,Anoniem,1642,painting,10783267,only excluded placeholder lrefs available: 10783267
142185,"Mierevelt, Michiel van",1616,painting,10783267,only excluded placeholder lrefs available: 10783267
142190,"Danckers, Pieter",1649,painting,10783267,only excluded placeholder lrefs available: 10783267
142202,"Voskuyl, Jeroen",1900,painting,10783267,only excluded placeholder lrefs available: 10783267
142204,"Maris, Willem (Jbzn)",1887,drawing (visual work),10783267,only excluded placeholder lrefs available: 10783267
142206,"Maris, Simon",1888,painting,10783267,only excluded placeholder lrefs available: 10783267
142212,Anoniem,1800,painting,10783267,only excluded placeholder lrefs available: 10783267
142213,"Nieweg, Jakob",1923,painting,10783267,only excluded placeholder lrefs available: 10783267
142217,Anoniem,1800,painting,10783267,only excluded placeholder lrefs available: 10783267
142218,Anoniem,1825,painting,10783267,only excluded placeholder lrefs available: 10783267
142222,"Verwey, Kees",1960,painting,10783267,only excluded placeholder lrefs available: 10783267
142223,"Schröder, Sierk",1946,painting,10783267,only excluded placeholder lrefs available: 10783267
142225,"Ketel, Cornelis",1563,painting,10783267,only excluded placeholder lrefs available: 10783267
142226,Anoniem,1635,painting,10783267,only excluded placeholder lrefs available: 10783267
142227,Anoniem,1635,painting,10783267,only excluded placeholder lrefs available: 10783267
142235,"Ravesteyn, Jan van",1587,painting,10783267,only excluded placeholder lrefs available: 10783267
142238,"Kunst, Berend",1862,drawing (visual work),10783267,only excluded placeholder lrefs available: 10783267
142249,Anoniem,1587,painting,10783267,only excluded placeholder lrefs available: 10783267
142250,Anoniem,1672,painting,10783267,only excluded placeholder lrefs available: 10783267
142252,Anoniem,1672,painting,10783267,only excluded placeholder lrefs available: 10783267
142258,Anoniem,1666,painting,10783267,only excluded placeholder lrefs available: 10783267
142260,Anoniem,1551,painting,10783267,only excluded placeholder lrefs available: 10783267
142267,Anoniem,1592,painting,10783267,only excluded placeholder lrefs available: 10783267
142270,Monogrammist D.B. (1656/1657),1656,painting,10783267,only excluded placeholder lrefs available: 10783267
142271,Monogrammist D.B. (1656/1657),1657,painting,10783267,only excluded placeholder lrefs available: 10783267
142273,Monogrammist D.B. (1656/1657),1656,painting,10783267,only excluded placeholder lrefs available: 10783267
142274,Monogrammist D.B. (1656/1657),1656,painting,10783267,only excluded placeholder lrefs available: 10783267
142312,"Honthorst, Gerard van",1625,painting,10783267,only excluded placeholder lrefs available: 10783267
142335,Anoniem,1576,painting,10783267,only excluded placeholder lrefs available: 10783267
142336,Anoniem,1622,painting,10783267,only excluded placeholder lrefs available: 10783267
142337,Anoniem,1617,painting,10783267,only excluded placeholder lrefs available: 10783267
142338,Anoniem,1617,painting,10783267,only excluded placeholder lrefs available: 10783267
142340,Anoniem,1642,painting,10783267,only excluded placeholder lrefs available: 10783267
142349,"Boichel, Mies",1928,relief,10783267,only excluded placeholder lrefs available: 10783267
142351,Anoniem,1650,painting,10783267,only excluded placeholder lrefs available: 10783267
142359,"Sangster, Hendrik Alexander",1859,painting,10783267,only excluded placeholder lrefs available: 10783267
142362,"Veldhuijzen, Willem Frederik",1861,painting,10783267,only excluded placeholder lrefs available: 10783267
142364,"Leeuwen, Henk van",1900,painting,10783267,only excluded placeholder lrefs available: 10783267
142368,"Toorop, Jan",1927,drawing (visual work),10783267,only excluded placeholder lrefs available: 10783267
142372,"Maurer, Jacob",1750,painting,10783267,only excluded placeholder lrefs available: 10783267
142373,"Mierevelt, Michiel van",1610,painting,10783267,only excluded placeholder lrefs available: 10783267
142376,"Maes, Nicolaes",1678,painting,10783267,only excluded placeholder lrefs available: 10783267
142378,"Citroen, Paul",1967,painting,10783267,only excluded placeholder lrefs available: 10783267
142383,"Flinck, Govert",1630,painting,10783267,only excluded placeholder lrefs available: 10783267
142407,"Pot, Hendrick",1595,painting,10783267,only excluded placeholder lrefs available: 10783267
142410,"Pot, Hendrick",1595,painting,10783267,only excluded placeholder lrefs available: 10783267
142417,"Angermann, David",1775,portrait miniature,10783267,only excluded placeholder lrefs available: 10783267
142419,"Maes, Nicolaes",1667,painting,10783267,only excluded placeholder lrefs available: 10783267
142420,"Lesire, Paulus",1637,painting,10783267,only excluded placeholder lrefs available: 10783267
142422,"Visscher, Johannes",1658,drawing (visual work),10783267,only excluded placeholder lrefs available: 10783267
142425,"Visscher, Johannes",1658,drawing (visual work),10783267,only excluded placeholder lrefs available: 10783267
142443,Anoniem,1700,unknown,10783267,only excluded placeholder lrefs available: 10783267
142456,Anoniem,1802,painting,10783267,only excluded placeholder lrefs available: 10783267
142490,"Pierson, Christoffel",1667,painting,10783267,only excluded placeholder lrefs available: 10783267
142491,"Putter, Pieter de",1646,painting,10783267,only excluded placeholder lrefs available: 10783267
142492,"Bijlert, Jan van",1627,painting,10783267,only excluded placeholder lrefs available: 10783267
142493,"Scorel, Jan van",1525,painting,10783267,only excluded placeholder lrefs available: 10783267
142495,"Buytewech, Willem (I)",1606,drawing (visual work),10783267,only excluded placeholder lrefs available: 10783267
142507,"Cool, Jan Daemen",1633,painting,10783267,only excluded placeholder lrefs available: 10783267
142512,Anoniem,1725,portrait miniature,10783267,only excluded placeholder lrefs available: 10783267
142552,Anoniem,1613,painting,10783267,only excluded placeholder lrefs available: 10783267
142553,Anoniem,1647,painting,10783267,only excluded placeholder lrefs available: 10783267
142555,Anoniem,1775,silhouette,10783267,only excluded placeholder lrefs available: 10783267
142557,"Mieris, Willem van",1684,drawing (visual work),10783267,only excluded placeholder lrefs available: 10783267
142572,"Ponstijn, Jan",1938,painting,10783267,only excluded placeholder lrefs available: 10783267
142577,"Bottema, Tjerk",1897,painting,10783267,only excluded placeholder lrefs available: 10783267
142578,"Bottema, Tjeerd",1899,painting,10783267,only excluded placeholder lrefs available: 10783267
142579,"Bottema, Tjerk",1897,painting,10783267,only excluded placeholder lrefs available: 10783267
142584,"Dooijewaard, Willem",1950,painting,10783267,only excluded placeholder lrefs available: 10783267
142593,"Bottema, Tjerk",1897,painting,10783267,only excluded placeholder lrefs available: 10783267
142596,"Elsinga, Johannes",1931,drawing (visual work),10783267,only excluded placeholder lrefs available: 10783267
142603,"Pieck, Henri",1922-04,drawing (visual work),10783267,only excluded placeholder lrefs available: 10783267
142607,"Pallandt, Charlotte van",1959,sculpture,10783267,only excluded placeholder lrefs available: 10783267
142610,"Rozendaal, Willem",1923,drawing (visual work),10783267,only excluded placeholder lrefs available: 10783267
142611,"Rozendaal, Willem",1923,drawing (visual work),10783267,only excluded placeholder lrefs available: 10783267
142638,"Valk, Hendrik",1938,painting,10783267,only excluded placeholder lrefs available: 10783267
142687,"Geest, Wybrand de (I)",1624,painting,10783267,only excluded placeholder lrefs available: 10783267
142710,"Dam van Isselt, Lucie van",1925,painting,10783267,only excluded placeholder lrefs available: 10783267
142716,"Lebeau, Chris",1922,drawing (visual work),10783267,only excluded placeholder lrefs available: 10783267
142794,"Moor, Carel de (II)",1685,painting,10783267,only excluded placeholder lrefs available: 10783267
142795,"Moor, Carel de (II)",1670,painting,10783267,only excluded placeholder lrefs available: 10783267
142796,"Moor, Carel de (II)",1670,painting,10783267,only excluded placeholder lrefs available: 10783267
142797,"Moor, Carel de (II)",1670,painting,10783267,only excluded placeholder lrefs available: 10783267
142799,Anoniem,1629,painting,10783267,only excluded placeholder lrefs available: 10783267
142804,"Koninck, Daniël de",1625,painting,10783267,only excluded placeholder lrefs available: 10783267
142819,"Doncker, Herman",1625,painting,10783267,only excluded placeholder lrefs available: 10783267
142828,Anoniem,1858,drawing (visual work),10783267,only excluded placeholder lrefs available: 10783267
142829,"Chimaer van Oudendorp, Wilhelmus Cornelius",1852,drawing (visual work),10783267,only excluded placeholder lrefs available: 10783267
142831,"Haensbergen, Jan van",1657,painting,10783267,only excluded placeholder lrefs available: 10783267
142833,"Haensbergen, Jan van",1700,painting,10783267,only excluded placeholder lrefs available: 10783267
142872,"Maes, Nicolaes",1649,painting,10783267,only excluded placeholder lrefs available: 10783267
142873,"Netscher, Caspar",1654,painting,10783267,only excluded placeholder lrefs available: 10783267
142875,"Netscher, Caspar",1654,painting,10783267,only excluded placeholder lrefs available: 10783267
142894,Anoniem,1625,painting,10783267,only excluded placeholder lrefs available: 10783267
142908,"Doeve, Eppo",1900,painting,10783267,only excluded placeholder lrefs available: 10783267
142909,"Taanman, Jacob",1885,drawing (visual work),10783267,only excluded placeholder lrefs available: 10783267
142941,"Bohres, Theodorus",1815,drawing (visual work),10783267,only excluded placeholder lrefs available: 10783267
142942,"Bohres, Theodorus",1815,drawing (visual work),10783267,only excluded placeholder lrefs available: 10783267
142943,"Bohres, Theodorus",1815,drawing (visual work),10783267,only excluded placeholder lrefs available: 10783267
142944,"Bohres, Theodorus",1815,drawing (visual work),10783267,only excluded placeholder lrefs available: 10783267
142945,"Bohres, Theodorus",1815,drawing (visual work),10783267,only excluded placeholder lrefs available: 10783267
142946,"Bohres, Theodorus",1815,drawing (visual work),10783267,only excluded placeholder lrefs available: 10783267
142947,"Bohres, Theodorus",1815,drawing (visual work),10783267,only excluded placeholder lrefs available: 10783267
143008,Anoniem,1775,painting,10783267,only excluded placeholder lrefs available: 10783267
143018,"Neuman, Johan Heinrich",1834,painting,10783267,only excluded placeholder lrefs available: 10783267
143026,"Neuman, Johan Heinrich",1834,painting,10783267,only excluded placeholder lrefs available: 10783267
143029,"Vaillant, Bernard",1650,drawing (visual work),10783267,only excluded placeholder lrefs available: 10783267
143100,Meester van de Geschiedenis van Jozef,1495,painting,10783267,only excluded placeholder lrefs available: 10783267
143122,Anoniem,1700,painting,10783267,only excluded placeholder lrefs available: 10783267
143132,"Boermeester, Louis",1955,painting,10783267,only excluded placeholder lrefs available: 10783267
143133,Anoniem,1350,drawing (visual work),10783267,only excluded placeholder lrefs available: 10783267
143134,Anoniem,1350,drawing (visual work),10783267,only excluded placeholder lrefs available: 10783267
143135,"Toorop, Jan",1900,drawing (visual work),10783267,only excluded placeholder lrefs available: 10783267
143280,"Pieneman, Jan Willem",1794,painting,10783267,only excluded placeholder lrefs available: 10783267
143311,"Lebeau, Chris",1893,drawing (visual work),10783267,only excluded placeholder lrefs available: 10783267
143360,Anoniem,1800,unknown,10783267,only excluded placeholder lrefs available: 10783267
143433,"Maes, Nicolaes",1649,painting,10783267,only excluded placeholder lrefs available: 10783267
143434,"Maes, Nicolaes",1649,painting,10783267,only excluded placeholder lrefs available: 10783267
143458,Anoniem,1641,painting,10783267,only excluded placeholder lrefs available: 10783267
143478,"Doeve, Eppo",1957,painting,10783267,only excluded placeholder lrefs available: 10783267
143480,"Rees, Otto van",1948,painting,10783267,only excluded placeholder lrefs available: 10783267
143507,"Moor, Carel de (II)",1694,painting,10783267,only excluded placeholder lrefs available: 10783267
143514,"Dooijewaard, Willem",1934,painting,10783267,only excluded placeholder lrefs available: 10783267
143520,"Leeuwen, Henk van",1900,painting,10783267,only excluded placeholder lrefs available: 10783267
143524,"Vries, Erwin de",1900,painting,10783267,only excluded placeholder lrefs available: 10783267
143541,"Grol, Rudolf van",1645,unknown,10783267,only excluded placeholder lrefs available: 10783267
143570,Anoniem,1849,painting,10783267,only excluded placeholder lrefs available: 10783267
143571,"Krabbé, Heinrich Martin",1892,drawing (visual work),10783267,only excluded placeholder lrefs available: 10783267
143572,"Bogman, Leon",1946,painting,10783267,only excluded placeholder lrefs available: 10783267
143573,"Tast, Ton van",1899,drawing (visual work),10783267,only excluded placeholder lrefs available: 10783267
143645,"Welie, Antoon van",1907,drawing (visual work),10783267,only excluded placeholder lrefs available: 10783267
143649,"Goovaerts, Henri",1886,painting,10783267,only excluded placeholder lrefs available: 10783267
143652,"Meurs, Harmen",1937,painting,10783267,only excluded placeholder lrefs available: 10783267
143653,"Grauss, Geert",1913,drawing (visual work),10783267,only excluded placeholder lrefs available: 10783267
143654,Anoniem,1800,painting,10783267,only excluded placeholder lrefs available: 10783267
143655,"Gregoor, Jan",1900,drawing (visual work),10783267,only excluded placeholder lrefs available: 10783267
143657,"Kelder, Toon",1929,drawing (visual work),10783267,only excluded placeholder lrefs available: 10783267
143658,"Kelder, Toon",1928,drawing (visual work),10783267,only excluded placeholder lrefs available: 10783267
143659,"Hengelaar, Frederic Ferdo van",1911,painting,10783267,only excluded placeholder lrefs available: 10783267
143670,"Schendel, Petrus van",1832,painting,10783267,only excluded placeholder lrefs available: 10783267
143679,"Rotgans, Jan",1896,drawing (visual work),10783267,only excluded placeholder lrefs available: 10783267
143681,"Teixeira de Mattos, Henri",1871,sculpture,10783267,only excluded placeholder lrefs available: 10783267
143682,"Blommers, Bernardus Johannes",1908,drawing (visual work),10783267,only excluded placeholder lrefs available: 10783267
143683,"Blommers, Bernardus Johannes",1908,painting,10783267,only excluded placeholder lrefs available: 10783267
143684,"Haverman, Hendrik Johannes",1872,drawing (visual work),10783267,only excluded placeholder lrefs available: 10783267
143711,"Pourbus, Frans (II)",1618,painting,10783267,only excluded placeholder lrefs available: 10783267
143714,Anoniem,1612,painting,10783267,only excluded placeholder lrefs available: 10783267
143743,"Neuman, Johan Heinrich",1834,painting,10783267,only excluded placeholder lrefs available: 10783267
143748,"Koningsveld, Jacobus van",1861,painting,10783267,only excluded placeholder lrefs available: 10783267
143769,Anoniem,1813,painting,10783267,only excluded placeholder lrefs available: 10783267
143822,Anoniem,1640,painting,10783267,only excluded placeholder lrefs available: 10783267
143885,Anoniem,1626,painting,10783267,only excluded placeholder lrefs available: 10783267
143902,"Meegeren, Han van",1904,painting,10783267,only excluded placeholder lrefs available: 10783267
143904,"Maarel, Marinus van der",1872,painting,10783267,only excluded placeholder lrefs available: 10783267
143931,Anoniem,1625,painting,10783267,only excluded placeholder lrefs available: 10783267
143933,Anoniem,1635,painting,10783267,only excluded placeholder lrefs available: 10783267
143934,Anoniem,1649,painting,10783267,only excluded placeholder lrefs available: 10783267
143935,"Rotius, Jan Albertsz.",1639,painting,10783267,only excluded placeholder lrefs available: 10783267
143936,"Rotius, Jan Albertsz.",1639,painting,10783267,only excluded placeholder lrefs available: 10783267
143937,Anoniem,1645,painting,10783267,only excluded placeholder lrefs available: 10783267
143938,Anoniem,1625,unknown,10783267,only excluded placeholder lrefs available: 10783267
143940,Anoniem,1675,unknown,10783267,only excluded placeholder lrefs available: 10783267
143941,"Limborch, Michiel D. van",1653,painting,10783267,only excluded placeholder lrefs available: 10783267
143942,Anoniem,1650,painting,10783267,only excluded placeholder lrefs available: 10783267
143944,"Bellekin, Claes",1650,painting,10783267,only excluded placeholder lrefs available: 10783267
143948,Anoniem,1667,unknown,10783267,only excluded placeholder lrefs available: 10783267
143949,Anoniem,1668,unknown,10783267,only excluded placeholder lrefs available: 10783267
143950,"Palamedes, Anthonie",1658,painting,10783267,only excluded placeholder lrefs available: 10783267
143951,"Palamedes, Anthonie",1656,painting,10783267,only excluded placeholder lrefs available: 10783267
143953,"Palamedes, Anthonie",1655,painting,10783267,only excluded placeholder lrefs available: 10783267
143962,Anoniem,1699,painting,10783267,only excluded placeholder lrefs available: 10783267
143963,"Hennekyn, Paulus",1665,painting,10783267,only excluded placeholder lrefs available: 10783267
143964,"Hennekyn, Paulus",1651,painting,10783267,only excluded placeholder lrefs available: 10783267
143970,"Musscher, Michiel van",1669,painting,10783267,only excluded placeholder lrefs available: 10783267
143978,"Attevelt, Justus van",1650,painting,10783267,only excluded placeholder lrefs available: 10783267
143983,"Netscher, Caspar",1681,painting,10783267,only excluded placeholder lrefs available: 10783267
143984,"Oyens, Pieter",1869,drawing (visual work),10783267,only excluded placeholder lrefs available: 10783267
143985,"Breitner, George Hendrik",1872,drawing (visual work),10783267,only excluded placeholder lrefs available: 10783267
143988,"Hals, Frans (I)",1597,painting,10783267,only excluded placeholder lrefs available: 10783267
144030,"Rees, Willem Karel",1925,painting,10783267,only excluded placeholder lrefs available: 10783267
144054,Anoniem,1750,portrait miniature,10783267,only excluded placeholder lrefs available: 10783267
144055,Anoniem,1750,portrait miniature,10783267,only excluded placeholder lrefs available: 10783267
144102,"Doorn, Tinus van",1928,painting,10783267,only excluded placeholder lrefs available: 10783267
144119,"Beeck, H.A. de",1918,drawing (visual work),10783267,only excluded placeholder lrefs available: 10783267
144121,"Leeuw, Henri",1876,painting,10783267,only excluded placeholder lrefs available: 10783267
144150,Anoniem,1800,unknown,10783267,only excluded placeholder lrefs available: 10783267
144159,"Palamedes, Anthonie",1654,painting,10783267,only excluded placeholder lrefs available: 10783267
144163,Anoniem,1603,painting,10783267,only excluded placeholder lrefs available: 10783267
144168,"Moleveld, Piet (1919-1976)",1900,painting,10783267,only excluded placeholder lrefs available: 10783267
144169,"Sturm, George",1870,painting,10783267,only excluded placeholder lrefs available: 10783267
144170,"Valkenburg, Hendrik",1896,painting,10783267,only excluded placeholder lrefs available: 10783267
144171,"Krabbé, Heinrich Martin",1894,drawing (visual work),10783267,only excluded placeholder lrefs available: 10783267
144172,"Haverman, Hendrik Johannes",1893,drawing (visual work),10783267,only excluded placeholder lrefs available: 10783267
144209,"Oven, Coen van",1924,drawing (visual work),10783267,only excluded placeholder lrefs available: 10783267
144210,"Oven, Coen van",1898,painting,10783267,only excluded placeholder lrefs available: 10783267
144212,"Oven, Coen van",1924,painting,10783267,only excluded placeholder lrefs available: 10783267
144217,"Oven, Coen van",1926,drawing (visual work),10783267,only excluded placeholder lrefs available: 10783267
144243,"Oven, Coen van",1953,painting,10783267,only excluded placeholder lrefs available: 10783267
144264,"Veth, Jan",1891,painting,10783267,only excluded placeholder lrefs available: 10783267
144317,Anoniem,1630,painting,10783267,only excluded placeholder lrefs available: 10783267
144360,"Kunst, Berend",1809,drawing (visual work),10783267,only excluded placeholder lrefs available: 10783267
144361,"Kunst, Berend",1809,drawing (visual work),10783267,only excluded placeholder lrefs available: 10783267
144362,"Kunst, Berend",1860,drawing (visual work),10783267,only excluded placeholder lrefs available: 10783267
144363,"Kunst, Berend",1860,drawing (visual work),10783267,only excluded placeholder lrefs available: 10783267
144365,"Steijn, Wim",1900,drawing (visual work),10783267,only excluded placeholder lrefs available: 10783267
144366,"Steijn, Wim",1900,drawing (visual work),10783267,only excluded placeholder lrefs available: 10783267
144387,"Bueno de Mesquita, David",1904,painting,10783267,only excluded placeholder lrefs available: 10783267
144394,"Kaas, Jaap",1900,unknown,10783267,only excluded placeholder lrefs available: 10783267
144395,"Bedding, Izaak Leendert",1900,drawing (visual work),10783267,only excluded placeholder lrefs available: 10783267
144411,"Schilt, Leendert Adriaan",1910,drawing (visual work),10783267,only excluded placeholder lrefs available: 10783267
144424,"Maks, Kees",1900,painting,10783267,only excluded placeholder lrefs available: 10783267
144427,"Helder, Johannes",1886,painting,10783267,only excluded placeholder lrefs available: 10783267
144536,"Willeboirts Bosschaert, Thomas",1622,drawing (visual work),10783267,only excluded placeholder lrefs available: 10783267
144540,"Rotgans, Jan",1925,drawing (visual work),10783267,only excluded placeholder lrefs available: 10783267
144542,"Israels, Isaac",1880,drawing (visual work),10783267,only excluded placeholder lrefs available: 10783267
144561,Anoniem,1800,painting,10783267,only excluded placeholder lrefs available: 10783267
144711,"Poorter, Bastiaan de",1844,painting,10783267,only excluded placeholder lrefs available: 10783267
144712,"Poorter, Bastiaan de",1844,painting,10783267,only excluded placeholder lrefs available: 10783267
144742,"Vos, Cornelis de (1795)",1800,portrait miniature,10783267,only excluded placeholder lrefs available: 10783267
144789,"Israels, Isaac",1880,painting,10783267,only excluded placeholder lrefs available: 10783267
144793,"Veth, Jan",1908,drawing (visual work),10783267,only excluded placeholder lrefs available: 10783267
144794,"Hove, Bart van",1911,sculpture,10783267,only excluded placeholder lrefs available: 10783267
144796,Anoniem,1850,drawing (visual work),10783267,only excluded placeholder lrefs available: 10783267
144797,"Odé, Arend Willem Maurits",1880,sculpture,10783267,only excluded placeholder lrefs available: 10783267
144798,"Dupuis, Toon",1892,sculpture,10783267,only excluded placeholder lrefs available: 10783267
144820,Anoniem,1650,painting,10783267,only excluded placeholder lrefs available: 10783267
144831,"Demoussy, Augustin Luc",1848,drawing (visual work),10783267,only excluded placeholder lrefs available: 10783267
144834,Anoniem,1750,painting,10783267,only excluded placeholder lrefs available: 10783267
144856,"Heijligers, Antoon François",1843,painting,10783267,only excluded placeholder lrefs available: 10783267
144857,Anoniem,1840,painting,10783267,only excluded placeholder lrefs available: 10783267
144881,"Verwey, Kees",1950,drawing (visual work),10783267,only excluded placeholder lrefs available: 10783267
144882,"Rederer, Franz",1900,drawing (visual work),10783267,only excluded placeholder lrefs available: 10783267
144883,"Berg, Willem van den (1886-1970)",1901,drawing (visual work),10783267,only excluded placeholder lrefs available: 10783267
144884,"Surie, Coba",1914,painting,10783267,only excluded placeholder lrefs available: 10783267
144925,Anoniem,1820,drawing (visual work),10783267,only excluded placeholder lrefs available: 10783267
144926,Anoniem,1820,drawing (visual work),10783267,only excluded placeholder lrefs available: 10783267
144931,"Deene, Jan van",1911,painting,10783267,only excluded placeholder lrefs available: 10783267
144974,"Claterbos, Augustijn",1775,drawing (visual work),10783267,only excluded placeholder lrefs available: 10783267
145059,"Hoogstraten, Maria van",1947,drawing (visual work),10783267,only excluded placeholder lrefs available: 10783267
145104,"Sluijters, Jan",1896,painting,10783267,only excluded placeholder lrefs available: 10783267
145170,Anoniem,1843,drawing (visual work),10783267,only excluded placeholder lrefs available: 10783267
145226,"Ket, Dick",1900,painting,10783267,only excluded placeholder lrefs available: 10783267
145227,"Ket, Dick",1900,painting,10783267,only excluded placeholder lrefs available: 10783267
145243,"Fleming, William",1836,painting,10783267,only excluded placeholder lrefs available: 10783267
145247,"Toorop, Jan",1873,drawing (visual work),10783267,only excluded placeholder lrefs available: 10783267
145248,"Toorop, Jan",1873,unknown,10783267,only excluded placeholder lrefs available: 10783267
145250,"Toorop, Jan",1873,painting,10783267,only excluded placeholder lrefs available: 10783267
145252,"Toorop, Jan",1911,drawing (visual work),10783267,only excluded placeholder lrefs available: 10783267
145265,"Anspach, Johannes",1767,drawing (visual work),10783267,only excluded placeholder lrefs available: 10783267
145266,"Anspach, Johannes",1767,drawing (visual work),10783267,only excluded placeholder lrefs available: 10783267
145277,"Fleming, William",1836,painting,10783267,only excluded placeholder lrefs available: 10783267
145299,Anoniem,1775,drawing (visual work),10783267,only excluded placeholder lrefs available: 10783267
145310,"Scheffer, Ary",1849,painting,10783267,only excluded placeholder lrefs available: 10783267
145331,"Slothouwer, Hermanus Jacobus",1824,drawing (visual work),10783267,only excluded placeholder lrefs available: 10783267
145348,Anoniem,1650,painting,10783267,only excluded placeholder lrefs available: 10783267
145349,Anoniem,1650,painting,10783267,only excluded placeholder lrefs available: 10783267
145350,Anoniem,1664,painting,10783267,only excluded placeholder lrefs available: 10783267
145351,Anoniem,1693,painting,10783267,only excluded placeholder lrefs available: 10783267
145368,Anoniem,1775,portrait miniature,10783267,only excluded placeholder lrefs available: 10783267
145392,"Richter, Johann Heinrich",1842,painting,10783267,only excluded placeholder lrefs available: 10783267
145428,"Volders, Lancelot",1670,painting,10783267,only excluded placeholder lrefs available: 10783267
145434,Anoniem,1773,painting,10783267,only excluded placeholder lrefs available: 10783267
145529,"Haverman, Hendrik Johannes",1872,drawing (visual work),10783267,only excluded placeholder lrefs available: 10783267
145530,"Broers, Edmée",1891,painting,10783267,only excluded placeholder lrefs available: 10783267
145531,"Mertens, Johannes Cornelis",1757,unknown,10783267,only excluded placeholder lrefs available: 10783267
145554,Anoniem,1825,drawing (visual work),10783267,only excluded placeholder lrefs available: 10783267
145560,"Plas, Adriaan van der",1957,painting,10783267,only excluded placeholder lrefs available: 10783267
145574,"Konijnenburg, Willem van",1883,drawing (visual work),10783267,only excluded placeholder lrefs available: 10783267
145575,"Konijnenburg, Willem van",1883,drawing (visual work),10783267,only excluded placeholder lrefs available: 10783267
145576,"Lebeau, Chris",1893,drawing (visual work),10783267,only excluded placeholder lrefs available: 10783267
145579,"Israëls, Jozef",1857,portrait miniature,10783267,only excluded placeholder lrefs available: 10783267
145610,"Mieris, Willem van",1677,unknown,10783267,only excluded placeholder lrefs available: 10783267
145622,"Sellbach, Eduard",1882,drawing (visual work),10783267,only excluded placeholder lrefs available: 10783267
145632,"Aved, Jacques André Joseph Camellot",1751,painting,10783267,only excluded placeholder lrefs available: 10783267
145634,"Lievens, Jan",1675,painting,10783267,only excluded placeholder lrefs available: 10783267
145637,"Croïn, Jos",1900,painting,10783267,only excluded placeholder lrefs available: 10783267
145638,"Bitter, Theo",1939,painting,10783267,only excluded placeholder lrefs available: 10783267
145658,"Dijck, Jacobus van",1857,painting,10783267,only excluded placeholder lrefs available: 10783267
145659,"Dijck, Jacobus van",1857,painting,10783267,only excluded placeholder lrefs available: 10783267
145660,"Vester, Willem",1839,painting,10783267,only excluded placeholder lrefs available: 10783267
145661,"Jungmann, Maarten",1892,drawing (visual work),10783267,only excluded placeholder lrefs available: 10783267
145701,Anoniem,1350,unknown,10783267,only excluded placeholder lrefs available: 10783267
145718,Anoniem,1625,painting,10783267,only excluded placeholder lrefs available: 10783267
145725,"Rueter, Georg",1890,drawing (visual work),10783267,only excluded placeholder lrefs available: 10783267
145726,"Konijnenburg, Willem van",1883,painting,10783267,only excluded placeholder lrefs available: 10783267
145728,Anoniem,1550,unknown,10783267,only excluded placeholder lrefs available: 10783267
145729,Anoniem,1580,unknown,10783267,only excluded placeholder lrefs available: 10783267
145732,Anoniem,1350,unknown,10783267,only excluded placeholder lrefs available: 10783267
145734,Anoniem,1350,unknown,10783267,only excluded placeholder lrefs available: 10783267
145736,Anoniem,1350,unknown,10783267,only excluded placeholder lrefs available: 10783267
145738,Anoniem,1860,unknown,10783267,only excluded placeholder lrefs available: 10783267
145739,Anoniem,1860,unknown,10783267,only excluded placeholder lrefs available: 10783267
145742,Anoniem,1825,unknown,10783267,only excluded placeholder lrefs available: 10783267
145745,Anoniem,1350,unknown,10783267,only excluded placeholder lrefs available: 10783267
145746,Anoniem,1794,silhouette,10783267,only excluded placeholder lrefs available: 10783267
145747,Anoniem,1775,unknown,10783267,only excluded placeholder lrefs available: 10783267
145748,Anoniem,1500,unknown,10783267,only excluded placeholder lrefs available: 10783267
145749,Anoniem,1500,unknown,10783267,only excluded placeholder lrefs available: 10783267
145752,Anoniem,1820,unknown,10783267,only excluded placeholder lrefs available: 10783267
145754,Anoniem,1860,unknown,10783267,only excluded placeholder lrefs available: 10783267
145755,Anoniem,1860,relief,10783267,only excluded placeholder lrefs available: 10783267
145773,Anoniem,1600,unknown,10783267,only excluded placeholder lrefs available: 10783267
145780,"Velde, Bram van",1900,painting,10783267,only excluded placeholder lrefs available: 10783267
145781,Anoniem,1800,silhouette,10783267,only excluded placeholder lrefs available: 10783267
145819,"Smith, Nina",1938,drawing (visual work),10783267,only excluded placeholder lrefs available: 10783267
145820,Anoniem,1800,painting,10783267,only excluded placeholder lrefs available: 10783267
145821,Anoniem,1852,painting,10783267,only excluded placeholder lrefs available: 10783267
145823,"Jurres, Johannes Hendricus",1890,drawing (visual work),10783267,only excluded placeholder lrefs available: 10783267
145824,"IJkelenstam, Hendrikus",1935,drawing (visual work),10783267,only excluded placeholder lrefs available: 10783267
145829,"Weve, Hendricus Jacobus Marie",1909,drawing (visual work),10783267,only excluded placeholder lrefs available: 10783267
145831,Anoniem,1350,unknown,10783267,only excluded placeholder lrefs available: 10783267
145837,Anoniem,1400,unknown,10783267,only excluded placeholder lrefs available: 10783267
145870,"Teixeira de Mattos, Joseph (1892-1971)",1900,drawing (visual work),10783267,only excluded placeholder lrefs available: 10783267
145871,"Voerman, Jan (sr.)",1886,painting,10783267,only excluded placeholder lrefs available: 10783267
145879,"Zürcher, Jan",1866,drawing (visual work),10783267,only excluded placeholder lrefs available: 10783267
145901,Anoniem,1640,unknown,10783267,only excluded placeholder lrefs available: 10783267
145919,"Kneller, Gottfried",1689,painting,10783267,only excluded placeholder lrefs available: 10783267
145940,Anoniem,1800,painting,10783267,only excluded placeholder lrefs available: 10783267
145951,"Waben, Jacques",1636,unknown,10783267,only excluded placeholder lrefs available: 10783267
146007,Anoniem,1700,painting,10783267,only excluded placeholder lrefs available: 10783267
146011,Anoniem,1725,painting,10783267,only excluded placeholder lrefs available: 10783267
146185,"Rueter, Georg",1957,drawing (visual work),10783267,only excluded placeholder lrefs available: 10783267
146193,"Oyens, Pieter",1857,unknown,10783267,only excluded placeholder lrefs available: 10783267
146253,"Franchoys, Lucas (II)",1631,portrait miniature,10783267,only excluded placeholder lrefs available: 10783267
146261,"Le Fauconnier, Henri Victor Gabriel",1915,drawing (visual work),10783267,only excluded placeholder lrefs available: 10783267
146262,"Gerrits, Ger",1908,drawing (visual work),10783267,only excluded placeholder lrefs available: 10783267
146263,"Gerrits, Ger",1908,drawing (visual work),10783267,only excluded placeholder lrefs available: 10783267
146264,"Gerrits, Ger",1908,drawing (visual work),10783267,only excluded placeholder lrefs available: 10783267
146265,"Gerrits, Ger",1908,drawing (visual work),10783267,only excluded placeholder lrefs available: 10783267
146267,"Gerrits, Ger",1908,drawing (visual work),10783267,only excluded placeholder lrefs available: 10783267
146268,"Gerrits, Ger",1915,drawing (visual work),10783267,only excluded placeholder lrefs available: 10783267
146269,"Gerrits, Ger",1908,drawing (visual work),10783267,only excluded placeholder lrefs available: 10783267
146270,"Gerrits, Ger",1908,drawing (visual work),10783267,only excluded placeholder lrefs available: 10783267
146271,"Gerrits, Ger",1908,drawing (visual work),10783267,only excluded placeholder lrefs available: 10783267
146272,"Gerrits, Ger",1940,drawing (visual work),10783267,only excluded placeholder lrefs available: 10783267
146273,"Gerrits, Ger",1908,drawing (visual work),10783267,only excluded placeholder lrefs available: 10783267
146275,"Gerrits, Ger",1908,drawing (visual work),10783267,only excluded placeholder lrefs available: 10783267
146276,"Gerrits, Ger",1940,drawing (visual work),10783267,only excluded placeholder lrefs available: 10783267
146277,"Gerrits, Ger",1908,drawing (visual work),10783267,only excluded placeholder lrefs available: 10783267
146278,"Gerrits, Ger",1962,drawing (visual work),10783267,only excluded placeholder lrefs available: 10783267
146283,"Rood, Katinka van",1950,sculpture,10783267,only excluded placeholder lrefs available: 10783267
146284,"Richters, Han",1900,sculpture,10783267,only excluded placeholder lrefs available: 10783267
146290,"Rueter, Georg",1951,painting,10783267,only excluded placeholder lrefs available: 10783267
146308,"Mor, Antonis",1534,painting,10783267,only excluded placeholder lrefs available: 10783267
146332,"Roelofs, Albert",1877,painting,10783267,only excluded placeholder lrefs available: 10783267
146341,"Pander, Pier",1879,painting,10783267,only excluded placeholder lrefs available: 10783267
146342,"Andringa, Martinus van",1888,drawing (visual work),10783267,only excluded placeholder lrefs available: 10783267
146363,"Volders, Lancelot",1675,painting,10783267,only excluded placeholder lrefs available: 10783267
146375,"Josselin de Jong, Pieter de",1898,painting,10783267,only excluded placeholder lrefs available: 10783267
146379,"De Keyser, Nicaise",1852,painting,10783267,only excluded placeholder lrefs available: 10783267
146384,"Kleintjes, Jan",1917,painting,10783267,only excluded placeholder lrefs available: 10783267
146389,"Brouwer, Adriaen",1621,portrait miniature,10783267,only excluded placeholder lrefs available: 10783267
146391,"Rijckere, Bernaert de",1585,painting,10783267,only excluded placeholder lrefs available: 10783267
146392,"Werff, Adriaen van der",1692,painting,10783267,only excluded placeholder lrefs available: 10783267
146397,"Key, Adriaen Thomasz.",1574,painting,10783267,only excluded placeholder lrefs available: 10783267
146439,"Delff, Jacob Willemsz. (II)",1651,painting,10783267,only excluded placeholder lrefs available: 10783267
146478,"Dijk, Philip van",1698,unknown,10783267,only excluded placeholder lrefs available: 10783267
146486,"Krop, Hildo",1925,sculpture,10783267,only excluded placeholder lrefs available: 10783267
146490,"Verwey, Kees",1900,painting,10783267,only excluded placeholder lrefs available: 10783267
146494,Anoniem,1825,painting,10783267,only excluded placeholder lrefs available: 10783267
146498,"Visser, Erika (1919-2007)",1970,drawing (visual work),10783267,only excluded placeholder lrefs available: 10783267
146499,"Visser, Erika (1919-2007)",1971,drawing (visual work),10783267,only excluded placeholder lrefs available: 10783267
146500,"Visser, Erika (1919-2007)",1900,unknown,10783267,only excluded placeholder lrefs available: 10783267
146501,"Meurs, Harmen",1921,drawing (visual work),10783267,only excluded placeholder lrefs available: 10783267
146528,"Schipperus, Piet",1855,painting,10783267,only excluded placeholder lrefs available: 10783267
146530,"Bleker, Dirck",1636,unknown,10783267,only excluded placeholder lrefs available: 10783267
146544,"Paerels, Willem",1893,painting,10783267,only excluded placeholder lrefs available: 10783267
146546,"Cossaar, Ko",1929,drawing (visual work),10783267,only excluded placeholder lrefs available: 10783267
146547,"Witsen, Willem",1909,drawing (visual work),10783267,only excluded placeholder lrefs available: 10783267
146561,Anoniem,1775,drawing (visual work),10783267,only excluded placeholder lrefs available: 10783267
146563,Anoniem,1775,drawing (visual work),10783267,only excluded placeholder lrefs available: 10783267
146565,Anoniem,1775,drawing (visual work),10783267,only excluded placeholder lrefs available: 10783267
146580,"Bosscha, Jacoba",1873,painting,10783267,only excluded placeholder lrefs available: 10783267
146604,Anoniem,1800,painting,10783267,only excluded placeholder lrefs available: 10783267
146605,"Jansen, Frits (1856-1928)",1919,painting,10783267,only excluded placeholder lrefs available: 10783267
146644,"Netscher, Constantijn",1683,painting,10783267,only excluded placeholder lrefs available: 10783267
146661,Anoniem,1636,painting,10783267,only excluded placeholder lrefs available: 10783267
146667,"Veth, Jan",1904,drawing (visual work),10783267,only excluded placeholder lrefs available: 10783267
146673,"Faber, Johan (I)",1691,drawing (visual work),10783267,only excluded placeholder lrefs available: 10783267
146690,"Kalchbrenner, W.",1848,painting,10783267,only excluded placeholder lrefs available: 10783267
146691,"Zijl, Lambertus",1894,sculpture,10783267,only excluded placeholder lrefs available: 10783267
146693,"Zijl, Lambertus",1881,relief,10783267,only excluded placeholder lrefs available: 10783267
146694,"Wertheim, Johan G.",1956,relief,10783267,only excluded placeholder lrefs available: 10783267
146695,"Krop, Hildo",1899,sculpture,10783267,only excluded placeholder lrefs available: 10783267
146702,"Neuman, Johan Heinrich",1872,painting,10783267,only excluded placeholder lrefs available: 10783267
146774,"Lith, Hubert van",1958,sculpture,10783267,only excluded placeholder lrefs available: 10783267
146786,"Merck, Jacob van der",1615,painting,10783267,only excluded placeholder lrefs available: 10783267
146848,Anoniem,1825,painting,10783267,only excluded placeholder lrefs available: 10783267
146849,Anoniem,1775,painting,10783267,only excluded placeholder lrefs available: 10783267
146850,Anoniem,1350,painting,10783267,only excluded placeholder lrefs available: 10783267
146851,"Duyl, W. van",1941,drawing (visual work),10783267,only excluded placeholder lrefs available: 10783267
146866,"Boendermaker, Kees",1935,drawing (visual work),10783267,only excluded placeholder lrefs available: 10783267
146888,"Wiegers, Jan",1908,drawing (visual work),10783267,only excluded placeholder lrefs available: 10783267
146889,"Wiegers, Jan",1908,painting,10783267,only excluded placeholder lrefs available: 10783267
146890,"Dijkstra, Johan",1900,painting,10783267,only excluded placeholder lrefs available: 10783267
146891,"Wiegers, Jan",1955,drawing (visual work),10783267,only excluded placeholder lrefs available: 10783267
146898,"Ploegsma, Dirk Jacobs",1788,painting,10783267,only excluded placeholder lrefs available: 10783267
146899,"Ploegsma, Dirk Jacobs",1788,painting,10783267,only excluded placeholder lrefs available: 10783267
146911,Anoniem,1823,portrait miniature,10783267,only excluded placeholder lrefs available: 10783267
146912,"Bander, Jan Cornelis",1941,painting,10783267,only excluded placeholder lrefs available: 10783267
146914,"Sluijters, Elisa",1900,painting,10783267,only excluded placeholder lrefs available: 10783267
146918,"Verwey van Udenhout, Laurent",1911,painting,10783267,only excluded placeholder lrefs available: 10783267
146938,"Kagie-Mosterd, Margriet",1955,painting,10783267,only excluded placeholder lrefs available: 10783267
146942,"Kagie-Mosterd, Margriet",1955,painting,10783267,only excluded placeholder lrefs available: 10783267
146945,"Kagie, Jan",1940,drawing (visual work),10783267,only excluded placeholder lrefs available: 10783267
146954,"Jonxis, Jan Lodewijk",1804,painting,10783267,only excluded placeholder lrefs available: 10783267
146955,Anoniem,1840,painting,10783267,only excluded placeholder lrefs available: 10783267
147005,"Andriessen, Mari",1900,sculpture,10783267,only excluded placeholder lrefs available: 10783267
147013,"Oepts, Wim",1932,painting,10783267,only excluded placeholder lrefs available: 10783267
147062,"Netscher, Constantijn",1696,painting,10783267,only excluded placeholder lrefs available: 10783267
147094,"Westermann, Gerard",1895,painting,10783267,only excluded placeholder lrefs available: 10783267
147095,"Westermann, Gerard",1943,painting,10783267,only excluded placeholder lrefs available: 10783267
147097,"Westermann, Gerard",1895,painting,10783267,only excluded placeholder lrefs available: 10783267
147098,"Westermann, Gerard",1895,painting,10783267,only excluded placeholder lrefs available: 10783267
147099,"Westermann, Gerard",1895,painting,10783267,only excluded placeholder lrefs available: 10783267
147100,"Westermann, Gerard",1895,drawing (visual work),10783267,only excluded placeholder lrefs available: 10783267
147102,"Bergsma, Gerard",1888,painting,10783267,only excluded placeholder lrefs available: 10783267
147105,"Braakensiek, Johan",1929,drawing (visual work),10783267,only excluded placeholder lrefs available: 10783267
147127,"Welie, Antoon van",1933,drawing (visual work),10783267,only excluded placeholder lrefs available: 10783267
147140,Anoniem,1925,sculpture,10783267,only excluded placeholder lrefs available: 10783267
147154,"Sluijters, Jan",1925,unknown,10783267,only excluded placeholder lrefs available: 10783267
147166,"Gobius, Marian",1925,unknown,10783267,only excluded placeholder lrefs available: 10783267
147170,"Franken, Jan Pzn.",1900,drawing (visual work),10783267,only excluded placeholder lrefs available: 10783267
147173,"Twardowska-Conrat, Ilse von",1895,sculpture,10783267,only excluded placeholder lrefs available: 10783267
147175,"Witsen, Willem",1916,painting,10783267,only excluded placeholder lrefs available: 10783267
147179,Anoniem,1860,sculpture,10783267,only excluded placeholder lrefs available: 10783267
147182,"Vlijmen, Bernard van",1927,drawing (visual work),10783267,only excluded placeholder lrefs available: 10783267
147183,"Vlijmen, Bernard van",1927,drawing (visual work),10783267,only excluded placeholder lrefs available: 10783267
147194,"Bal, Gerard",1887,painting,10783267,only excluded placeholder lrefs available: 10783267
147214,"Beijerman, Louise",1898,sculpture,10783267,only excluded placeholder lrefs available: 10783267
147222,"Israels, Isaac",1880,painting,10783267,only excluded placeholder lrefs available: 10783267
147225,"James, Karel",1964,drawing (visual work),10783267,only excluded placeholder lrefs available: 10783267
147236,"Braam, P. van",1943,drawing (visual work),10783267,only excluded placeholder lrefs available: 10783267
147237,"Woutersen-van Doesburgh, Elsa",1890,drawing (visual work),10783267,only excluded placeholder lrefs available: 10783267
147238,"Westendorp-Osieck, Betsy",1895,drawing (visual work),10783267,only excluded placeholder lrefs available: 10783267
147247,"Couwenberg, Stephaan",1907,unknown,10783267,only excluded placeholder lrefs available: 10783267
147248,"Rueter, Georg",1890,unknown,10783267,only excluded placeholder lrefs available: 10783267
147253,Anoniem,1711,sculpture,10783267,only excluded placeholder lrefs available: 10783267
147429,Anoniem,1860,photograph,10783267,only excluded placeholder lrefs available: 10783267
147436,"Berg, Willem van den (1886-1970)",1901,drawing (visual work),10783267,only excluded placeholder lrefs available: 10783267
147437,"Berg, Willem van den (1886-1970)",1901,drawing (visual work),10783267,only excluded placeholder lrefs available: 10783267
147446,"Zijl, Lambertus",1923,relief,10783267,only excluded placeholder lrefs available: 10783267
147505,"Haverman, Hendrik Johannes",1872,drawing (visual work),10783267,only excluded placeholder lrefs available: 10783267
147506,"Molkenboer, Antoon",1903,drawing (visual work),10783267,only excluded placeholder lrefs available: 10783267
147508,"Delft, Theo van",1898,drawing (visual work),10783267,only excluded placeholder lrefs available: 10783267
147553,"Neuman, Johan Heinrich",1875,painting,10783267,only excluded placeholder lrefs available: 10783267
147579,"Haverman, Hendrik Johannes",1897,drawing (visual work),10783267,only excluded placeholder lrefs available: 10783267
147580,"Spanjaard, Rosa",1881,drawing (visual work),10783267,only excluded placeholder lrefs available: 10783267
147582,"Welie, Antoon van",1881,drawing (visual work),10783267,only excluded placeholder lrefs available: 10783267
147583,Anoniem,1850,portrait miniature,10783267,only excluded placeholder lrefs available: 10783267
147586,"Engebrechtsz, Cornelis",1525,painting,10783267,only excluded placeholder lrefs available: 10783267
147588,"Troost, Cornelis",1722,drawing (visual work),10783267,only excluded placeholder lrefs available: 10783267
147590,"Buys, Jacobus",1739,unknown,10783267,only excluded placeholder lrefs available: 10783267
147591,"Fokke, Simon",1727,drawing (visual work),10783267,only excluded placeholder lrefs available: 10783267
147592,"Fokke, Simon",1739,drawing (visual work),10783267,only excluded placeholder lrefs available: 10783267
147598,"Damery, Walther",1672,painting,10783267,only excluded placeholder lrefs available: 10783267
147609,"Maes, Nicolaes",1649,painting,10783267,only excluded placeholder lrefs available: 10783267
147622,"Hem, Piet van der",1900,unknown,10783267,only excluded placeholder lrefs available: 10783267
147623,"Haverman, Hendrik Johannes",1872,painting,10783267,only excluded placeholder lrefs available: 10783267
147624,"Haverman, Hendrik Johannes",1880,drawing (visual work),10783267,only excluded placeholder lrefs available: 10783267
147629,"Haverman, Hendrik Johannes",1872,painting,10783267,only excluded placeholder lrefs available: 10783267
147631,"Haverman, Hendrik Johannes",1872,drawing (visual work),10783267,only excluded placeholder lrefs available: 10783267
147635,"Haverman, Hendrik Johannes",1872,painting,10783267,only excluded placeholder lrefs available: 10783267
147651,"Haverman, Hendrik Johannes",1872,drawing (visual work),10783267,only excluded placeholder lrefs available: 10783267
147659,Anoniem,1780,unknown,10783267,only excluded placeholder lrefs available: 10783267
147660,"Quinkhard, Jan Maurits",1779,painting,10783267,only excluded placeholder lrefs available: 10783267
147680,"Werff, Pieter van der",1700,painting,10783267,only excluded placeholder lrefs available: 10783267
147681,"Markus, Ans",1999,painting,10783267,only excluded placeholder lrefs available: 10783267
147689,"Havelaar, Just",1913,drawing (visual work),10783267,only excluded placeholder lrefs available: 10783267
147697,"Van der Hulst, Jean-Baptiste",1805,painting,10783267,only excluded placeholder lrefs available: 10783267
147720,"Veth, Jan",1890,painting,10783267,only excluded placeholder lrefs available: 10783267
147721,"Veth, Jan",1890,drawing (visual work),10783267,only excluded placeholder lrefs available: 10783267
147724,"Sluiter, Willy",1888,drawing (visual work),10783267,only excluded placeholder lrefs available: 10783267
147755,"Achtenhagen, Wilhelm",1903,medal (coin type),10783267,only excluded placeholder lrefs available: 10783267
147757,"Houten, Alida van",1883,painting,10783267,only excluded placeholder lrefs available: 10783267
147760,"Westermann, Gerard",1895,drawing (visual work),10783267,only excluded placeholder lrefs available: 10783267
147761,"Hoeksema, Daan",1894,drawing (visual work),10783267,only excluded placeholder lrefs available: 10783267
147778,Rembrandt,1621,painting,10783267,only excluded placeholder lrefs available: 10783267
147796,"Quinkhard, Jan Maurits",1731,unknown,10783267,only excluded placeholder lrefs available: 10783267
147802,Anoniem,1750,drawing (visual work),10783267,only excluded placeholder lrefs available: 10783267
147803,Anoniem,1750,unknown,10783267,only excluded placeholder lrefs available: 10783267
147811,"Croix, Pierre Frédéric de la",1752,drawing (visual work),10783267,only excluded placeholder lrefs available: 10783267
147812,"Netscher, Caspar",1669,unknown,10783267,only excluded placeholder lrefs available: 10783267
147814,"Croix, Pierre Frédéric de la",1756,drawing (visual work),10783267,only excluded placeholder lrefs available: 10783267
147815,"Croix, Pierre Frédéric de la",1757,unknown,10783267,only excluded placeholder lrefs available: 10783267
147816,Anoniem,1725,portrait miniature,10783267,only excluded placeholder lrefs available: 10783267
147835,"Croix, Pierre Frédéric de la",1756,drawing (visual work),10783267,only excluded placeholder lrefs available: 10783267
147836,"Netscher, Caspar",1654,unknown,10783267,only excluded placeholder lrefs available: 10783267
147837,"Croix, Pierre Frédéric de la",1756,drawing (visual work),10783267,only excluded placeholder lrefs available: 10783267
147838,"Netscher, Caspar",1659,unknown,10783267,only excluded placeholder lrefs available: 10783267
147839,Anoniem,1633,unknown,10783267,only excluded placeholder lrefs available: 10783267
147840,Anoniem,1744,unknown,10783267,only excluded placeholder lrefs available: 10783267
147841,Anoniem,1775,portrait miniature,10783267,only excluded placeholder lrefs available: 10783267
147842,Anoniem,1775,drawing (visual work),10783267,only excluded placeholder lrefs available: 10783267
147843,"Kaldenbach, Arnold",1748,unknown,10783267,only excluded placeholder lrefs available: 10783267
147844,Anoniem,1605,unknown,10783267,only excluded placeholder lrefs available: 10783267
147845,Anoniem,1600,painting,10783267,only excluded placeholder lrefs available: 10783267
147847,Anoniem,1617,unknown,10783267,only excluded placeholder lrefs available: 10783267
147849,"Netscher, Caspar",1666,unknown,10783267,only excluded placeholder lrefs available: 10783267
147851,Anoniem,1600,painting,10783267,only excluded placeholder lrefs available: 10783267
147852,Anoniem,1660,portrait miniature,10783267,only excluded placeholder lrefs available: 10783267
147853,Anoniem,1642,unknown,10783267,only excluded placeholder lrefs available: 10783267
147854,"Wessel, Isaac van",1669,drawing (visual work),10783267,only excluded placeholder lrefs available: 10783267
147872,"Westerbaen, Jan Jansz. (I)",1652,painting,10783267,only excluded placeholder lrefs available: 10783267
147873,"Westerbaen, Jan Jansz. (I)",1650,painting,10783267,only excluded placeholder lrefs available: 10783267
147874,"Wessel, Isaac van",1669,drawing (visual work),10783267,only excluded placeholder lrefs available: 10783267
147875,Anoniem,1615,unknown,10783267,only excluded placeholder lrefs available: 10783267
147876,Anoniem,1651,unknown,10783267,only excluded placeholder lrefs available: 10783267
147899,Anoniem,1825,unknown,10783267,only excluded placeholder lrefs available: 10783267
147902,Anoniem,1576,painting,10783267,only excluded placeholder lrefs available: 10783267
147904,Anoniem,1577,painting,10783267,only excluded placeholder lrefs available: 10783267
147913,"Willink, Carel",1900,painting,10783267,only excluded placeholder lrefs available: 10783267
147914,"Altmann, Gerard (1877-1940)",1935,painting,10783267,only excluded placeholder lrefs available: 10783267
147919,"Wessel, Isaac van",1669,drawing (visual work),10783267,only excluded placeholder lrefs available: 10783267
147920,"Coster, Hendrick",1639,painting,10783267,only excluded placeholder lrefs available: 10783267
147921,Anoniem,1350,painting,10783267,only excluded placeholder lrefs available: 10783267
147922,Anoniem,1615,unknown,10783267,only excluded placeholder lrefs available: 10783267
147923,Kozack,1700,painting,10783267,only excluded placeholder lrefs available: 10783267
147925,Anoniem,1615,unknown,10783267,only excluded placeholder lrefs available: 10783267
147926,"Haverman, Hendrik Johannes",1872,drawing (visual work),10783267,only excluded placeholder lrefs available: 10783267
147927,"Haverman, Hendrik Johannes",1872,drawing (visual work),10783267,only excluded placeholder lrefs available: 10783267
147928,Anoniem,1615,unknown,10783267,only excluded placeholder lrefs available: 10783267
147929,"Maes, Nicolaes",1675,unknown,10783267,only excluded placeholder lrefs available: 10783267
147930,"Verwey van Udenhout, Laurent",1910,drawing (visual work),10783267,only excluded placeholder lrefs available: 10783267
147932,"Verwey van Udenhout, Laurent",1910,drawing (visual work),10783267,only excluded placeholder lrefs available: 10783267
147935,Anoniem,1645,painting,10783267,only excluded placeholder lrefs available: 10783267
147936,Anoniem,1630,unknown,10783267,only excluded placeholder lrefs available: 10783267
147937,Anoniem,1630,painting,10783267,only excluded placeholder lrefs available: 10783267
147941,"Kever, Jacob Simon Hendrik",1869,painting,10783267,only excluded placeholder lrefs available: 10783267
147942,"Kever, Jacob Simon Hendrik",1869,painting,10783267,only excluded placeholder lrefs available: 10783267
147943,"Hanrath, Theo",1878,painting,10783267,only excluded placeholder lrefs available: 10783267
147946,"Kever, Jacob Simon Hendrik",1869,painting,10783267,only excluded placeholder lrefs available: 10783267
147951,"Spier, Jo",1925,drawing (visual work),10783267,only excluded placeholder lrefs available: 10783267
147952,"Vlijmen, Bernard van",1930,drawing (visual work),10783267,only excluded placeholder lrefs available: 10783267
147953,"Lebeau, Chris",1893,drawing (visual work),10783267,only excluded placeholder lrefs available: 10783267
147954,"Sjollema, Johan Sybolt",1900,painting,10783267,only excluded placeholder lrefs available: 10783267
147961,"Neuhuys, Albert (1895)",1925,painting,10783267,only excluded placeholder lrefs available: 10783267
147964,"Haverman, Hendrik Johannes",1872,drawing (visual work),10783267,only excluded placeholder lrefs available: 10783267
147965,"Haverman, Hendrik Johannes",1872,drawing (visual work),10783267,only excluded placeholder lrefs available: 10783267
147967,"Haverman, Hendrik Johannes",1872,drawing (visual work),10783267,only excluded placeholder lrefs available: 10783267
147969,"Veth, Jan",1899,drawing (visual work),10783267,only excluded placeholder lrefs available: 10783267
147970,"Veth, Jan",1892,drawing (visual work),10783267,only excluded placeholder lrefs available: 10783267
147972,"Veth, Jan",1899,painting,10783267,only excluded placeholder lrefs available: 10783267
147973,"Veth, Jan",1879,drawing (visual work),10783267,only excluded placeholder lrefs available: 10783267
147974,"Veth, Jan",1879,drawing (visual work),10783267,only excluded placeholder lrefs available: 10783267
147975,"Goor, Jacob Jan van",1907,medal (coin type),10783267,only excluded placeholder lrefs available: 10783267
147986,Anoniem,1350,painting,10783267,only excluded placeholder lrefs available: 10783267
147987,Anoniem,1350,painting,10783267,only excluded placeholder lrefs available: 10783267
147988,Anoniem,1350,unknown,10783267,only excluded placeholder lrefs available: 10783267
147989,Anoniem,1615,painting,10783267,only excluded placeholder lrefs available: 10783267
147992,"Cohen Stuart, Gerard Victor Theodoor",1943,drawing (visual work),10783267,only excluded placeholder lrefs available: 10783267
147993,Anoniem,1625,painting,10783267,only excluded placeholder lrefs available: 10783267
147994,Anoniem,1625,unknown,10783267,only excluded placeholder lrefs available: 10783267
147996,"Slager, Piet (jr.)",1886,painting,10783267,only excluded placeholder lrefs available: 10783267
147997,Anoniem,1624,painting,10783267,only excluded placeholder lrefs available: 10783267
147999,Anoniem,1624,painting,10783267,only excluded placeholder lrefs available: 10783267
148000,Anoniem,1350,unknown,10783267,only excluded placeholder lrefs available: 10783267
148001,Anoniem,1572,unknown,10783267,only excluded placeholder lrefs available: 10783267
148002,Anoniem,1600,unknown,10783267,only excluded placeholder lrefs available: 10783267
148003,Anoniem,1603,unknown,10783267,only excluded placeholder lrefs available: 10783267
148004,Anoniem,1603,unknown,10783267,only excluded placeholder lrefs available: 10783267
148005,Anoniem,1603,painting,10783267,only excluded placeholder lrefs available: 10783267
148006,"Kruseman, Jan Adam",1819,unknown,10783267,only excluded placeholder lrefs available: 10783267
148007,Anoniem,1600,unknown,10783267,only excluded placeholder lrefs available: 10783267
148011,Anoniem,1631,unknown,10783267,only excluded placeholder lrefs available: 10783267
148014,"Wessel, Isaac van",1669,drawing (visual work),10783267,only excluded placeholder lrefs available: 10783267
148015,"Wessel, Isaac van",1669,drawing (visual work),10783267,only excluded placeholder lrefs available: 10783267
148020,"Kruseman, Jan Adam",1839,unknown,10783267,only excluded placeholder lrefs available: 10783267
148024,"Liotard, Jean-Etienne",1717,portrait miniature,10783267,only excluded placeholder lrefs available: 10783267
148026,"Israëls, Jozef",1839,drawing (visual work),10783267,only excluded placeholder lrefs available: 10783267
148032,"Lebeau, Chris",1893,drawing (visual work),10783267,only excluded placeholder lrefs available: 10783267
148033,"Maasdijk, Alexander Henri Robert van",1871,painting,10783267,only excluded placeholder lrefs available: 10783267
148036,"Hoynck van Papendrecht, Jan",1885,drawing (visual work),10783267,only excluded placeholder lrefs available: 10783267
148037,"Kruseman, Jan Adam",1830,unknown,10783267,only excluded placeholder lrefs available: 10783267
148038,"Kruseman, Jan Adam",1826,unknown,10783267,only excluded placeholder lrefs available: 10783267
148040,Anoniem,1575,unknown,10783267,only excluded placeholder lrefs available: 10783267
148041,Anoniem,1615,unknown,10783267,only excluded placeholder lrefs available: 10783267
148042,Anoniem,1615,painting,10783267,only excluded placeholder lrefs available: 10783267
148044,"Wessel, Isaac van",1670,drawing (visual work),10783267,only excluded placeholder lrefs available: 10783267
148045,"Wessel, Isaac van",1670,drawing (visual work),10783267,only excluded placeholder lrefs available: 10783267
148046,Anoniem,1350,unknown,10783267,only excluded placeholder lrefs available: 10783267
148047,Anoniem,1613,unknown,10783267,only excluded placeholder lrefs available: 10783267
148048,"Croix, Pierre Frédéric de la",1771,unknown,10783267,only excluded placeholder lrefs available: 10783267
148049,Anoniem,1749,drawing (visual work),10783267,only excluded placeholder lrefs available: 10783267
148050,"Greeve, Stephanus",1802,painting,10783267,only excluded placeholder lrefs available: 10783267
148051,"Kelder, Toon",1933,drawing (visual work),10783267,only excluded placeholder lrefs available: 10783267
148054,"Kelder, Toon",1933,drawing (visual work),10783267,only excluded placeholder lrefs available: 10783267
148055,"Kelder, Toon",1909,painting,10783267,only excluded placeholder lrefs available: 10783267
148068,"Schalcken, Godefridus",1650,painting,10783267,only excluded placeholder lrefs available: 10783267
148070,"Royaards, C.W.",1900,sculpture,10783267,only excluded placeholder lrefs available: 10783267
148072,"Wenckebach, Oswald",1931,sculpture,10783267,only excluded placeholder lrefs available: 10783267
148076,"Schalcken, Godefridus",1650,painting,10783267,only excluded placeholder lrefs available: 10783267
148079,"Siebert, Heinrich (I)",1845,drawing (visual work),10783267,only excluded placeholder lrefs available: 10783267
148081,"Dupuis, Toon",1925,medal (coin type),10783267,only excluded placeholder lrefs available: 10783267
148084,Anoniem,1779,drawing (visual work),10783267,only excluded placeholder lrefs available: 10783267
148085,"Greeve, Stephanus",1775,unknown,10783267,only excluded placeholder lrefs available: 10783267
148087,"Haverman, Hendrik Johannes",1901,painting,10783267,only excluded placeholder lrefs available: 10783267
148088,"Croix, Pierre Frédéric de la",1756,drawing (visual work),10783267,only excluded placeholder lrefs available: 10783267
148089,"Luns, Huib",1925,drawing (visual work),10783267,only excluded placeholder lrefs available: 10783267
148091,Anoniem,1741,drawing (visual work),10783267,only excluded placeholder lrefs available: 10783267
148094,"Kamerlingh Onnes, Menso",1875,unknown,10783267,only excluded placeholder lrefs available: 10783267
148120,"Luns, Huib",1907,unknown,10783267,only excluded placeholder lrefs available: 10783267
148121,"Luns, Huib",1896,unknown,10783267,only excluded placeholder lrefs available: 10783267
148122,"Molkenboer, Theo",1886,unknown,10783267,only excluded placeholder lrefs available: 10783267
148123,"Luns, Huib",1896,drawing (visual work),10783267,only excluded placeholder lrefs available: 10783267
148124,"Geest, Wybrand de (I)",1607,painting,10783267,only excluded placeholder lrefs available: 10783267
148125,"Geest, Wybrand de (I)",1607,painting,10783267,only excluded placeholder lrefs available: 10783267
148130,"Woutersen-van Doesburgh, Elsa",1890,drawing (visual work),10783267,only excluded placeholder lrefs available: 10783267
148146,"Berg, Willem van den (1886-1970)",1901,unknown,10783267,only excluded placeholder lrefs available: 10783267
148169,"Sluiter, Willy",1922,painting,10783267,only excluded placeholder lrefs available: 10783267
148189,"Waning, Martin van",1902,painting,10783267,only excluded placeholder lrefs available: 10783267
148197,"Hodges, Charles Howard",1779,drawing (visual work),10783267,only excluded placeholder lrefs available: 10783267
148206,"Haverman, Hendrik Johannes",1886,painting,10783267,only excluded placeholder lrefs available: 10783267
148292,Anoniem,1843,painting,10783267,only excluded placeholder lrefs available: 10783267
148293,Anoniem,1875,painting,10783267,only excluded placeholder lrefs available: 10783267
148294,"Jonge, Marie de",1916,drawing (visual work),10783267,only excluded placeholder lrefs available: 10783267
148295,"Jonge, Marie de",1887,painting,10783267,only excluded placeholder lrefs available: 10783267
148326,"Kagie, Jan",1963,drawing (visual work),10783267,only excluded placeholder lrefs available: 10783267
148327,"Kagie, Jan",1956,drawing (visual work),10783267,only excluded placeholder lrefs available: 10783267
148328,"Kagie, Jan",1962,drawing (visual work),10783267,only excluded placeholder lrefs available: 10783267
148329,"Kagie, Jan",1956,drawing (visual work),10783267,only excluded placeholder lrefs available: 10783267
148330,"Kagie, Jan",1958,drawing (visual work),10783267,only excluded placeholder lrefs available: 10783267
148331,"Kagie, Jan",1963,drawing (visual work),10783267,only excluded placeholder lrefs available: 10783267
148338,"Smith, Arnold",1946,drawing (visual work),10783267,only excluded placeholder lrefs available: 10783267
148339,"Hoytema, Antoinette van",1890,unknown,10783267,only excluded placeholder lrefs available: 10783267
148340,"Kagie, Jan",1922,drawing (visual work),10783267,only excluded placeholder lrefs available: 10783267
148344,"Dupuis, Toon",1923,relief,10783267,only excluded placeholder lrefs available: 10783267
148350,Anoniem,1840,drawing (visual work),10783267,only excluded placeholder lrefs available: 10783267
148352,"Kok, Leo",1941,drawing (visual work),10783267,only excluded placeholder lrefs available: 10783267
148353,"Schatz, Leo",1975,painting,10783267,only excluded placeholder lrefs available: 10783267
148356,Anoniem,1787,unknown,10783267,only excluded placeholder lrefs available: 10783267
148358,Anoniem,1810,unknown,10783267,only excluded placeholder lrefs available: 10783267
148359,"Bauer, Jo",1926,drawing (visual work),10783267,only excluded placeholder lrefs available: 10783267
148364,"Maris, Simon",1888,painting,10783267,only excluded placeholder lrefs available: 10783267
148367,"Allebé, August",1915,painting,10783267,only excluded placeholder lrefs available: 10783267
148392,"Meijer, Henk (1884-1970)",1942,painting,10783267,only excluded placeholder lrefs available: 10783267
148393,"Meijer, Henk (1884-1970)",1899,unknown,10783267,only excluded placeholder lrefs available: 10783267
148394,"Rueter, Georg",1890,painting,10783267,only excluded placeholder lrefs available: 10783267
148395,"Rueter, Georg",1953,painting,10783267,only excluded placeholder lrefs available: 10783267
148401,Anoniem,1575,unknown,10783267,only excluded placeholder lrefs available: 10783267
148402,Monogrammist B.C. (1800-1899),1800,drawing (visual work),10783267,only excluded placeholder lrefs available: 10783267
148406,Anoniem,1875,painting,10783267,only excluded placeholder lrefs available: 10783267
148407,"Loebell, Mina",1915,painting,10783267,only excluded placeholder lrefs available: 10783267
148408,"Loebell, Mina",1920,painting,10783267,only excluded placeholder lrefs available: 10783267
148409,"Loebell, Mina",1920,painting,10783267,only excluded placeholder lrefs available: 10783267
148416,"Hofker, Willem Gerard",1958,painting,10783267,only excluded placeholder lrefs available: 10783267
148418,"Bogaerts, Henricus Aloysius Wilhelminus Maria",1904,painting,10783267,only excluded placeholder lrefs available: 10783267
148419,Anoniem,1350,drawing (visual work),10783267,only excluded placeholder lrefs available: 10783267
148420,"Buys, Bob",1948,painting,10783267,only excluded placeholder lrefs available: 10783267
148425,"Loon, Jikke van",1999,sculpture,10783267,only excluded placeholder lrefs available: 10783267
148427,"Netscher, Caspar",1650,painting,10783267,only excluded placeholder lrefs available: 10783267
148430,Anoniem,1642,painting,10783267,only excluded placeholder lrefs available: 10783267
148439,"Buys, Bob",1900,drawing (visual work),10783267,only excluded placeholder lrefs available: 10783267
148442,"Buys, Bob",1958,drawing (visual work),10783267,only excluded placeholder lrefs available: 10783267
148443,"Buys, Bob",1958,drawing (visual work),10783267,only excluded placeholder lrefs available: 10783267
148444,"Buys, Bob",1953,drawing (visual work),10783267,only excluded placeholder lrefs available: 10783267
148445,"Wezelaar, Han",1967,sculpture,10783267,only excluded placeholder lrefs available: 10783267
148447,Anoniem,1875,unknown,10783267,only excluded placeholder lrefs available: 10783267
148448,"Herwijnen, Jan van",1919,painting,10783267,only excluded placeholder lrefs available: 10783267
148449,"Harting, Dirk",1937,drawing (visual work),10783267,only excluded placeholder lrefs available: 10783267
148450,"Herwijnen, Jan van",1904,drawing (visual work),10783267,only excluded placeholder lrefs available: 10783267
148455,"Bobeldijk, Félicien",1891,painting,10783267,only excluded placeholder lrefs available: 10783267
148465,Anoniem,1825,unknown,10783267,only excluded placeholder lrefs available: 10783267
148476,"Leeuwe, Miep de",1927,painting,10783267,only excluded placeholder lrefs available: 10783267
148477,"Leeuwe, Miep de",1927,painting,10783267,only excluded placeholder lrefs available: 10783267
148478,"Leeuwe, Miep de",1927,painting,10783267,only excluded placeholder lrefs available: 10783267
148479,"Leeuwe, Miep de",1927,painting,10783267,only excluded placeholder lrefs available: 10783267
148480,"Rieser, Willy",1942,painting,10783267,only excluded placeholder lrefs available: 10783267
148481,"Rieser, Willy",1942,painting,10783267,only excluded placeholder lrefs available: 10783267
148482,"Rieser, Willy",1942,painting,10783267,only excluded placeholder lrefs available: 10783267
148483,"Rieser, Willy",1942,painting,10783267,only excluded placeholder lrefs available: 10783267
148493,"Wenckebach, Oswald",1937,sculpture,10783267,only excluded placeholder lrefs available: 10783267
148503,"Dantzig, Rachel van",1883,sculpture,10783267,only excluded placeholder lrefs available: 10783267
148550,"Peizel, Bart",1902,painting,10783267,only excluded placeholder lrefs available: 10783267
148561,"Molkenboer, Theo",1886,unknown,10783267,only excluded placeholder lrefs available: 10783267
148562,"Molkenboer, Theo",1895,painting,10783267,only excluded placeholder lrefs available: 10783267
148568,"Rovers, Peter",1939,sculpture,10783267,only excluded placeholder lrefs available: 10783267
148570,"Molkenboer, Theo",1905,unknown,10783267,only excluded placeholder lrefs available: 10783267
148572,"Molkenboer, Theo",1904,unknown,10783267,only excluded placeholder lrefs available: 10783267
148573,"Molkenboer, Theo",1894,unknown,10783267,only excluded placeholder lrefs available: 10783267
148576,"Vlijmen, Bernard van",1915,drawing (visual work),10783267,only excluded placeholder lrefs available: 10783267
148591,"Neuhuys, Albert (1844)",1859,painting,10783267,only excluded placeholder lrefs available: 10783267
148592,"Neuhuys, Albert (1844)",1859,painting,10783267,only excluded placeholder lrefs available: 10783267
148593,"Neuhuys, Albert (1844)",1859,drawing (visual work),10783267,only excluded placeholder lrefs available: 10783267
148594,"Neuhuys, Albert (1844)",1859,painting,10783267,only excluded placeholder lrefs available: 10783267
148596,"Tholen, Willem Bastiaan",1875,drawing (visual work),10783267,only excluded placeholder lrefs available: 10783267
148597,"Haverman, Hendrik Johannes",1872,drawing (visual work),10783267,only excluded placeholder lrefs available: 10783267
148598,"Haverman, Hendrik Johannes",1899,drawing (visual work),10783267,only excluded placeholder lrefs available: 10783267
148604,"Pieters, Evert",1861,unknown,10783267,only excluded placeholder lrefs available: 10783267
148606,"Molkenboer, Theo",1911,drawing (visual work),10783267,only excluded placeholder lrefs available: 10783267
148607,"Nieuwenhoven, Willem van",1940,drawing (visual work),10783267,only excluded placeholder lrefs available: 10783267
148608,"Heskes, Wam",1911,drawing (visual work),10783267,only excluded placeholder lrefs available: 10783267
148609,"Briemen, Quirinus van",1708,unknown,10783267,only excluded placeholder lrefs available: 10783267
148610,"Briemen, Quirinus van",1708,unknown,10783267,only excluded placeholder lrefs available: 10783267
148611,Anoniem,1768,unknown,10783267,only excluded placeholder lrefs available: 10783267
148631,"Wolters-Van Pee, Henriëtte",1707,drawing (visual work),10783267,only excluded placeholder lrefs available: 10783267
148634,"Wolters-Van Pee, Henriëtte",1707,drawing (visual work),10783267,only excluded placeholder lrefs available: 10783267
148635,"Wolters-Van Pee, Henriëtte",1707,drawing (visual work),10783267,only excluded placeholder lrefs available: 10783267
148637,Anoniem,1700,drawing (visual work),10783267,only excluded placeholder lrefs available: 10783267
148639,"Wolters-Van Pee, Henriëtte",1707,drawing (visual work),10783267,only excluded placeholder lrefs available: 10783267
148643,"Quinkhard, Jan Maurits",1703,portrait miniature,10783267,only excluded placeholder lrefs available: 10783267
148646,Anoniem,1900,unknown,10783267,only excluded placeholder lrefs available: 10783267
148655,"Tholen, Willem Bastiaan",1875,drawing (visual work),10783267,only excluded placeholder lrefs available: 10783267
148675,"Raemaekers, Louis",1929,drawing (visual work),10783267,only excluded placeholder lrefs available: 10783267
148680,Birzerle,1900,drawing (visual work),10783267,only excluded placeholder lrefs available: 10783267
148688,"Velázquez, Diego Rodriguez de Silva y",1650,painting,10783267,only excluded placeholder lrefs available: 10783267
148693,"Scheltema, Taco (I)",1775,painting,10783267,only excluded placeholder lrefs available: 10783267
148694,"Scheltema, Taco (I)",1775,painting,10783267,only excluded placeholder lrefs available: 10783267
148701,"Schouman, Izaak",1816,unknown,10783267,only excluded placeholder lrefs available: 10783267
148703,Anoniem,1650,medal (coin type),10783267,only excluded placeholder lrefs available: 10783267
148704,Anoniem,1650,medal (coin type),10783267,only excluded placeholder lrefs available: 10783267
148705,Anoniem,1650,medal (coin type),10783267,only excluded placeholder lrefs available: 10783267
148706,Anoniem,1650,medal (coin type),10783267,only excluded placeholder lrefs available: 10783267
148711,"Lindgreen, Ronald",1956,painting,10783267,only excluded placeholder lrefs available: 10783267
148714,"Lindgreen, Ronald",1939,drawing (visual work),10783267,only excluded placeholder lrefs available: 10783267
148716,"Lindgreen, Ronald",1900,drawing (visual work),10783267,only excluded placeholder lrefs available: 10783267
148717,"Lindgreen, Ronald",1931,painting,10783267,only excluded placeholder lrefs available: 10783267
148718,"Lindgreen, Ronald",1931,painting,10783267,only excluded placeholder lrefs available: 10783267
148723,"Stapel, Frits",1925,sculpture,10783267,only excluded placeholder lrefs available: 10783267
148729,"Le Boucq d'Artois, Jacques",1535,drawing (visual work),10783267,only excluded placeholder lrefs available: 10783267
148732,"Dooijewaard, Jacob",1901,drawing (visual work),10783267,only excluded placeholder lrefs available: 10783267
148735,"Chantal, Louis",1885,painting,10783267,only excluded placeholder lrefs available: 10783267
148736,"Kelder, Toon",1909,painting,10783267,only excluded placeholder lrefs available: 10783267
148737,"Wijngaerdt, Piet van",1960,painting,10783267,only excluded placeholder lrefs available: 10783267
148757,"Veth, Jan",1892,drawing (visual work),10783267,only excluded placeholder lrefs available: 10783267
148758,"Veth, Jan",1892,drawing (visual work),10783267,only excluded placeholder lrefs available: 10783267
148759,"Veth, Jan",1879,drawing (visual work),10783267,only excluded placeholder lrefs available: 10783267
148760,"Veth, Jan",1879,drawing (visual work),10783267,only excluded placeholder lrefs available: 10783267
148769,"Luns, Huib",1913,painting,10783267,only excluded placeholder lrefs available: 10783267
148770,"Vlijmen, Bernard van",1924,drawing (visual work),10783267,only excluded placeholder lrefs available: 10783267
148778,Anoniem,1633,painting,10783267,only excluded placeholder lrefs available: 10783267
148779,Anoniem,1633,painting,10783267,only excluded placeholder lrefs available: 10783267
148783,"Wessel, Isaac van",1670,drawing (visual work),10783267,only excluded placeholder lrefs available: 10783267
148788,"Hengst, Willem",1718,painting,10783267,only excluded placeholder lrefs available: 10783267
148789,"Hengst, Willem",1718,painting,10783267,only excluded placeholder lrefs available: 10783267
148790,Anoniem,1810,painting,10783267,only excluded placeholder lrefs available: 10783267
148791,Anoniem,1810,painting,10783267,only excluded placeholder lrefs available: 10783267
148793,Anoniem,1810,painting,10783267,only excluded placeholder lrefs available: 10783267
148794,Anoniem,1810,painting,10783267,only excluded placeholder lrefs available: 10783267
148795,Anoniem,1810,painting,10783267,only excluded placeholder lrefs available: 10783267
148796,Anoniem,1810,painting,10783267,only excluded placeholder lrefs available: 10783267
148797,Anoniem,1810,painting,10783267,only excluded placeholder lrefs available: 10783267
148798,Anoniem,1810,painting,10783267,only excluded placeholder lrefs available: 10783267
148799,"Buitendijk Kuyk, Gijsbert",1850,painting,10783267,only excluded placeholder lrefs available: 10783267
148800,"Buitendijk Kuyk, Gijsbert",1850,painting,10783267,only excluded placeholder lrefs available: 10783267
148801,"Buitendijk Kuyk, Gijsbert",1849,painting,10783267,only excluded placeholder lrefs available: 10783267
148802,"Buitendijk Kuyk, Gijsbert",1852,painting,10783267,only excluded placeholder lrefs available: 10783267
148805,"Ravesteyn, Jan van",1587,painting,10783267,only excluded placeholder lrefs available: 10783267
148814,"Lion Cachet, Carel Adolph",1912,silhouette,10783267,only excluded placeholder lrefs available: 10783267
148829,Anoniem,1775,silhouette,10783267,only excluded placeholder lrefs available: 10783267
148830,Anoniem,1775,silhouette,10783267,only excluded placeholder lrefs available: 10783267
148831,Anoniem,1775,silhouette,10783267,only excluded placeholder lrefs available: 10783267
148832,Anoniem,1775,silhouette,10783267,only excluded placeholder lrefs available: 10783267
148833,Rosenberg (miniatuurschilder),1800,portrait miniature,10783267,only excluded placeholder lrefs available: 10783267
148834,Anoniem,1350,portrait miniature,10783267,only excluded placeholder lrefs available: 10783267
148835,Anoniem,1825,portrait miniature,10783267,only excluded placeholder lrefs available: 10783267
148836,Anoniem,1825,portrait miniature,10783267,only excluded placeholder lrefs available: 10783267
148839,"Groen, Hendrik Pieter",1901,drawing (visual work),10783267,only excluded placeholder lrefs available: 10783267
148846,"Roelofs, Albert",1907,drawing (visual work),10783267,only excluded placeholder lrefs available: 10783267
148848,"Bleckmann, Wilhelm Christiaan Constant",1878,painting,10783267,only excluded placeholder lrefs available: 10783267
148866,"Oven, Coen van",1898,painting,10783267,only excluded placeholder lrefs available: 10783267
148868,"Woutersen-van Doesburgh, Elsa",1890,drawing (visual work),10783267,only excluded placeholder lrefs available: 10783267
148869,"Jacobson, Mirjam Rosa",1931,drawing (visual work),10783267,only excluded placeholder lrefs available: 10783267
148873,"Raemaekers, Louis",1884,drawing (visual work),10783267,only excluded placeholder lrefs available: 10783267
148879,Anoniem,1900,silhouette,10783267,only excluded placeholder lrefs available: 10783267
148882,"Sluijters, Jan",1925,drawing (visual work),10783267,only excluded placeholder lrefs available: 10783267
148883,Anoniem,1925,medal (coin type),10783267,only excluded placeholder lrefs available: 10783267
148884,"Melchers, Franz",1929,drawing (visual work),10783267,only excluded placeholder lrefs available: 10783267
148885,"Maris, Willem (Jbzn)",1915,drawing (visual work),10783267,only excluded placeholder lrefs available: 10783267
148913,"Heijermans, Marie",1930,drawing (visual work),10783267,only excluded placeholder lrefs available: 10783267
148920,"Honthorst, Gerard van",1636,painting,10783267,only excluded placeholder lrefs available: 10783267
148957,"Pek, Hendrika van der",1882,drawing (visual work),10783267,only excluded placeholder lrefs available: 10783267
148958,"Fritzlin, Louise",1885,drawing (visual work),10783267,only excluded placeholder lrefs available: 10783267
148964,"Gerdes, Ed",1902,drawing (visual work),10783267,only excluded placeholder lrefs available: 10783267
148973,"Schwartze, Johann Georg",1829,painting,10783267,only excluded placeholder lrefs available: 10783267
148980,"Ansingh, Lizzy",1890,drawing (visual work),10783267,only excluded placeholder lrefs available: 10783267
149001,"Ansingh, Lizzy",1899,drawing (visual work),10783267,only excluded placeholder lrefs available: 10783267
149003,"Ansingh, Lizzy",1890,drawing (visual work),10783267,only excluded placeholder lrefs available: 10783267
149004,"Ansingh, Lizzy",1890,drawing (visual work),10783267,only excluded placeholder lrefs available: 10783267
149006,"Ansingh, Lizzy",1890,painting,10783267,only excluded placeholder lrefs available: 10783267
149012,"Schwartze, Thérèse",1907,painting,10783267,only excluded placeholder lrefs available: 10783267
149014,"Schwartze, Thérèse",1866,painting,10783267,only excluded placeholder lrefs available: 10783267
149016,"Schwartze, Thérèse",1866,drawing (visual work),10783267,only excluded placeholder lrefs available: 10783267
149017,"Schwartze, Thérèse",1866,drawing (visual work),10783267,only excluded placeholder lrefs available: 10783267
149019,"Schwartze, Thérèse",1910,drawing (visual work),10783267,only excluded placeholder lrefs available: 10783267
149020,"Schwartze, Thérèse",1917,painting,10783267,only excluded placeholder lrefs available: 10783267
149021,"Schwartze, Johann Georg",1829,painting,10783267,only excluded placeholder lrefs available: 10783267
149023,"Haverman, Hendrik Johannes",1872,drawing (visual work),10783267,only excluded placeholder lrefs available: 10783267
149024,"Waay, Nicolaas van der",1870,drawing (visual work),10783267,only excluded placeholder lrefs available: 10783267
149043,"Veth, Jan",1894,drawing (visual work),10783267,only excluded placeholder lrefs available: 10783267
149045,"Veth, Jan",1894,drawing (visual work),10783267,only excluded placeholder lrefs available: 10783267
149068,"Tol, Domenicus van",1640,painting,10783267,only excluded placeholder lrefs available: 10783267
149088,"Ven, Emmanuel Adrianus Henricus van der",1850,painting,10783267,only excluded placeholder lrefs available: 10783267
149089,"Ven, Emmanuel Adrianus Henricus van der",1850,painting,10783267,only excluded placeholder lrefs available: 10783267
149090,"Ven, Emmanuel Adrianus Henricus van der",1850,painting,10783267,only excluded placeholder lrefs available: 10783267
149196,"Alberts, Gerrit (1663-1757)",1706,painting,10783267,only excluded placeholder lrefs available: 10783267
149197,"Alberts, Gerrit (1663-1757)",1706,painting,10783267,only excluded placeholder lrefs available: 10783267
149199,"Zádor, István",1897,drawing (visual work),10783267,only excluded placeholder lrefs available: 10783267
149202,Anoniem,1775,drawing (visual work),10783267,only excluded placeholder lrefs available: 10783267
149206,"Pieneman, Jan Willem",1812,drawing (visual work),10783267,only excluded placeholder lrefs available: 10783267
149207,"Loeff, Hillebrand Dirk",1821,painting,10783267,only excluded placeholder lrefs available: 10783267
149210,"Daiwaille, Jean Augustin",1801,drawing (visual work),10783267,only excluded placeholder lrefs available: 10783267
149211,"Ziesenis, Bartholomeus",1783,drawing (visual work),10783267,only excluded placeholder lrefs available: 10783267
149212,"Ziesenis, Bartholomeus",1810,drawing (visual work),10783267,only excluded placeholder lrefs available: 10783267
149213,"Gabriël, Paul Joseph Constantin",1843,painting,10783267,only excluded placeholder lrefs available: 10783267
149214,Anoniem,1827,drawing (visual work),10783267,only excluded placeholder lrefs available: 10783267
149215,"Humbert de Superville, David Pièrre Giottino",1802,drawing (visual work),10783267,only excluded placeholder lrefs available: 10783267
149216,"Pieneman, Jan Willem",1794,painting,10783267,only excluded placeholder lrefs available: 10783267
149243,"Oven, Coen van",1898,painting,10783267,only excluded placeholder lrefs available: 10783267
149244,"Grauss, Geert",1916,drawing (visual work),10783267,only excluded placeholder lrefs available: 10783267
149245,"Oven, Coen van",1900,drawing (visual work),10783267,only excluded placeholder lrefs available: 10783267
149246,"Oven, Coen van",1933,drawing (visual work),10783267,only excluded placeholder lrefs available: 10783267
149247,"Oven, Coen van",1946,painting,10783267,only excluded placeholder lrefs available: 10783267
149248,"Oven, Coen van",1960,drawing (visual work),10783267,only excluded placeholder lrefs available: 10783267
149250,"Oven, Coen van",1909,drawing (visual work),10783267,only excluded placeholder lrefs available: 10783267
149251,"Oven, Coen van",1918,drawing (visual work),10783267,only excluded placeholder lrefs available: 10783267
149252,"Oven, Coen van",1914,drawing (visual work),10783267,only excluded placeholder lrefs available: 10783267
149254,"Oven, Coen van",1918,painting,10783267,only excluded placeholder lrefs available: 10783267
149255,"Oven, Coen van",1919,painting,10783267,only excluded placeholder lrefs available: 10783267
149256,"Oven, Coen van",1922,drawing (visual work),10783267,only excluded placeholder lrefs available: 10783267
149257,"Oven, Coen van",1927,painting,10783267,only excluded placeholder lrefs available: 10783267
149258,"Oven, Coen van",1935,drawing (visual work),10783267,only excluded placeholder lrefs available: 10783267
149259,"Oven, Coen van",1935,drawing (visual work),10783267,only excluded placeholder lrefs available: 10783267
149260,"Oven, Coen van",1898,drawing (visual work),10783267,only excluded placeholder lrefs available: 10783267
149261,"Oven, Coen van",1898,painting,10783267,only excluded placeholder lrefs available: 10783267
149262,"Oven, Coen van",1937,painting,10783267,only excluded placeholder lrefs available: 10783267
149275,"Verheyden, Mattheus",1738,painting,10783267,only excluded placeholder lrefs available: 10783267
149423,"Beekman, Chris",1946,painting,10783267,only excluded placeholder lrefs available: 10783267
149424,"Thomas, J. (1850)",1850,painting,10783267,only excluded placeholder lrefs available: 10783267
149430,"Mierevelt, Michiel van",1638,painting,10783267,only excluded placeholder lrefs available: 10783267
149453,"Aldegrever, Heinrich",1529,painting,10783267,only excluded placeholder lrefs available: 10783267
149479,"Palamedes, Anthonie",1650,painting,10783267,only excluded placeholder lrefs available: 10783267
149481,"Palamedes, Anthonie",1650,painting,10783267,only excluded placeholder lrefs available: 10783267
149482,"Verkolje, Jan (I)",1665,painting,10783267,only excluded placeholder lrefs available: 10783267
149483,"Weenix, Jan",1655,painting,10783267,only excluded placeholder lrefs available: 10783267
149486,"Sweel, Jan van",1676,painting,10783267,only excluded placeholder lrefs available: 10783267
149487,"Oever, Hendrick ten",1705,painting,10783267,only excluded placeholder lrefs available: 10783267
149489,"Geest, Wybrand de (I)",1607,painting,10783267,only excluded placeholder lrefs available: 10783267
149490,"Sluijters, Jan",1915,painting,10783267,only excluded placeholder lrefs available: 10783267
149494,"Sweel, Jan van",1673,painting,10783267,only excluded placeholder lrefs available: 10783267
149497,"Monchy, Pieter de",1968,sculpture,10783267,only excluded placeholder lrefs available: 10783267
149535,"Pallandt, Charlotte van",1962,sculpture,10783267,only excluded placeholder lrefs available: 10783267
149552,"Wiegman, Piet (1885-1963)",1900,drawing (visual work),10783267,only excluded placeholder lrefs available: 10783267
149584,"Kagie, Jan",1954,drawing (visual work),10783267,only excluded placeholder lrefs available: 10783267
149593,"Kagie-Mosterd, Margriet",1955,painting,10783267,only excluded placeholder lrefs available: 10783267
149594,"Valois, Alexander Cesar August",1848,drawing (visual work),10783267,only excluded placeholder lrefs available: 10783267
149604,"Coques, Gonzales",1650,painting,10783267,only excluded placeholder lrefs available: 10783267
149629,"Witsen, Willem",1884,drawing (visual work),10783267,only excluded placeholder lrefs available: 10783267
149635,"Looy, Jac. van",1870,drawing (visual work),10783267,only excluded placeholder lrefs available: 10783267
149640,"Bobeldijk, Félicien",1926,painting,10783267,only excluded placeholder lrefs available: 10783267
149641,"Roelofs, Albert",1919,painting,10783267,only excluded placeholder lrefs available: 10783267
149651,"Ansingh, Lizzy",1925,drawing (visual work),10783267,only excluded placeholder lrefs available: 10783267
149660,"Bauer, Jo",1931,drawing (visual work),10783267,only excluded placeholder lrefs available: 10783267
149675,"Arntzenius, Floris",1879,painting,10783267,only excluded placeholder lrefs available: 10783267
149678,"Jelgerhuis, Rienk",1800,drawing (visual work),10783267,only excluded placeholder lrefs available: 10783267
149705,"Breitner, George Hendrik",1872,painting,10783267,only excluded placeholder lrefs available: 10783267
149706,"Breitner, George Hendrik",1872,unknown,10783267,only excluded placeholder lrefs available: 10783267
149708,"Schwartze, Thérèse",1908,drawing (visual work),10783267,only excluded placeholder lrefs available: 10783267
149709,"Zwart, Willem de (1862-1931)",1877,painting,10783267,only excluded placeholder lrefs available: 10783267
149722,"Schouman, Aert",1802,unknown,10783267,only excluded placeholder lrefs available: 10783267
149723,"Schouman, Aert",1802,unknown,10783267,only excluded placeholder lrefs available: 10783267
149730,"Waay, Nicolaas van der",1870,painting,10783267,only excluded placeholder lrefs available: 10783267
149733,"Waay, Nicolaas van der",1870,painting,10783267,only excluded placeholder lrefs available: 10783267
149793,"Bijlert, Jan van",1625,painting,10783267,only excluded placeholder lrefs available: 10783267
149804,"Maes, Nicolaes",1675,painting,10783267,only excluded placeholder lrefs available: 10783267
149819,Anoniem,1523,painting,10783267,only excluded placeholder lrefs available: 10783267
149840,"Koninck, Daniël de",1675,painting,10783267,only excluded placeholder lrefs available: 10783267
149884,Anoniem,1775,drawing (visual work),10783267,only excluded placeholder lrefs available: 10783267
149895,"Schmidt, George Adam",1814,painting,10783267,only excluded placeholder lrefs available: 10783267
149910,Anoniem,1600,painting,10783267,only excluded placeholder lrefs available: 10783267
150056,Anoniem,1800,portrait miniature,10783267,only excluded placeholder lrefs available: 10783267
150070,"Eeden, Paul van",1944,painting,10783267,only excluded placeholder lrefs available: 10783267
150138,"Stolker, Jan",1739,portrait miniature,10783267,only excluded placeholder lrefs available: 10783267
150168,"Borgh, Willem",1954,painting,10783267,only excluded placeholder lrefs available: 10783267
150179,"Sluijters, Jan",1896,unknown,10783267,only excluded placeholder lrefs available: 10783267
150198,"Nason, Pieter",1650,painting,10783267,only excluded placeholder lrefs available: 10783267
150208,"Hartz, Louis",1931,unknown,10783267,only excluded placeholder lrefs available: 10783267
150246,"Wilt, Thomas van der",1702,painting,10783267,only excluded placeholder lrefs available: 10783267
150268,"Schooten, Joris van",1622,painting,10783267,only excluded placeholder lrefs available: 10783267
150269,"Wedig, Gotthardt de",1610,painting,10783267,only excluded placeholder lrefs available: 10783267
150281,"Werff, Adriaen van der",1718,painting,10783267,only excluded placeholder lrefs available: 10783267
150283,"Diemèl, Mar",1935,painting,10783267,only excluded placeholder lrefs available: 10783267
150354,"Arntzenius, Floris",1879,painting,10783267,only excluded placeholder lrefs available: 10783267
150381,"Schmidt, George Adam",1827,painting,10783267,only excluded placeholder lrefs available: 10783267
150413,Anoniem,1775,silhouette,10783267,only excluded placeholder lrefs available: 10783267
150438,Anoniem,1785,unknown,10783267,only excluded placeholder lrefs available: 10783267
150461,"Boumeester, Christine",1919,drawing (visual work),10783267,only excluded placeholder lrefs available: 10783267
150500,Anoniem,1850,painting,10783267,only excluded placeholder lrefs available: 10783267
150529,"Colk, Willem August van der",1904,drawing (visual work),10783267,only excluded placeholder lrefs available: 10783267
150755,"Mierevelt, Michiel van",1632,painting,10783267,only excluded placeholder lrefs available: 10783267
150838,Anoniem,1588,painting,10783267,only excluded placeholder lrefs available: 10783267
150845,Anoniem,1600,painting,10783267,only excluded placeholder lrefs available: 10783267
150847,Anoniem,1804,painting,10783267,only excluded placeholder lrefs available: 10783267
150877,"Berg, Cornelis van den",1714,drawing (visual work),10783267,only excluded placeholder lrefs available: 10783267
150904,"Voorn Boers, Sebastiaan Theodorus",1850,drawing (visual work),10783267,only excluded placeholder lrefs available: 10783267
150906,"Daiwaille, Jean Augustin",1801,drawing (visual work),10783267,only excluded placeholder lrefs available: 10783267
150922,"Wijnberg, Nicolaas",1933,unknown,10783267,only excluded placeholder lrefs available: 10783267
150928,"Wijnberg, Nicolaas",1939,drawing (visual work),10783267,only excluded placeholder lrefs available: 10783267
150931,"Wijnberg, Nicolaas",1973,drawing (visual work),10783267,only excluded placeholder lrefs available: 10783267
150935,"Wijnberg, Nicolaas",1978,drawing (visual work),10783267,only excluded placeholder lrefs available: 10783267
150940,"Hijner, Arend",1881,painting,10783267,only excluded placeholder lrefs available: 10783267
150964,"Ven, Emmanuel Adrianus Henricus van der",1836,painting,10783267,only excluded placeholder lrefs available: 10783267
151367,"Ansingh, Lizzy",1941,painting,10783267,only excluded placeholder lrefs available: 10783267
151372,"Ansingh, Lizzy",1941,painting,10783267,only excluded placeholder lrefs available: 10783267
151464,Anoniem,1796,painting,10783267,only excluded placeholder lrefs available: 10783267
151688,Anoniem,1775,unknown,10783267,only excluded placeholder lrefs available: 10783267
152056,"Sluiter, Willy",1924,drawing (visual work),10783267,only excluded placeholder lrefs available: 10783267
152073,"Sluiter, Willy",1914,painting,10783267,only excluded placeholder lrefs available: 10783267
152074,"Sluiter, Willy",1888,painting,10783267,only excluded placeholder lrefs available: 10783267
152075,"Sluiter, Willy",1888,drawing (visual work),10783267,only excluded placeholder lrefs available: 10783267
152076,"Sluiter, Willy",1888,drawing (visual work),10783267,only excluded placeholder lrefs available: 10783267
152089,"Sluiter, Willy",1905,drawing (visual work),10783267,only excluded placeholder lrefs available: 10783267
152104,"Sluiter, Willy",1911,drawing (visual work),10783267,only excluded placeholder lrefs available: 10783267
152107,"Sluiter, Willy",1897,drawing (visual work),10783267,only excluded placeholder lrefs available: 10783267
152114,"Sluiter, Willy",1943,drawing (visual work),10783267,only excluded placeholder lrefs available: 10783267
152115,"Sluiter, Willy",1918,painting,10783267,only excluded placeholder lrefs available: 10783267
152119,"Sluiter, Willy",1900,drawing (visual work),10783267,only excluded placeholder lrefs available: 10783267
152190,"Sluiter, Willy",1897,drawing (visual work),10783267,only excluded placeholder lrefs available: 10783267
152191,"Sluiter, Willy",1909,drawing (visual work),10783267,only excluded placeholder lrefs available: 10783267
152192,"Sluiter, Willy",1918,painting,10783267,only excluded placeholder lrefs available: 10783267
152195,"Sluiter, Willy",1948,painting,10783267,only excluded placeholder lrefs available: 10783267
152196,"Sluiter, Willy",1898,drawing (visual work),10783267,only excluded placeholder lrefs available: 10783267
152197,"Sluiter, Willy",1918,painting,10783267,only excluded placeholder lrefs available: 10783267
152198,"Sluiter, Willy",1898,drawing (visual work),10783267,only excluded placeholder lrefs available: 10783267
152199,"Sluiter, Willy",1946,painting,10783267,only excluded placeholder lrefs available: 10783267
152200,"Sluiter, Willy",1901,painting,10783267,only excluded placeholder lrefs available: 10783267
152201,"Sluiter, Willy",1912,painting,10783267,only excluded placeholder lrefs available: 10783267
152202,"Sluiter, Willy",1929,drawing (visual work),10783267,only excluded placeholder lrefs available: 10783267
152203,"Loonen, Theodor van",1663,painting,10783267,only excluded placeholder lrefs available: 10783267
152332,"Meegeren, Han van",1904,painting,10783267,only excluded placeholder lrefs available: 10783267
152560,Anoniem,1350,painting,10783267,only excluded placeholder lrefs available: 10783267
152615,"Dijk, Philip van",1725,portrait miniature,10783267,only excluded placeholder lrefs available: 10783267
152947,Anoniem,1525,painting,10783267,only excluded placeholder lrefs available: 10783267
152950,Anoniem,1675,painting,10783267,only excluded placeholder lrefs available: 10783267
152951,Anoniem,1650,painting,10783267,only excluded placeholder lrefs available: 10783267
152952,Anoniem,1779,drawing (visual work),10783267,only excluded placeholder lrefs available: 10783267
152955,"Krienen, Henri",1847,painting,10783267,only excluded placeholder lrefs available: 10783267
152958,"IJsseldijk, Cees van",1959,painting,10783267,only excluded placeholder lrefs available: 10783267
152963,Anoniem,1800,painting,10783267,only excluded placeholder lrefs available: 10783267
152966,Anoniem,1775,silhouette,10783267,only excluded placeholder lrefs available: 10783267
152968,Anoniem,1750,silhouette,10783267,only excluded placeholder lrefs available: 10783267
152969,Anoniem,1750,silhouette,10783267,only excluded placeholder lrefs available: 10783267
152973,Anoniem,1750,silhouette,10783267,only excluded placeholder lrefs available: 10783267
152976,Anoniem,1800,painting,10783267,only excluded placeholder lrefs available: 10783267
152979,Anoniem,1750,silhouette,10783267,only excluded placeholder lrefs available: 10783267
152983,Anoniem,1750,silhouette,10783267,only excluded placeholder lrefs available: 10783267
152984,Anoniem,1775,portrait miniature,10783267,only excluded placeholder lrefs available: 10783267
153162,"Netscher, Constantijn",1719,painting,10783267,only excluded placeholder lrefs available: 10783267
153163,"Netscher, Constantijn",1718,painting,10783267,only excluded placeholder lrefs available: 10783267
153546,"Quinkhard, Jan Maurits",1703,portrait miniature,10783267,only excluded placeholder lrefs available: 10783267
153549,"Troost, Cornelis",1711,drawing (visual work),10783267,only excluded placeholder lrefs available: 10783267
153550,"Jelgerhuis, Johannes",1785,drawing (visual work),10783267,only excluded placeholder lrefs available: 10783267
154003,"Broeckman, Anne Marinus",1889,painting,10783267,only excluded placeholder lrefs available: 10783267
154078,"Honthorst, Gerard van",1644,painting,10783267,only excluded placeholder lrefs available: 10783267
154090,"Veth, Jan",1879,drawing (visual work),10783267,only excluded placeholder lrefs available: 10783267
154094,"Veth, Jan",1893,drawing (visual work),10783267,only excluded placeholder lrefs available: 10783267
154163,"Josselin de Jong, Pieter de",1876,drawing (visual work),10783267,only excluded placeholder lrefs available: 10783267
154202,"Canta, Johannes Antonius",1861,painting,10783267,only excluded placeholder lrefs available: 10783267
154214,"Bijlert, Jan van",1649,painting,10783267,only excluded placeholder lrefs available: 10783267
154218,"Bijlert, Jan van",1645,painting,10783267,only excluded placeholder lrefs available: 10783267
154228,"Velthoven, Hendrik van",1743,painting,10783267,only excluded placeholder lrefs available: 10783267
154428,"Bijlert, Jan van",1612,painting,10783267,only excluded placeholder lrefs available: 10783267
154434,"Bijlert, Jan van",1625,painting,10783267,only excluded placeholder lrefs available: 10783267
154436,"Bijlert, Jan van",1612,painting,10783267,only excluded placeholder lrefs available: 10783267
154437,"Bijlert, Jan van",1612,painting,10783267,only excluded placeholder lrefs available: 10783267
154439,"Bijlert, Jan van",1612,painting,10783267,only excluded placeholder lrefs available: 10783267
154443,"Bijlert, Jan van",1612,painting,10783267,only excluded placeholder lrefs available: 10783267
154489,"Bijlert, Jan van",1612,painting,10783267,only excluded placeholder lrefs available: 10783267
154490,"Bijlert, Jan van",1612,painting,10783267,only excluded placeholder lrefs available: 10783267
154498,"Bijlert, Jan van",1650,painting,10783267,only excluded placeholder lrefs available: 10783267
154690,"Vogelsang, Willem",1913,drawing (visual work),10783267,only excluded placeholder lrefs available: 10783267
154710,"Noorle Jansen, Jacob Jan van",1926,drawing (visual work),10783267,only excluded placeholder lrefs available: 10783267
154943,"Mierevelt, Michiel van",1582,painting,10783267,only excluded placeholder lrefs available: 10783267
154999,"Cuyp, Jacob Gerritsz.",1651,painting,10783267,only excluded placeholder lrefs available: 10783267
155004,"Cuyp, Jacob Gerritsz.",1651,painting,10783267,only excluded placeholder lrefs available: 10783267
155008,"Kamper, Godaert",1645,painting,10783267,only excluded placeholder lrefs available: 10783267
155502,"Grips, Carel Jozeph",1860,painting,10783267,only excluded placeholder lrefs available: 10783267
155504,"Grips, Carel Jozeph",1860,painting,10783267,only excluded placeholder lrefs available: 10783267
155505,"Delin, Joseph",1836,painting,10783267,only excluded placeholder lrefs available: 10783267
155510,"Sluiter, Willy",1926,painting,10783267,only excluded placeholder lrefs available: 10783267
155878,"Horstok, Johannes Petrus van",1774,painting,10783267,only excluded placeholder lrefs available: 10783267
156185,Anoniem,1825,painting,10783267,only excluded placeholder lrefs available: 10783267
156186,Anoniem,1800,painting,10783267,only excluded placeholder lrefs available: 10783267
156344,"Hals, Frans (I)",1597,painting,10783267,only excluded placeholder lrefs available: 10783267
156579,"Bolomey, Benjamin Samuel",1754,drawing (visual work),10783267,only excluded placeholder lrefs available: 10783267
156580,"Bolomey, Benjamin Samuel",1754,drawing (visual work),10783267,only excluded placeholder lrefs available: 10783267
156598,"Hund, Cor",1940,painting,10783267,only excluded placeholder lrefs available: 10783267
156785,Anoniem,1866,cabinet photograph,10783267,only excluded placeholder lrefs available: 10783267
156855,"Marchand, Leo",1928,painting,10783267,only excluded placeholder lrefs available: 10783267
156886,"Lebret, Frans",1893,drawing (visual work),10783267,only excluded placeholder lrefs available: 10783267
156891,"Lebret, Frans",1835,print,10783267,only excluded placeholder lrefs available: 10783267
156911,"Bolomey, Benjamin Samuel",1754,painting,10783267,only excluded placeholder lrefs available: 10783267
156914,"Bolomey, Benjamin Samuel",1786,drawing (visual work),10783267,only excluded placeholder lrefs available: 10783267
156919,"Bolomey, Benjamin Samuel",1786,drawing (visual work),10783267,only excluded placeholder lrefs available: 10783267
156921,"Bolomey, Benjamin Samuel",1754,drawing (visual work),10783267,only excluded placeholder lrefs available: 10783267
156922,"Bolomey, Benjamin Samuel",1780,drawing (visual work),10783267,only excluded placeholder lrefs available: 10783267
157016,"Israëls, Jozef",1839,drawing (visual work),10783267,only excluded placeholder lrefs available: 10783267
157023,"Ingenhousz, Bon",1938,sculpture,10783267,only excluded placeholder lrefs available: 10783267
157038,"Toorop, Jan",1906,drawing (visual work),10783267,only excluded placeholder lrefs available: 10783267
157046,"Toorop, Jan",1926,copy print,10783267,only excluded placeholder lrefs available: 10783267
157099,"Kelder, Toon",1909,painting,10783267,only excluded placeholder lrefs available: 10783267
157100,"Kneulman, Carel",1949,sculpture,10783267,only excluded placeholder lrefs available: 10783267
157165,"Israels, Isaac",1880,painting,10783267,only excluded placeholder lrefs available: 10783267
157166,"Israels, Isaac",1880,drawing (visual work),10783267,only excluded placeholder lrefs available: 10783267
157167,"Israels, Isaac",1875,painting,10783267,only excluded placeholder lrefs available: 10783267
157185,"Israels, Isaac",1919,drawing (visual work),10783267,only excluded placeholder lrefs available: 10783267
157273,"Bolomey, Benjamin Samuel",1754,drawing (visual work),10783267,only excluded placeholder lrefs available: 10783267
157360,"Bolomey, Benjamin Samuel",1783,unknown,10783267,only excluded placeholder lrefs available: 10783267
157449,"Bolomey, Benjamin Samuel",1782,drawing (visual work),10783267,only excluded placeholder lrefs available: 10783267
157450,"Bolomey, Benjamin Samuel",1783,drawing (visual work),10783267,only excluded placeholder lrefs available: 10783267
157454,"Weeme, Theo ter",1883,painting,10783267,only excluded placeholder lrefs available: 10783267
157662,"Bueno de Mesquita, David",1919,unknown,10783267,only excluded placeholder lrefs available: 10783267
157698,"Oven, Coen van",1898,drawing (visual work),10783267,only excluded placeholder lrefs available: 10783267
157699,"Oven, Coen van",1898,drawing (visual work),10783267,only excluded placeholder lrefs available: 10783267
157700,"Oven, Coen van",1898,drawing (visual work),10783267,only excluded placeholder lrefs available: 10783267
157701,"Oven, Coen van",1931,drawing (visual work),10783267,only excluded placeholder lrefs available: 10783267
157702,"Oven, Coen van",1935,painting,10783267,only excluded placeholder lrefs available: 10783267
157703,"Oven, Coen van",1935,drawing (visual work),10783267,only excluded placeholder lrefs available: 10783267
157704,"Oven, Coen van",1947,painting,10783267,only excluded placeholder lrefs available: 10783267
157705,"Oven, Coen van",1947,drawing (visual work),10783267,only excluded placeholder lrefs available: 10783267
157706,"Oven, Coen van",1898,drawing (visual work),10783267,only excluded placeholder lrefs available: 10783267
157708,"Oven, Coen van",1948,drawing (visual work),10783267,only excluded placeholder lrefs available: 10783267
157709,"Oven, Coen van",1898,drawing (visual work),10783267,only excluded placeholder lrefs available: 10783267
157710,"Oven, Coen van",1936,drawing (visual work),10783267,only excluded placeholder lrefs available: 10783267
157712,"Oven, Coen van",1919,drawing (visual work),10783267,only excluded placeholder lrefs available: 10783267
157714,"Oven, Coen van",1919,drawing (visual work),10783267,only excluded placeholder lrefs available: 10783267
157716,"Oven, Coen van",1919,drawing (visual work),10783267,only excluded placeholder lrefs available: 10783267
157718,"Oven, Coen van",1919,drawing (visual work),10783267,only excluded placeholder lrefs available: 10783267
157719,"Oven, Coen van",1919,drawing (visual work),10783267,only excluded placeholder lrefs available: 10783267
157730,"Jorissen, Liet",1915,painting,10783267,only excluded placeholder lrefs available: 10783267
157736,"Oven, Coen van",1909,drawing (visual work),10783267,only excluded placeholder lrefs available: 10783267
157737,"Sluiter, Willy",1919,painting,10783267,only excluded placeholder lrefs available: 10783267
157742,"Oven, Coen van",1909,drawing (visual work),10783267,only excluded placeholder lrefs available: 10783267
157752,"Oven, Coen van",1898,painting,10783267,only excluded placeholder lrefs available: 10783267
157754,"Oven, Coen van",1928,drawing (visual work),10783267,only excluded placeholder lrefs available: 10783267
157756,"Oven, Coen van",1936,painting,10783267,only excluded placeholder lrefs available: 10783267
157759,"Oven, Coen van",1940,painting,10783267,only excluded placeholder lrefs available: 10783267
157761,"Oven, Coen van",1898,drawing (visual work),10783267,only excluded placeholder lrefs available: 10783267
157762,"Oven, Coen van",1936,drawing (visual work),10783267,only excluded placeholder lrefs available: 10783267
157783,"Oven, Coen van",1898,painting,10783267,only excluded placeholder lrefs available: 10783267
157785,"Oven, Coen van",1898,drawing (visual work),10783267,only excluded placeholder lrefs available: 10783267
157787,"Veldhoen, Aat",1992,drawing (visual work),10783267,only excluded placeholder lrefs available: 10783267
157791,"Carré, Johannes",1713,painting,10783267,only excluded placeholder lrefs available: 10783267
157792,"Carré, Johannes",1713,painting,10783267,only excluded placeholder lrefs available: 10783267
157796,Anoniem,1750,painting,10783267,only excluded placeholder lrefs available: 10783267
157810,"Oven, Coen van",1955,drawing (visual work),10783267,only excluded placeholder lrefs available: 10783267
157850,"Slothouwer, Hermanus Jacobus",1824,drawing (visual work),10783267,only excluded placeholder lrefs available: 10783267
157854,"Slothouwer, Hermanus Jacobus",1824,drawing (visual work),10783267,only excluded placeholder lrefs available: 10783267
157857,Anoniem,1800,painting,10783267,only excluded placeholder lrefs available: 10783267
157865,Anoniem,1800,portrait miniature,10783267,only excluded placeholder lrefs available: 10783267
157867,Anoniem,1800,portrait miniature,10783267,only excluded placeholder lrefs available: 10783267
157871,Anoniem,1601,painting,10783267,only excluded placeholder lrefs available: 10783267
157874,"Dietzer, August",1778,drawing (visual work),10783267,only excluded placeholder lrefs available: 10783267
157875,"Dietzer, August",1778,drawing (visual work),10783267,only excluded placeholder lrefs available: 10783267
157877,"Abels, Jacobus Theodorus",1818,painting,10783267,only excluded placeholder lrefs available: 10783267
157878,Anoniem,1601,painting,10783267,only excluded placeholder lrefs available: 10783267
157879,Anoniem,1775,portrait miniature,10783267,only excluded placeholder lrefs available: 10783267
157882,Anoniem,1775,portrait miniature,10783267,only excluded placeholder lrefs available: 10783267
157902,"Strij, Abraham van (I)",1808,drawing (visual work),10783267,only excluded placeholder lrefs available: 10783267
162280,"Bol, Ferdinand",1658,painting,10783267,only excluded placeholder lrefs available: 10783267
162427,"Visser, Henk (1917-1991)",1963,sculpture,10783267,only excluded placeholder lrefs available: 10783267
162430,"Visser, Henk (1917-1991)",1962,sculpture,10783267,only excluded placeholder lrefs available: 10783267
162489,"Windhausen, Heinrich",1872,painting,10783267,only excluded placeholder lrefs available: 10783267
162491,"Windhausen, Heinrich",1889,painting,10783267,only excluded placeholder lrefs available: 10783267
162515,Anoniem,1775,painting,10783267,only excluded placeholder lrefs available: 10783267
162526,"Hals, Dirck",1629,painting,10783267,only excluded placeholder lrefs available: 10783267
162537,"Helst, Bartholomeus van der",1628,painting,10783267,only excluded placeholder lrefs available: 10783267
162541,"Gerretsen, Huub",1961,drawing (visual work),10783267,only excluded placeholder lrefs available: 10783267
162550,"Croix, Pierre Frédéric de la",1778,painting,10783267,only excluded placeholder lrefs available: 10783267
162552,Anoniem,1645,painting,10783267,only excluded placeholder lrefs available: 10783267
162553,"Springer, Leendert",1837,print,10783267,only excluded placeholder lrefs available: 10783267
162573,"Schmidt, Izaäk",1755,drawing (visual work),10783267,only excluded placeholder lrefs available: 10783267
162584,Anoniem,1600,painting,10783267,only excluded placeholder lrefs available: 10783267
162691,"Neuman, Johan Heinrich",1873,painting,10783267,only excluded placeholder lrefs available: 10783267
162755,"Gestel, Leo",1921,drawing (visual work),10783267,only excluded placeholder lrefs available: 10783267
162783,"Roelofs, Albert",1877,drawing (visual work),10783267,only excluded placeholder lrefs available: 10783267
162789,"Hasselt, Bertha van",1915,unknown,10783267,only excluded placeholder lrefs available: 10783267
162796,"Schwartze, Thérèse",1866,painting,10783267,only excluded placeholder lrefs available: 10783267
162809,"Spoor, Cornelis",1882,unknown,10783267,only excluded placeholder lrefs available: 10783267
162810,"Spoor, Cornelis",1882,painting,10783267,only excluded placeholder lrefs available: 10783267
162811,"Spoor, Cornelis",1882,painting,10783267,only excluded placeholder lrefs available: 10783267
162813,"Malmesi, Mariano Giuseppe Pietro",1893,unknown,10783267,only excluded placeholder lrefs available: 10783267
162814,"Spoor, Cornelis",1882,painting,10783267,only excluded placeholder lrefs available: 10783267
162815,"Valois, Jean Chrétien",1878,painting,10783267,only excluded placeholder lrefs available: 10783267
162816,"Spoor, Cornelis",1882,painting,10783267,only excluded placeholder lrefs available: 10783267
162817,"Eyck, Charles",1945,painting,10783267,only excluded placeholder lrefs available: 10783267
162818,"Spoor, Cornelis",1882,painting,10783267,only excluded placeholder lrefs available: 10783267
162819,"Spoor, Cornelis",1882,painting,10783267,only excluded placeholder lrefs available: 10783267
162820,"Spoor, Cornelis",1882,drawing (visual work),10783267,only excluded placeholder lrefs available: 10783267
162821,"Spoor, Cornelis",1900,painting,10783267,only excluded placeholder lrefs available: 10783267
162845,"Kneller, Gottfried",1661,painting,10783267,only excluded placeholder lrefs available: 10783267
163085,"Baen, Jan de",1648,painting,10783267,only excluded placeholder lrefs available: 10783267
163086,"Baen, Jan de",1648,painting,10783267,only excluded placeholder lrefs available: 10783267
163087,"Baen, Jan de",1648,painting,10783267,only excluded placeholder lrefs available: 10783267
163106,"Sluyter, Dirk Jurriaan",1850,print,10783267,only excluded placeholder lrefs available: 10783267
163121,Anoniem,1860,photograph,10783267,only excluded placeholder lrefs available: 10783267
163122,Anoniem,1860,photograph,10783267,only excluded placeholder lrefs available: 10783267
163149,Anoniem,1775,painting,10783267,only excluded placeholder lrefs available: 10783267
163150,Anoniem,1775,painting,10783267,only excluded placeholder lrefs available: 10783267
163154,"Leeuwen, Henk van",1905,painting,10783267,only excluded placeholder lrefs available: 10783267
163257,"Woudstra, Frits",1971,unknown,10783267,only excluded placeholder lrefs available: 10783267
163258,"Goeting, Jan",1967,unknown,10783267,only excluded placeholder lrefs available: 10783267
163259,"Zwaanswijk, Pieter",2001,unknown,10783267,only excluded placeholder lrefs available: 10783267
163260,"Bruijn, Bob",1931,drawing (visual work),10783267,only excluded placeholder lrefs available: 10783267
163263,"Bruijn, Bob",1965,drawing (visual work),10783267,only excluded placeholder lrefs available: 10783267
163264,"Post, Waldemar",1951,drawing (visual work),10783267,only excluded placeholder lrefs available: 10783267
163265,"Dijkstra, Johan",1960,painting,10783267,only excluded placeholder lrefs available: 10783267
163268,"Leenhouts, Frank",2001,unknown,10783267,only excluded placeholder lrefs available: 10783267
163271,"Bruijn, Bob",1931,unknown,10783267,only excluded placeholder lrefs available: 10783267
163272,"Looy, Jac. van",1870,drawing (visual work),10783267,only excluded placeholder lrefs available: 10783267
163273,"Vanriet, Jan",1963,unknown,10783267,only excluded placeholder lrefs available: 10783267
163274,"Knopper, Kees",1981,unknown,10783267,only excluded placeholder lrefs available: 10783267
163275,"Schrofer, Willem",1967,unknown,10783267,only excluded placeholder lrefs available: 10783267
163276,"Vries, Henk de (1896)",1925,unknown,10783267,only excluded placeholder lrefs available: 10783267
163277,"Vanriet, Jan",1963,unknown,10783267,only excluded placeholder lrefs available: 10783267
163278,"Woudstra, Frits",2000,unknown,10783267,only excluded placeholder lrefs available: 10783267
163283,"Sonnenberg, Johan (1886-1937)",1930,painting,10783267,only excluded placeholder lrefs available: 10783267
163285,"Zürcher, Jan",1866,drawing (visual work),10783267,only excluded placeholder lrefs available: 10783267
163286,"Overman, Gerard",1887,drawing (visual work),10783267,only excluded placeholder lrefs available: 10783267
163287,Anoniem,1850,sculpture,10783267,only excluded placeholder lrefs available: 10783267
163289,"Mars, Frans",1918,drawing (visual work),10783267,only excluded placeholder lrefs available: 10783267
163291,"Bayens, Hans",1939,sculpture,10783267,only excluded placeholder lrefs available: 10783267
163295,"Israëls, Jozef",1839,drawing (visual work),10783267,only excluded placeholder lrefs available: 10783267
163297,"Koster, Pieter Paul (1893-1987)",1917,drawing (visual work),10783267,only excluded placeholder lrefs available: 10783267
163298,"Holsbergen, Tonny",1967,drawing (visual work),10783267,only excluded placeholder lrefs available: 10783267
163299,"Woudstra, Frits",1971,unknown,10783267,only excluded placeholder lrefs available: 10783267
163300,"Citroen, Paul",1911,drawing (visual work),10783267,only excluded placeholder lrefs available: 10783267
163301,"Woudstra, Frits",1971,unknown,10783267,only excluded placeholder lrefs available: 10783267
163302,"Wertheim, Johan G.",1913,sculpture,10783267,only excluded placeholder lrefs available: 10783267
163303,"Wertheim, Johan G.",1913,sculpture,10783267,only excluded placeholder lrefs available: 10783267
163304,"Blommers, M.J.",1950,drawing (visual work),10783267,only excluded placeholder lrefs available: 10783267
163305,"Blommers, M.J.",1860,drawing (visual work),10783267,only excluded placeholder lrefs available: 10783267
163306,"Bolhuis, Siemen",1970,sculpture,10783267,only excluded placeholder lrefs available: 10783267
163309,"Oosting, Ernestine",1985,painting,10783267,only excluded placeholder lrefs available: 10783267
163311,"Witsen, Willem",1887,drawing (visual work),10783267,only excluded placeholder lrefs available: 10783267
163314,"Moor, Pieter Cornelis de",1881,drawing (visual work),10783267,only excluded placeholder lrefs available: 10783267
163324,"Benavente, Samuel Baruch",1803,portrait miniature,10783267,only excluded placeholder lrefs available: 10783267
163337,Anoniem,1800,drawing (visual work),10783267,only excluded placeholder lrefs available: 10783267
163338,"Noltee, Cor",1918,drawing (visual work),10783267,only excluded placeholder lrefs available: 10783267
163339,"Noltee, Cor",1918,drawing (visual work),10783267,only excluded placeholder lrefs available: 10783267
163340,"Colk, Willem August van der",1904,drawing (visual work),10783267,only excluded placeholder lrefs available: 10783267
163341,"Kemper, Charles J.",1928,drawing (visual work),10783267,only excluded placeholder lrefs available: 10783267
163342,"Kemper, Charles J.",1925,drawing (visual work),10783267,only excluded placeholder lrefs available: 10783267
163343,"Bosch, Lou ten",1923,drawing (visual work),10783267,only excluded placeholder lrefs available: 10783267
163345,"Breet, Louis de",1885,painting,10783267,only excluded placeholder lrefs available: 10783267
163347,"Bloemaert, Hendrick",1647,painting,10783267,only excluded placeholder lrefs available: 10783267
163353,"Wenckebach, Oswald",1910,sculpture,10783267,only excluded placeholder lrefs available: 10783267
163354,"Adamse, Marinus",1921,drawing (visual work),10783267,only excluded placeholder lrefs available: 10783267
163362,"Josselin de Jong, Pieter de",1904,unknown,10783267,only excluded placeholder lrefs available: 10783267
163365,"Hart Nibbrig, Ferdinand",1903,drawing (visual work),10783267,only excluded placeholder lrefs available: 10783267
163366,"Hart Nibbrig, Ferdinand",1907,painting,10783267,only excluded placeholder lrefs available: 10783267
163367,"Hart Nibbrig, Ferdinand",1907,painting,10783267,only excluded placeholder lrefs available: 10783267
163369,"Haverman, Hendrik Johannes",1872,painting,10783267,only excluded placeholder lrefs available: 10783267
163427,Anoniem,1775,drawing (visual work),10783267,only excluded placeholder lrefs available: 10783267
163479,"Bayens, Hans",1939,sculpture,10783267,only excluded placeholder lrefs available: 10783267
163480,"Pia, Pascal",1918,drawing (visual work),10783267,only excluded placeholder lrefs available: 10783267
163481,"Kat, Otto B. de",1922,drawing (visual work),10783267,only excluded placeholder lrefs available: 10783267
163482,"Verwey, Kees",1915,drawing (visual work),10783267,only excluded placeholder lrefs available: 10783267
163484,"Ree, Ko van de",1949,sculpture,10783267,only excluded placeholder lrefs available: 10783267
163485,"Ree, Ko van de",1949,sculpture,10783267,only excluded placeholder lrefs available: 10783267
163486,"Ree, Ko van de",1993,drawing (visual work),10783267,only excluded placeholder lrefs available: 10783267
163487,"Ree, Ko van de",1949,sculpture,10783267,only excluded placeholder lrefs available: 10783267
163488,"Ree, Ko van de",1995,painting,10783267,only excluded placeholder lrefs available: 10783267
163489,"Ree, Ko van de",1994,drawing (visual work),10783267,only excluded placeholder lrefs available: 10783267
163490,"Ree, Ko van de",1996,drawing (visual work),10783267,only excluded placeholder lrefs available: 10783267
163491,"Ree, Ko van de",1996,painting,10783267,only excluded placeholder lrefs available: 10783267
163495,"Koenegracht, Frank",1960,unknown,10783267,only excluded placeholder lrefs available: 10783267
163497,"Dwinger, Sonja",1981,unknown,10783267,only excluded placeholder lrefs available: 10783267
163498,"Vlug, Robert",1998,painting,10783267,only excluded placeholder lrefs available: 10783267
163500,"Kroesen, Hans",1936,drawing (visual work),10783267,only excluded placeholder lrefs available: 10783267
163503,"Zwiers, Wim",1937,drawing (visual work),10783267,only excluded placeholder lrefs available: 10783267
163504,"Bannier, Nel",1960,sculpture,10783267,only excluded placeholder lrefs available: 10783267
163507,"Buckland Wright, John",1917,print,10783267,only excluded placeholder lrefs available: 10783267
163518,"Dupuis, Toon",1892,sculpture,10783267,only excluded placeholder lrefs available: 10783267
163519,"Luijt, Arie Martinus",1894,drawing (visual work),10783267,only excluded placeholder lrefs available: 10783267
163559,"Gestel, Leo",1896,drawing (visual work),10783267,only excluded placeholder lrefs available: 10783267
163578,"Couzijn, Wessel",1950,sculpture,10783267,only excluded placeholder lrefs available: 10783267
163579,"Reijers, Willem",1949,sculpture,10783267,only excluded placeholder lrefs available: 10783267
163580,"Reijers, Willem",1951,sculpture,10783267,only excluded placeholder lrefs available: 10783267
163581,"Reijers, Willem",1925,drawing (visual work),10783267,only excluded placeholder lrefs available: 10783267
163582,"Spoel, Hens van der",1915,drawing (visual work),10783267,only excluded placeholder lrefs available: 10783267
163584,"Mogendorff, Ro",1922,drawing (visual work),10783267,only excluded placeholder lrefs available: 10783267
163587,"Bieruma Oosting, Jeanne",1913,drawing (visual work),10783267,only excluded placeholder lrefs available: 10783267
163592,"Esser, Vincent Pieter Semeyn",1983,sculpture,10783267,only excluded placeholder lrefs available: 10783267
163593,"Verwey, Kees",1960,unknown,10783267,only excluded placeholder lrefs available: 10783267
163597,"Berg, Else",1892,unknown,10783267,only excluded placeholder lrefs available: 10783267
163599,"Berg, Else",1892,unknown,10783267,only excluded placeholder lrefs available: 10783267
163601,"Sjollema, Johan Sybolt",1942,painting,10783267,only excluded placeholder lrefs available: 10783267
163603,"Blanes, David",1911,painting,10783267,only excluded placeholder lrefs available: 10783267
163604,"Blanes, David",1911,painting,10783267,only excluded placeholder lrefs available: 10783267
163605,"Roland Holst-de Meester, Annie",1908,drawing (visual work),10783267,only excluded placeholder lrefs available: 10783267
163606,Anoniem,1825,drawing (visual work),10783267,only excluded placeholder lrefs available: 10783267
163641,"Kasteele, Abraham Anne van de",1850,painting,10783267,only excluded placeholder lrefs available: 10783267
163642,"Kasteele, Abraham Anne van de",1850,painting,10783267,only excluded placeholder lrefs available: 10783267
163647,"Lith, Nel van",1947,sculpture,10783267,only excluded placeholder lrefs available: 10783267
163653,"Kleima, Ekke Abel",1914,unknown,10783267,only excluded placeholder lrefs available: 10783267
163654,"Bach, Franciscus Hermanus",1880,drawing (visual work),10783267,only excluded placeholder lrefs available: 10783267
163656,"Altink, Jan",1938,drawing (visual work),10783267,only excluded placeholder lrefs available: 10783267
163658,"Werkman, Hendrik Nicolaas",1923,print,10783267,only excluded placeholder lrefs available: 10783267
163662,"Werkman, Hendrik Nicolaas",1897,drawing (visual work),10783267,only excluded placeholder lrefs available: 10783267
163663,"Wiegers, Jan",1908,sculpture,10783267,only excluded placeholder lrefs available: 10783267
163666,"Dijkstra, Johan",1911,drawing (visual work),10783267,only excluded placeholder lrefs available: 10783267
163667,"Wiegers, Jan",1908,drawing (visual work),10783267,only excluded placeholder lrefs available: 10783267
163669,"Altink, Jan",1900,drawing (visual work),10783267,only excluded placeholder lrefs available: 10783267
163671,"Hansen, Job",1953,painting,10783267,only excluded placeholder lrefs available: 10783267
163674,"Martens, George",1930,painting,10783267,only excluded placeholder lrefs available: 10783267
163683,"Surie, Coba",1933,drawing (visual work),10783267,only excluded placeholder lrefs available: 10783267
163684,"Woutersen-van Doesburgh, Elsa",1922,drawing (visual work),10783267,only excluded placeholder lrefs available: 10783267
163685,"Berg, Ans van den",1888,unknown,10783267,only excluded placeholder lrefs available: 10783267
163687,"Bauer, Jo",1888,drawing (visual work),10783267,only excluded placeholder lrefs available: 10783267
163698,"Mourik Broekman, Lidi van",1932,sculpture,10783267,only excluded placeholder lrefs available: 10783267
163756,Anoniem,1800,print,10783267,only excluded placeholder lrefs available: 10783267
163757,Anoniem,1800,print,10783267,only excluded placeholder lrefs available: 10783267
163780,"Kruseman, Jan Adam",1833,painting,10783267,only excluded placeholder lrefs available: 10783267
163787,"Bayens, Hans",2001,drawing (visual work),10783267,only excluded placeholder lrefs available: 10783267
163828,"Bosboom, Johannes",1875,painting,10783267,only excluded placeholder lrefs available: 10783267
163833,"Josselin de Jong, Pieter de",1876,drawing (visual work),10783267,only excluded placeholder lrefs available: 10783267
163843,"Neuman, Clasine",1893,painting,10783267,only excluded placeholder lrefs available: 10783267
163844,"Lacomblé, Eugène",1843,relief,10783267,only excluded placeholder lrefs available: 10783267
163876,"Netscher, Justus Adrianus Henricus",1833,painting,10783267,only excluded placeholder lrefs available: 10783267
163877,"Veth, Jan",1896,drawing (visual work),10783267,only excluded placeholder lrefs available: 10783267
163891,"Slothouwer, Hermanus Jacobus",1853,drawing (visual work),10783267,only excluded placeholder lrefs available: 10783267
163892,Anoniem,1800,drawing (visual work),10783267,only excluded placeholder lrefs available: 10783267
163895,"Neuman, Johan Heinrich",1834,painting,10783267,only excluded placeholder lrefs available: 10783267
163938,"Marchant, Mien",1935,drawing (visual work),10783267,only excluded placeholder lrefs available: 10783267
163940,"Verwey, Kees",1915,drawing (visual work),10783267,only excluded placeholder lrefs available: 10783267
163998,"Morisot, Auguste",1872,drawing (visual work),10783267,only excluded placeholder lrefs available: 10783267
163999,"Morisot, Auguste",1893,drawing (visual work),10783267,only excluded placeholder lrefs available: 10783267
164000,"Morisot, Auguste",1872,drawing (visual work),10783267,only excluded placeholder lrefs available: 10783267
164001,"Morisot, Auguste",1872,drawing (visual work),10783267,only excluded placeholder lrefs available: 10783267
164090,"Moeyaert, Claes",1631,painting,10783267,only excluded placeholder lrefs available: 10783267
164128,"Bruna, Lambertus Johannes",1839,painting,10783267,only excluded placeholder lrefs available: 10783267
164217,"Mengelberg, Friedrich Wilhelm",1852,painting,10783267,only excluded placeholder lrefs available: 10783267
164228,"Hendriks, Arend",1925,drawing (visual work),10783267,only excluded placeholder lrefs available: 10783267
164229,"Bremmer, Rudolf",1920,drawing (visual work),10783267,only excluded placeholder lrefs available: 10783267
164230,"Bremmer, Rudolf",1920,drawing (visual work),10783267,only excluded placeholder lrefs available: 10783267
164235,"Gips, Cornelis",1860,painting,10783267,only excluded placeholder lrefs available: 10783267
164275,"Pieneman, Jan Willem",1831,painting,10783267,only excluded placeholder lrefs available: 10783267
164299,"Marinkel, Joseph",1773,drawing (visual work),10783267,only excluded placeholder lrefs available: 10783267
164300,"Marinkel, Joseph",1773,drawing (visual work),10783267,only excluded placeholder lrefs available: 10783267
164301,"Marinkel, Joseph",1773,drawing (visual work),10783267,only excluded placeholder lrefs available: 10783267
164302,"Marinkel, Joseph",1779,drawing (visual work),10783267,only excluded placeholder lrefs available: 10783267
164303,"Marinkel, Joseph",1773,drawing (visual work),10783267,only excluded placeholder lrefs available: 10783267
164304,"Marinkel, Joseph",1773,drawing (visual work),10783267,only excluded placeholder lrefs available: 10783267
164305,"Marinkel, Joseph",1774,drawing (visual work),10783267,only excluded placeholder lrefs available: 10783267
164306,"Marinkel, Joseph",1773,drawing (visual work),10783267,only excluded placeholder lrefs available: 10783267
164307,"Kunst, Berend",1838,drawing (visual work),10783267,only excluded placeholder lrefs available: 10783267
164308,"Kunst, Berend",1838,drawing (visual work),10783267,only excluded placeholder lrefs available: 10783267
164309,Anoniem,1882,painting,10783267,only excluded placeholder lrefs available: 10783267
164310,Anoniem,1890,painting,10783267,only excluded placeholder lrefs available: 10783267
164312,Anoniem,1848,painting,10783267,only excluded placeholder lrefs available: 10783267
164313,Anoniem,1849,painting,10783267,only excluded placeholder lrefs available: 10783267
164314,Anoniem,1852,painting,10783267,only excluded placeholder lrefs available: 10783267
164315,Anoniem,1852,painting,10783267,only excluded placeholder lrefs available: 10783267
164316,Anoniem,1890,painting,10783267,only excluded placeholder lrefs available: 10783267
164317,Anoniem,1898,painting,10783267,only excluded placeholder lrefs available: 10783267
164318,Anoniem,1820,painting,10783267,only excluded placeholder lrefs available: 10783267
164319,Anoniem,1820,painting,10783267,only excluded placeholder lrefs available: 10783267
164320,Anoniem,1803,painting,10783267,only excluded placeholder lrefs available: 10783267
164321,Anoniem,1803,painting,10783267,only excluded placeholder lrefs available: 10783267
164322,Anoniem,1804,painting,10783267,only excluded placeholder lrefs available: 10783267
164323,Anoniem,1804,painting,10783267,only excluded placeholder lrefs available: 10783267
164329,"Reemer, Arnold",1949,drawing (visual work),10783267,only excluded placeholder lrefs available: 10783267
164358,"Koolen, Harry (1904-1985)",1931,drawing (visual work),10783267,only excluded placeholder lrefs available: 10783267
164438,"Braij, Jan de",1641,portrait miniature,10783267,only excluded placeholder lrefs available: 10783267
164492,"Troost, Sara",1747,drawing (visual work),10783267,only excluded placeholder lrefs available: 10783267
164504,"Montauban van Swijndregt, François",1851,drawing (visual work),10783267,only excluded placeholder lrefs available: 10783267
164505,Anoniem,1800,drawing (visual work),10783267,only excluded placeholder lrefs available: 10783267
164506,"Montauban van Swijndregt, François",1798,drawing (visual work),10783267,only excluded placeholder lrefs available: 10783267
164507,"Montauban van Swijndregt, François",1799,unknown,10783267,only excluded placeholder lrefs available: 10783267
164508,"Montauban van Swijndregt, François",1818,drawing (visual work),10783267,only excluded placeholder lrefs available: 10783267
164509,"Montauban van Swijndregt, Nicolaus",1824,unknown,10783267,only excluded placeholder lrefs available: 10783267
164510,"Montauban van Swijndregt, François",1799,unknown,10783267,only excluded placeholder lrefs available: 10783267
164531,"Quinkhard, Julius Henricus",1653,drawing (visual work),10783267,only excluded placeholder lrefs available: 10783267
164532,"Colijn, Jacob",1629,drawing (visual work),10783267,only excluded placeholder lrefs available: 10783267
164570,"Haverman, Hendrik Johannes",1872,drawing (visual work),10783267,only excluded placeholder lrefs available: 10783267
164575,"Molkenboer, Theo",1886,unknown,10783267,only excluded placeholder lrefs available: 10783267
164576,Anoniem,1850,painting,10783267,only excluded placeholder lrefs available: 10783267
164580,"Hamel, Willem (1860-1924)",1875,painting,10783267,only excluded placeholder lrefs available: 10783267
164608,Anoniem,1775,drawing (visual work),10783267,only excluded placeholder lrefs available: 10783267
164771,"Slager, Piet (sr.)",1856,painting,10783267,only excluded placeholder lrefs available: 10783267
164794,"Wicheren, Johan Joeke Gabriël van",1859,painting,10783267,only excluded placeholder lrefs available: 10783267
164799,"Witte, Emanuel de",1632,painting,10783267,only excluded placeholder lrefs available: 10783267
164834,"Santvoort, Dirck Dircksz.",1625,painting,10783267,only excluded placeholder lrefs available: 10783267
164854,"Heskes, Wam",1906,drawing (visual work),10783267,only excluded placeholder lrefs available: 10783267
164866,"Croix, Pierre Frédéric de la",1724,drawing (visual work),10783267,only excluded placeholder lrefs available: 10783267
164868,"Croix, Pierre Frédéric de la",1724,drawing (visual work),10783267,only excluded placeholder lrefs available: 10783267
164932,"Scheffer, Johan Bernard",1794,painting,10783267,only excluded placeholder lrefs available: 10783267
164951,"Chretien, Gilles-Louis",1769,copperplate (printing plate),10783267,only excluded placeholder lrefs available: 10783267
164953,"Bodecker, Johann Friedrich",1696,painting,10783267,only excluded placeholder lrefs available: 10783267
164956,"Cels, Cornelis",1825,painting,10783267,only excluded placeholder lrefs available: 10783267
164958,"Denner, Balthasar",1737,painting,10783267,only excluded placeholder lrefs available: 10783267
164960,"Denner, Balthasar",1737,painting,10783267,only excluded placeholder lrefs available: 10783267
165029,"Mierevelt, Michiel van",1582,painting,10783267,only excluded placeholder lrefs available: 10783267
165095,"Jonxis, Jan Lodewijk",1836,print,10783267,only excluded placeholder lrefs available: 10783267
165099,Anoniem,1650,painting,10783267,only excluded placeholder lrefs available: 10783267
165100,Anoniem,1650,painting,10783267,only excluded placeholder lrefs available: 10783267
165102,"Bisschop, Sara",1909,unknown,10783267,only excluded placeholder lrefs available: 10783267
165103,"Haverman, Hendrik Johannes",1872,unknown,10783267,only excluded placeholder lrefs available: 10783267
165124,"Keyser, Thomas de",1638,painting,10783267,only excluded placeholder lrefs available: 10783267
165125,"Grand, Dirk le",1860,carte-de-visite,10783267,only excluded placeholder lrefs available: 10783267
165126,"Grand, Dirk le",1860,carte-de-visite,10783267,only excluded placeholder lrefs available: 10783267
165129,Anoniem,1825,unknown,10783267,only excluded placeholder lrefs available: 10783267
165130,"Koning, Cornelis (1893-1951)",1908,unknown,10783267,only excluded placeholder lrefs available: 10783267
165137,"Keyser, Thomas de",1611,painting,10783267,only excluded placeholder lrefs available: 10783267
165138,"Keyser, Thomas de",1627,painting,10783267,only excluded placeholder lrefs available: 10783267
165160,"Moreelse, Paulus",1607,painting,10783267,only excluded placeholder lrefs available: 10783267
165192,"Konijnenburg, Willem van",1923,drawing (visual work),10783267,only excluded placeholder lrefs available: 10783267
165221,"Rees, Maria Margaretha van",1929,painting,10783267,only excluded placeholder lrefs available: 10783267
165222,"Rees, Maria Margaretha van",1907,painting,10783267,only excluded placeholder lrefs available: 10783267
165223,"Rees, Maria Margaretha van",1929,painting,10783267,only excluded placeholder lrefs available: 10783267
165224,"Rees, Maria Margaretha van",1929,painting,10783267,only excluded placeholder lrefs available: 10783267
165229,"Passe, Crispijn de (II)",1625,print,10783267,only excluded placeholder lrefs available: 10783267
165234,"Delff, Willem Jacobsz.",1617,print,10783267,only excluded placeholder lrefs available: 10783267
165242,Rembrandt,1800,reproductive print,10783267,only excluded placeholder lrefs available: 10783267
165254,"Moreelse, Paulus",1625,painting,10783267,only excluded placeholder lrefs available: 10783267
165255,"Moreelse, Paulus",1625,painting,10783267,only excluded placeholder lrefs available: 10783267
165311,"Grips, Carel Jozeph",1840,unknown,10783267,only excluded placeholder lrefs available: 10783267
165312,"Grips, Carel Jozeph",1840,unknown,10783267,only excluded placeholder lrefs available: 10783267
165313,"Grips, Carel Jozeph",1886,unknown,10783267,only excluded placeholder lrefs available: 10783267
165314,"Heijligers, Antoon François",1843,unknown,10783267,only excluded placeholder lrefs available: 10783267
165315,"Heijligers, Antoon François",1843,unknown,10783267,only excluded placeholder lrefs available: 10783267
165324,Anoniem,1770,portrait miniature,10783267,only excluded placeholder lrefs available: 10783267
165328,"Moreelse, Paulus",1610,painting,10783267,only excluded placeholder lrefs available: 10783267
165338,Anoniem,1790,drawing (visual work),10783267,only excluded placeholder lrefs available: 10783267
165343,Anoniem,1800,unknown,10783267,only excluded placeholder lrefs available: 10783267
165344,Anoniem,1757,silhouette,10783267,only excluded placeholder lrefs available: 10783267
165373,"Moreelse, Paulus",1586,painting,10783267,only excluded placeholder lrefs available: 10783267
165422,"Petri, Hans",1934,painting,10783267,only excluded placeholder lrefs available: 10783267
165424,"Petri, Hans",1934,painting,10783267,only excluded placeholder lrefs available: 10783267
165427,"Petri, Hans",1934,painting,10783267,only excluded placeholder lrefs available: 10783267
165428,"Petri, Hans",1956,painting,10783267,only excluded placeholder lrefs available: 10783267
165429,"Petri, Hans",1934,painting,10783267,only excluded placeholder lrefs available: 10783267
165431,"Voskuyl, J.",1859,painting,10783267,only excluded placeholder lrefs available: 10783267
165432,"Selm, Jacques Corneille van",1864,painting,10783267,only excluded placeholder lrefs available: 10783267
165433,"Rol, Henricus",1921,painting,10783267,only excluded placeholder lrefs available: 10783267
165435,Anoniem,1690,painting,10783267,only excluded placeholder lrefs available: 10783267
165447,"Tinker, Willem",1860,carte-de-visite,10783267,only excluded placeholder lrefs available: 10783267
165449,"Kolkow, Friedrich Julius von",1876,cabinet photograph,10783267,only excluded placeholder lrefs available: 10783267
165455,"Moreelse, Paulus",1617,painting,10783267,only excluded placeholder lrefs available: 10783267
165567,"Goltzius, Hendrick",1573,drawing (visual work),10783267,only excluded placeholder lrefs available: 10783267
165594,"Maes, Nicolaes",1679,painting,10783267,only excluded placeholder lrefs available: 10783267
165649,"Schwartze, Thérèse",1866,painting,10783267,only excluded placeholder lrefs available: 10783267
165671,"Pieneman, Jan Willem",1807,painting,10783267,only excluded placeholder lrefs available: 10783267
165681,"De Landtsheer, Jean Baptiste",1826,painting,10783267,only excluded placeholder lrefs available: 10783267
165682,"Graven, Joseph",1851,sculpture,10783267,only excluded placeholder lrefs available: 10783267
165684,Anoniem,1866,relief,10783267,only excluded placeholder lrefs available: 10783267
165692,"Gole, Jacob",1675,print,10783267,only excluded placeholder lrefs available: 10783267
165758,Anoniem,1650,print,10783267,only excluded placeholder lrefs available: 10783267
165763,Anoniem,1600,print,10783267,only excluded placeholder lrefs available: 10783267
165774,"Enschedé, Christina Gerarda",1806,drawing (visual work),10783267,only excluded placeholder lrefs available: 10783267
165781,Anoniem,1820,silhouette,10783267,only excluded placeholder lrefs available: 10783267
165782,Anoniem,1820,silhouette,10783267,only excluded placeholder lrefs available: 10783267
165806,"Cornelisz. van Haarlem, Cornelis",1593,painting,10771173,no image downloaded
165811,"Cornelisz. van Haarlem, Cornelis",1577,painting,10783267,only excluded placeholder lrefs available: 10783267
165814,"Cornelisz. van Haarlem, Cornelis",1600,painting,10783267,only excluded placeholder lrefs available: 10783267
165818,"Faber, Johan (I)",1665,drawing (visual work),10783267,only excluded placeholder lrefs available: 10783267
165827,"Grebber, Frans Pietersz. de",1588,drawing (visual work),10783267,only excluded placeholder lrefs available: 10783267
165850,Anoniem,1475,painting,10783267,only excluded placeholder lrefs available: 10783267
165917,"Nijmegen, Gerard van",1750,painting,10783267,only excluded placeholder lrefs available: 10783267
165988,"Moreelse, Paulus",1586,painting,10783267,only excluded placeholder lrefs available: 10783267
166014,"Moreelse, Paulus",1621,painting,10783267,only excluded placeholder lrefs available: 10783267
166025,"Kelder, Toon",1909,drawing (visual work),10783267,only excluded placeholder lrefs available: 10783267
166026,"Vollevens, Johannes (II)",1732,painting,10783267,only excluded placeholder lrefs available: 10783267
166027,"Boonen, Arnold",1684,painting,10783267,only excluded placeholder lrefs available: 10783267
166049,"Gestel, Leo",1908,drawing (visual work),10783267,only excluded placeholder lrefs available: 10783267
166056,"Moreelse, Paulus",1623,painting,10783267,only excluded placeholder lrefs available: 10783267
166058,"Passe, Magdalena van de",1624,print,10783267,only excluded placeholder lrefs available: 10783267
166104,"Esser, Vincent Pieter Semeyn",1955,sculpture,10783267,only excluded placeholder lrefs available: 10783267
166105,"Driest, Dirk van",1931,painting,10783267,only excluded placeholder lrefs available: 10783267
166136,"Kesteren, Christiaan Lodewijk van",1847,drawing (visual work),10783267,only excluded placeholder lrefs available: 10783267
166209,Anoniem,1800,portrait miniature,10783267,only excluded placeholder lrefs available: 10783267
166210,"Houten, Barbara Elisabeth van",1877,drawing (visual work),10783267,only excluded placeholder lrefs available: 10783267
166247,Anoniem,1932,photograph,10783267,only excluded placeholder lrefs available: 10783267
166298,Anoniem,1627,painting,10783267,only excluded placeholder lrefs available: 10783267
166299,Anoniem,1625,painting,10783267,only excluded placeholder lrefs available: 10783267
166300,"Ravesteyn, Jan van",1628,painting,10783267,only excluded placeholder lrefs available: 10783267
166301,Anoniem,1625,painting,10783267,only excluded placeholder lrefs available: 10783267
166305,"Ravesteyn, Jan van",1625,painting,10783267,only excluded placeholder lrefs available: 10783267
166333,Anoniem,1625,painting,10783267,only excluded placeholder lrefs available: 10783267
166337,Anoniem,1625,painting,10783267,only excluded placeholder lrefs available: 10783267
166339,Anoniem,1636,painting,10783267,only excluded placeholder lrefs available: 10783267
166365,Anoniem,1630,painting,10783267,only excluded placeholder lrefs available: 10783267
166371,Anoniem,1590,painting,10783267,only excluded placeholder lrefs available: 10783267
166383,"Hodges, Charles Howard",1800,painting,10783267,only excluded placeholder lrefs available: 10783267
166412,"Hasselt, Bertha van",1921,painting,10783267,only excluded placeholder lrefs available: 10783267
166413,"Hasselt, Bertha van",1922,drawing (visual work),10783267,only excluded placeholder lrefs available: 10783267
166414,"Hettinga Tromp, Tjitske Geertruida Maria van",1922,drawing (visual work),10783267,only excluded placeholder lrefs available: 10783267
166468,"Moreelse, Paulus",1619,painting,10783267,only excluded placeholder lrefs available: 10783267
166469,"Key, Willem",1563,painting,10783267,only excluded placeholder lrefs available: 10783267
166532,"Teixeira de Mattos, Henri",1871,sculpture,10783267,only excluded placeholder lrefs available: 10783267
166556,"Moreelse, Paulus",1632,painting,10783267,only excluded placeholder lrefs available: 10783267
166580,"Moreelse, Paulus",1618,painting,10783267,only excluded placeholder lrefs available: 10783267
166583,"Moreelse, Paulus",1636,painting,10783267,only excluded placeholder lrefs available: 10783267
166584,"Moreelse, Paulus",1586,painting,10783267,only excluded placeholder lrefs available: 10783267
166586,"Moreelse, Paulus",1586,painting,10783267,only excluded placeholder lrefs available: 10783267
166589,"Moreelse, Paulus",1586,painting,10783267,only excluded placeholder lrefs available: 10783267
166590,"Moreelse, Paulus",1586,painting,10783267,only excluded placeholder lrefs available: 10783267
166591,"Moreelse, Paulus",1586,painting,10783267,only excluded placeholder lrefs available: 10783267
166592,"Moreelse, Paulus",1586,painting,10783267,only excluded placeholder lrefs available: 10783267
166593,"Moreelse, Paulus",1586,painting,10783267,only excluded placeholder lrefs available: 10783267
166594,"Moreelse, Paulus",1586,painting,10783267,only excluded placeholder lrefs available: 10783267
166596,"Moreelse, Paulus",1586,painting,10783267,only excluded placeholder lrefs available: 10783267
166598,"Moreelse, Paulus",1586,painting,10783267,only excluded placeholder lrefs available: 10783267
166599,"Moreelse, Paulus",1586,painting,10783267,only excluded placeholder lrefs available: 10783267
166607,Anoniem,1918,painting,10783267,only excluded placeholder lrefs available: 10783267
166610,"Mierevelt, Michiel van",1617,painting,10783267,only excluded placeholder lrefs available: 10783267
166649,Anoniem,1670,painting,10783267,only excluded placeholder lrefs available: 10783267
166651,"Nat, Willem van der",1896,painting,10783267,only excluded placeholder lrefs available: 10783267
166652,"Moreelse, Paulus",1605,painting,10783267,only excluded placeholder lrefs available: 10783267
166654,"Moreelse, Paulus",1586,painting,10783267,only excluded placeholder lrefs available: 10783267
166657,"Moreelse, Paulus",1613,painting,10783267,only excluded placeholder lrefs available: 10783267
166660,"Mees, Herman",1959,painting,10783267,only excluded placeholder lrefs available: 10783267
166662,"Veen, Karel van",1964,painting,10783267,only excluded placeholder lrefs available: 10783267
166664,Anoniem,1825,painting,10783267,only excluded placeholder lrefs available: 10783267
166668,"Richters, Marius",1944,painting,10783267,only excluded placeholder lrefs available: 10783267
166671,Anoniem,1915,painting,10783267,only excluded placeholder lrefs available: 10783267
166672,Anoniem,1728,painting,10783267,only excluded placeholder lrefs available: 10783267
166690,"Maris, Willem (Jbzn)",1929,painting,10783267,only excluded placeholder lrefs available: 10783267
166693,"Caescoper, Christiaen",1644,painting,10783267,only excluded placeholder lrefs available: 10783267
166694,"Oldewelt, Ferdinand",1918,painting,10783267,only excluded placeholder lrefs available: 10783267
166697,"Moreelse, Paulus",1622,painting,10783267,only excluded placeholder lrefs available: 10783267
166699,"Moreelse, Paulus",1622,painting,10783267,only excluded placeholder lrefs available: 10783267
166701,"Moreelse, Paulus",1586,painting,10783267,only excluded placeholder lrefs available: 10783267
166703,"Moreelse, Paulus",1629,painting,10783267,only excluded placeholder lrefs available: 10783267
166704,"Peizel, Bart",1902,painting,10783267,only excluded placeholder lrefs available: 10783267
166705,"Moreelse, Paulus",1631,painting,10783267,only excluded placeholder lrefs available: 10783267
166706,Anoniem,1631,painting,10783267,only excluded placeholder lrefs available: 10783267
166707,"Moreelse, Paulus",1636,painting,10783267,only excluded placeholder lrefs available: 10783267
166708,Anoniem,1550,painting,10783267,only excluded placeholder lrefs available: 10783267
166710,Anoniem,1600,painting,10783267,only excluded placeholder lrefs available: 10783267
166720,"Passe, Crispijn de (I)",1579,drawing (visual work),10783267,only excluded placeholder lrefs available: 10783267
166724,"Peizel, Bart",1970,painting,10783267,only excluded placeholder lrefs available: 10783267
166725,"Nerée tot Babberich, Karel de",1895,drawing (visual work),10783267,only excluded placeholder lrefs available: 10783267
166748,"Swanenburg, Isaac Claesz. van",1570,painting,10783267,only excluded placeholder lrefs available: 10783267
166753,"Jonxis, Jan Lodewijk",1823,painting,10783267,only excluded placeholder lrefs available: 10783267
166755,Anoniem,1638,painting,10783267,only excluded placeholder lrefs available: 10783267
166756,Anoniem,1609,painting,10783267,only excluded placeholder lrefs available: 10783267
166759,"Moreelse, Paulus",1586,painting,10783267,only excluded placeholder lrefs available: 10783267
166760,"Moreelse, Paulus",1586,painting,10783267,only excluded placeholder lrefs available: 10783267
166761,"Moreelse, Paulus",1586,painting,10783267,only excluded placeholder lrefs available: 10783267
166762,"Moreelse, Paulus",1586,painting,10783267,only excluded placeholder lrefs available: 10783267
166763,"Moreelse, Paulus",1586,painting,10783267,only excluded placeholder lrefs available: 10783267
166764,"Moreelse, Paulus",1586,painting,10783267,only excluded placeholder lrefs available: 10783267
166765,"Moreelse, Paulus",1586,painting,10783267,only excluded placeholder lrefs available: 10783267
166766,"Moreelse, Paulus",1605,painting,10783267,only excluded placeholder lrefs available: 10783267
166767,"Moreelse, Paulus",1605,painting,10783267,only excluded placeholder lrefs available: 10783267
166768,"Quenedey, Edme",1771,print,10783267,only excluded placeholder lrefs available: 10783267
166772,"Stad, Willem",1888,drawing (visual work),10783267,only excluded placeholder lrefs available: 10783267
166773,Anoniem,1800,silhouette,10783267,only excluded placeholder lrefs available: 10783267
166775,"Moreelse, Paulus",1586,painting,10783267,only excluded placeholder lrefs available: 10783267
166776,"Moreelse, Paulus",1586,painting,10783267,only excluded placeholder lrefs available: 10783267
166777,"Moreelse, Paulus",1586,painting,10783267,only excluded placeholder lrefs available: 10783267
166778,"Moreelse, Paulus",1586,painting,10783267,only excluded placeholder lrefs available: 10783267
166779,"Moreelse, Paulus",1610,painting,10783267,only excluded placeholder lrefs available: 10783267
166780,"Moreelse, Paulus",1586,painting,10783267,only excluded placeholder lrefs available: 10783267
166781,"Moreelse, Paulus",1586,painting,10783267,only excluded placeholder lrefs available: 10783267
166782,"Moreelse, Paulus",1586,painting,10783267,only excluded placeholder lrefs available: 10783267
166783,"Moreelse, Paulus",1586,painting,10783267,only excluded placeholder lrefs available: 10783267
166788,"Moreelse, Paulus",1586,painting,10783267,only excluded placeholder lrefs available: 10783267
166794,"Moreelse, Paulus",1586,painting,10783267,only excluded placeholder lrefs available: 10783267
166798,"Moreelse, Paulus",1586,painting,10783267,only excluded placeholder lrefs available: 10783267
166799,"Moreelse, Paulus",1586,unknown,10783267,only excluded placeholder lrefs available: 10783267
166800,"Moreelse, Paulus",1586,painting,10783267,only excluded placeholder lrefs available: 10783267
166804,"Helmantel, Henk",1980,painting,10783267,only excluded placeholder lrefs available: 10783267
166805,"Moreelse, Paulus",1586,painting,10783267,only excluded placeholder lrefs available: 10783267
166810,Anoniem,1575,unknown,10783267,only excluded placeholder lrefs available: 10783267
166830,"Visscher, Cornelis (III)",1643,print,10783267,only excluded placeholder lrefs available: 10783267
166849,"Moreelse, Paulus",1586,painting,10783267,only excluded placeholder lrefs available: 10783267
166850,"Moreelse, Paulus",1586,painting,10783267,only excluded placeholder lrefs available: 10783267
166852,"Moreelse, Paulus",1586,painting,10783267,only excluded placeholder lrefs available: 10783267
166854,"Moreelse, Paulus",1586,painting,10783267,only excluded placeholder lrefs available: 10783267
166856,Anoniem,1610,painting,10783267,only excluded placeholder lrefs available: 10783267
166858,Anoniem,1610,painting,10783267,only excluded placeholder lrefs available: 10783267
166860,"Moreelse, Paulus",1586,painting,10783267,only excluded placeholder lrefs available: 10783267
166877,"Maes, Nicolaes",1649,painting,10783267,only excluded placeholder lrefs available: 10783267
166878,"Maes, Nicolaes",1649,painting,10783267,only excluded placeholder lrefs available: 10783267
166879,"Dijk, Philip van",1741,painting,10783267,only excluded placeholder lrefs available: 10783267
166886,"Troost, Cornelis",1711,painting,10783267,only excluded placeholder lrefs available: 10783267
166887,"Troost, Cornelis",1711,painting,10783267,only excluded placeholder lrefs available: 10783267
166888,"Troost, Cornelis",1711,painting,10783267,only excluded placeholder lrefs available: 10783267
166890,"Troost, Cornelis",1711,painting,10783267,only excluded placeholder lrefs available: 10783267
166891,"Troost, Cornelis",1711,painting,10783267,only excluded placeholder lrefs available: 10783267
166895,"Troost, Cornelis",1711,painting,10783267,only excluded placeholder lrefs available: 10783267
166910,"Verkolje, Nicolaas",1688,painting,10783267,only excluded placeholder lrefs available: 10783267
166919,"Troost, Cornelis",1711,drawing (visual work),10783267,only excluded placeholder lrefs available: 10783267
166920,"Troost, Cornelis",1711,drawing (visual work),10783267,only excluded placeholder lrefs available: 10783267
166921,"Troost, Cornelis",1711,drawing (visual work),10783267,only excluded placeholder lrefs available: 10783267
166922,"Troost, Cornelis",1711,painting,10783267,only excluded placeholder lrefs available: 10783267
166924,"Troost, Cornelis",1711,drawing (visual work),10783267,only excluded placeholder lrefs available: 10783267
166942,"Troost, Cornelis",1711,painting,10783267,only excluded placeholder lrefs available: 10783267
166945,"Troost, Cornelis",1711,drawing (visual work),10783267,only excluded placeholder lrefs available: 10783267
166947,"Troost, Cornelis",1711,unknown,10783267,only excluded placeholder lrefs available: 10783267
166951,"Troost, Cornelis",1735,painting,10783267,only excluded placeholder lrefs available: 10783267
166952,"Troost, Cornelis",1711,painting,10783267,only excluded placeholder lrefs available: 10783267
166953,"Troost, Cornelis",1711,drawing (visual work),10783267,only excluded placeholder lrefs available: 10783267
166954,"Troost, Cornelis",1711,drawing (visual work),10783267,only excluded placeholder lrefs available: 10783267
166955,"Troost, Cornelis",1711,drawing (visual work),10783267,only excluded placeholder lrefs available: 10783267
166956,"Troost, Cornelis",1711,drawing (visual work),10783267,only excluded placeholder lrefs available: 10783267
166957,"Troost, Cornelis",1711,drawing (visual work),10783267,only excluded placeholder lrefs available: 10783267
166958,"Troost, Cornelis",1711,drawing (visual work),10783267,only excluded placeholder lrefs available: 10783267
166959,"Troost, Cornelis",1711,drawing (visual work),10783267,only excluded placeholder lrefs available: 10783267
166960,"Troost, Cornelis",1711,drawing (visual work),10783267,only excluded placeholder lrefs available: 10783267
166961,"Troost, Cornelis",1739,drawing (visual work),10783267,only excluded placeholder lrefs available: 10783267
166985,"Troost, Cornelis",1743,drawing (visual work),10783267,only excluded placeholder lrefs available: 10783267
166986,"Troost, Cornelis",1711,drawing (visual work),10783267,only excluded placeholder lrefs available: 10783267
166997,"Troost, Cornelis",1711,drawing (visual work),10783267,only excluded placeholder lrefs available: 10783267
167000,"Buys, Jacobus",1739,painting,10783267,only excluded placeholder lrefs available: 10783267
167017,"Troost, Cornelis",1711,drawing (visual work),10783267,only excluded placeholder lrefs available: 10783267
167021,"Troost, Cornelis",1711,painting,10783267,only excluded placeholder lrefs available: 10783267
167022,"Troost, Cornelis",1711,drawing (visual work),10783267,only excluded placeholder lrefs available: 10783267
167024,"Troost, Cornelis",1711,painting,10783267,only excluded placeholder lrefs available: 10783267
167087,"Troost, Cornelis",1711,drawing (visual work),10783267,only excluded placeholder lrefs available: 10783267
167091,"Troost, Cornelis",1711,unknown,10783267,only excluded placeholder lrefs available: 10783267
167094,"Slijper, Hendrik Johannes",1985,painting,10783267,only excluded placeholder lrefs available: 10783267
167102,"Troost, Cornelis",1746,drawing (visual work),10783267,only excluded placeholder lrefs available: 10783267
167104,"Troost, Cornelis",1711,painting,10783267,only excluded placeholder lrefs available: 10783267
167133,"Troost, Cornelis",1711,unknown,10783267,only excluded placeholder lrefs available: 10783267
167134,"Troost, Cornelis",1711,portrait miniature,10783267,only excluded placeholder lrefs available: 10783267
167135,"Troost, Cornelis",1711,drawing (visual work),10783267,only excluded placeholder lrefs available: 10783267
167136,"Troost, Cornelis",1711,drawing (visual work),10783267,only excluded placeholder lrefs available: 10783267
167137,"Troost, Cornelis",1711,drawing (visual work),10783267,only excluded placeholder lrefs available: 10783267
167147,"Troost, Cornelis",1711,drawing (visual work),10783267,only excluded placeholder lrefs available: 10783267
167152,"Troost, Cornelis",1711,drawing (visual work),10783267,only excluded placeholder lrefs available: 10783267
167187,"Troost, Cornelis",1711,drawing (visual work),10783267,only excluded placeholder lrefs available: 10783267
167188,"Troost, Cornelis",1711,drawing (visual work),10783267,only excluded placeholder lrefs available: 10783267
167190,"Troost, Cornelis",1711,drawing (visual work),10783267,only excluded placeholder lrefs available: 10783267
167191,"Troost, Cornelis",1711,drawing (visual work),10783267,only excluded placeholder lrefs available: 10783267
167194,"Troost, Cornelis",1711,drawing (visual work),10783267,only excluded placeholder lrefs available: 10783267
167195,"Troost, Cornelis",1711,drawing (visual work),10783267,only excluded placeholder lrefs available: 10783267
167196,"Troost, Cornelis",1711,drawing (visual work),10783267,only excluded placeholder lrefs available: 10783267
167197,"Troost, Cornelis",1711,drawing (visual work),10783267,only excluded placeholder lrefs available: 10783267
167216,"Troost, Cornelis",1711,painting,10783267,only excluded placeholder lrefs available: 10783267
167217,"Troost, Cornelis",1711,painting,10783267,only excluded placeholder lrefs available: 10783267
167219,"Troost, Cornelis",1711,drawing (visual work),10783267,only excluded placeholder lrefs available: 10783267
167221,"Troost, Cornelis",1711,drawing (visual work),10783267,only excluded placeholder lrefs available: 10783267
167223,"Troost, Cornelis",1711,drawing (visual work),10783267,only excluded placeholder lrefs available: 10783267
167225,"Troost, Cornelis",1711,painting,10783267,only excluded placeholder lrefs available: 10783267
167232,"Troost, Cornelis",1711,drawing (visual work),10783267,only excluded placeholder lrefs available: 10783267
167257,"Troost, Cornelis",1711,drawing (visual work),10783267,only excluded placeholder lrefs available: 10783267
167258,"Troost, Cornelis",1711,painting,10783267,only excluded placeholder lrefs available: 10783267
167259,"Troost, Cornelis",1711,painting,10783267,only excluded placeholder lrefs available: 10783267
167269,"Troost, Cornelis",1711,painting,10783267,only excluded placeholder lrefs available: 10783267
167270,"Troost, Cornelis",1711,painting,10783267,only excluded placeholder lrefs available: 10783267
167290,"Haak, Jan",1825,painting,10783267,only excluded placeholder lrefs available: 10783267
167291,"Haak, Jan",1846,painting,10783267,only excluded placeholder lrefs available: 10783267
167295,"Spinny, Guillaume de",1736,painting,10783267,only excluded placeholder lrefs available: 10783267
167306,"Troost, Cornelis",1711,painting,10783267,only excluded placeholder lrefs available: 10783267
167312,"Troost, Cornelis",1743,drawing (visual work),10783267,only excluded placeholder lrefs available: 10783267
167325,"Troost, Cornelis",1711,drawing (visual work),10783267,only excluded placeholder lrefs available: 10783267
167327,"Troost, Cornelis",1711,painting,10783267,only excluded placeholder lrefs available: 10783267
167328,"Troost, Cornelis",1737,painting,10783267,only excluded placeholder lrefs available: 10783267
167330,"Troost, Cornelis",1711,painting,10783267,only excluded placeholder lrefs available: 10783267
167384,"Troost, Cornelis",1711,painting,10783267,only excluded placeholder lrefs available: 10783267
167397,"Troost, Cornelis",1711,painting,10783267,only excluded placeholder lrefs available: 10783267
167452,"Spoel, Jacob",1861,painting,10783267,only excluded placeholder lrefs available: 10783267
167468,Anoniem,1350,painting,10783267,only excluded placeholder lrefs available: 10783267
167469,Anoniem,1650,painting,10783267,only excluded placeholder lrefs available: 10783267
167470,Anoniem,1625,painting,10783267,only excluded placeholder lrefs available: 10783267
167497,Anoniem,1775,portrait miniature,10783267,only excluded placeholder lrefs available: 10783267
167519,"Helmantel, Henk",1968,painting,10783267,only excluded placeholder lrefs available: 10783267
167540,Anoniem,1886,print,10783267,only excluded placeholder lrefs available: 10783267
167543,"Veth, Jan",1879,unknown,10783267,only excluded placeholder lrefs available: 10783267
167544,"Stelling, Frans",1951,sculpture,10783267,only excluded placeholder lrefs available: 10783267
167545,Anoniem,1875,drawing (visual work),10783267,only excluded placeholder lrefs available: 10783267
167556,"Hove, Bart van",1865,sculpture,10783267,only excluded placeholder lrefs available: 10783267
167558,"Hesterman, Johannes Albertus (jr.)",1902,painting,10783267,only excluded placeholder lrefs available: 10783267
167580,"Kayser, Joseph",1818,drawing (visual work),10783267,only excluded placeholder lrefs available: 10783267
167581,"Kayser, Joseph",1818,drawing (visual work),10783267,only excluded placeholder lrefs available: 10783267
167600,"Lutma, Jacob",1639,reproductive print,10783267,only excluded placeholder lrefs available: 10783267
167665,"Bohres, Theodorus",1833,drawing (visual work),10783267,only excluded placeholder lrefs available: 10783267
167672,"Bohres, Theodorus",1834,drawing (visual work),10783267,only excluded placeholder lrefs available: 10783267
167673,"Bohres, Theodorus",1834,drawing (visual work),10783267,only excluded placeholder lrefs available: 10783267
167675,"Bohres, Theodorus",1834,drawing (visual work),10783267,only excluded placeholder lrefs available: 10783267
167676,"Bohres, Theodorus",1836,drawing (visual work),10783267,only excluded placeholder lrefs available: 10783267
167679,"Bohres, Theodorus",1834,drawing (visual work),10783267,only excluded placeholder lrefs available: 10783267
167680,"Bohres, Theodorus",1815,drawing (visual work),10783267,only excluded placeholder lrefs available: 10783267
167682,"Bohres, Theodorus",1815,drawing (visual work),10783267,only excluded placeholder lrefs available: 10783267
167683,"Bohres, Theodorus",1815,drawing (visual work),10783267,only excluded placeholder lrefs available: 10783267
167684,"Bohres, Theodorus",1815,drawing (visual work),10783267,only excluded placeholder lrefs available: 10783267
167689,"Bohres, Theodorus",1815,drawing (visual work),10783267,only excluded placeholder lrefs available: 10783267
167698,"Bohres, Theodorus",1823,drawing (visual work),10783267,only excluded placeholder lrefs available: 10783267
167699,"Bohres, Theodorus",1823,drawing (visual work),10783267,only excluded placeholder lrefs available: 10783267
167700,"Bohres, Theodorus",1816,drawing (visual work),10783267,only excluded placeholder lrefs available: 10783267
167701,"Bohres, Theodorus",1816,drawing (visual work),10783267,only excluded placeholder lrefs available: 10783267
167702,"Bohres, Theodorus",1816,drawing (visual work),10783267,only excluded placeholder lrefs available: 10783267
167703,"Bohres, Theodorus",1833,drawing (visual work),10783267,only excluded placeholder lrefs available: 10783267
167704,"Bohres, Theodorus",1833,drawing (visual work),10783267,only excluded placeholder lrefs available: 10783267
167706,"Bohres, Theodorus",1815,drawing (visual work),10783267,only excluded placeholder lrefs available: 10783267
167707,"Bohres, Theodorus",1815,drawing (visual work),10783267,only excluded placeholder lrefs available: 10783267
167756,"Damry, Walter",1860,carte-de-visite,10783267,only excluded placeholder lrefs available: 10783267
167758,"Bohres, Theodorus",1800,drawing (visual work),10783267,only excluded placeholder lrefs available: 10783267
167760,"Bohres, Theodorus",1800,drawing (visual work),10783267,only excluded placeholder lrefs available: 10783267
167762,"Bohres, Theodorus",1800,drawing (visual work),10783267,only excluded placeholder lrefs available: 10783267
167763,"Bohres, Theodorus",1800,drawing (visual work),10783267,only excluded placeholder lrefs available: 10783267
167764,"Bohres, Theodorus",1800,drawing (visual work),10783267,only excluded placeholder lrefs available: 10783267
167765,"Bohres, Theodorus",1800,drawing (visual work),10783267,only excluded placeholder lrefs available: 10783267
167766,"Bohres, Theodorus",1815,painting,10783267,only excluded placeholder lrefs available: 10783267
167767,"Bohres, Theodorus",1815,painting,10783267,only excluded placeholder lrefs available: 10783267
167769,"Bohres, Theodorus",1815,drawing (visual work),10783267,only excluded placeholder lrefs available: 10783267
167770,"Bohres, Theodorus",1827,drawing (visual work),10783267,only excluded placeholder lrefs available: 10783267
167771,"Bohres, Theodorus",1827,drawing (visual work),10783267,only excluded placeholder lrefs available: 10783267
167772,"Bohres, Theodorus",1827,drawing (visual work),10783267,only excluded placeholder lrefs available: 10783267
167832,"Pourbus, Pieter",1581,painting,10783267,only excluded placeholder lrefs available: 10783267
167833,"Kunst, Berend",1825,drawing (visual work),10783267,only excluded placeholder lrefs available: 10783267
167834,"Kunst, Berend",1825,drawing (visual work),10783267,only excluded placeholder lrefs available: 10783267
167835,"Kunst, Berend",1849,drawing (visual work),10783267,only excluded placeholder lrefs available: 10783267
167846,"Ket, Dick",1924,drawing (visual work),10783267,only excluded placeholder lrefs available: 10783267
167863,"Kunst, Berend",1828,drawing (visual work),10783267,only excluded placeholder lrefs available: 10783267
167866,"Kunst, Berend",1828,drawing (visual work),10783267,only excluded placeholder lrefs available: 10783267
167867,"Kunst, Berend",1828,drawing (visual work),10783267,only excluded placeholder lrefs available: 10783267
167869,"Kunst, Berend",1830,drawing (visual work),10783267,only excluded placeholder lrefs available: 10783267
167871,"Kunst, Berend",1830,drawing (visual work),10783267,only excluded placeholder lrefs available: 10783267
167872,"Kunst, Berend",1830,drawing (visual work),10783267,only excluded placeholder lrefs available: 10783267
167874,"Kunst, Berend",1830,drawing (visual work),10783267,only excluded placeholder lrefs available: 10783267
167887,Anoniem,1950,drawing (visual work),10783267,only excluded placeholder lrefs available: 10783267
167910,"Kunst, Berend",1835,drawing (visual work),10783267,only excluded placeholder lrefs available: 10783267
167911,"Hartmann-Hendriks, Martha",1835,drawing (visual work),10783267,only excluded placeholder lrefs available: 10783267
167912,"Kunst, Berend",1836,drawing (visual work),10783267,only excluded placeholder lrefs available: 10783267
167922,"Kunst, Berend",1837,drawing (visual work),10783267,only excluded placeholder lrefs available: 10783267
167923,"Kunst, Berend",1837,drawing (visual work),10783267,only excluded placeholder lrefs available: 10783267
167924,"Kunst, Berend",1837,drawing (visual work),10783267,only excluded placeholder lrefs available: 10783267
167925,"Kunst, Berend",1837,drawing (visual work),10783267,only excluded placeholder lrefs available: 10783267
167927,"Kunst, Berend",1837,drawing (visual work),10783267,only excluded placeholder lrefs available: 10783267
167930,"Kunst, Berend",1837,drawing (visual work),10783267,only excluded placeholder lrefs available: 10783267
167931,"Kunst, Berend",1837,drawing (visual work),10783267,only excluded placeholder lrefs available: 10783267
167932,"Kunst, Berend",1837,drawing (visual work),10783267,only excluded placeholder lrefs available: 10783267
167933,"Kunst, Berend",1837,drawing (visual work),10783267,only excluded placeholder lrefs available: 10783267
167934,"Kunst, Berend",1837,drawing (visual work),10783267,only excluded placeholder lrefs available: 10783267
167935,"Kunst, Berend",1837,drawing (visual work),10783267,only excluded placeholder lrefs available: 10783267
167936,"Kunst, Berend",1838,drawing (visual work),10783267,only excluded placeholder lrefs available: 10783267
167937,"Kunst, Berend",1838,drawing (visual work),10783267,only excluded placeholder lrefs available: 10783267
167938,"Kunst, Berend",1838,drawing (visual work),10783267,only excluded placeholder lrefs available: 10783267
167939,"Kunst, Berend",1838,drawing (visual work),10783267,only excluded placeholder lrefs available: 10783267
167940,"Kunst, Berend",1838,drawing (visual work),10783267,only excluded placeholder lrefs available: 10783267
167974,"Kunst, Berend",1838,drawing (visual work),10783267,only excluded placeholder lrefs available: 10783267
167975,"Kunst, Berend",1838,drawing (visual work),10783267,only excluded placeholder lrefs available: 10783267
167976,"Kunst, Berend",1838,drawing (visual work),10783267,only excluded placeholder lrefs available: 10783267
167977,"Kunst, Berend",1838,drawing (visual work),10783267,only excluded placeholder lrefs available: 10783267
167978,"Kunst, Berend",1838,drawing (visual work),10783267,only excluded placeholder lrefs available: 10783267
167979,"Kunst, Berend",1838,drawing (visual work),10783267,only excluded placeholder lrefs available: 10783267
167980,"Kunst, Berend",1838,drawing (visual work),10783267,only excluded placeholder lrefs available: 10783267
167992,"Kunst, Berend",1840,drawing (visual work),10783267,only excluded placeholder lrefs available: 10783267
167994,"Kunst, Berend",1809,drawing (visual work),10783267,only excluded placeholder lrefs available: 10783267
167995,"Kunst, Berend",1840,drawing (visual work),10783267,only excluded placeholder lrefs available: 10783267
167996,"Kunst, Berend",1809,drawing (visual work),10783267,only excluded placeholder lrefs available: 10783267
168001,"Kunst, Berend",1840,drawing (visual work),10783267,only excluded placeholder lrefs available: 10783267
168003,"Kunst, Berend",1840,drawing (visual work),10783267,only excluded placeholder lrefs available: 10783267
168005,"Kunst, Berend",1840,drawing (visual work),10783267,only excluded placeholder lrefs available: 10783267
168007,"Kunst, Berend",1840,drawing (visual work),10783267,only excluded placeholder lrefs available: 10783267
168010,"Kunst, Berend",1840,drawing (visual work),10783267,only excluded placeholder lrefs available: 10783267
168011,"Kunst, Berend",1840,drawing (visual work),10783267,only excluded placeholder lrefs available: 10783267
168013,"Kunst, Berend",1840,drawing (visual work),10783267,only excluded placeholder lrefs available: 10783267
168014,"Kunst, Berend",1840,drawing (visual work),10783267,only excluded placeholder lrefs available: 10783267
168015,"Kunst, Berend",1840,drawing (visual work),10783267,only excluded placeholder lrefs available: 10783267
168016,"Kunst, Berend",1840,drawing (visual work),10783267,only excluded placeholder lrefs available: 10783267
168018,"Kunst, Berend",1840,drawing (visual work),10783267,only excluded placeholder lrefs available: 10783267
168019,"Kunst, Berend",1840,drawing (visual work),10783267,only excluded placeholder lrefs available: 10783267
168020,"Kunst, Berend",1840,drawing (visual work),10783267,only excluded placeholder lrefs available: 10783267
168021,"Kunst, Berend",1840,drawing (visual work),10783267,only excluded placeholder lrefs available: 10783267
168022,"Kunst, Berend",1840,drawing (visual work),10783267,only excluded placeholder lrefs available: 10783267
168023,"Kunst, Berend",1840,drawing (visual work),10783267,only excluded placeholder lrefs available: 10783267
168024,"Kunst, Berend",1840,drawing (visual work),10783267,only excluded placeholder lrefs available: 10783267
168025,"Pallandt, Charlotte van",1959,sculpture,10783267,only excluded placeholder lrefs available: 10783267
168027,"Pallandt, Charlotte van",1968,sculpture,10783267,only excluded placeholder lrefs available: 10783267
168043,"Hodges, Charles Howard",1779,drawing (visual work),10783267,only excluded placeholder lrefs available: 10783267
168059,"Kunst, Berend",1841,drawing (visual work),10783267,only excluded placeholder lrefs available: 10783267
168060,"Kunst, Berend",1841,drawing (visual work),10783267,only excluded placeholder lrefs available: 10783267
168061,"Kunst, Berend",1841,drawing (visual work),10783267,only excluded placeholder lrefs available: 10783267
168062,"Kunst, Berend",1842,drawing (visual work),10783267,only excluded placeholder lrefs available: 10783267
168063,"Kunst, Berend",1842,drawing (visual work),10783267,only excluded placeholder lrefs available: 10783267
168064,"Kunst, Berend",1842,drawing (visual work),10783267,only excluded placeholder lrefs available: 10783267
168065,"Kunst, Berend",1842,drawing (visual work),10783267,only excluded placeholder lrefs available: 10783267
168071,"Hund, Cor",1939,drawing (visual work),10783267,only excluded placeholder lrefs available: 10783267
168072,"Hund, Cor",1937,drawing (visual work),10783267,only excluded placeholder lrefs available: 10783267
168074,"Kunst, Berend",1844,drawing (visual work),10783267,only excluded placeholder lrefs available: 10783267
168075,"Kunst, Berend",1844,drawing (visual work),10783267,only excluded placeholder lrefs available: 10783267
168076,"Kunst, Berend",1844,drawing (visual work),10783267,only excluded placeholder lrefs available: 10783267
168077,"Kunst, Berend",1844,drawing (visual work),10783267,only excluded placeholder lrefs available: 10783267
168078,"Kunst, Berend",1844,drawing (visual work),10783267,only excluded placeholder lrefs available: 10783267
168081,"Kunst, Berend",1847,drawing (visual work),10783267,only excluded placeholder lrefs available: 10783267
168082,"Kunst, Berend",1847,drawing (visual work),10783267,only excluded placeholder lrefs available: 10783267
168083,"Kunst, Berend",1847,drawing (visual work),10783267,only excluded placeholder lrefs available: 10783267
168085,"Kunst, Berend",1848,drawing (visual work),10783267,only excluded placeholder lrefs available: 10783267
168086,"Kunst, Berend",1848,drawing (visual work),10783267,only excluded placeholder lrefs available: 10783267
168087,"Kunst, Berend",1848,drawing (visual work),10783267,only excluded placeholder lrefs available: 10783267
168089,"Kunst, Berend",1848,drawing (visual work),10783267,only excluded placeholder lrefs available: 10783267
168095,"Kunst, Berend",1848,drawing (visual work),10783267,only excluded placeholder lrefs available: 10783267
168125,"Kunst, Berend",1848,drawing (visual work),10783267,only excluded placeholder lrefs available: 10783267
168126,"Kunst, Berend",1848,drawing (visual work),10783267,only excluded placeholder lrefs available: 10783267
168127,"Kunst, Berend",1848,drawing (visual work),10783267,only excluded placeholder lrefs available: 10783267
168130,"Kunst, Berend",1849,drawing (visual work),10783267,only excluded placeholder lrefs available: 10783267
168131,"Kunst, Berend",1849,drawing (visual work),10783267,only excluded placeholder lrefs available: 10783267
168136,"Kunst, Berend",1851,drawing (visual work),10783267,only excluded placeholder lrefs available: 10783267
168137,"Kunst, Berend",1851,drawing (visual work),10783267,only excluded placeholder lrefs available: 10783267
168138,"Kunst, Berend",1852,drawing (visual work),10783267,only excluded placeholder lrefs available: 10783267
168139,"Kunst, Berend",1809,drawing (visual work),10783267,only excluded placeholder lrefs available: 10783267
168140,"Kunst, Berend",1809,drawing (visual work),10783267,only excluded placeholder lrefs available: 10783267
168141,"Kunst, Berend",1809,drawing (visual work),10783267,only excluded placeholder lrefs available: 10783267
168147,"Kunst, Berend",1852,drawing (visual work),10783267,only excluded placeholder lrefs available: 10783267
168150,"Kunst, Berend",1852,drawing (visual work),10783267,only excluded placeholder lrefs available: 10783267
168153,"Kunst, Berend",1852,drawing (visual work),10783267,only excluded placeholder lrefs available: 10783267
168169,"Kunst, Berend",1853,drawing (visual work),10783267,only excluded placeholder lrefs available: 10783267
168170,"Kunst, Berend",1853,drawing (visual work),10783267,only excluded placeholder lrefs available: 10783267
168171,"Kunst, Berend",1853,drawing (visual work),10783267,only excluded placeholder lrefs available: 10783267
168172,"Kunst, Berend",1853,drawing (visual work),10783267,only excluded placeholder lrefs available: 10783267
168173,"Kunst, Berend",1853,drawing (visual work),10783267,only excluded placeholder lrefs available: 10783267
168174,"Kunst, Berend",1853,drawing (visual work),10783267,only excluded placeholder lrefs available: 10783267
168175,"Kunst, Berend",1853,drawing (visual work),10783267,only excluded placeholder lrefs available: 10783267
168176,"Kunst, Berend",1853,drawing (visual work),10783267,only excluded placeholder lrefs available: 10783267
168177,"Kunst, Berend",1853,drawing (visual work),10783267,only excluded placeholder lrefs available: 10783267
168178,"Kunst, Berend",1853,drawing (visual work),10783267,only excluded placeholder lrefs available: 10783267
168179,"Kunst, Berend",1853,drawing (visual work),10783267,only excluded placeholder lrefs available: 10783267
168180,"Kunst, Berend",1853,drawing (visual work),10783267,only excluded placeholder lrefs available: 10783267
168181,"Kunst, Berend",1853,drawing (visual work),10783267,only excluded placeholder lrefs available: 10783267
168182,"Kunst, Berend",1853,drawing (visual work),10783267,only excluded placeholder lrefs available: 10783267
168183,"Kunst, Berend",1853,drawing (visual work),10783267,only excluded placeholder lrefs available: 10783267
168213,"Kunst, Berend",1854,drawing (visual work),10783267,only excluded placeholder lrefs available: 10783267
168215,"Kunst, Berend",1854,drawing (visual work),10783267,only excluded placeholder lrefs available: 10783267
168220,"Kunst, Berend",1854,drawing (visual work),10783267,only excluded placeholder lrefs available: 10783267
168221,"Kunst, Berend",1854,drawing (visual work),10783267,only excluded placeholder lrefs available: 10783267
168225,"Kunst, Berend",1855,drawing (visual work),10783267,only excluded placeholder lrefs available: 10783267
168228,"Kunst, Berend",1855,drawing (visual work),10783267,only excluded placeholder lrefs available: 10783267
168230,"Kunst, Berend",1855,drawing (visual work),10783267,only excluded placeholder lrefs available: 10783267
168232,"Kunst, Berend",1855,drawing (visual work),10783267,only excluded placeholder lrefs available: 10783267
168235,"Kunst, Berend",1855,drawing (visual work),10783267,only excluded placeholder lrefs available: 10783267
168238,"Kunst, Berend",1855,drawing (visual work),10783267,only excluded placeholder lrefs available: 10783267
168242,"Kunst, Berend",1857,drawing (visual work),10783267,only excluded placeholder lrefs available: 10783267
168245,"Kunst, Berend",1857,drawing (visual work),10783267,only excluded placeholder lrefs available: 10783267
168246,"Kunst, Berend",1857,drawing (visual work),10783267,only excluded placeholder lrefs available: 10783267
168284,"Kunst, Berend",1854,drawing (visual work),10783267,only excluded placeholder lrefs available: 10783267
168286,"Kunst, Berend",1854,drawing (visual work),10783267,only excluded placeholder lrefs available: 10783267
168287,"Kunst, Berend",1857,drawing (visual work),10783267,only excluded placeholder lrefs available: 10783267
168288,"Kunst, Berend",1857,drawing (visual work),10783267,only excluded placeholder lrefs available: 10783267
168289,"Kunst, Berend",1857,drawing (visual work),10783267,only excluded placeholder lrefs available: 10783267
168290,"Kunst, Berend",1857,drawing (visual work),10783267,only excluded placeholder lrefs available: 10783267
168291,"Kunst, Berend",1857,drawing (visual work),10783267,only excluded placeholder lrefs available: 10783267
168292,"Kunst, Berend",1857,drawing (visual work),10783267,only excluded placeholder lrefs available: 10783267
168293,"Kunst, Berend",1809,drawing (visual work),10783267,only excluded placeholder lrefs available: 10783267
168297,"Kunst, Berend",1857,drawing (visual work),10783267,only excluded placeholder lrefs available: 10783267
168298,"Kunst, Berend",1858,drawing (visual work),10783267,only excluded placeholder lrefs available: 10783267
168299,"Kunst, Berend",1858,drawing (visual work),10783267,only excluded placeholder lrefs available: 10783267
168307,"Kunst, Berend",1858,drawing (visual work),10783267,only excluded placeholder lrefs available: 10783267
168308,"Kunst, Berend",1858,drawing (visual work),10783267,only excluded placeholder lrefs available: 10783267
168309,"Kunst, Berend",1859,drawing (visual work),10783267,only excluded placeholder lrefs available: 10783267
168310,"Kunst, Berend",1859,drawing (visual work),10783267,only excluded placeholder lrefs available: 10783267
168311,"Kunst, Berend",1859,drawing (visual work),10783267,only excluded placeholder lrefs available: 10783267
168313,"Kunst, Berend",1859,drawing (visual work),10783267,only excluded placeholder lrefs available: 10783267
168316,"Kunst, Berend",1860,drawing (visual work),10783267,only excluded placeholder lrefs available: 10783267
168318,"Kunst, Berend",1860,drawing (visual work),10783267,only excluded placeholder lrefs available: 10783267
168321,"Kunst, Berend",1860,drawing (visual work),10783267,only excluded placeholder lrefs available: 10783267
168323,"Kunst, Berend",1860,drawing (visual work),10783267,only excluded placeholder lrefs available: 10783267
168324,"Wittkamp, Johan Bernhard",1835,painting,10783267,only excluded placeholder lrefs available: 10783267
168325,"Kunst, Berend",1860,drawing (visual work),10783267,only excluded placeholder lrefs available: 10783267
168326,"Kunst, Berend",1860,drawing (visual work),10783267,only excluded placeholder lrefs available: 10783267
168333,"Kunst, Berend",1860,drawing (visual work),10783267,only excluded placeholder lrefs available: 10783267
168334,"Kunst, Berend",1860,drawing (visual work),10783267,only excluded placeholder lrefs available: 10783267
168335,"Kunst, Berend",1860,drawing (visual work),10783267,only excluded placeholder lrefs available: 10783267
168336,"Kunst, Berend",1860,drawing (visual work),10783267,only excluded placeholder lrefs available: 10783267
168338,"Kunst, Berend",1861,drawing (visual work),10783267,only excluded placeholder lrefs available: 10783267
168341,"Kunst, Berend",1861,drawing (visual work),10783267,only excluded placeholder lrefs available: 10783267
168374,"Verkade, Kees",1986,sculpture,10783267,only excluded placeholder lrefs available: 10783267
168377,"Kunst, Berend",1809,drawing (visual work),10783267,only excluded placeholder lrefs available: 10783267
168379,"Kunst, Berend",1862,drawing (visual work),10783267,only excluded placeholder lrefs available: 10783267
168380,"Kunst, Berend",1862,drawing (visual work),10783267,only excluded placeholder lrefs available: 10783267
168381,"Kunst, Berend",1862,drawing (visual work),10783267,only excluded placeholder lrefs available: 10783267
168382,"Kunst, Berend",1862,drawing (visual work),10783267,only excluded placeholder lrefs available: 10783267
168383,"Kunst, Berend",1862,drawing (visual work),10783267,only excluded placeholder lrefs available: 10783267
168384,"Kunst, Berend",1862,drawing (visual work),10783267,only excluded placeholder lrefs available: 10783267
168385,"Kunst, Berend",1868,drawing (visual work),10783267,only excluded placeholder lrefs available: 10783267
168389,"Kunst, Berend",1862,drawing (visual work),10783267,only excluded placeholder lrefs available: 10783267
168390,"Kunst, Berend",1862,drawing (visual work),10783267,only excluded placeholder lrefs available: 10783267
168392,"Kunst, Berend",1809,drawing (visual work),10783267,only excluded placeholder lrefs available: 10783267
168394,"Kunst, Berend",1868,drawing (visual work),10783267,only excluded placeholder lrefs available: 10783267
168395,"Kunst, Berend",1868,drawing (visual work),10783267,only excluded placeholder lrefs available: 10783267
168396,"Kunst, Berend",1868,drawing (visual work),10783267,only excluded placeholder lrefs available: 10783267
168397,Anoniem,1860,sculpture,10783267,only excluded placeholder lrefs available: 10783267
168398,"Ludwig, Louis",1916,sculpture,10783267,only excluded placeholder lrefs available: 10783267
168399,Anoniem,1887,painting,10783267,only excluded placeholder lrefs available: 10783267
168400,Anoniem,1910,sculpture,10783267,only excluded placeholder lrefs available: 10783267
168403,"Net, Gerrit van 't",1925,drawing (visual work),10783267,only excluded placeholder lrefs available: 10783267
168404,"Matham, Theodor",1620,print,10783267,only excluded placeholder lrefs available: 10783267
168406,"Zijlvelt, Anthony van",1652,print,10783267,only excluded placeholder lrefs available: 10783267
168408,"Smalhout, Elias",1904,print,10783267,only excluded placeholder lrefs available: 10783267
168414,Anoniem,1650,painting,10783267,only excluded placeholder lrefs available: 10783267
168415,Anoniem,1680,print,10783267,only excluded placeholder lrefs available: 10783267
168416,"Croix, Isaac de la",1783,drawing (visual work),10783267,only excluded placeholder lrefs available: 10783267
168420,"Kunst, Berend",1869,drawing (visual work),10783267,only excluded placeholder lrefs available: 10783267
168421,"Kunst, Berend",1869,drawing (visual work),10783267,only excluded placeholder lrefs available: 10783267
168422,"Kunst, Berend",1809,drawing (visual work),10783267,only excluded placeholder lrefs available: 10783267
168423,"Kunst, Berend",1809,drawing (visual work),10783267,only excluded placeholder lrefs available: 10783267
168424,"Kunst, Berend",1869,drawing (visual work),10783267,only excluded placeholder lrefs available: 10783267
168426,"Kunst, Berend",1869,drawing (visual work),10783267,only excluded placeholder lrefs available: 10783267
168427,"Kunst, Berend",1869,drawing (visual work),10783267,only excluded placeholder lrefs available: 10783267
168429,"Kunst, Berend",1869,drawing (visual work),10783267,only excluded placeholder lrefs available: 10783267
168430,"Kunst, Berend",1869,drawing (visual work),10783267,only excluded placeholder lrefs available: 10783267
168431,"Kunst, Berend",1870,drawing (visual work),10783267,only excluded placeholder lrefs available: 10783267
168432,"Kunst, Berend",1870,drawing (visual work),10783267,only excluded placeholder lrefs available: 10783267
168433,"Kunst, Berend",1870,drawing (visual work),10783267,only excluded placeholder lrefs available: 10783267
168443,Anoniem,1807,painting,10783267,only excluded placeholder lrefs available: 10783267
168444,Anoniem,1818,painting,10783267,only excluded placeholder lrefs available: 10783267
168445,Anoniem,1811,painting,10783267,only excluded placeholder lrefs available: 10783267
168447,Anoniem,1788,painting,10783267,only excluded placeholder lrefs available: 10783267
168448,Anoniem,1775,painting,10783267,only excluded placeholder lrefs available: 10783267
168476,Anoniem,1825,painting,10783267,only excluded placeholder lrefs available: 10783267
168502,Anoniem,1650,portrait miniature,10783267,only excluded placeholder lrefs available: 10783267
168632,"Hoog, Bernard de",1900,painting,10783267,only excluded placeholder lrefs available: 10783267
168638,Anoniem,1650,sculpture,10783267,only excluded placeholder lrefs available: 10783267
168639,Anoniem,1650,sculpture,10783267,only excluded placeholder lrefs available: 10783267
168763,"Krabbé, Heinrich Martin",1896,painting,10783267,only excluded placeholder lrefs available: 10783267
168801,"Israels, Isaac",1880,painting,10783267,only excluded placeholder lrefs available: 10783267
168802,"Israels, Isaac",1880,painting,10783267,only excluded placeholder lrefs available: 10783267
168879,"Schepp, Johann Heinrich",1775,relief,10783267,only excluded placeholder lrefs available: 10783267
168880,"Schepp, Johann Heinrich",1775,relief,10783267,only excluded placeholder lrefs available: 10783267
168881,"Schepp, Johann Heinrich",1751,relief,10783267,only excluded placeholder lrefs available: 10783267
168882,"Schepp, Johann Heinrich",1775,relief,10783267,only excluded placeholder lrefs available: 10783267
168883,"Schepp, Johann Heinrich",1751,relief,10783267,only excluded placeholder lrefs available: 10783267
168884,"Schepp, Johann Heinrich",1775,relief,10783267,only excluded placeholder lrefs available: 10783267
168885,"Schepp, Johann Heinrich",1775,relief,10783267,only excluded placeholder lrefs available: 10783267
168890,"Hendriks, Barend Leonardus",1850,print,10783267,only excluded placeholder lrefs available: 10783267
168900,"Sluyter, Dirk Jurriaan",1805,print,10783267,only excluded placeholder lrefs available: 10783267
168925,"Körnlein, Johannes",1734,print,10783267,only excluded placeholder lrefs available: 10783267
168950,"Pieneman, Nicolaas (1809-1860)",1830,painting,10783267,only excluded placeholder lrefs available: 10783267
169033,"Hollander, Hendrik",1838,painting,10783267,only excluded placeholder lrefs available: 10783267
169034,"Hollander, Hendrik",1838,painting,10783267,only excluded placeholder lrefs available: 10783267
169035,"Kessler, Franz",1625,painting,10783267,only excluded placeholder lrefs available: 10783267
169036,"Kessler, Franz",1620,unknown,10783267,only excluded placeholder lrefs available: 10783267
169223,"Kunst, Berend",1869,drawing (visual work),10783267,only excluded placeholder lrefs available: 10783267
169237,"Kunst, Berend",1838,drawing (visual work),10783267,only excluded placeholder lrefs available: 10783267
169325,"Kunst, Berend",1809,drawing (visual work),10783267,only excluded placeholder lrefs available: 10783267
169326,"Kunst, Berend",1809,drawing (visual work),10783267,only excluded placeholder lrefs available: 10783267
169331,"Veth, Jan",1894,drawing (visual work),10783267,only excluded placeholder lrefs available: 10783267
169332,"Veth, Jan",1894,drawing (visual work),10783267,only excluded placeholder lrefs available: 10783267
169339,"Kunst, Berend",1840,unknown,10783267,only excluded placeholder lrefs available: 10783267
169340,"Kunst, Berend",1840,unknown,10783267,only excluded placeholder lrefs available: 10783267
169349,"Kunst, Berend",1853,drawing (visual work),10783267,only excluded placeholder lrefs available: 10783267
169350,"Kunst, Berend",1853,drawing (visual work),10783267,only excluded placeholder lrefs available: 10783267
169351,"Kunst, Berend",1853,drawing (visual work),10783267,only excluded placeholder lrefs available: 10783267
169352,"Kunst, Berend",1853,drawing (visual work),10783267,only excluded placeholder lrefs available: 10783267
169353,"Kunst, Berend",1842,drawing (visual work),10783267,only excluded placeholder lrefs available: 10783267
169354,"Kunst, Berend",1842,drawing (visual work),10783267,only excluded placeholder lrefs available: 10783267
169355,"Kunst, Berend",1842,drawing (visual work),10783267,only excluded placeholder lrefs available: 10783267
169356,"Kunst, Berend",1842,drawing (visual work),10783267,only excluded placeholder lrefs available: 10783267
169357,"Kunst, Berend",1842,drawing (visual work),10783267,only excluded placeholder lrefs available: 10783267
169358,"Kunst, Berend",1842,drawing (visual work),10783267,only excluded placeholder lrefs available: 10783267
169359,"Kunst, Berend",1842,drawing (visual work),10783267,only excluded placeholder lrefs available: 10783267
169360,"Kunst, Berend",1842,drawing (visual work),10783267,only excluded placeholder lrefs available: 10783267
169361,"Kunst, Berend",1842,drawing (visual work),10783267,only excluded placeholder lrefs available: 10783267
169362,"Kunst, Berend",1842,drawing (visual work),10783267,only excluded placeholder lrefs available: 10783267
169363,"Kunst, Berend",1842,drawing (visual work),10783267,only excluded placeholder lrefs available: 10783267
169365,"Kunst, Berend",1842,drawing (visual work),10783267,only excluded placeholder lrefs available: 10783267
169366,"Kunst, Berend",1842,drawing (visual work),10783267,only excluded placeholder lrefs available: 10783267
169367,"Kunst, Berend",1842,drawing (visual work),10783267,only excluded placeholder lrefs available: 10783267
169368,"Kunst, Berend",1842,drawing (visual work),10783267,only excluded placeholder lrefs available: 10783267
169369,"Kunst, Berend",1841,drawing (visual work),10783267,only excluded placeholder lrefs available: 10783267
169370,"Kunst, Berend",1841,drawing (visual work),10783267,only excluded placeholder lrefs available: 10783267
169388,"Kunst, Berend",1857,drawing (visual work),10783267,only excluded placeholder lrefs available: 10783267
169401,"Kunst, Berend",1835,drawing (visual work),10783267,only excluded placeholder lrefs available: 10783267
169411,Anoniem,1616,painting,10783267,only excluded placeholder lrefs available: 10783267
169412,Anoniem,1350,painting,10783267,only excluded placeholder lrefs available: 10783267
169414,"Kunst, Berend",1848,drawing (visual work),10783267,only excluded placeholder lrefs available: 10783267
169421,"Kunst, Berend",1842,drawing (visual work),10783267,only excluded placeholder lrefs available: 10783267
169424,"Meulen, Pieter van der (1780-1858)",1800,print,10783267,only excluded placeholder lrefs available: 10783267
169449,"Kunst, Berend",1849,drawing (visual work),10783267,only excluded placeholder lrefs available: 10783267
169450,"Kunst, Berend",1828,drawing (visual work),10783267,only excluded placeholder lrefs available: 10783267
169451,"Kunst, Berend",1828,drawing (visual work),10783267,only excluded placeholder lrefs available: 10783267
169459,"Kunst, Berend",1828,drawing (visual work),10783267,only excluded placeholder lrefs available: 10783267
169461,"Hendriks, Barend Leonardus",1856,painting,10783267,only excluded placeholder lrefs available: 10783267
169463,"Veen, Karel van",1958,painting,10783267,only excluded placeholder lrefs available: 10783267
169465,"Croix, Pierre Frédéric de la",1724,drawing (visual work),10783267,only excluded placeholder lrefs available: 10783267
169466,"Croix, Pierre Frédéric de la",1724,drawing (visual work),10783267,only excluded placeholder lrefs available: 10783267
169472,Anoniem,1600,print,10783267,only excluded placeholder lrefs available: 10783267
169476,"Wigboldus, Anco",1915,drawing (visual work),10783267,only excluded placeholder lrefs available: 10783267
169478,Anoniem,1800,print,10783267,only excluded placeholder lrefs available: 10783267
169483,"Kunst, Berend",1845,drawing (visual work),10783267,only excluded placeholder lrefs available: 10783267
169484,"Kunst, Berend",1845,drawing (visual work),10783267,only excluded placeholder lrefs available: 10783267
169485,"Kunst, Berend",1845,drawing (visual work),10783267,only excluded placeholder lrefs available: 10783267
169490,"Kunst, Berend",1852,drawing (visual work),10783267,only excluded placeholder lrefs available: 10783267
169492,"Kunst, Berend",1859,drawing (visual work),10783267,only excluded placeholder lrefs available: 10783267
169493,"Kunst, Berend",1859,drawing (visual work),10783267,only excluded placeholder lrefs available: 10783267
169495,"Kunst, Berend",1857,drawing (visual work),10783267,only excluded placeholder lrefs available: 10783267
169496,"Kunst, Berend",1857,drawing (visual work),10783267,only excluded placeholder lrefs available: 10783267
169497,"Kunst, Berend",1865,drawing (visual work),10783267,only excluded placeholder lrefs available: 10783267
169498,"Kunst, Berend",1873,drawing (visual work),10783267,only excluded placeholder lrefs available: 10783267
169499,"Kunst, Berend",1851,drawing (visual work),10783267,only excluded placeholder lrefs available: 10783267
169500,"Kunst, Berend",1851,drawing (visual work),10783267,only excluded placeholder lrefs available: 10783267
169501,"Kunst, Berend",1809,drawing (visual work),10783267,only excluded placeholder lrefs available: 10783267
169502,"Kunst, Berend",1868,drawing (visual work),10783267,only excluded placeholder lrefs available: 10783267
169503,"Kunst, Berend",1809,drawing (visual work),10783267,only excluded placeholder lrefs available: 10783267
169504,"Kunst, Berend",1809,drawing (visual work),10783267,only excluded placeholder lrefs available: 10783267
169527,"Kunst, Berend",1852,drawing (visual work),10783267,only excluded placeholder lrefs available: 10783267
169528,"Kunst, Berend",1852,drawing (visual work),10783267,only excluded placeholder lrefs available: 10783267
169529,"Kunst, Berend",1826,drawing (visual work),10783267,only excluded placeholder lrefs available: 10783267
169530,"Kunst, Berend",1826,drawing (visual work),10783267,only excluded placeholder lrefs available: 10783267
169542,"Kunst, Berend",1828,drawing (visual work),10783267,only excluded placeholder lrefs available: 10783267
169543,"Kunst, Berend",1828,drawing (visual work),10783267,only excluded placeholder lrefs available: 10783267
169544,"Kunst, Berend",1828,drawing (visual work),10783267,only excluded placeholder lrefs available: 10783267
169546,"Kunst, Berend",1828,drawing (visual work),10783267,only excluded placeholder lrefs available: 10783267
169547,"Kunst, Berend",1870,drawing (visual work),10783267,only excluded placeholder lrefs available: 10783267
169549,"Kunst, Berend",1865,drawing (visual work),10783267,only excluded placeholder lrefs available: 10783267
169550,"Kunst, Berend",1820,drawing (visual work),10783267,only excluded placeholder lrefs available: 10783267
169551,"Kunst, Berend",1820,drawing (visual work),10783267,only excluded placeholder lrefs available: 10783267
169552,"Kunst, Berend",1875,drawing (visual work),10783267,only excluded placeholder lrefs available: 10783267
169553,"Kunst, Berend",1875,drawing (visual work),10783267,only excluded placeholder lrefs available: 10783267
169554,"Kunst, Berend",1839,drawing (visual work),10783267,only excluded placeholder lrefs available: 10783267
169558,"Kunst, Berend",1854,drawing (visual work),10783267,only excluded placeholder lrefs available: 10783267
169560,"Kunst, Berend",1854,drawing (visual work),10783267,only excluded placeholder lrefs available: 10783267
169561,"Kunst, Berend",1848,drawing (visual work),10783267,only excluded placeholder lrefs available: 10783267
169562,"Kunst, Berend",1848,drawing (visual work),10783267,only excluded placeholder lrefs available: 10783267
169606,Anoniem,1350,painting,10783267,only excluded placeholder lrefs available: 10783267
169663,"Kunst, Berend",1856,drawing (visual work),10783267,only excluded placeholder lrefs available: 10783267
169664,"Kunst, Berend",1856,drawing (visual work),10783267,only excluded placeholder lrefs available: 10783267
169665,"Kunst, Berend",1809,drawing (visual work),10783267,only excluded placeholder lrefs available: 10783267
169666,"Kunst, Berend",1809,drawing (visual work),10783267,only excluded placeholder lrefs available: 10783267
169667,"Kunst, Berend",1861,drawing (visual work),10783267,only excluded placeholder lrefs available: 10783267
169668,"Kunst, Berend",1861,drawing (visual work),10783267,only excluded placeholder lrefs available: 10783267
169669,"Kunst, Berend",1861,drawing (visual work),10783267,only excluded placeholder lrefs available: 10783267
169670,"Kunst, Berend",1861,drawing (visual work),10783267,only excluded placeholder lrefs available: 10783267
169671,"Kunst, Berend",1837,drawing (visual work),10783267,only excluded placeholder lrefs available: 10783267
169672,"Kunst, Berend",1834,painting,10783267,only excluded placeholder lrefs available: 10783267
169673,"Kunst, Berend",1830,drawing (visual work),10783267,only excluded placeholder lrefs available: 10783267
169675,"Kunst, Berend",1820,drawing (visual work),10783267,only excluded placeholder lrefs available: 10783267
169677,"Kunst, Berend",1851,drawing (visual work),10783267,only excluded placeholder lrefs available: 10783267
169678,"Kunst, Berend",1836,drawing (visual work),10783267,only excluded placeholder lrefs available: 10783267
169679,"Kunst, Berend",1809,drawing (visual work),10783267,only excluded placeholder lrefs available: 10783267
169694,"Kunst, Berend",1850,drawing (visual work),10783267,only excluded placeholder lrefs available: 10783267
169697,"Kunst, Berend",1850,drawing (visual work),10783267,only excluded placeholder lrefs available: 10783267
169706,"Kunst, Berend",1809,drawing (visual work),10783267,only excluded placeholder lrefs available: 10783267
169707,"Kunst, Berend",1827,drawing (visual work),10783267,only excluded placeholder lrefs available: 10783267
169708,"Kunst, Berend",1827,drawing (visual work),10783267,only excluded placeholder lrefs available: 10783267
169729,"Kunst, Berend",1809,drawing (visual work),10783267,only excluded placeholder lrefs available: 10783267
169730,"Kunst, Berend",1809,drawing (visual work),10783267,only excluded placeholder lrefs available: 10783267
169732,"Kunst, Berend",1840,drawing (visual work),10783267,only excluded placeholder lrefs available: 10783267
169733,"Kunst, Berend",1840,drawing (visual work),10783267,only excluded placeholder lrefs available: 10783267
169734,"Kunst, Berend",1840,drawing (visual work),10783267,only excluded placeholder lrefs available: 10783267
169735,"Kunst, Berend",1823,drawing (visual work),10783267,only excluded placeholder lrefs available: 10783267
169737,"Kunst, Berend",1823,drawing (visual work),10783267,only excluded placeholder lrefs available: 10783267
169738,"Kunst, Berend",1851,drawing (visual work),10783267,only excluded placeholder lrefs available: 10783267
169740,"Kunst, Berend",1851,drawing (visual work),10783267,only excluded placeholder lrefs available: 10783267
169742,"Kunst, Berend",1851,drawing (visual work),10783267,only excluded placeholder lrefs available: 10783267
169743,"Kunst, Berend",1849,drawing (visual work),10783267,only excluded placeholder lrefs available: 10783267
169745,"Kunst, Berend",1851,drawing (visual work),10783267,only excluded placeholder lrefs available: 10783267
169806,"Kunst, Berend",1828,drawing (visual work),10783267,only excluded placeholder lrefs available: 10783267
169807,"Kunst, Berend",1828,drawing (visual work),10783267,only excluded placeholder lrefs available: 10783267
169822,"Hartmann-Hendriks, Martha",1859,drawing (visual work),10783267,only excluded placeholder lrefs available: 10783267
169838,"Hendriks, Barend Leonardus",1856,painting,10783267,only excluded placeholder lrefs available: 10783267
169882,"Kunst, Berend",1858,drawing (visual work),10783267,only excluded placeholder lrefs available: 10783267
169883,"Kunst, Berend",1859,drawing (visual work),10783267,only excluded placeholder lrefs available: 10783267
169884,"Kunst, Berend",1859,drawing (visual work),10783267,only excluded placeholder lrefs available: 10783267
169889,"Kunst, Berend",1828,unknown,10783267,only excluded placeholder lrefs available: 10783267
169890,"Kunst, Berend",1828,unknown,10783267,only excluded placeholder lrefs available: 10783267
169908,"Pieneman, Nicolaas (1809-1860)",1824,painting,10783267,only excluded placeholder lrefs available: 10783267
169925,"Kunst, Berend",1851,drawing (visual work),10783267,only excluded placeholder lrefs available: 10783267
169982,"Ensing, Jan",1834,painting,10783267,only excluded placeholder lrefs available: 10783267
169993,"Kunst, Berend",1828,drawing (visual work),10783267,only excluded placeholder lrefs available: 10783267
169994,"Kunst, Berend",1828,drawing (visual work),10783267,only excluded placeholder lrefs available: 10783267
170043,"Kunst, Berend",1848,drawing (visual work),10783267,only excluded placeholder lrefs available: 10783267
170046,"Kunst, Berend",1853,drawing (visual work),10783267,only excluded placeholder lrefs available: 10783267
170047,"Kunst, Berend",1842,drawing (visual work),10783267,only excluded placeholder lrefs available: 10783267
170048,"Kunst, Berend",1842,drawing (visual work),10783267,only excluded placeholder lrefs available: 10783267
170049,"Kunst, Berend",1840,drawing (visual work),10783267,only excluded placeholder lrefs available: 10783267
170050,"Kunst, Berend",1840,drawing (visual work),10783267,only excluded placeholder lrefs available: 10783267
170051,"Kunst, Berend",1848,drawing (visual work),10783267,only excluded placeholder lrefs available: 10783267
170056,Anoniem,1700,painting,10783267,only excluded placeholder lrefs available: 10783267
170082,"Montauban van Swijndregt, Nicolaus",1825,drawing (visual work),10783267,only excluded placeholder lrefs available: 10783267
170084,"Hoff, Isaac van 't",1787,unknown,10783267,only excluded placeholder lrefs available: 10783267
170197,Anoniem,1725,painting,10783267,only excluded placeholder lrefs available: 10783267
170198,Anoniem,1760,painting,10783267,only excluded placeholder lrefs available: 10783267
170200,"Laar, Arnold van de",1901,painting,10783267,only excluded placeholder lrefs available: 10783267
170203,"Bogaert, Jan van den (II)",1849,painting,10783267,only excluded placeholder lrefs available: 10783267
170206,"Molengraft, Peer van den",1937,painting,10783267,only excluded placeholder lrefs available: 10783267
170207,"Molengraft, Peer van den",1937,painting,10783267,only excluded placeholder lrefs available: 10783267
170208,"Stapel, Dick",1991,painting,10783267,only excluded placeholder lrefs available: 10783267
170231,"Kruis, Jan",1989,painting,10783267,only excluded placeholder lrefs available: 10783267
170290,Anoniem,1675,drawing (visual work),10783267,only excluded placeholder lrefs available: 10783267
170291,Anoniem,1350,drawing (visual work),10783267,only excluded placeholder lrefs available: 10783267
170299,"Weegenaar, Martinus Johannes Cornelis",1892,painting,10783267,only excluded placeholder lrefs available: 10783267
170309,Anoniem,1800,unknown,10783267,only excluded placeholder lrefs available: 10783267
170313,Anoniem,1900,print,10783267,only excluded placeholder lrefs available: 10783267
170378,"Welie, Antoon van",1881,painting,10783267,only excluded placeholder lrefs available: 10783267
170391,"Citroen, Paul",1976,print,10783267,only excluded placeholder lrefs available: 10783267
170431,"Springer, Leendert",1825,print,10783267,only excluded placeholder lrefs available: 10783267
170442,"Stapel, Dick",2004,painting,10783267,only excluded placeholder lrefs available: 10783267
170448,"Stapel, Dick",2002,painting,10783267,only excluded placeholder lrefs available: 10783267
170458,"Noltee, Cor",1951,painting,10783267,only excluded placeholder lrefs available: 10783267
170511,"Stortenbeker, Pieter",1843,painting,10783267,only excluded placeholder lrefs available: 10783267
170518,"Jorissen, Liet",1932,painting,10783267,only excluded placeholder lrefs available: 10783267
170520,"Jorissen, Liet",1932,painting,10783267,only excluded placeholder lrefs available: 10783267
170525,"Maes, Nicolaes",1649,painting,10783267,only excluded placeholder lrefs available: 10783267
170563,"Cels, Cornelis",1818,painting,10783267,only excluded placeholder lrefs available: 10783267
170566,"Cels, Cornelis",1818,painting,10783267,only excluded placeholder lrefs available: 10783267
170568,"Cels, Cornelis",1818,painting,10783267,only excluded placeholder lrefs available: 10783267
170569,"Cels, Cornelis",1818,painting,10783267,only excluded placeholder lrefs available: 10783267
170588,"Lebeau, Chris",1933,painting,10783267,only excluded placeholder lrefs available: 10783267
170607,"Voskuyl, Jeroen",1929,drawing (visual work),10783267,only excluded placeholder lrefs available: 10783267
170667,"Lubbers, Wessel",1770,drawing (visual work),10783267,only excluded placeholder lrefs available: 10783267
170669,"Lubbers, Wessel",1770,drawing (visual work),10783267,only excluded placeholder lrefs available: 10783267
170672,"Lubbers, Wessel",1770,drawing (visual work),10783267,only excluded placeholder lrefs available: 10783267
170674,"Lubbers, Wessel",1770,unknown,10783267,only excluded placeholder lrefs available: 10783267
170675,"Lubbers, Wessel",1810,drawing (visual work),10783267,only excluded placeholder lrefs available: 10783267
170676,"Lubbers, Wessel",1799,drawing (visual work),10783267,only excluded placeholder lrefs available: 10783267
170677,"Lubbers, Wessel",1770,drawing (visual work),10783267,only excluded placeholder lrefs available: 10783267
170686,"Baur, Hendricus Johan Antonius",1793,drawing (visual work),10783267,only excluded placeholder lrefs available: 10783267
170689,"Baur, Hendricus Johan Antonius",1792,drawing (visual work),10783267,only excluded placeholder lrefs available: 10783267
170699,"Becker, Hans",1929,unknown,10783267,only excluded placeholder lrefs available: 10783267
170710,"Brant, H.J.J.",1700,painting,10783267,only excluded placeholder lrefs available: 10783267
170753,Pasquier (II),1828,drawing (visual work),10771165,no image downloaded
170766,"Benavente, Samuel Baruch",1800,portrait miniature,10783267,only excluded placeholder lrefs available: 10783267
170780,"Kruseman, Jan Adam",1819,painting,10783267,only excluded placeholder lrefs available: 10783267
170786,"Böhl, Wilhelmina",1912,painting,10783267,only excluded placeholder lrefs available: 10783267
170792,"Kruseman, Jan Adam",1819,painting,10783267,only excluded placeholder lrefs available: 10783267
170793,"Lubbers, Wessel",1796,unknown,10783267,only excluded placeholder lrefs available: 10783267
170794,"Lubbers, Wessel",1796,unknown,10783267,only excluded placeholder lrefs available: 10783267
170795,"Lubbers, Wessel",1804,drawing (visual work),10783267,only excluded placeholder lrefs available: 10783267
170807,Anoniem,1825,painting,10783267,only excluded placeholder lrefs available: 10783267
170810,Anoniem,1350,unknown,10783267,only excluded placeholder lrefs available: 10783267
170835,"Lubbers, Wessel",1816,drawing (visual work),10783267,only excluded placeholder lrefs available: 10783267
170836,"Lubbers, Wessel",1808,drawing (visual work),10783267,only excluded placeholder lrefs available: 10783267
170837,"Lubbers, Wessel",1808,drawing (visual work),10783267,only excluded placeholder lrefs available: 10783267
170838,"Lubbers, Wessel",1808,drawing (visual work),10783267,only excluded placeholder lrefs available: 10783267
170912,"Lisiewska, Anna Rosina von",1731,painting,10783267,only excluded placeholder lrefs available: 10783267
170914,"Mijtens, Jan",1620,painting,10783267,only excluded placeholder lrefs available: 10783267
170979,Anoniem,1750,summary list,,no image downloaded
170981,Anoniem,1750,summary list,,no image downloaded
171022,Anoniem,1350,painting,10783267,only excluded placeholder lrefs available: 10783267
171024,Anoniem,1758,painting,10783267,only excluded placeholder lrefs available: 10783267
171038,Anoniem,1350,painting,10783267,only excluded placeholder lrefs available: 10783267
171052,"Marquard, A.",1784,painting,10783267,only excluded placeholder lrefs available: 10783267
171053,"Marquard, A.",1784,painting,10783267,only excluded placeholder lrefs available: 10783267
171072,"Endlich, Philippus",1705,print,10783267,only excluded placeholder lrefs available: 10783267
171075,"Endlich, Philippus",1705,print,10783267,only excluded placeholder lrefs available: 10783267
171078,"Marinkel, Joseph",1747,portrait miniature,10783267,only excluded placeholder lrefs available: 10783267
171085,Bogaert (19de eeuw),1828,painting,10783267,only excluded placeholder lrefs available: 10783267
171119,Anoniem,1670,painting,10783267,only excluded placeholder lrefs available: 10783267
171217,"Jelgerhuis, Rienk",1744,drawing (visual work),10783267,only excluded placeholder lrefs available: 10783267
171219,"Dupuis, Toon",1892,sculpture,10783267,only excluded placeholder lrefs available: 10783267
171222,"Jelgerhuis, Rienk",1744,drawing (visual work),10783267,only excluded placeholder lrefs available: 10783267
171227,Anoniem,1909,painting,10783267,only excluded placeholder lrefs available: 10783267
171268,"Anraedt, Pieter van",1673,painting,10783267,only excluded placeholder lrefs available: 10783267
171270,"Jelgerhuis, Rienk",1790,drawing (visual work),10783267,only excluded placeholder lrefs available: 10783267
171271,"Jelgerhuis, Rienk",1794,drawing (visual work),10783267,only excluded placeholder lrefs available: 10783267
171277,"Jelgerhuis, Rienk",1744,drawing (visual work),10783267,only excluded placeholder lrefs available: 10783267
171278,"Jelgerhuis, Rienk",1790,drawing (visual work),10783267,only excluded placeholder lrefs available: 10783267
171280,"Jelgerhuis, Rienk",1785,drawing (visual work),10783267,only excluded placeholder lrefs available: 10783267
171281,"Jelgerhuis, Rienk",1779,drawing (visual work),10783267,only excluded placeholder lrefs available: 10783267
171283,"Jelgerhuis, Rienk",1779,drawing (visual work),10783267,only excluded placeholder lrefs available: 10783267
171284,"Jelgerhuis, Rienk",1779,drawing (visual work),10783267,only excluded placeholder lrefs available: 10783267
171285,"Jelgerhuis, Rienk",1779,drawing (visual work),10783267,only excluded placeholder lrefs available: 10783267
171294,"Jelgerhuis, Rienk",1778,drawing (visual work),10783267,only excluded placeholder lrefs available: 10783267
171295,"Jelgerhuis, Rienk",1801,drawing (visual work),10783267,only excluded placeholder lrefs available: 10783267
171296,"Jelgerhuis, Rienk",1778,drawing (visual work),10783267,only excluded placeholder lrefs available: 10783267
171297,"Jelgerhuis, Rienk",1778,drawing (visual work),10783267,only excluded placeholder lrefs available: 10783267
171298,"Jelgerhuis, Rienk",1778,drawing (visual work),10783267,only excluded placeholder lrefs available: 10783267
171299,"Jelgerhuis, Rienk",1801,drawing (visual work),10783267,only excluded placeholder lrefs available: 10783267
171300,"Jelgerhuis, Rienk",1801,drawing (visual work),10783267,only excluded placeholder lrefs available: 10783267
171301,"Jelgerhuis, Rienk",1790,drawing (visual work),10783267,only excluded placeholder lrefs available: 10783267
171302,"Jelgerhuis, Rienk",1790,drawing (visual work),10783267,only excluded placeholder lrefs available: 10783267
171303,"Jelgerhuis, Rienk",1791,drawing (visual work),10783267,only excluded placeholder lrefs available: 10783267
171306,"Jelgerhuis, Rienk",1797,drawing (visual work),10783267,only excluded placeholder lrefs available: 10783267
171307,"Jelgerhuis, Rienk",1744,drawing (visual work),10783267,only excluded placeholder lrefs available: 10783267
171308,"Jelgerhuis, Rienk",1798,drawing (visual work),10783267,only excluded placeholder lrefs available: 10783267
171348,Anoniem,1765,portrait miniature,10783267,only excluded placeholder lrefs available: 10783267
171351,"Jelgerhuis, Rienk",1744,drawing (visual work),10783267,only excluded placeholder lrefs available: 10783267
171352,"Jelgerhuis, Rienk",1744,drawing (visual work),10783267,only excluded placeholder lrefs available: 10783267
171353,"Jelgerhuis, Rienk",1785,drawing (visual work),10783267,only excluded placeholder lrefs available: 10783267
171354,"Jelgerhuis, Rienk",1795,drawing (visual work),10783267,only excluded placeholder lrefs available: 10783267
171355,"Jelgerhuis, Rienk",1789,unknown,10783267,only excluded placeholder lrefs available: 10783267
171356,"Jelgerhuis, Rienk",1789,unknown,10783267,only excluded placeholder lrefs available: 10783267
171357,"Jelgerhuis, Rienk",1744,drawing (visual work),10783267,only excluded placeholder lrefs available: 10783267
171358,"Jelgerhuis, Rienk",1744,drawing (visual work),10783267,only excluded placeholder lrefs available: 10783267
171362,"Jelgerhuis, Rienk",1800,drawing (visual work),10783267,only excluded placeholder lrefs available: 10783267
171363,"Jelgerhuis, Rienk",1744,drawing (visual work),10783267,only excluded placeholder lrefs available: 10783267
171364,"Jelgerhuis, Rienk",1744,drawing (visual work),10783267,only excluded placeholder lrefs available: 10783267
171365,"Jelgerhuis, Rienk",1744,drawing (visual work),10783267,only excluded placeholder lrefs available: 10783267
171366,"Jelgerhuis, Rienk",1744,drawing (visual work),10783267,only excluded placeholder lrefs available: 10783267
171367,"Jelgerhuis, Rienk",1783,drawing (visual work),10783267,only excluded placeholder lrefs available: 10783267
171370,"Jelgerhuis, Rienk",1786,drawing (visual work),10783267,only excluded placeholder lrefs available: 10783267
171374,"Jelgerhuis, Rienk",1750,drawing (visual work),10783267,only excluded placeholder lrefs available: 10783267
171384,"Rueter, Georg",1917,drawing (visual work),10783267,only excluded placeholder lrefs available: 10783267
171389,"Jelgerhuis, Rienk",1797,drawing (visual work),10783267,only excluded placeholder lrefs available: 10783267
171390,"Jelgerhuis, Rienk",1744,drawing (visual work),10783267,only excluded placeholder lrefs available: 10783267
171392,"Jelgerhuis, Rienk",1744,drawing (visual work),10783267,only excluded placeholder lrefs available: 10783267
171419,Anoniem,1630,painting,10783267,only excluded placeholder lrefs available: 10783267
171430,"Jolly, Paulus",1820,drawing (visual work),10783267,only excluded placeholder lrefs available: 10783267
171448,"Jolly, Paulus",1820,drawing (visual work),10783267,only excluded placeholder lrefs available: 10783267
171507,Anoniem,1810,painting,10783267,only excluded placeholder lrefs available: 10783267
171521,"Grebber, Maria de",1631,painting,10783267,only excluded placeholder lrefs available: 10783267
171537,"Geest, Wybrand de (I)",1656,painting,10783267,only excluded placeholder lrefs available: 10783267
171538,"Geest, Wybrand de (I)",1656,painting,10783267,only excluded placeholder lrefs available: 10783267
171544,Anoniem,1619,painting,10783267,only excluded placeholder lrefs available: 10783267
171626,Anoniem,1650,sculpture,10783267,only excluded placeholder lrefs available: 10783267
171638,"Santvoort, Dirck Dircksz.",1625,painting,10783267,only excluded placeholder lrefs available: 10783267
171639,"Santvoort, Dirck Dircksz.",1625,painting,10783267,only excluded placeholder lrefs available: 10783267
171663,"Veth, Jan",1896,drawing (visual work),10783267,only excluded placeholder lrefs available: 10783267
171678,"Geuns, Matthias Jansz. van",1801,silhouette,10783267,only excluded placeholder lrefs available: 10783267
171713,Anoniem,1761,painting,10783267,only excluded placeholder lrefs available: 10783267
171767,"Kruijf, G. de",1810,drawing (visual work),10783267,only excluded placeholder lrefs available: 10783267
171774,"Sluiter, Willy",1926,drawing (visual work),10783267,only excluded placeholder lrefs available: 10783267
171775,"Tholen, Willem Bastiaan",1875,drawing (visual work),10783267,only excluded placeholder lrefs available: 10783267
171776,"Schwartzenbach, Jacob",1800,portrait miniature,10783267,only excluded placeholder lrefs available: 10783267
171777,"Schwartzenbach, Jacob",1800,portrait miniature,10783267,only excluded placeholder lrefs available: 10783267
171782,"Tetar van Elven, Jan Baptist",1820,painting,10783267,only excluded placeholder lrefs available: 10783267
171863,Anoniem,1800,print,10783267,only excluded placeholder lrefs available: 10783267
171875,"Hari, Johannes (I)",1824,painting,10783267,only excluded placeholder lrefs available: 10783267
171898,"Kruseman, Jan Adam",1832,painting,10783267,only excluded placeholder lrefs available: 10783267
171904,"Koch, Hermann",1900,cabinet photograph,10783267,only excluded placeholder lrefs available: 10783267
171907,Anoniem,1650,painting,10783267,only excluded placeholder lrefs available: 10783267
171924,"Franssen, Bernard",1934,painting,10783267,only excluded placeholder lrefs available: 10783267
172027,Anoniem,1840,drawing (visual work),10783267,only excluded placeholder lrefs available: 10783267
172028,"Kunst, Berend",1858,drawing (visual work),10783267,only excluded placeholder lrefs available: 10783267
172030,"Kunst, Berend",1838,drawing (visual work),10783267,only excluded placeholder lrefs available: 10783267
172031,"Kunst, Berend",1860,drawing (visual work),10783267,only excluded placeholder lrefs available: 10783267
172032,"Kunst, Berend",1809,drawing (visual work),10783267,only excluded placeholder lrefs available: 10783267
172044,"Kunst, Berend",1835,drawing (visual work),10783267,only excluded placeholder lrefs available: 10783267
172053,"Kramm, Christiaan",1823,painting,10783267,only excluded placeholder lrefs available: 10783267
172059,"Nason, Pieter",1627,painting,10783267,only excluded placeholder lrefs available: 10783267
172079,"Rabes, Max",1936,painting,10783267,only excluded placeholder lrefs available: 10783267
172080,"Weyl, Hans",1906,drawing (visual work),10783267,only excluded placeholder lrefs available: 10783267
172096,"Rees, Maria Margaretha van",1936,painting,10783267,only excluded placeholder lrefs available: 10783267
172097,"Rees, Maria Margaretha van",1934,painting,10783267,only excluded placeholder lrefs available: 10783267
172119,Anoniem,1825,drawing (visual work),10783267,only excluded placeholder lrefs available: 10783267
172143,Anoniem,1815,drawing (visual work),10783267,only excluded placeholder lrefs available: 10783267
172169,Anoniem,1825,painting,10783267,only excluded placeholder lrefs available: 10783267
172170,Anoniem,1825,painting,10783267,only excluded placeholder lrefs available: 10783267
172244,Monogrammist J.V.D.H.,1800,portrait miniature,10783267,only excluded placeholder lrefs available: 10783267
172276,Anoniem,1775,silhouette,10783267,only excluded placeholder lrefs available: 10783267
172306,Anoniem,1740,drawing (visual work),10783267,only excluded placeholder lrefs available: 10783267
172307,Anoniem,1740,portrait miniature,10783267,only excluded placeholder lrefs available: 10783267
172351,"Kouwenhorn, Pieter",1648,drawing (visual work),10783267,only excluded placeholder lrefs available: 10783267
172380,Anoniem,1600,painting,10783267,only excluded placeholder lrefs available: 10783267
172383,"Kruseman, Jan Adam",1836,painting,10783267,only excluded placeholder lrefs available: 10783267
172395,"Staveren, Teun van",1966,sculpture,10783267,only excluded placeholder lrefs available: 10783267
172402,"Holthe tot Echten, Louise van",1907,painting,10783267,only excluded placeholder lrefs available: 10783267
172415,"Parker, John (ca.1745-n. 1799)",1760,painting,10783267,only excluded placeholder lrefs available: 10783267
172444,"Couwenberg, Henricus Wilhelmus",1829,drawing (visual work),10783267,only excluded placeholder lrefs available: 10783267
172445,"Couwenberg, Henricus Wilhelmus",1829,drawing (visual work),10783267,only excluded placeholder lrefs available: 10783267
172470,"Mollinger, Louis Gerard Constant",1855,painting,10783267,only excluded placeholder lrefs available: 10783267
172477,"Jorissen, Liet",1915,painting,10783267,only excluded placeholder lrefs available: 10783267
172494,"Josselin de Jong, Pieter de",1876,painting,10783267,only excluded placeholder lrefs available: 10783267
172518,"Veth, Herbert Gerard",1943,painting,10783267,only excluded placeholder lrefs available: 10783267
172524,Anoniem,1860,photograph,10783267,only excluded placeholder lrefs available: 10783267
172525,Anoniem,1860,photograph,10783267,only excluded placeholder lrefs available: 10783267
172528,"Schaffers, Nestor",1860,carte-de-visite,10783267,only excluded placeholder lrefs available: 10783267
172529,Anoniem,1860,carte-de-visite,10783267,only excluded placeholder lrefs available: 10783267
172531,"Gutekunst, Frederick",1856,cabinet photograph,10783267,only excluded placeholder lrefs available: 10783267
172546,"Schwartze, Thérèse",1866,painting,10783267,only excluded placeholder lrefs available: 10783267
172548,"Schwartze, Thérèse",1866,painting,10783267,only excluded placeholder lrefs available: 10783267
172551,"Dubois-Drahonet, Alexandre Jean",1823,painting,10783267,only excluded placeholder lrefs available: 10783267
172561,"Costetti, Giovanni",1939,painting,10783267,only excluded placeholder lrefs available: 10783267
172563,"Boze, Joseph",1760,portrait miniature,10783267,only excluded placeholder lrefs available: 10783267
172564,"Boze, Joseph",1760,portrait miniature,10783267,only excluded placeholder lrefs available: 10783267
172567,Anoniem,1788,silhouette,10783267,only excluded placeholder lrefs available: 10783267
172568,"Neumann, Carl (19de eeuw)",1885,painting,10783267,only excluded placeholder lrefs available: 10783267
172631,"Garf, Salomon",1894,unknown,10783267,only excluded placeholder lrefs available: 10783267
172632,"Garf, Salomon",1894,unknown,10783267,only excluded placeholder lrefs available: 10783267
172633,"Surie, Coba",1894,unknown,10783267,only excluded placeholder lrefs available: 10783267
172634,"Surie, Coba",1894,painting,10783267,only excluded placeholder lrefs available: 10783267
172637,"Garf, Salomon",1910,drawing (visual work),10783267,only excluded placeholder lrefs available: 10783267
172639,"Garf, Salomon",1909,drawing (visual work),10783267,only excluded placeholder lrefs available: 10783267
172641,"Schulman, David",1896,unknown,10783267,only excluded placeholder lrefs available: 10783267
172642,"Bedding, Izaak Leendert",1902,drawing (visual work),10783267,only excluded placeholder lrefs available: 10783267
172650,"Pieneman, Nicolaas (1809-1860)",1824,painting,10783267,only excluded placeholder lrefs available: 10783267
172651,"Pieneman, Nicolaas (1809-1860)",1824,painting,10783267,only excluded placeholder lrefs available: 10783267
172652,"Garf, Salomon",1914,drawing (visual work),10783267,only excluded placeholder lrefs available: 10783267
172653,"Garf, Salomon",1924,drawing (visual work),10783267,only excluded placeholder lrefs available: 10783267
172654,"Garf, Salomon",1894,drawing (visual work),10783267,only excluded placeholder lrefs available: 10783267
172655,"Garf, Salomon",1929,drawing (visual work),10783267,only excluded placeholder lrefs available: 10783267
172656,"Garf, Salomon",1894,drawing (visual work),10783267,only excluded placeholder lrefs available: 10783267
172657,"Goudman, Louis",1902,drawing (visual work),10783267,only excluded placeholder lrefs available: 10783267
172662,Anoniem,1775,silhouette,10783267,only excluded placeholder lrefs available: 10783267
172692,Anoniem,1350,portrait miniature,10783267,only excluded placeholder lrefs available: 10783267
172693,Anoniem,1350,portrait miniature,10783267,only excluded placeholder lrefs available: 10783267
172696,Anoniem,1800,unknown,10783267,only excluded placeholder lrefs available: 10783267
172708,"Heemskerck, Maarten van",1570,painting,10783267,only excluded placeholder lrefs available: 10783267
172745,"Sorgh, Hendrick Martensz.",1646,painting,10783267,only excluded placeholder lrefs available: 10783267
172759,"Mesdag-van Houten, Sientje",1849,painting,10783267,only excluded placeholder lrefs available: 10783267
172760,"Henkes, Gerke",1859,drawing (visual work),10783267,only excluded placeholder lrefs available: 10783267
172793,Anoniem,1615,portrait miniature,10783267,only excluded placeholder lrefs available: 10783267
172795,Anoniem,1615,portrait miniature,10783267,only excluded placeholder lrefs available: 10783267
172796,Anoniem,1615,portrait miniature,10783267,only excluded placeholder lrefs available: 10783267
172797,Anoniem,1615,portrait miniature,10783267,only excluded placeholder lrefs available: 10783267
172798,Anoniem,1615,portrait miniature,10783267,only excluded placeholder lrefs available: 10783267
172799,Anoniem,1615,portrait miniature,10783267,only excluded placeholder lrefs available: 10783267
172800,Anoniem,1615,portrait miniature,10783267,only excluded placeholder lrefs available: 10783267
172801,Anoniem,1615,portrait miniature,10783267,only excluded placeholder lrefs available: 10783267
172802,Anoniem,1615,portrait miniature,10783267,only excluded placeholder lrefs available: 10783267
172803,Anoniem,1615,portrait miniature,10783267,only excluded placeholder lrefs available: 10783267
172804,Anoniem,1615,portrait miniature,10783267,only excluded placeholder lrefs available: 10783267
172805,Anoniem,1615,portrait miniature,10783267,only excluded placeholder lrefs available: 10783267
172806,Anoniem,1615,portrait miniature,10783267,only excluded placeholder lrefs available: 10783267
172807,Anoniem,1615,portrait miniature,10783267,only excluded placeholder lrefs available: 10783267
172808,Anoniem,1615,portrait miniature,10783267,only excluded placeholder lrefs available: 10783267
172809,Anoniem,1615,portrait miniature,10783267,only excluded placeholder lrefs available: 10783267
172810,Anoniem,1615,portrait miniature,10783267,only excluded placeholder lrefs available: 10783267
172811,Anoniem,1615,portrait miniature,10783267,only excluded placeholder lrefs available: 10783267
172812,Anoniem,1615,portrait miniature,10783267,only excluded placeholder lrefs available: 10783267
172814,"Rossum, Jan van (c. 1639)",1646,painting,10783267,only excluded placeholder lrefs available: 10783267
172816,"Bruyninx, Daniël",1757,portrait miniature,10783267,only excluded placeholder lrefs available: 10783267
172826,"Netscher, Caspar",1675,painting,10783267,only excluded placeholder lrefs available: 10783267
172838,"Abdullah, Raden Basoeki",1930,painting,10783267,only excluded placeholder lrefs available: 10783267
172839,"Adolfs, Willem",1934,painting,10783267,only excluded placeholder lrefs available: 10783267
172849,Anoniem,1900,painting,10783267,only excluded placeholder lrefs available: 10783267
172850,Anoniem,1820,painting,10783267,only excluded placeholder lrefs available: 10783267
172851,Anoniem,1800,painting,10783267,only excluded placeholder lrefs available: 10783267
172856,"Bogaerts, Henricus Aloysius Wilhelminus Maria",1911,painting,10783267,only excluded placeholder lrefs available: 10783267
172857,"Bogaerts, Henricus Aloysius Wilhelminus Maria",1927,painting,10783267,only excluded placeholder lrefs available: 10783267
172858,"Lynden-de Clercq, Johanna van",1939,painting,10783267,only excluded placeholder lrefs available: 10783267
172864,"Damen, A. (20ste eeuw)",1900,painting,10783267,only excluded placeholder lrefs available: 10783267
172865,"Damen, A. (20ste eeuw)",1925,painting,10783267,only excluded placeholder lrefs available: 10783267
172875,"Le Grelle, Alexis",1937,painting,10783267,only excluded placeholder lrefs available: 10783267
172882,"Heide, Willem van der",1937,painting,10783267,only excluded placeholder lrefs available: 10783267
172909,"Schwartze, Thérèse",1866,painting,10783267,only excluded placeholder lrefs available: 10783267
172913,"Schwartze, Thérèse",1906,drawing (visual work),10783267,only excluded placeholder lrefs available: 10783267
172922,"Kraat, Frans",1948,painting,10783267,only excluded placeholder lrefs available: 10783267
172923,"Kraat, J.F.",1947,painting,10783267,only excluded placeholder lrefs available: 10783267
172925,"Van Loo, Chs.",1904,painting,10783267,only excluded placeholder lrefs available: 10783267
172930,"Luns, Huib",1836,painting,10783267,only excluded placeholder lrefs available: 10783267
172932,"Michiels van Kessenich, Judy",1933,painting,10783267,only excluded placeholder lrefs available: 10783267
172958,"Molkenboer, Antoon",1921,painting,10783267,only excluded placeholder lrefs available: 10783267
172959,"Molkenboer, Theo",1907,painting,10783267,only excluded placeholder lrefs available: 10783267
172963,"Molkenboer, Theo",1908,painting,10783267,only excluded placeholder lrefs available: 10783267
172967,"Offenberg, Johannes Wilhelmus Franciscus",1854,painting,10783267,only excluded placeholder lrefs available: 10783267
172971,"Rijntjes, Petrus Johannes Maria",1941,painting,10783267,only excluded placeholder lrefs available: 10783267
172975,"Kelder, Toon",1933,drawing (visual work),10783267,only excluded placeholder lrefs available: 10783267
172981,"Kelder, Toon",1909,painting,10783267,only excluded placeholder lrefs available: 10783267
172982,"Berg, Willem van den (1886-1970)",1928,painting,10783267,only excluded placeholder lrefs available: 10783267
172983,"Kelder, Toon",1909,painting,10783267,only excluded placeholder lrefs available: 10783267
172988,"Schenk, Martinus Christiaan",1902,painting,10783267,only excluded placeholder lrefs available: 10783267
172990,"Grips, Carel Jozeph",1840,painting,10783267,only excluded placeholder lrefs available: 10783267
172991,"Schenk, Martinus Christiaan",1902,painting,10783267,only excluded placeholder lrefs available: 10783267
172993,"Schenk, Martinus Christiaan",1903,painting,10783267,only excluded placeholder lrefs available: 10783267
172994,"Schenk, Martinus Christiaan",1903,painting,10783267,only excluded placeholder lrefs available: 10783267
172996,"Simon, J.B. Lambert",1963,painting,10783267,only excluded placeholder lrefs available: 10783267
172998,"Visser, Erika (1919-2007)",1957,painting,10783267,only excluded placeholder lrefs available: 10783267
173016,"Welie, Antoon van",1919,painting,10783267,only excluded placeholder lrefs available: 10783267
173031,"Windhausen, Albinus",1922,painting,10783267,only excluded placeholder lrefs available: 10783267
173033,"Wittkamp, Johan Bernhard",1835,painting,10783267,only excluded placeholder lrefs available: 10783267
173036,Anoniem,1800,portrait miniature,10783267,only excluded placeholder lrefs available: 10783267
173050,Anoniem,1800,painting,10783267,only excluded placeholder lrefs available: 10783267
173053,Anoniem,1928,painting,10783267,only excluded placeholder lrefs available: 10783267
173079,"Croix, Pierre Frédéric de la",1724,unknown,10783267,only excluded placeholder lrefs available: 10783267
173112,Lucas (broeder),1935,sculpture,10783267,only excluded placeholder lrefs available: 10783267
173124,"Geest, Wybrand de (I)",1667,painting,10783267,only excluded placeholder lrefs available: 10783267
173188,"Lutzens, Aede",1793,painted wallhanging,10783267,only excluded placeholder lrefs available: 10783267
173189,"Lutzens, Aede",1793,painted wallhanging,10783267,only excluded placeholder lrefs available: 10783267
173205,"Goedhart, Jan (1893-1975)",1908,painting,10783267,only excluded placeholder lrefs available: 10783267
173219,Anoniem,1691,painting,10783267,only excluded placeholder lrefs available: 10783267
173221,Anoniem,1592,painting,10783267,only excluded placeholder lrefs available: 10783267
173233,"Buiteveld, Jan",1775,painting,10783267,only excluded placeholder lrefs available: 10783267
173241,"Hofker, Willem Gerard",1928,painting,10783267,only excluded placeholder lrefs available: 10783267
173243,"Hofker, Willem Gerard",1928,painting,10783267,only excluded placeholder lrefs available: 10783267
173244,Anoniem,1816,drawing (visual work),10783267,only excluded placeholder lrefs available: 10783267
173245,Anoniem,1935,painting,10783267,only excluded placeholder lrefs available: 10783267
173308,Anoniem,1800,portrait miniature,10783267,only excluded placeholder lrefs available: 10783267
173309,Anoniem,1800,portrait miniature,10783267,only excluded placeholder lrefs available: 10783267
173313,"Mendes da Costa, Joseph (II)",1930,sculpture,10783267,only excluded placeholder lrefs available: 10783267
173315,"Brandenburg, Machiel",1900,unknown,10783267,only excluded placeholder lrefs available: 10783267
173322,"Citroen, Paul",1971,drawing (visual work),10783267,only excluded placeholder lrefs available: 10783267
173335,Anoniem,1795,drawing (visual work),10783267,only excluded placeholder lrefs available: 10783267
173337,Anoniem,1800,drawing (visual work),10783267,only excluded placeholder lrefs available: 10783267
173344,"Esser, Wijnand",1794,drawing (visual work),10783267,only excluded placeholder lrefs available: 10783267
173345,"Esser, Wijnand",1794,drawing (visual work),10783267,only excluded placeholder lrefs available: 10783267
173347,"Esser, Wijnand",1794,drawing (visual work),10783267,only excluded placeholder lrefs available: 10783267
173348,"Esser, Wijnand",1794,drawing (visual work),10783267,only excluded placeholder lrefs available: 10783267
173351,"Tinga, Jan Binnerts",1832,drawing (visual work),10783267,only excluded placeholder lrefs available: 10783267
173352,Anoniem,1750,drawing (visual work),10783267,only excluded placeholder lrefs available: 10783267
173353,"Cuypers, Ingrid",1981,drawing (visual work),10783267,only excluded placeholder lrefs available: 10783267
173354,"Beute, Johannes",1940,drawing (visual work),10783267,only excluded placeholder lrefs available: 10783267
173375,"Sluiter, Willy",1927,painting,10783267,only excluded placeholder lrefs available: 10783267
173376,"Sluiter, Willy",1927,painting,10783267,only excluded placeholder lrefs available: 10783267
173377,"Sluiter, Willy",1937,drawing (visual work),10783267,only excluded placeholder lrefs available: 10783267
173378,Anoniem,1800,painting,10783267,only excluded placeholder lrefs available: 10783267
173380,Anoniem,1927,drawing (visual work),10783267,only excluded placeholder lrefs available: 10783267
173381,"Brandeler, Agnes van den",1931,drawing (visual work),10783267,only excluded placeholder lrefs available: 10783267
173382,"Gelderman, Arnold Christiaan",1943,drawing (visual work),10783267,only excluded placeholder lrefs available: 10783267
173387,"Rueb, Gra",1932,unknown,10783267,only excluded placeholder lrefs available: 10783267
173388,Anoniem,1925,painting,10783267,only excluded placeholder lrefs available: 10783267
173390,Anoniem,1940,painting,10783267,only excluded placeholder lrefs available: 10783267
173391,"Sluiter, Willy",1888,drawing (visual work),10783267,only excluded placeholder lrefs available: 10783267
173392,"Rueb, Gra",1932,relief,10783267,only excluded placeholder lrefs available: 10783267
173394,Anoniem,1800,painting,10783267,only excluded placeholder lrefs available: 10783267
173396,Anoniem,1800,painting,10783267,only excluded placeholder lrefs available: 10783267
173397,"Visser, Adrianus de (1762)",1777,drawing (visual work),10783267,only excluded placeholder lrefs available: 10783267
173398,"Visser, Adrianus de (1762)",1817,drawing (visual work),10783267,only excluded placeholder lrefs available: 10783267
173421,"Bout, Daan",1949,painting,10783267,only excluded placeholder lrefs available: 10783267
173439,Anoniem,1825,painting,10783267,only excluded placeholder lrefs available: 10783267
173440,Anoniem,1825,painting,10783267,only excluded placeholder lrefs available: 10783267
173443,"Rulkens, Leo",1929,painting,10783267,only excluded placeholder lrefs available: 10783267
173452,"Wiersma, Ids",1915,painting,10783267,only excluded placeholder lrefs available: 10783267
173453,"Wiersma, Ids",1915,painting,10783267,only excluded placeholder lrefs available: 10783267
173493,"Kasènda, Frederik",1900,painting,10783267,only excluded placeholder lrefs available: 10783267
173503,"Toorop, Jan",1912,portrait miniature,10783267,only excluded placeholder lrefs available: 10783267
173504,"Toorop, Jan",1914,drawing (visual work),10783267,only excluded placeholder lrefs available: 10783267
173505,"Toorop, Jan",1914,drawing (visual work),10783267,only excluded placeholder lrefs available: 10783267
173506,"Hansma, Douwe",1930,painting,10783267,only excluded placeholder lrefs available: 10783267
173507,"Kaay, Rien",1936,painting,10783267,only excluded placeholder lrefs available: 10783267
173508,"Toorop, Jan",1920,drawing (visual work),10783267,only excluded placeholder lrefs available: 10783267
173509,"Booy, Cees",1973,painting,10783267,only excluded placeholder lrefs available: 10783267
173510,"Toorop, Jan",1914,drawing (visual work),10783267,only excluded placeholder lrefs available: 10783267
173511,"Toorop, Jan",1914,drawing (visual work),10783267,only excluded placeholder lrefs available: 10783267
173512,"Toorop, Jan",1918,drawing (visual work),10783267,only excluded placeholder lrefs available: 10783267
173515,"Sluiter, Willy",1912,drawing (visual work),10783267,only excluded placeholder lrefs available: 10783267
173519,Anoniem,1950,painting,10783267,only excluded placeholder lrefs available: 10783267
173526,"Sluiter, Willy",1919,drawing (visual work),10783267,only excluded placeholder lrefs available: 10783267
173527,"Toorop, Jan",1900,drawing (visual work),10783267,only excluded placeholder lrefs available: 10783267
173528,"Sluiter, Willy",1919,drawing (visual work),10783267,only excluded placeholder lrefs available: 10783267
173530,"Toorop, Jan",1914,drawing (visual work),10783267,only excluded placeholder lrefs available: 10783267
173531,"Toorop, Jan",1912,drawing (visual work),10783267,only excluded placeholder lrefs available: 10783267
173533,"Toorop, Jan",1914,drawing (visual work),10783267,only excluded placeholder lrefs available: 10783267
173535,"Toorop, Jan",1910,drawing (visual work),10783267,only excluded placeholder lrefs available: 10783267
173536,Anoniem,1775,painting,10783267,only excluded placeholder lrefs available: 10783267
173538,Anoniem,1750,painting,10783267,only excluded placeholder lrefs available: 10783267
173539,Anoniem,1750,painting,10783267,only excluded placeholder lrefs available: 10783267
173540,"Anspach, Johannes",1767,unknown,10783267,only excluded placeholder lrefs available: 10783267
173541,Anoniem,1800,painting,10783267,only excluded placeholder lrefs available: 10783267
173543,"Delft, Theo van",1898,painting,10783267,only excluded placeholder lrefs available: 10783267
173550,"Rueb, Gra",1932,medal (coin type),10783267,only excluded placeholder lrefs available: 10783267
173588,"Carré, Franciscus",1635,drawing (visual work),10783267,only excluded placeholder lrefs available: 10783267
173596,"Accama, Bernardus (I)",1737,painting,10783267,only excluded placeholder lrefs available: 10783267
173653,"Sustris, Lambert",1530,painting,10783267,only excluded placeholder lrefs available: 10783267
173656,Anoniem,1600,relief,10783267,only excluded placeholder lrefs available: 10783267
173657,Anoniem,1600,painting,10783267,only excluded placeholder lrefs available: 10783267
173658,Anoniem,1575,relief,10783267,only excluded placeholder lrefs available: 10783267
173660,Anoniem,1569,medal (coin type),10783267,only excluded placeholder lrefs available: 10783267
173704,"Vorderman, Hendrik",1850,painting,10783267,only excluded placeholder lrefs available: 10783267
173736,"Velijn, Philippus",1802,print,10783267,only excluded placeholder lrefs available: 10783267
173764,"Veth, Jan",1912,painting,10783267,only excluded placeholder lrefs available: 10783267
173786,"Veth, Jan",1913,painting,10783267,only excluded placeholder lrefs available: 10783267
173787,"Veth, Jan",1913,painting,10783267,only excluded placeholder lrefs available: 10783267
173789,"Veth, Jan",1921,painting,10783267,only excluded placeholder lrefs available: 10783267
173796,"Veth, Jan",1913,painting,10783267,only excluded placeholder lrefs available: 10783267
173810,"Hofker, Willem Gerard",1946,painting,10783267,only excluded placeholder lrefs available: 10783267
173844,"Neuman, Johan Heinrich",1834,painting,10783267,only excluded placeholder lrefs available: 10783267
173935,"Grootvelt, Jan Hendrik van",1842,painting,10783267,only excluded placeholder lrefs available: 10783267
173958,Anoniem,1885,painting,10783267,only excluded placeholder lrefs available: 10783267
173995,"Schenk, Pieter (I)",1675,print,10783267,only excluded placeholder lrefs available: 10783267
173996,"Schenk, Pieter (I)",1675,print,10783267,only excluded placeholder lrefs available: 10783267
174042,Rembrandt,1634,drawing (visual work),10783267,only excluded placeholder lrefs available: 10783267
174051,"Nicolas, Joep",1912,drawing (visual work),10783267,only excluded placeholder lrefs available: 10783267
174056,"Wiegersma, Hendrik",1926,painting,10783267,only excluded placeholder lrefs available: 10783267
174058,"Nicolas, Suzanne",1934,sculpture,10783267,only excluded placeholder lrefs available: 10783267
174068,Anoniem,1775,painting,10783267,only excluded placeholder lrefs available: 10783267
174071,Anoniem,1825,painting,10783267,only excluded placeholder lrefs available: 10783267
174132,"Kruseman, Jan Adam",1830,painting,10783267,only excluded placeholder lrefs available: 10783267
174147,"Leyden, Ernst",1916,unknown,10783267,only excluded placeholder lrefs available: 10783267
174170,Anoniem,1650,painting,10783267,only excluded placeholder lrefs available: 10783267
174203,"Natanov, Arkadi",1990,painting,10783267,only excluded placeholder lrefs available: 10783267
174205,"Natanov, Arkadi",1990,painting,10783267,only excluded placeholder lrefs available: 10783267
174206,"Natanov, Arkadi",1990,painting,10783267,only excluded placeholder lrefs available: 10783267
174207,"Natanov, Arkadi",1990,painting,10783267,only excluded placeholder lrefs available: 10783267
174208,"Natanov, Arkadi",1990,painting,10783267,only excluded placeholder lrefs available: 10783267
174209,"Natanov, Arkadi",1990,painting,10783267,only excluded placeholder lrefs available: 10783267
174210,"Natanov, Arkadi",1990,painting,10783267,only excluded placeholder lrefs available: 10783267
174211,"Natanov, Arkadi",1990,painting,10783267,only excluded placeholder lrefs available: 10783267
174212,"Natanov, Arkadi",1990,painting,10783267,only excluded placeholder lrefs available: 10783267
174237,"Vermeulen, Piet (1908-1996)",1947,painting,10783267,only excluded placeholder lrefs available: 10783267
174252,"Vermeulen, Piet (1908-1996)",1961,painting,10783267,only excluded placeholder lrefs available: 10783267
174253,"Vermeulen, Piet (1908-1996)",1950,painting,10783267,only excluded placeholder lrefs available: 10783267
174254,"Vermeulen, Piet (1908-1996)",1960,painting,10783267,only excluded placeholder lrefs available: 10783267
174264,"Vermeulen, Piet (1908-1996)",1962,painting,10783267,only excluded placeholder lrefs available: 10783267
174265,"Vermeulen, Piet (1908-1996)",1989,painting,10783267,only excluded placeholder lrefs available: 10783267
174273,Anoniem,1750,painting,10783267,only excluded placeholder lrefs available: 10783267
174275,Anoniem,1750,painting,10783267,only excluded placeholder lrefs available: 10783267
174278,Anoniem,1750,painting,10783267,only excluded placeholder lrefs available: 10783267
174280,Anoniem,1750,painting,10783267,only excluded placeholder lrefs available: 10783267
174287,"Vermeulen, Piet (1908-1996)",1961,painting,10783267,only excluded placeholder lrefs available: 10783267
174311,Anoniem,1875,photograph,10783267,only excluded placeholder lrefs available: 10783267
174394,Anoniem,1582,painting,10783267,only excluded placeholder lrefs available: 10783267
174398,"Regters, Tibout",1753,painting,10783267,only excluded placeholder lrefs available: 10783267
174410,Anoniem,1800,portrait miniature,10783267,only excluded placeholder lrefs available: 10783267
174495,"Vermeulen, Piet (1908-1996)",1968,painting,10783267,only excluded placeholder lrefs available: 10783267
174498,"Vermeulen, Piet (1908-1996)",1978,painting,10783267,only excluded placeholder lrefs available: 10783267
174509,"Regters, Tibout",1725,painting,10783267,only excluded placeholder lrefs available: 10783267
174538,Anoniem,1765,painting,10783267,only excluded placeholder lrefs available: 10783267
174539,"Loncke, Jacob Lambrechtsz.",1585,painting,10783267,only excluded placeholder lrefs available: 10783267
174561,"Stroo, Cornelis",1875,drawing (visual work),10783267,only excluded placeholder lrefs available: 10783267
174610,"Thepass, Herman",1843,painting,10783267,only excluded placeholder lrefs available: 10783267
174611,"Thepass, Herman",1843,painting,10783267,only excluded placeholder lrefs available: 10783267
174612,"Thepass, Herman",1825,painting,10783267,only excluded placeholder lrefs available: 10783267
174623,"Slothouwer, Hermanus Jacobus",1824,painting,10783267,only excluded placeholder lrefs available: 10783267
174624,"Slothouwer, Hermanus Jacobus",1841,painting,10783267,only excluded placeholder lrefs available: 10783267
174625,"Slothouwer, Hermanus Jacobus",1834,drawing (visual work),10783267,only excluded placeholder lrefs available: 10783267
174626,"Slothouwer, Hermanus Jacobus",1834,drawing (visual work),10783267,only excluded placeholder lrefs available: 10783267
174627,"Slothouwer, Hermanus Jacobus",1845,drawing (visual work),10783267,only excluded placeholder lrefs available: 10783267
174629,"Slothouwer, Hermanus Jacobus",1850,drawing (visual work),10783267,only excluded placeholder lrefs available: 10783267
174630,"Slothouwer, Hermanus Jacobus",1850,drawing (visual work),10783267,only excluded placeholder lrefs available: 10783267
174631,"Slothouwer, Hermanus Jacobus",1841,painting,10783267,only excluded placeholder lrefs available: 10783267
174632,"Slothouwer, Hermanus Jacobus",1824,drawing (visual work),10783267,only excluded placeholder lrefs available: 10783267
174633,"Slothouwer, Hermanus Jacobus",1824,drawing (visual work),10783267,only excluded placeholder lrefs available: 10783267
174634,"Slothouwer, Hermanus Jacobus",1853,drawing (visual work),10783267,only excluded placeholder lrefs available: 10783267
174635,"Slothouwer, Hermanus Jacobus",1824,drawing (visual work),10783267,only excluded placeholder lrefs available: 10783267
174638,"Slothouwer, Hermanus Jacobus",1834,drawing (visual work),10783267,only excluded placeholder lrefs available: 10783267
174639,"Slothouwer, Hermanus Jacobus",1841,drawing (visual work),10783267,only excluded placeholder lrefs available: 10783267
174640,"Slothouwer, Hermanus Jacobus",1824,drawing (visual work),10783267,only excluded placeholder lrefs available: 10783267
174647,"Staas, Thomas Martin",1870,carte-de-visite,10783267,only excluded placeholder lrefs available: 10783267
174649,Anoniem,1860,carte-de-visite,10783267,only excluded placeholder lrefs available: 10783267
174650,"Koningsveld, Jacobus van",1859,carte-de-visite,10783267,only excluded placeholder lrefs available: 10783267
174811,Anoniem,1775,painting,10783267,only excluded placeholder lrefs available: 10783267
174820,"Buys, Jacobus",1739,print,10783267,only excluded placeholder lrefs available: 10783267
174829,Anoniem,1740,painting,10783267,only excluded placeholder lrefs available: 10783267
174853,"Mierevelt, Michiel van",1582,painting,10783267,only excluded placeholder lrefs available: 10783267
174888,"Israels, Isaac",1880,painting,10783267,only excluded placeholder lrefs available: 10783267
174895,"Tempel, Abraham van den",1649,painting,10783267,only excluded placeholder lrefs available: 10783267
174956,"Rijn, Jan Pietersz. van",1637,painting,10783267,only excluded placeholder lrefs available: 10783267
174994,Anoniem,1588,painting,10783267,only excluded placeholder lrefs available: 10783267
175076,"Nason, Pieter",1627,painting,10783267,only excluded placeholder lrefs available: 10783267
175120,"Laszlo, Philipp Alexius de",1908,painting,10783267,only excluded placeholder lrefs available: 10783267
175147,"Laszlo, Philipp Alexius de",1908,painting,10783267,only excluded placeholder lrefs available: 10783267
175153,"Laszlo, Philipp Alexius de",1920,painting,10783267,only excluded placeholder lrefs available: 10783267
175376,"Oven, Coen van",1829,unknown,10783267,only excluded placeholder lrefs available: 10783267
175377,"Voorden, August Willem van",1900,painting,10783267,only excluded placeholder lrefs available: 10783267
175394,"Laube, J.",1796,painting,10783267,only excluded placeholder lrefs available: 10783267
175395,"Laube, J.",1796,painting,10783267,only excluded placeholder lrefs available: 10783267
175399,"Laube, J.",1804,drawing (visual work),10783267,only excluded placeholder lrefs available: 10783267
175400,"Laube, J.",1804,drawing (visual work),10783267,only excluded placeholder lrefs available: 10783267
175401,"Laube, J.",1804,drawing (visual work),10783267,only excluded placeholder lrefs available: 10783267
175402,"Laube, J.",1804,drawing (visual work),10783267,only excluded placeholder lrefs available: 10783267
175403,"Laube, J.",1804,drawing (visual work),10783267,only excluded placeholder lrefs available: 10783267
175404,"Laube, J.",1804,drawing (visual work),10783267,only excluded placeholder lrefs available: 10783267
175405,"Laube, J.",1804,drawing (visual work),10783267,only excluded placeholder lrefs available: 10783267
175406,"Laube, J.",1814,drawing (visual work),10783267,only excluded placeholder lrefs available: 10783267
175407,"Laube, J.",1814,drawing (visual work),10783267,only excluded placeholder lrefs available: 10783267
175478,"Schendel, Petrus van",1860,painting,10783267,only excluded placeholder lrefs available: 10783267
175479,"Schendel, Petrus van",1860,painting,10783267,only excluded placeholder lrefs available: 10783267
175480,"Groot, J.E. de",1820,drawing (visual work),10783267,only excluded placeholder lrefs available: 10783267
175491,"Postma, Derk Jacobs",1842,drawing (visual work),10783267,only excluded placeholder lrefs available: 10783267
175507,"Boon, Adriaan (1763-1802)",1796,drawing (visual work),10783267,only excluded placeholder lrefs available: 10783267
175508,"Boon, Adriaan (1763-1802)",1796,drawing (visual work),10783267,only excluded placeholder lrefs available: 10783267
175510,"Boon, Adriaan (1763-1802)",1778,unknown,10783267,only excluded placeholder lrefs available: 10783267
175514,"Erkelens, Jan Gerrit",1815,drawing (visual work),10783267,only excluded placeholder lrefs available: 10783267
175519,"Erkelens, Jan Gerrit",1790,drawing (visual work),10783267,only excluded placeholder lrefs available: 10783267
175520,"Kappers, E.",1810,unknown,10783267,only excluded placeholder lrefs available: 10783267
175521,"Erkelens, Jan Gerrit",1790,unknown,10783267,only excluded placeholder lrefs available: 10783267
175522,"Erkelens, Jan Gerrit",1815,drawing (visual work),10783267,only excluded placeholder lrefs available: 10783267
175523,"Erkelens, Jan Gerrit",1815,drawing (visual work),10783267,only excluded placeholder lrefs available: 10783267
175671,"Anspach, Johannes",1806,drawing (visual work),10783267,only excluded placeholder lrefs available: 10783267
175740,Anoniem,1875,unknown,10783267,only excluded placeholder lrefs available: 10783267
175774,Anoniem,1825,print,10783267,only excluded placeholder lrefs available: 10783267
175859,"Anspach, Johannes",1803,drawing (visual work),10783267,only excluded placeholder lrefs available: 10783267
175860,"Anspach, Johannes",1796,drawing (visual work),10783267,only excluded placeholder lrefs available: 10783267
175865,"Anspach, Johannes",1804,drawing (visual work),10783267,only excluded placeholder lrefs available: 10783267
175866,"Anspach, Johannes",1804,drawing (visual work),10783267,only excluded placeholder lrefs available: 10783267
175867,"Anspach, Johannes",1790,drawing (visual work),10783267,only excluded placeholder lrefs available: 10783267
175869,"Anspach, Johannes",1767,drawing (visual work),10783267,only excluded placeholder lrefs available: 10783267
175871,"Anspach, Johannes",1767,drawing (visual work),10783267,only excluded placeholder lrefs available: 10783267
175873,"Anspach, Johannes",1802,drawing (visual work),10783267,only excluded placeholder lrefs available: 10783267
175875,"Anspach, Johannes",1792,drawing (visual work),10783267,only excluded placeholder lrefs available: 10783267
175876,"Anspach, Johannes",1792,drawing (visual work),10783267,only excluded placeholder lrefs available: 10783267
175877,"Anspach, Johannes",1806,drawing (visual work),10783267,only excluded placeholder lrefs available: 10783267
175878,"Anspach, Johannes",1821,drawing (visual work),10783267,only excluded placeholder lrefs available: 10783267
175879,"Anspach, Johannes",1819,drawing (visual work),10783267,only excluded placeholder lrefs available: 10783267
175880,"Anspach, Johannes",1819,drawing (visual work),10783267,only excluded placeholder lrefs available: 10783267
175883,"Anspach, Johannes",1811,drawing (visual work),10783267,only excluded placeholder lrefs available: 10783267
175884,"Anspach, Johannes",1806,drawing (visual work),10783267,only excluded placeholder lrefs available: 10783267
175885,"Anspach, Johannes",1816,drawing (visual work),10783267,only excluded placeholder lrefs available: 10783267
175886,"Anspach, Johannes",1797,drawing (visual work),10783267,only excluded placeholder lrefs available: 10783267
175887,"Anspach, Johannes",1797,drawing (visual work),10783267,only excluded placeholder lrefs available: 10783267
175888,"Anspach, Johannes",1791,drawing (visual work),10783267,only excluded placeholder lrefs available: 10783267
175901,Anoniem,1845,painting,10783267,only excluded placeholder lrefs available: 10783267
175918,"Anspach, Johannes",1810,drawing (visual work),10783267,only excluded placeholder lrefs available: 10783267
175919,"Anspach, Johannes",1810,drawing (visual work),10783267,only excluded placeholder lrefs available: 10783267
175920,"Anspach, Johannes",1810,drawing (visual work),10783267,only excluded placeholder lrefs available: 10783267
175921,"Anspach, Johannes",1815,drawing (visual work),10783267,only excluded placeholder lrefs available: 10783267
175922,"Anspach, Johannes",1767,drawing (visual work),10783267,only excluded placeholder lrefs available: 10783267
175928,"Anspach, Johannes",1815,drawing (visual work),10783267,only excluded placeholder lrefs available: 10783267
175930,"Anspach, Johannes",1767,drawing (visual work),10783267,only excluded placeholder lrefs available: 10783267
175931,"Anspach, Johannes",1792,drawing (visual work),10783267,only excluded placeholder lrefs available: 10783267
175932,"Anspach, Johannes",1792,drawing (visual work),10783267,only excluded placeholder lrefs available: 10783267
175934,"Anspach, Johannes",1767,drawing (visual work),10783267,only excluded placeholder lrefs available: 10783267
175936,"Anspach, Johannes",1767,drawing (visual work),10783267,only excluded placeholder lrefs available: 10783267
175944,Anoniem,1880,painting,10783267,only excluded placeholder lrefs available: 10783267
175954,"Anspach, Johannes",1795,drawing (visual work),10783267,only excluded placeholder lrefs available: 10783267
175955,"Anspach, Johannes",1795,drawing (visual work),10783267,only excluded placeholder lrefs available: 10783267
176017,"Egenberger, Johannes Hinderikus",1886,painting,10783267,only excluded placeholder lrefs available: 10783267
176258,"Croix, Pierre Frédéric de la",1753,drawing (visual work),10783267,only excluded placeholder lrefs available: 10783267
176259,"Croix, Pierre Frédéric de la",1775,drawing (visual work),10783267,only excluded placeholder lrefs available: 10783267
176260,"Croix, Pierre Frédéric de la",1780,drawing (visual work),10783267,only excluded placeholder lrefs available: 10783267
176262,"Croix, Pierre Frédéric de la",1775,drawing (visual work),10783267,only excluded placeholder lrefs available: 10783267
176263,"Croix, Pierre Frédéric de la",1776,drawing (visual work),10783267,only excluded placeholder lrefs available: 10783267
176265,"Croix, Pierre Frédéric de la",1776,drawing (visual work),10783267,only excluded placeholder lrefs available: 10783267
176274,"Croix, Pierre Frédéric de la",1772,drawing (visual work),10783267,only excluded placeholder lrefs available: 10783267
176275,"Croix, Pierre Frédéric de la",1768,drawing (visual work),10783267,only excluded placeholder lrefs available: 10783267
176276,"Croix, Pierre Frédéric de la",1775,drawing (visual work),10783267,only excluded placeholder lrefs available: 10783267
176277,"Croix, Pierre Frédéric de la",1776,drawing (visual work),10783267,only excluded placeholder lrefs available: 10783267
176279,"Croix, Pierre Frédéric de la",1774,drawing (visual work),10783267,only excluded placeholder lrefs available: 10783267
176280,"Croix, Pierre Frédéric de la",1774,drawing (visual work),10783267,only excluded placeholder lrefs available: 10783267
176286,"Croix, Pierre Frédéric de la",1772,drawing (visual work),10783267,only excluded placeholder lrefs available: 10783267
176289,"Croix, Pierre Frédéric de la",1772,drawing (visual work),10783267,only excluded placeholder lrefs available: 10783267
176291,"Croix, Pierre Frédéric de la",1778,drawing (visual work),10783267,only excluded placeholder lrefs available: 10783267
176292,"Croix, Pierre Frédéric de la",1775,drawing (visual work),10783267,only excluded placeholder lrefs available: 10783267
176294,"Croix, Pierre Frédéric de la",1779,drawing (visual work),10783267,only excluded placeholder lrefs available: 10783267
176296,"Croix, Pierre Frédéric de la",1775,drawing (visual work),10783267,only excluded placeholder lrefs available: 10783267
176327,"Croix, Pierre Frédéric de la",1769,drawing (visual work),10783267,only excluded placeholder lrefs available: 10783267
176328,"Troost, Sara",1747,drawing (visual work),10783267,only excluded placeholder lrefs available: 10783267
176452,"Doucet de Suriny, Jeanne",1785,portrait miniature,10783267,only excluded placeholder lrefs available: 10783267
176511,"Dijk, Philip van",1750,tile (object genre),10783267,only excluded placeholder lrefs available: 10783267
176512,"Dijk, Philip van",1750,tile (object genre),10783267,only excluded placeholder lrefs available: 10783267
176588,"Mulder, Pieter Jacobus",1851,painting,10783267,only excluded placeholder lrefs available: 10783267
176608,"Rädecker, John",1930,sculpture,10783267,only excluded placeholder lrefs available: 10783267
176609,"Rädecker, John",1930,painting,10783267,only excluded placeholder lrefs available: 10783267
176610,"Veelwaard, Daniël (I)",1781,print,10783267,only excluded placeholder lrefs available: 10783267
176611,"Serwouters, Pieter",1601,print,10783267,only excluded placeholder lrefs available: 10783267
176612,Anoniem,1828,print,10783267,only excluded placeholder lrefs available: 10783267
176620,"Wijnberg, Nicolaas",1939,painting,10783267,only excluded placeholder lrefs available: 10783267
176790,"Kaiser, Johann Wilhelm (I)",1828,print,10783267,only excluded placeholder lrefs available: 10783267
176881,"Schwartze, Johann Georg",1862,painting,10783267,only excluded placeholder lrefs available: 10783267
176993,"Dietzer, August",1791,drawing (visual work),10783267,only excluded placeholder lrefs available: 10783267
177278,"Cels, Cornelis",1839,painting,10783267,only excluded placeholder lrefs available: 10783267
177362,"Haensbergen, Jan van",1675,painting,10783267,only excluded placeholder lrefs available: 10783267
177435,"Palamedes, Anthonie",1660,painting,10783267,only excluded placeholder lrefs available: 10783267
177437,"Palamedes, Anthonie",1652,painting,10783267,only excluded placeholder lrefs available: 10783267
177531,"Horstink, Warnaar",1771,painting,10783267,only excluded placeholder lrefs available: 10783267
177570,"Keyser, Thomas de",1629,painting,10783267,only excluded placeholder lrefs available: 10783267
177590,Anoniem,1700,painting,10783267,only excluded placeholder lrefs available: 10783267
177602,Anoniem,1800,drawing (visual work),10783267,only excluded placeholder lrefs available: 10783267
177604,Anoniem,1800,drawing (visual work),10783267,only excluded placeholder lrefs available: 10783267
177613,Anoniem,1700,painting,10783267,only excluded placeholder lrefs available: 10783267
177617,Anoniem,1700,painting,10783267,only excluded placeholder lrefs available: 10783267
177618,Anoniem,1700,painting,10783267,only excluded placeholder lrefs available: 10783267
177624,"Delft, Theo van",1916,painting,10783267,only excluded placeholder lrefs available: 10783267
177644,"Tsarkova, Natalia",2002,painting,10783267,only excluded placeholder lrefs available: 10783267
177654,"Abattucci, Pierre",1896,painting,10783267,only excluded placeholder lrefs available: 10783267
177656,"Abattucci, Pierre",1896,painting,10783267,only excluded placeholder lrefs available: 10783267
177660,"Houben, Piet-Hein",1988,painting,10783267,only excluded placeholder lrefs available: 10783267
177699,"Pieneman, Jan Willem",1825,painting,10783267,only excluded placeholder lrefs available: 10783267
177805,Anoniem,1700,print,10783267,only excluded placeholder lrefs available: 10783267
177877,"Ravesteyn, Jan van",1587,painting,10783267,only excluded placeholder lrefs available: 10783267
177928,Anoniem,1850,drawing (visual work),10783267,only excluded placeholder lrefs available: 10783267
177986,"Boze, Joseph",1800,portrait miniature,10783267,only excluded placeholder lrefs available: 10783267
178096,"Visscher, Cornelis (III)",1665,print,10783267,only excluded placeholder lrefs available: 10783267
178170,"Moritz, Louis",1800,painting,10783267,only excluded placeholder lrefs available: 10783267
178180,"Vinne, Vincent Jansz. van der",1751,painting,10783267,only excluded placeholder lrefs available: 10783267
178184,"Dongen, Kees van",1909,painting,10783267,only excluded placeholder lrefs available: 10783267
178197,Anoniem,1925,unknown,10783267,only excluded placeholder lrefs available: 10783267
178214,"Werf, Luitjen Jacobs van der",1751,painting,10783267,only excluded placeholder lrefs available: 10783267
178244,"Berg, Siep van den",1950,painting,10783267,only excluded placeholder lrefs available: 10783267
178455,"Visser von Weeren, E.",1880,photograph,10783267,only excluded placeholder lrefs available: 10783267
178729,Anoniem,1710,painting,10783267,only excluded placeholder lrefs available: 10783267
178778,Anoniem,1810,painting,10783267,only excluded placeholder lrefs available: 10783267
178800,"Oorloft, Joseph Philippe",1822,portrait miniature,10783267,only excluded placeholder lrefs available: 10783267
178811,"Fournier, Jean",1751,painting,10783267,only excluded placeholder lrefs available: 10783267
178813,"Fournier, Jean",1751,painting,10783267,only excluded placeholder lrefs available: 10783267
178823,"Galle, Philips",1552,print,10783267,only excluded placeholder lrefs available: 10783267
178825,Anoniem,1624,medal (coin type),10783267,only excluded placeholder lrefs available: 10783267
178836,"Golt, H.",1706,painting,10783267,only excluded placeholder lrefs available: 10783267
179353,Anoniem,1880,photograph,10783267,only excluded placeholder lrefs available: 10783267
179832,"Swanenburg, Willem van (I)",1595,print,10783267,only excluded placeholder lrefs available: 10783267
179952,"Kooi, Willem Bartel van der",1817,painting,9164702,no image downloaded
179964,Anoniem,1928,sculpture,10783267,only excluded placeholder lrefs available: 10783267
180137,Anoniem,1825,painting,10783267,only excluded placeholder lrefs available: 10783267
180172,Anoniem,1875,painting,10783267,only excluded placeholder lrefs available: 10783267
180173,Anoniem,1800,drawing (visual work),10783267,only excluded placeholder lrefs available: 10783267
180174,Anoniem,1825,drawing (visual work),10783267,only excluded placeholder lrefs available: 10783267
180175,"Eeckhout, Jacques Joseph",1808,painting,10783267,only excluded placeholder lrefs available: 10783267
180191,"Hoffmeister, Johan Hendrik",1838,print,10783267,only excluded placeholder lrefs available: 10783267
180192,Anoniem,1800,drawing (visual work),10783267,only excluded placeholder lrefs available: 10783267
180221,"Vinkeles, Reinier",1756,print,10783267,only excluded placeholder lrefs available: 10783267
180226,"Esser, Wijnand",1794,drawing (visual work),10783267,only excluded placeholder lrefs available: 10783267
180227,"Esser, Wijnand",1794,drawing (visual work),10783267,only excluded placeholder lrefs available: 10783267
180295,Anoniem,1845,unknown,10783267,only excluded placeholder lrefs available: 10783267
180416,"Schmidt, Izaäk",1755,drawing (visual work),10783267,only excluded placeholder lrefs available: 10783267
180419,"Berg, Siep van den",1928,painting,10783267,only excluded placeholder lrefs available: 10783267
180506,"Jardin, Karel du",1664,painting,10783267,only excluded placeholder lrefs available: 10783267
180585,Anoniem,1629,painting,10783267,only excluded placeholder lrefs available: 10783267
180589,"Mankes, Jan",1904,drawing (visual work),10783267,only excluded placeholder lrefs available: 10783267
180592,"Brands, Eugène",1966,drawing (visual work),10783267,only excluded placeholder lrefs available: 10783267
180597,"Palamedes, Anthonie",1668,painting,10783267,only excluded placeholder lrefs available: 10783267
180604,Anoniem,1800,painting,10783267,only excluded placeholder lrefs available: 10783267
180657,Anoniem,1860,photograph,10783267,only excluded placeholder lrefs available: 10783267
180792,"Kortenhorst, Rudolf Patrick",2004,painting,9164633,no image downloaded
180960,Anoniem,1890,painting,10783267,only excluded placeholder lrefs available: 10783267
180970,"Passe, Crispijn de (I)",1633,drawing (visual work),10783267,only excluded placeholder lrefs available: 10783267
180977,"Moulijn, Simon",1881,drawing (visual work),10783267,only excluded placeholder lrefs available: 10783267
180984,"Toorop, Charley",1906,drawing (visual work),10783267,only excluded placeholder lrefs available: 10783267
181060,Anoniem,1659,painting,10783267,only excluded placeholder lrefs available: 10783267
181137,"Mierevelt, Michiel van",1616,painting,10783267,only excluded placeholder lrefs available: 10783267
181182,"Mekkink, Johan",1968,painting,10783267,only excluded placeholder lrefs available: 10783267
181216,"Dinnewet, Jozef",1842,painting,10783267,only excluded placeholder lrefs available: 10783267
181218,Anoniem,1860,photograph,10783267,only excluded placeholder lrefs available: 10783267
181222,"Dinnewet, Jozef",1842,painting,10783267,only excluded placeholder lrefs available: 10783267
181229,Anoniem,1780,silhouette,10783267,only excluded placeholder lrefs available: 10783267
181361,"Lelyveld, Théodore van",1882,painting,10783267,only excluded placeholder lrefs available: 10783267
181424,"Hagen, Frits ten",1974,painting,10783267,only excluded placeholder lrefs available: 10783267
181426,"Hagen, Frits ten",1976,painting,10783267,only excluded placeholder lrefs available: 10783267
181429,"Hagen, Frits ten",1976,painting,10783267,only excluded placeholder lrefs available: 10783267
181431,"Hagen, Frits ten",1983,portrait miniature,10783267,only excluded placeholder lrefs available: 10783267
181482,"Eickholt, Anna",1995,drawing (visual work),10783267,only excluded placeholder lrefs available: 10783267
181510,Anoniem,1635,painting,10783267,only excluded placeholder lrefs available: 10783267
181548,"Schroor, Hester",1983,painting,10783267,only excluded placeholder lrefs available: 10783267
181549,"Schroor, Hester",1986,painting,10783267,only excluded placeholder lrefs available: 10783267
181550,"Schroor, Hester",1997,painting,10783267,only excluded placeholder lrefs available: 10783267
181551,"Schroor, Hester",1988,painting,10783267,only excluded placeholder lrefs available: 10783267
181552,"Schroor, Hester",2007,painting,10783267,only excluded placeholder lrefs available: 10783267
181553,"Schroor, Hester",1997,painting,10783267,only excluded placeholder lrefs available: 10783267
181554,"Schroor, Hester",1992,painting,10783267,only excluded placeholder lrefs available: 10783267
181555,"Schroor, Hester",1993,painting,10783267,only excluded placeholder lrefs available: 10783267
181556,"Schroor, Hester",1985,painting,10783267,only excluded placeholder lrefs available: 10783267
181558,"Muller, Wout",1991,painting,10783267,only excluded placeholder lrefs available: 10783267
181573,"Winterhalter, Franz Xaver",1863,painting,10783267,only excluded placeholder lrefs available: 10783267
181577,"Rubens, Peter Paul",1600,painting,10783267,only excluded placeholder lrefs available: 10783267
181607,"Stolker, Jan",1739,portrait miniature,10783267,only excluded placeholder lrefs available: 10783267
181763,Anoniem,1635,painting,10783267,only excluded placeholder lrefs available: 10783267
181819,"Hauck, Friedrich Ludwig",1790,painting,10783267,only excluded placeholder lrefs available: 10783267
181820,"Croix, Pierre Frédéric de la",1779,drawing (visual work),10783267,only excluded placeholder lrefs available: 10783267
181872,"Slager, Piet (jr.)",1886,drawing (visual work),10783267,only excluded placeholder lrefs available: 10783267
181946,"Ekkelboom, Lambertus",1838,drawing (visual work),10783267,only excluded placeholder lrefs available: 10783267
182045,"Meegeren, Han van",1926,painting,10783267,only excluded placeholder lrefs available: 10783267
182047,"Wijngaarden, Theo van",1889,painting,10783267,only excluded placeholder lrefs available: 10783267
182048,"Meegeren, Han van",1924,painting,10783267,only excluded placeholder lrefs available: 10783267
182049,Gooitzen,1947,drawing (visual work),10783267,only excluded placeholder lrefs available: 10783267
182106,Anoniem,1575,painting,10783267,only excluded placeholder lrefs available: 10783267
182107,"Niwael, Jan van",1647,painting,10783267,only excluded placeholder lrefs available: 10783267
182108,"Mierevelt, Michiel van",1582,painting,10783267,only excluded placeholder lrefs available: 10783267
182109,"Mierevelt, Michiel van",1582,painting,10783267,only excluded placeholder lrefs available: 10783267
182110,Anoniem,1600,painting,10783267,only excluded placeholder lrefs available: 10783267
182111,Anoniem,1600,painting,10783267,only excluded placeholder lrefs available: 10783267
182112,Anoniem,1650,painting,10783267,only excluded placeholder lrefs available: 10783267
182114,"Welie, Antoon van",1945,painting,10783267,only excluded placeholder lrefs available: 10783267
182115,"Welbergen, Maarten",1949,painting,10783267,only excluded placeholder lrefs available: 10783267
182159,Photographie Rheinland Aachen,1920,photograph,10783267,only excluded placeholder lrefs available: 10783267
182171,"Kamper, Godaert",1657,painting,10783267,only excluded placeholder lrefs available: 10783267
182251,"Drabbe, Mies",1907,drawing (visual work),10783267,only excluded placeholder lrefs available: 10783267
182252,"Berg, Willem van den (1886-1970)",1901,painting,10783267,only excluded placeholder lrefs available: 10783267
182253,"Wezelaar, Han",1916,sculpture,10783267,only excluded placeholder lrefs available: 10783267
182346,Anoniem,1781,painting,10783267,only excluded placeholder lrefs available: 10783267
182347,Anoniem,1750,painting,10783267,only excluded placeholder lrefs available: 10783267
182348,Anoniem,1798,painting,10783267,only excluded placeholder lrefs available: 10783267
182349,Anoniem,1782,painting,10783267,only excluded placeholder lrefs available: 10783267
182350,Anoniem,1850,painting,10783267,only excluded placeholder lrefs available: 10783267
182351,Anoniem,1850,painting,10783267,only excluded placeholder lrefs available: 10783267
182369,"Siebert, Heinrich (I)",1845,drawing (visual work),10783267,only excluded placeholder lrefs available: 10783267
182374,"Voort, Cornelis van der",1610,painting,10783267,only excluded placeholder lrefs available: 10783267
182383,Anoniem,1645,painting,10783267,only excluded placeholder lrefs available: 10783267
182384,"Bogaert, Jan van den (II)",1907,painting,10783267,only excluded placeholder lrefs available: 10783267
182388,"Pierson, Christoffel",1661,painting,10783267,only excluded placeholder lrefs available: 10783267
182421,"Citroen, Paul",1966,painting,10783267,only excluded placeholder lrefs available: 10783267
182425,"Citroen, Paul",1966,drawing (visual work),10783267,only excluded placeholder lrefs available: 10783267
182427,"Citroen, Paul",1957,drawing (visual work),10783267,only excluded placeholder lrefs available: 10783267
182439,"Savrij, Henri",1913,drawing (visual work),10783267,only excluded placeholder lrefs available: 10783267
182447,"Roëde, Jan (1914-2007)",1992,painting,10783267,only excluded placeholder lrefs available: 10783267
182448,"Kuiper, Jan (1928-2017)",1946,painting,10783267,only excluded placeholder lrefs available: 10783267
182449,"Kuiper, Jan (1928-2017)",1998,painting,10783267,only excluded placeholder lrefs available: 10783267
182540,Anoniem,1770,portrait miniature,10783267,only excluded placeholder lrefs available: 10783267
182603,Pasquier (II),1829,drawing (visual work),10783267,only excluded placeholder lrefs available: 10783267
182607,Anoniem,1798,drawing (visual work),10783267,only excluded placeholder lrefs available: 10783267
182653,Anoniem,1775,drawing (visual work),10783267,only excluded placeholder lrefs available: 10783267
182674,Anoniem,1800,summary list,,no image downloaded
182684,"Wal, G.J. van der",1887,painting,10783267,only excluded placeholder lrefs available: 10783267
182744,"Kayser, Joseph",1832,drawing (visual work),10783267,only excluded placeholder lrefs available: 10783267
182745,"Kayser, Joseph",1832,drawing (visual work),10783267,only excluded placeholder lrefs available: 10783267
182798,"Sluijters, Jan",1907,drawing (visual work),10783267,only excluded placeholder lrefs available: 10783267
182810,"Jacquin, François Xavier Joseph",1813,painting,10783267,only excluded placeholder lrefs available: 10783267
182848,Anoniem,1950,drawing (visual work),10783267,only excluded placeholder lrefs available: 10783267
182853,"Ansingh, Lizzy",1924,drawing (visual work),10783267,only excluded placeholder lrefs available: 10783267
182912,Anoniem,1777,drawing (visual work),10783267,only excluded placeholder lrefs available: 10783267
182913,Anoniem,1775,drawing (visual work),10783267,only excluded placeholder lrefs available: 10783267
182986,"Jacquin, François Xavier Joseph",1800,painting,10783267,only excluded placeholder lrefs available: 10783267
182993,"Horstok, Johannes Petrus van",1760,drawing (visual work),10783267,only excluded placeholder lrefs available: 10783267
183011,"Weerts, E.",1847,painting,10783267,only excluded placeholder lrefs available: 10783267
183018,"Hodges, Charles Howard",1779,drawing (visual work),10783267,only excluded placeholder lrefs available: 10783267
183020,"Hodges, Charles Howard",1779,drawing (visual work),10783267,only excluded placeholder lrefs available: 10783267
183022,"Hodges, Charles Howard",1779,drawing (visual work),10783267,only excluded placeholder lrefs available: 10783267
183026,"Hodges, Charles Howard",1779,drawing (visual work),10783267,only excluded placeholder lrefs available: 10783267
183085,"Schuhmacher, Wim",1909,painting,10783267,only excluded placeholder lrefs available: 10783267
183086,"Kuyle, Albert",1919,drawing (visual work),10783267,only excluded placeholder lrefs available: 10783267
183087,Anoniem,1750,painting,10783267,only excluded placeholder lrefs available: 10783267
183088,Anoniem,1750,painting,10783267,only excluded placeholder lrefs available: 10783267
183100,Anoniem,1652,painting,10783267,only excluded placeholder lrefs available: 10783267
183347,Anoniem,1575,unknown,10783267,only excluded placeholder lrefs available: 10783267
183360,Anoniem,1825,painting,10783267,only excluded placeholder lrefs available: 10783267
183362,Anoniem,1825,painting,10783267,only excluded placeholder lrefs available: 10783267
183363,"Lapis, Hieronymus",1783,painting,10783267,only excluded placeholder lrefs available: 10783267
183364,"Lapis, Hieronymus",1779,painting,10783267,only excluded placeholder lrefs available: 10783267
183365,Anoniem,1804,unknown,10783267,only excluded placeholder lrefs available: 10783267
183366,"Lapis, Hieronymus",1725,painting,10783267,only excluded placeholder lrefs available: 10783267
183367,Anoniem,1700,painting,10783267,only excluded placeholder lrefs available: 10783267
183368,"Lapis, Hieronymus",1777,painting,10783267,only excluded placeholder lrefs available: 10783267
183369,"Lapis, Hieronymus",1794,painting,10783267,only excluded placeholder lrefs available: 10783267
183371,Anoniem,1825,painting,10783267,only excluded placeholder lrefs available: 10783267
183373,Anoniem,1825,painting,10783267,only excluded placeholder lrefs available: 10783267
183436,Anoniem,1775,drawing (visual work),10783267,only excluded placeholder lrefs available: 10783267
183544,"Danloux, Henri Pierre",1768,painting,10783267,only excluded placeholder lrefs available: 10783267
183571,"Veth, Jan",1879,painting,10783267,only excluded placeholder lrefs available: 10783267
183642,Anoniem,1750,portrait miniature,10783267,only excluded placeholder lrefs available: 10783267
183643,Anoniem,1750,portrait miniature,10783267,only excluded placeholder lrefs available: 10783267
183668,Anoniem,1675,painting,10783267,only excluded placeholder lrefs available: 10783267
183679,"Veth, Jan",1921,painting,10783267,only excluded placeholder lrefs available: 10783267
183763,Anoniem,1850,painting,10783267,only excluded placeholder lrefs available: 10783267
183946,"Noordt, Jan van",1659,painting,10783267,only excluded placeholder lrefs available: 10783267
183947,"Netscher, Caspar",1658,painting,10783267,only excluded placeholder lrefs available: 10783267
183973,"Stad, Willem",1907,painting,10783267,only excluded placeholder lrefs available: 10783267
183978,Anoniem,1840,painting,10783267,only excluded placeholder lrefs available: 10783267
184006,Anoniem,1964,painting,10783267,only excluded placeholder lrefs available: 10783267
184052,"Beckmann, Max",1899,drawing (visual work),10783267,only excluded placeholder lrefs available: 10783267
184055,"Martens, Willy",1905,painting,10783267,only excluded placeholder lrefs available: 10783267
184056,"Buys, Jacobus",1739,painting,10783267,only excluded placeholder lrefs available: 10783267
184065,"Krabbé, Heinrich Martin",1920,painting,10783267,only excluded placeholder lrefs available: 10783267
184111,Anoniem,1825,tile tableau,10783267,only excluded placeholder lrefs available: 10783267
184131,"Jelgersma, Tako Hajo",1717,drawing (visual work),10783267,only excluded placeholder lrefs available: 10783267
184156,"Jelgersma, Tako Hajo",1745,drawing (visual work),10783267,only excluded placeholder lrefs available: 10783267
184163,"Jelgersma, Tako Hajo",1739,drawing (visual work),10783267,only excluded placeholder lrefs available: 10783267
184266,"Rijnenburg, Nicolaas",1731,unknown,10783267,only excluded placeholder lrefs available: 10783267
185447,Anoniem,1945,painting,10783267,only excluded placeholder lrefs available: 10783267
185785,Anoniem,1825,drawing (visual work),10783267,only excluded placeholder lrefs available: 10783267
186101,Anoniem,1820,painting,10783267,only excluded placeholder lrefs available: 10783267
186109,"Moscheles, Felix Stone",1899,painting,10783267,only excluded placeholder lrefs available: 10783267
186540,"Schultz, Johannes Adrianus",1850,painting,10783267,only excluded placeholder lrefs available: 10783267
186853,Anoniem,1875,painting,10783267,only excluded placeholder lrefs available: 10783267
186856,Anoniem,1865,painting,10783267,only excluded placeholder lrefs available: 10783267
186863,Anoniem,1825,painting,10783267,only excluded placeholder lrefs available: 10783267
186866,"Grips, Carel Jozeph",1854,painting,10783267,only excluded placeholder lrefs available: 10783267
186876,"Grips, Carel Jozeph",1854,painting,10783267,only excluded placeholder lrefs available: 10783267
187065,"Bisschop, Cornelis (I)",1660,painting,10783267,only excluded placeholder lrefs available: 10783267
187090,Anoniem,1813,portrait miniature,10783267,only excluded placeholder lrefs available: 10783267
187117,"Pijnacker, Johan Christiaan Lambert",1843,painting,10783267,only excluded placeholder lrefs available: 10783267
187119,Anoniem,1846,portrait miniature,10783267,only excluded placeholder lrefs available: 10783267
187173,Anoniem,1775,painting,10783267,only excluded placeholder lrefs available: 10783267
187286,Anoniem,1820,painting,10783267,only excluded placeholder lrefs available: 10783267
187288,Anoniem,1820,painting,10783267,only excluded placeholder lrefs available: 10783267
187290,"Schenk, Martinus Christiaan",1899,painting,10783267,only excluded placeholder lrefs available: 10783267
187310,Anoniem,1831,painting,10783267,only excluded placeholder lrefs available: 10783267
187311,Anoniem,1831,painting,10783267,only excluded placeholder lrefs available: 10783267
187314,"Nieuwenhuys, Lambertus Johannes",1830,painting,10783267,only excluded placeholder lrefs available: 10783267
187315,"Weddige, Carl",1847,painting,10783267,only excluded placeholder lrefs available: 10783267
187316,"Weddige, Carl",1844,painting,10783267,only excluded placeholder lrefs available: 10783267
187317,Monogrammist LSA,1943,drawing (visual work),10783267,only excluded placeholder lrefs available: 10783267
187893,"Willink, Carel",1968,drawing (visual work),10783267,only excluded placeholder lrefs available: 10783267
188086,"Kayser, Joseph",1833,drawing (visual work),10783267,only excluded placeholder lrefs available: 10783267
188087,"Kayser, Joseph",1833,drawing (visual work),10783267,only excluded placeholder lrefs available: 10783267
188088,"Kayser, Joseph",1833,drawing (visual work),10783267,only excluded placeholder lrefs available: 10783267
188089,"Kayser, Joseph",1833,drawing (visual work),10783267,only excluded placeholder lrefs available: 10783267
188090,"Kayser, Joseph",1833,drawing (visual work),10783267,only excluded placeholder lrefs available: 10783267
188313,"Caspari, Hendrik Willem",1785,drawing (visual work),10783267,only excluded placeholder lrefs available: 10783267
188332,"Marcus, Jacob Ernst",1789,painting,10783267,only excluded placeholder lrefs available: 10783267
188383,"Watrin, Johannes Joseph Maria",1818,portrait miniature,10783267,only excluded placeholder lrefs available: 10783267
188932,"Israels, Isaac",1890,painting,10783267,only excluded placeholder lrefs available: 10783267
188944,"Gestel, Leo",1905,drawing (visual work),10783267,only excluded placeholder lrefs available: 10783267
188953,Rembrandt,1647,print,10783267,only excluded placeholder lrefs available: 10783267
190195,"Hart Nibbrig, Ferdinand",1890,drawing (visual work),10783267,only excluded placeholder lrefs available: 10783267
190262,"Kimpe, Reimond",1940,painting,10783267,only excluded placeholder lrefs available: 10783267
190504,Anoniem,1775,painting,10783267,only excluded placeholder lrefs available: 10783267
190691,Anoniem,1795,drawing (visual work),10783267,only excluded placeholder lrefs available: 10783267
190871,"Fernhout, Edgar",1947,painting,10783267,only excluded placeholder lrefs available: 10783267
190876,"Fernhout, Edgar",1951,painting,10783267,only excluded placeholder lrefs available: 10783267
190877,"Fernhout, Edgar",1952,painting,10783267,only excluded placeholder lrefs available: 10783267
190878,"Fernhout, Edgar",1953,painting,10783267,only excluded placeholder lrefs available: 10783267
190885,"Fernhout, Edgar",1954,painting,10783267,only excluded placeholder lrefs available: 10783267
190891,"Fernhout, Edgar",1946,painting,10783267,only excluded placeholder lrefs available: 10783267
190892,"Fernhout, Edgar",1950,painting,10783267,only excluded placeholder lrefs available: 10783267
190897,"Fernhout, Edgar",1950,painting,10783267,only excluded placeholder lrefs available: 10783267
190903,"Fernhout, Edgar",1951,painting,10783267,only excluded placeholder lrefs available: 10783267
190906,"Fernhout, Edgar",1955,painting,10783267,only excluded placeholder lrefs available: 10783267
190909,"Fernhout, Edgar",1952,painting,10783267,only excluded placeholder lrefs available: 10783267
190921,"Fernhout, Edgar",1956,painting,10783267,only excluded placeholder lrefs available: 10783267
191023,"Fernhout, Edgar",1936,painting,10783267,only excluded placeholder lrefs available: 10783267
191031,"Fernhout, Edgar",1936,painting,10783267,only excluded placeholder lrefs available: 10783267
191044,"Hoytema, Antoinette van",1937,painting,10783267,only excluded placeholder lrefs available: 10783267
191047,"Maas, Maximiliaan Louis",1950,painting,10783267,only excluded placeholder lrefs available: 10783267
191060,"Fernhout, Edgar",1939,painting,10783267,only excluded placeholder lrefs available: 10783267
191101,"Fernhout, Edgar",1942,painting,10783267,only excluded placeholder lrefs available: 10783267
191150,"Fernhout, Edgar",1929,painting,10783267,only excluded placeholder lrefs available: 10783267
191161,"Fernhout, Edgar",1937,painting,10783267,only excluded placeholder lrefs available: 10783267
192104,Anoniem,1545,painting,10783267,only excluded placeholder lrefs available: 10783267
192107,Anoniem,1545,painting,10783267,only excluded placeholder lrefs available: 10783267
192462,"Vollon, Alexis",1938,drawing (visual work),10783267,only excluded placeholder lrefs available: 10783267
192581,Anoniem,1700,print,10783267,only excluded placeholder lrefs available: 10783267
193320,"Cool, Jan Daemen",1634,painting,10783267,only excluded placeholder lrefs available: 10783267
193528,"Caspari, Hendrik Willem",1818,drawing (visual work),10783267,only excluded placeholder lrefs available: 10783267
193613,"Caspari, Hendrik Willem",1813,drawing (visual work),10783267,only excluded placeholder lrefs available: 10783267
193858,"Marcus, Jacob Ernst",1816,book,,no image downloaded
194068,Anoniem,1900,photograph,10783267,only excluded placeholder lrefs available: 10783267
194089,"Diephuis, J.D.",1894,drawing (visual work),10783267,only excluded placeholder lrefs available: 10783267
194091,"Hoogendoorn, Gerardus Dominicus",1940,painting,10783267,only excluded placeholder lrefs available: 10783267
194333,"Raemaekers, Louis",1905,painting,10783267,only excluded placeholder lrefs available: 10783267
194382,Anoniem,1400,painting,10783267,only excluded placeholder lrefs available: 10783267
194623,Soetens &amp; Fils,1838,loose-leafed album,,no image downloaded
194691,Anoniem,1775,silhouette,10783267,only excluded placeholder lrefs available: 10783267
195384,"Poppel, Peter van",1989,painting,10783267,only excluded placeholder lrefs available: 10783267
195449,"Georges, Eduard François",1852,sculpture,10783267,only excluded placeholder lrefs available: 10783267
195465,"Baekers, Daan",2006,drawing (visual work),10783267,only excluded placeholder lrefs available: 10783267
195466,"Baekers, Daan",2006,drawing (visual work),10783267,only excluded placeholder lrefs available: 10783267
195526,"Henneman, Jeroen",2001,print,10783267,only excluded placeholder lrefs available: 10783267
195584,"Prins, Ralph",1990,drawing (visual work),10783267,only excluded placeholder lrefs available: 10783267
195656,Anoniem,1747,tile tableau,10783267,only excluded placeholder lrefs available: 10783267
195659,Anoniem,1850,sculpture,10783267,only excluded placeholder lrefs available: 10783267
196003,"Valk, Hendrick de",1706,painting,10783267,only excluded placeholder lrefs available: 10783267
196006,"Valk, Hendrick de",1705,painting,10783267,only excluded placeholder lrefs available: 10783267
197146,"Pot, Hendrick",1639,painting,10783267,only excluded placeholder lrefs available: 10783267
197308,"Glarner, Fritz",1943,photo series,10783267,only excluded placeholder lrefs available: 10783267
197338,Anoniem,1922,photo series,,no image downloaded
197344,"Newman, Arnold",1942,photo series,,no image downloaded
197435,Anoniem,1906,photo series,,no image downloaded
197505,"Lux, Eugene",1934,photo series,,no image downloaded
197695,"Jong, Peter de (1920-1990)",1979,sculpture,10783267,only excluded placeholder lrefs available: 10783267
197697,"Jong, Peter de (1920-1990)",1944,sculpture,10783267,only excluded placeholder lrefs available: 10783267
197801,"Henri, Florence",1930,photo series,,no image downloaded
198107,Anoniem,1941,drawing (visual work),10783267,only excluded placeholder lrefs available: 10783267
198269,Anoniem,1907,photo series,,no image downloaded
198381,"Mierevelt, Michiel van",1612,painting,10783267,only excluded placeholder lrefs available: 10783267
198393,"Mierevelt, Michiel van",1616,painting,10783267,only excluded placeholder lrefs available: 10783267
198414,"Mierevelt, Michiel van",1612,painting,10783267,only excluded placeholder lrefs available: 10783267
199067,"Mierevelt, Michiel van",1616,painting,10783267,only excluded placeholder lrefs available: 10783267
199568,"Braat, Pauline",1979,painting,10783267,only excluded placeholder lrefs available: 10783267
199571,"Braat, Pauline",2001,painting,10783267,only excluded placeholder lrefs available: 10783267
199573,"Braat, Pauline",1960,drawing (visual work),10783267,only excluded placeholder lrefs available: 10783267
199578,"Braat, Pauline",1979,drawing (visual work),10783267,only excluded placeholder lrefs available: 10783267
199585,"Humbert, Jean",1775,painting,10783267,only excluded placeholder lrefs available: 10783267
199845,"Sleeswijk, Alexander Cornelis",1888,painting,10783267,only excluded placeholder lrefs available: 10783267
199849,"Bosch, Jacob van den",1890,painting,10783267,only excluded placeholder lrefs available: 10783267
199985,Matthias &amp; Nathalie,1950,sculpture,10783267,only excluded placeholder lrefs available: 10783267
200002,"Donkersloot, Peter",1998,painting,10783267,only excluded placeholder lrefs available: 10783267
200162,Anoniem,1793,painting,10783267,only excluded placeholder lrefs available: 10783267
200166,"Postma, Gerrit",1840,painting,10783267,only excluded placeholder lrefs available: 10783267
200525,"Caspel, Johann Georg van",1912,painting,10783267,only excluded placeholder lrefs available: 10783267
200561,"Perkois, Jacob",1795,watercolor (painting),10783267,only excluded placeholder lrefs available: 10783267
200857,Anoniem,1635,painting,10783267,only excluded placeholder lrefs available: 10783267
200965,"Fantin-Latour, Henri",1851,painting,10783267,only excluded placeholder lrefs available: 10783267
201001,"Dubordieu, Pieter",1630,painting,10783267,only excluded placeholder lrefs available: 10783267
201011,"Dubordieu, Pieter",1630,painting,10783267,only excluded placeholder lrefs available: 10783267
201086,Anoniem,1800,painting,10783267,only excluded placeholder lrefs available: 10783267
201087,Anoniem,1800,painting,10783267,only excluded placeholder lrefs available: 10783267
201102,"Coques, Gonzales",1633,painting,10783267,only excluded placeholder lrefs available: 10783267
201205,"Jonson van Ceulen, Cornelis (I)",1650,painting,10783267,only excluded placeholder lrefs available: 10783267
201261,"Volders, Jan (Brussel 1660-1670)",1699,painting,10783267,only excluded placeholder lrefs available: 10783267
201328,"Rotius, Jan Albertsz.",1639,painting,10783267,only excluded placeholder lrefs available: 10783267
201374,"Mierevelt, Michiel van",1601,painting,10783267,only excluded placeholder lrefs available: 10783267
201437,"Geest, Wybrand de (I)",1607,painting,10783267,only excluded placeholder lrefs available: 10783267
201494,"Franken, Marianne",1910,painting,10783267,only excluded placeholder lrefs available: 10783267
201663,Anoniem,1700,loose-leafed album,,no image downloaded
201735,"Geest, Wybrand de (I)",1659,painting,10783267,only excluded placeholder lrefs available: 10783267
201739,"Pothast, Hendrik Antoon",1886,painting,10783267,only excluded placeholder lrefs available: 10783267
202051,Anoniem,1600,painting,10783267,only excluded placeholder lrefs available: 10783267
202119,"Accama, Bernardus (I)",1742,painting,10783267,only excluded placeholder lrefs available: 10783267
202137,Anoniem,1900,watercolor (painting),10783267,only excluded placeholder lrefs available: 10783267
202586,Anoniem,1584,painting,10783267,only excluded placeholder lrefs available: 10783267
202744,Anoniem,1595,painting,10783267,only excluded placeholder lrefs available: 10783267
202770,"Accama, Bernardus (I)",1744,painting,10783267,only excluded placeholder lrefs available: 10783267
202845,"Hult, Pieter van der",1695,painting,10783267,only excluded placeholder lrefs available: 10783267
202850,"Hult, Pieter van der",1703,painting,10783267,only excluded placeholder lrefs available: 10783267
202948,Rembrandt,1600,painting,10783267,only excluded placeholder lrefs available: 10783267
203087,"Malevich, Kazimir Severinovich",1890,painting,10783267,only excluded placeholder lrefs available: 10783267
203274,Anoniem,1600,painting,10783267,only excluded placeholder lrefs available: 10783267
203378,"Oven, Coen van",1911,painting,10783267,only excluded placeholder lrefs available: 10783267
203567,"Keuchenius, Wilhelmina",1880,painting,10783267,only excluded placeholder lrefs available: 10783267
203577,"Neuman, Johan Heinrich",1873,painting,10783267,only excluded placeholder lrefs available: 10783267
204016,Anoniem,1566,painting,10783267,only excluded placeholder lrefs available: 10783267
204053,"Thim, Cornelis",1794,painting,10783267,only excluded placeholder lrefs available: 10783267
204136,"Ebneth, Lajos",1917,painting,10783267,only excluded placeholder lrefs available: 10783267
204255,"Velthoven, Hendrik van",1760,series,,no image downloaded
204315,"Pasquier, Pierre",1746,portrait miniature,10783267,only excluded placeholder lrefs available: 10783267
204316,"Pasquier, Pierre",1746,portrait miniature,10783267,only excluded placeholder lrefs available: 10783267
204430,"Velthoven, Hendrik van",1704,painting,10783267,only excluded placeholder lrefs available: 10783267
204442,"Velthoven, Hendrik van",1704,painting,10783267,only excluded placeholder lrefs available: 10783267
204817,Anoniem,1880,painting,10783267,only excluded placeholder lrefs available: 10783267
205061,"Folkema, Anna",1730,series,,no image downloaded
205078,"Quinkhard, Jan Maurits",1755,painting,10783267,only excluded placeholder lrefs available: 10783267
205079,"Quinkhard, Jan Maurits",1755,painting,10783267,only excluded placeholder lrefs available: 10783267
205099,"Sluiter, Willy",1941-09-06,drawing (visual work),9222096,no image downloaded
205100,"Sluiter, Willy",1931-09-07,drawing (visual work),9222095|9222094,no image downloaded
205211,Anoniem,1850,painting,10783267,only excluded placeholder lrefs available: 10783267
205547,Anoniem,1900,painting,10783267,only excluded placeholder lrefs available: 10783267
205604,"Ansingh, Lizzy",1928,painting,10783267,only excluded placeholder lrefs available: 10783267
205607,Anoniem,1800,painting,10783267,only excluded placeholder lrefs available: 10783267
205745,"Doesburg, Theo van",1902,painting,10783267,only excluded placeholder lrefs available: 10783267
205891,"Cels, Cornelis",1820,painting,10783267,only excluded placeholder lrefs available: 10783267
206254,"Breitner, George Hendrik",1889,photo series,,no image downloaded
206354,Anoniem,1700,drawing (visual work),10783267,only excluded placeholder lrefs available: 10783267
208586,"Israels, Isaac",1915,painting,10783267,only excluded placeholder lrefs available: 10783267
208704,"Demoussy, Augustin Luc",1848,drawing (visual work),10783267,only excluded placeholder lrefs available: 10783267
208770,"Breitner, George Hendrik",1889,photograph,10783267,only excluded placeholder lrefs available: 10783267
208791,"Verwey, Kees",1918,leaded window,10783267,only excluded placeholder lrefs available: 10783267
208865,"Schalcken, Godefridus",1670,portrait miniature,10783267,only excluded placeholder lrefs available: 10783267
209006,"Egmont, Justus van",1616,painting,10783267,only excluded placeholder lrefs available: 10783267
212090,Anoniem,1700,drawing (visual work),10783267,only excluded placeholder lrefs available: 10783267
212340,Anoniem,1700,drawing (visual work),10783267,only excluded placeholder lrefs available: 10783267
212342,Anoniem,1700,drawing (visual work),10783267,only excluded placeholder lrefs available: 10783267
212345,Anoniem,1700,drawing (visual work),10783267,only excluded placeholder lrefs available: 10783267
212359,"Houbraken, Arnold",1675,drawing (visual work),10783267,only excluded placeholder lrefs available: 10783267
212623,"Leemhuis, Wiert Hendrik",1945,painting,10783267,only excluded placeholder lrefs available: 10783267
212802,Anoniem,1798,silhouette,10783267,only excluded placeholder lrefs available: 10783267
212957,"Mieris, Willem van",1708,painting,10783267,only excluded placeholder lrefs available: 10783267
213141,"Jelgersma, Tako Hajo",1717,drawing (visual work),10783267,only excluded placeholder lrefs available: 10783267
213271,"Kruseman, Cornelis",1830,painting,10783267,only excluded placeholder lrefs available: 10783267
213286,Anoniem,1700,drawing (visual work),10783267,only excluded placeholder lrefs available: 10783267
213574,Anoniem,1598,painting,10783267,only excluded placeholder lrefs available: 10783267
213587,"Keyser, Thomas de",1640,painting,10783267,only excluded placeholder lrefs available: 10783267
213608,"Holtzman, Harry",1940,photo series,,no image downloaded
213641,"Lynes, George Platt",1942,photo series,,no image downloaded
213649,"Model, Lisette",1942,photo series,,no image downloaded
213660,"Glarner, Fritz",1943,photo series,,no image downloaded
213715,"Glarner, Fritz",1943,photo series,,no image downloaded
213771,"Breitner, George Hendrik",1893,photograph,10783267,only excluded placeholder lrefs available: 10783267
213807,"Fonssagrives, Fernand",1944,photo series,,no image downloaded
213853,Anoniem,1700,drawing (visual work),10783267,only excluded placeholder lrefs available: 10783267
213948,Anoniem,1598,painting,10783267,only excluded placeholder lrefs available: 10783267
214337,"Bol, Ferdinand",1700,drawing (visual work),10783267,only excluded placeholder lrefs available: 10783267
215285,"Kruseman, Cornelis",1826,painting,10783267,only excluded placeholder lrefs available: 10783267
216263,Anoniem,1514,series,,no image downloaded
216350,Anoniem,1800,painting,10783267,only excluded placeholder lrefs available: 10783267
216380,Anoniem,1903,photograph,10783267,only excluded placeholder lrefs available: 10783267
216391,"Widemann, Elias",1651,print,10783267,only excluded placeholder lrefs available: 10783267
216398,"Dupont, C.",1750,painting,10783267,only excluded placeholder lrefs available: 10783267
216919,Anoniem,1850,painting,10783267,only excluded placeholder lrefs available: 10783267
216926,Anoniem,1845,painting,10783267,only excluded placeholder lrefs available: 10783267
217267,Anoniem,1835,painting,10783267,only excluded placeholder lrefs available: 10783267
218186,Delboy-Baer,1885,photograph,10783267,only excluded placeholder lrefs available: 10783267
218246,Delboy-Baer,1885,series,,no image downloaded
218588,"Bodecker, Johann Friedrich",1686,painting,10783267,only excluded placeholder lrefs available: 10783267
218623,Anoniem,1900,copy print,10783267,only excluded placeholder lrefs available: 10783267
218743,"Cranach, Lucas (I)",1550,painting,10783267,only excluded placeholder lrefs available: 10783267
218803,"Ketel, Cornelis",1565,painting,10783267,only excluded placeholder lrefs available: 10783267
218847,Meester van het leven van Maria uit Wilten,1480,triptych,10783267,only excluded placeholder lrefs available: 10783267
218895,"Pietersz., Aert",1570,painting,10783267,only excluded placeholder lrefs available: 10783267
218932,Tiziano,1545,painting,10783267,only excluded placeholder lrefs available: 10783267
218949,"Weyden, Rogier van der",1432,painting,10783267,only excluded placeholder lrefs available: 10783267
218956,"Weyden, Rogier van der",1443,painting,10783267,only excluded placeholder lrefs available: 10783267
219007,Anoniem,1552,painting,10783267,only excluded placeholder lrefs available: 10783267
219008,Anoniem,1540,painting,10783267,only excluded placeholder lrefs available: 10783267
219011,Anoniem,1490,painting,10783267,only excluded placeholder lrefs available: 10783267
219055,"Blondeel, Lancelot",1523,painting,10783267,only excluded placeholder lrefs available: 10783267
219056,"Benson, Ambrosius",1542,painting,10783267,only excluded placeholder lrefs available: 10783267
219162,Anoniem,1490,painting,10783267,only excluded placeholder lrefs available: 10783267
219187,Rembrandt,1620,painting,10783267,only excluded placeholder lrefs available: 10783267
219347,"Bingham, George Caleb",1858,painting,10783267,only excluded placeholder lrefs available: 10783267
219406,Meester van het Altaar van Bartholomeus,1480,painting,10783267,only excluded placeholder lrefs available: 10783267
219442,"Mor, Antonis",1564,painting,10783267,only excluded placeholder lrefs available: 10783267
219446,"Brosamer, Hans",1522,painting,10783267,only excluded placeholder lrefs available: 10783267
219472,"Gossart, Jan",1516,painting,10783267,only excluded placeholder lrefs available: 10783267
219478,"Scorel, Jan van",1500,painting,10783267,only excluded placeholder lrefs available: 10783267
219516,"Bembo, Gian Francesco",1495,painting,10783267,only excluded placeholder lrefs available: 10783267
219518,"Baldovinetti, Alesso",1471,painting,10783267,only excluded placeholder lrefs available: 10783267
219531,"Bellini, Giovanni",1485,painting,10783267,only excluded placeholder lrefs available: 10783267
219551,"Scorel, Jan van",1520,painting,10783267,only excluded placeholder lrefs available: 10783267
219576,Anoniem,1480,painting,10783267,only excluded placeholder lrefs available: 10783267
219581,Anoniem,1600,portrait miniature,10783267,only excluded placeholder lrefs available: 10783267
219583,Anoniem,1500,painting,10783267,only excluded placeholder lrefs available: 10783267
219585,"Anthonisz, Cornelis (I)",1520,painting,10783267,only excluded placeholder lrefs available: 10783267
219602,"Holbein, Hans (II)",1527,painting,10783267,only excluded placeholder lrefs available: 10783267
219647,"Scorel, Jan van",1525,painting,10783267,only excluded placeholder lrefs available: 10783267
219658,Anoniem,1502,drawing (visual work),10783267,only excluded placeholder lrefs available: 10783267
219761,Anoniem,1500,painting,10783267,only excluded placeholder lrefs available: 10783267
219764,Anoniem,1540,painting,10783267,only excluded placeholder lrefs available: 10783267
219765,Anoniem,1540,painting,10783267,only excluded placeholder lrefs available: 10783267
219770,"Venne, Adriaen van de",1625,painting,10783267,only excluded placeholder lrefs available: 10783267
219792,Anoniem,1490,painting,,no image downloaded
219795,"Shane, Frederick",1924,painting,10783267,only excluded placeholder lrefs available: 10783267
219863,Anoniem,1500,painting,10783267,only excluded placeholder lrefs available: 10783267
219912,"Claesz. van Leyden, Aertgen",1513,painting,10783267,only excluded placeholder lrefs available: 10783267
219919,"Bruyn, Bartholomäus (I)",1508,painting,10783267,only excluded placeholder lrefs available: 10783267
219955,Anoniem,1520,painting,10783267,only excluded placeholder lrefs available: 10783267
219965,"Holbein, Hans (II)",1512,painting,10783267,only excluded placeholder lrefs available: 10783267
220022,"Bingham, George Caleb",1840,painting,10783267,only excluded placeholder lrefs available: 10783267
220053,"Mostaert, Jan",1500,painting,10783267,only excluded placeholder lrefs available: 10783267
220117,"Catena, Vincenzo di Biagio",1510,painting,10783267,only excluded placeholder lrefs available: 10783267
220121,Anoniem,1833,painting,10783267,only excluded placeholder lrefs available: 10783267
220127,"Anthonisz, Cornelis (I)",1510,painting,10783267,only excluded placeholder lrefs available: 10783267
220128,"Bruyn, Bartholomäus (I)",1500,painting,10783267,only excluded placeholder lrefs available: 10783267
220129,"Bruyn, Bartholomäus (I)",1542,painting,10783267,only excluded placeholder lrefs available: 10783267
220150,"Loo, Jacob van",1635,painting,10783267,only excluded placeholder lrefs available: 10783267
220159,"Holbein, Hans (II)",1512,painting,10783267,only excluded placeholder lrefs available: 10783267
220189,"Mierevelt, Michiel van",1600,painting,10783267,only excluded placeholder lrefs available: 10783267
220198,"Mierevelt, Jan Michielsz. van",1582,painting,10783267,only excluded placeholder lrefs available: 10783267
220199,"Mierevelt, Jan Michielsz. van",1582,painting,10783267,only excluded placeholder lrefs available: 10783267
220200,"Mierevelt, Jan Michielsz. van",1578,painting,10783267,only excluded placeholder lrefs available: 10783267
220201,"Mierevelt, Jan Michielsz. van",1582,painting,10783267,only excluded placeholder lrefs available: 10783267
220256,"Hahn, Albert (I)",1910,painting,10783267,only excluded placeholder lrefs available: 10783267
220286,"Kalckreuth, Anna von",1840,painting,10783267,only excluded placeholder lrefs available: 10783267
220318,Anoniem,1620,painting,10783267,only excluded placeholder lrefs available: 10783267
223855,Anoniem,1658,painting,10783267,only excluded placeholder lrefs available: 10783267
224150,Anoniem,1799,painting,10783267,only excluded placeholder lrefs available: 10783267
224166,Anoniem,1799,painting,10783267,only excluded placeholder lrefs available: 10783267
224167,Anoniem,1799,painting,10783267,only excluded placeholder lrefs available: 10783267
224364,"Vanhaute, Thomas",2000,photograph,10783267,only excluded placeholder lrefs available: 10783267
224365,Anoniem,1990,photograph,10783267,only excluded placeholder lrefs available: 10783267
224398,"Maarel, Marinus van der",1890,painting,10783267,only excluded placeholder lrefs available: 10783267
224619,"Galle, Philips",1580,series,,no image downloaded
225526,"Baen, Jan de",1670,painting,10783267,only excluded placeholder lrefs available: 10783267
225528,"Baen, Jan de",1670,painting,10783267,only excluded placeholder lrefs available: 10783267
226591,"Holsbergen, Tonny",2001,painting,10783267,only excluded placeholder lrefs available: 10783267
226620,"Bourgonjon, Gerard",1900,sculpture,10783267,only excluded placeholder lrefs available: 10783267
226887,"Kruseman, Cornelis",1822,painting,10783267,only excluded placeholder lrefs available: 10783267
226913,"Kruseman, Cornelis",1829,painting,10783267,only excluded placeholder lrefs available: 10783267
227304,"Lépicié, Bernard",1725,reproductive print,10783267,only excluded placeholder lrefs available: 10783267
227589,Anoniem,1650,painting,10783267,only excluded placeholder lrefs available: 10783267
227686,"Taurel, Edouard",1839,print,10783267,only excluded placeholder lrefs available: 10783267
227914,"Schröder, Sierk",1978,painting,10783267,only excluded placeholder lrefs available: 10783267
228120,"Cornelisz, Jacob",1512,painting,10783267,only excluded placeholder lrefs available: 10783267
228268,Anoniem,1790,silhouette,10783267,only excluded placeholder lrefs available: 10783267
228270,"Haag, Tethart Philipp Christian",1778,drawing (visual work),10783267,only excluded placeholder lrefs available: 10783267
229129,"Helst, Bartholomeus van der",1656,painting,10783267,only excluded placeholder lrefs available: 10783267
231113,"Kruseman, Cornelis",1836,painting,10783267,only excluded placeholder lrefs available: 10783267
231275,"Alma Tadema, Laura Theresa (Lady)",1872,painting,10783267,only excluded placeholder lrefs available: 10783267
231307,"Kruseman, Cornelis",1818,oil sketch,10783267,only excluded placeholder lrefs available: 10783267
231364,Anoniem,1912,painting,10783267,only excluded placeholder lrefs available: 10783267
231378,Anoniem,1838,drawing (visual work),10783267,only excluded placeholder lrefs available: 10783267
231443,Anoniem,1775,painting,10783267,only excluded placeholder lrefs available: 10783267
231481,"Alma Tadema, Lourens",1851,drawing (visual work),10783267,only excluded placeholder lrefs available: 10783267
231502,"Houbraken, Arnold",1706,drawing (visual work),10783267,only excluded placeholder lrefs available: 10783267
231981,"Jelgersma, Tako Hajo",1740,drawing (visual work),10783267,only excluded placeholder lrefs available: 10783267
231982,"Attevelt, Justus van",1683,painting,10783267,only excluded placeholder lrefs available: 10783267
232323,"Kruseman, Cornelis",1830,painting,10783267,only excluded placeholder lrefs available: 10783267
232372,"Houbraken, Arnold",1675,drawing (visual work),10783267,only excluded placeholder lrefs available: 10783267
232475,"Leusden, Willem van",1955,painting,10783267,only excluded placeholder lrefs available: 10783267
232872,"Henkes, Gerke",1873,painting,10783267,only excluded placeholder lrefs available: 10783267
232873,"Henkes, Gerke",1873,painting,10783267,only excluded placeholder lrefs available: 10783267
232875,"Henkes, Gerke",1873,painting,10783267,only excluded placeholder lrefs available: 10783267
233115,"Mitchell, Edward",1850,series,,no image downloaded
233550,"Hondius, Hendrik (I)",1608,series,,no image downloaded
234971,"Alma Tadema, Laura Theresa (Lady)",1867,watercolor (painting),10783267,only excluded placeholder lrefs available: 10783267
235051,"Blommers, Bernardus Johannes",1860,watercolor (painting),10783267,only excluded placeholder lrefs available: 10783267
235052,"Blommers, Bernardus Johannes",1883,watercolor (painting),10783267,only excluded placeholder lrefs available: 10783267
235093,"Broedelet, André",1887,watercolor (painting),10783267,only excluded placeholder lrefs available: 10783267
235094,"Broedelet, André",1887,watercolor (painting),10783267,only excluded placeholder lrefs available: 10783267
235352,"Nederveen, Daniël",1844,portrait miniature,10783267,only excluded placeholder lrefs available: 10783267
235585,"Eerelman, Otto",1880,watercolor (painting),10783267,only excluded placeholder lrefs available: 10783267
235749,"Josselin de Jong, Pieter de",1876,painting,10783267,only excluded placeholder lrefs available: 10783267
235750,"Josselin de Jong, Pieter de",1876,painting,10783267,only excluded placeholder lrefs available: 10783267
235804,"Crommelin, Ankie",1946,unknown,10783267,only excluded placeholder lrefs available: 10783267
235931,"Nakken, Willem Carel",1850,painting,10783267,only excluded placeholder lrefs available: 10783267
236230,Anoniem,1623,series,,no image downloaded
236402,"Velden, Petrus van der",1852,watercolor (painting),10783267,only excluded placeholder lrefs available: 10783267
236485,"Kruseman, Cornelis",1813,painting,10783267,only excluded placeholder lrefs available: 10783267
236718,Anoniem,1834,portrait miniature,10783267,only excluded placeholder lrefs available: 10783267
236883,"Waben, Jacques",1629,painting,10783267,only excluded placeholder lrefs available: 10783267
236999,"Keyser, Thomas de",1629,painting,10783267,only excluded placeholder lrefs available: 10783267
237705,Anoniem,1852,print,10783267,only excluded placeholder lrefs available: 10783267
237708,Anoniem,1855,photograph,10783267,only excluded placeholder lrefs available: 10783267
237709,Anoniem,1855,photograph,10783267,only excluded placeholder lrefs available: 10783267
237905,"Grube, Georg Ernst",1701,painting,10783267,only excluded placeholder lrefs available: 10783267
238055,Anoniem,1841,print,10783267,only excluded placeholder lrefs available: 10783267
238369,"Hals, Frans (I)",1640,painting,10783267,only excluded placeholder lrefs available: 10783267
238580,"Haye, Reinier de la",1675,painting,10783267,only excluded placeholder lrefs available: 10783267
238866,Anoniem,1830,unknown,10783267,only excluded placeholder lrefs available: 10783267
238976,"Vintcent, Lodewijk Anthony",1832,reproductive print,10783267,only excluded placeholder lrefs available: 10783267
239483,"Henkes, Gerke",1849,painting,10783267,only excluded placeholder lrefs available: 10783267
239491,"Josselin de Jong, Pieter de",1889,watercolor (painting),10783267,only excluded placeholder lrefs available: 10783267
239646,"Honthorst, Gerard van",1647,painting,10783267,only excluded placeholder lrefs available: 10783267
239809,"Mancini, Antonio",1867,watercolor (painting),10783267,only excluded placeholder lrefs available: 10783267
239812,"Mancini, Antonio",1867,painting,10783267,only excluded placeholder lrefs available: 10783267
240098,"Meyssens, Joannes",1649,book,,no image downloaded
240290,"Kruseman, Cornelis",1815,painting,10783267,only excluded placeholder lrefs available: 10783267
240752,"Kruseman, Cornelis",1830,painting,10783267,only excluded placeholder lrefs available: 10783267
240760,"Kruseman, Cornelis",1818,painting,10783267,only excluded placeholder lrefs available: 10783267
240773,"Kruseman, Cornelis",1841,drawing (visual work),10783267,only excluded placeholder lrefs available: 10783267
240776,"Kruseman, Cornelis",1826,painting,10783267,only excluded placeholder lrefs available: 10783267
240779,"Kruseman, Cornelis",1828,painting,10783267,only excluded placeholder lrefs available: 10783267
240782,"Kruseman, Cornelis",1828,painting,10783267,only excluded placeholder lrefs available: 10783267
240784,"Kruseman, Cornelis",1848,painting,10783267,only excluded placeholder lrefs available: 10783267
240786,"Kruseman, Cornelis",1828,painting,10783267,only excluded placeholder lrefs available: 10783267
240787,"Kruseman, Cornelis",1830,painting,10783267,only excluded placeholder lrefs available: 10783267
240789,"Kruseman, Cornelis",1828,painting,10783267,only excluded placeholder lrefs available: 10783267
240791,"Kruseman, Cornelis",1825,painting,10783267,only excluded placeholder lrefs available: 10783267
240794,"Kruseman, Cornelis",1818,painting,10783267,only excluded placeholder lrefs available: 10783267
240797,"Kruseman, Cornelis",1821,painting,10783267,only excluded placeholder lrefs available: 10783267
240805,"Kruseman, Cornelis",1848,painting,10783267,only excluded placeholder lrefs available: 10783267
240812,"Kruseman, Cornelis",1848,painting,10783267,only excluded placeholder lrefs available: 10783267
240831,"Kruseman, Cornelis",1818,painting,10783267,only excluded placeholder lrefs available: 10783267
240834,"Kruseman, Cornelis",1841,drawing (visual work),10783267,only excluded placeholder lrefs available: 10783267
240842,"Kruseman, Cornelis",1834,painting,10783267,only excluded placeholder lrefs available: 10783267
240843,"Kruseman, Cornelis",1828,painting,10783267,only excluded placeholder lrefs available: 10783267
240846,"Kruseman, Cornelis",1830,painting,10783267,only excluded placeholder lrefs available: 10783267
240849,"Kruseman, Cornelis",1838,painting,10783267,only excluded placeholder lrefs available: 10783267
241778,"Dixon, John",1769,drawing (visual work),10783267,only excluded placeholder lrefs available: 10783267
242184,"Oyens, David",1883,watercolor (painting),10783267,only excluded placeholder lrefs available: 10783267
242212,"Attevelt, Justus van",1660,series,,no image downloaded
243695,"Swagemakers, Theo",1983,painting,10640308,no image downloaded
243791,"Bohres, Theodorus",1800,drawing (visual work),10783267,only excluded placeholder lrefs available: 10783267
243819,"Kruseman, Cornelis",1829,painting,10783267,only excluded placeholder lrefs available: 10783267
243823,"Kruseman, Cornelis",1818,painting,10783267,only excluded placeholder lrefs available: 10783267
243824,"Kruseman, Cornelis",1826,painting,10783267,only excluded placeholder lrefs available: 10783267
243939,"Hals, Frans (I)",1650,painting,10783267,only excluded placeholder lrefs available: 10783267
244077,"Madou, Jean Baptiste",1831,print,10640510,no image downloaded
244721,"Thopas, Johannes",1662,drawing (visual work),10783267,only excluded placeholder lrefs available: 10783267
244725,"Thopas, Johannes",1662,drawing (visual work),10783267,only excluded placeholder lrefs available: 10783267
245443,"Thopas, Johannes",1657,drawing (visual work),10783267,only excluded placeholder lrefs available: 10783267
245447,"Thopas, Johannes",1646,drawing (visual work),10783267,only excluded placeholder lrefs available: 10783267
245450,"Thopas, Johannes",1646,drawing (visual work),10783267,only excluded placeholder lrefs available: 10783267
245520,"Thopas, Johannes",1670,drawing (visual work),10783267,only excluded placeholder lrefs available: 10783267
245527,"Thopas, Johannes",1670,drawing (visual work),10783267,only excluded placeholder lrefs available: 10783267
245530,"Thopas, Johannes",1670,drawing (visual work),10783267,only excluded placeholder lrefs available: 10783267
245697,"Thopas, Johannes",1670,drawing (visual work),10783267,only excluded placeholder lrefs available: 10783267
245798,"Thopas, Johannes",1679,drawing (visual work),10783267,only excluded placeholder lrefs available: 10783267
245882,"Sluijters, Jan",1893,painting,10783267,only excluded placeholder lrefs available: 10783267
245930,"Haelwegh, Albert",1650,reproductive print,,no image downloaded
246435,"Jardin, Karel du",1664,painting,10783267,only excluded placeholder lrefs available: 10783267
247035,"Thopas, Johannes",1680,drawing (visual work),10783267,only excluded placeholder lrefs available: 10783267
247055,"Thopas, Johannes",1680,drawing (visual work),10783267,only excluded placeholder lrefs available: 10783267
247062,"Thopas, Johannes",1684,drawing (visual work),10783267,only excluded placeholder lrefs available: 10783267
247063,"Thopas, Johannes",1684,drawing (visual work),10783267,only excluded placeholder lrefs available: 10783267
247094,"Thopas, Johannes",1658,drawing (visual work),10783267,only excluded placeholder lrefs available: 10783267
247096,"Thopas, Johannes",1658,drawing (visual work),10783267,only excluded placeholder lrefs available: 10783267
247306,"Stolker, Jan",1767,painting,10783267,only excluded placeholder lrefs available: 10783267
248329,"Israels, Isaac",1922,watercolor (painting),10783267,only excluded placeholder lrefs available: 10783267
248330,"Israels, Isaac",1922,watercolor (painting),10783267,only excluded placeholder lrefs available: 10783267
248334,"Israels, Isaac",1921,painting,10783267,only excluded placeholder lrefs available: 10783267
248782,"Kruseman, Cornelis",1833,painting,10783267,only excluded placeholder lrefs available: 10783267
248802,"Kruseman, Cornelis",1814,painting,10783267,only excluded placeholder lrefs available: 10783267
248803,"Kruseman, Cornelis",1814,painting,10783267,only excluded placeholder lrefs available: 10783267
248834,"Kruseman, Cornelis",1838,drawing (visual work),10783267,only excluded placeholder lrefs available: 10783267
248851,"Kruseman, Cornelis",1841,drawing (visual work),10783267,only excluded placeholder lrefs available: 10783267
248852,"Kruseman, Cornelis",1841,drawing (visual work),10783267,only excluded placeholder lrefs available: 10783267
248853,"Kruseman, Cornelis",1841,drawing (visual work),10783267,only excluded placeholder lrefs available: 10783267
248856,"Kruseman, Cornelis",1841,drawing (visual work),10783267,only excluded placeholder lrefs available: 10783267
248861,"Kruseman, Cornelis",1841,drawing (visual work),10783267,only excluded placeholder lrefs available: 10783267
248862,"Kruseman, Cornelis",1841,drawing (visual work),10783267,only excluded placeholder lrefs available: 10783267
248865,"Kruseman, Cornelis",1841,drawing (visual work),10783267,only excluded placeholder lrefs available: 10783267
248868,"Kruseman, Cornelis",1850,drawing (visual work),10783267,only excluded placeholder lrefs available: 10783267
248891,"Kruseman, Cornelis",1848,painting,10783267,only excluded placeholder lrefs available: 10783267
248892,"Kruseman, Cornelis",1837,painting,10783267,only excluded placeholder lrefs available: 10783267
248893,"Kruseman, Cornelis",1829,drawing (visual work),10783267,only excluded placeholder lrefs available: 10783267
248898,"Kruseman, Cornelis",1825,painting,10783267,only excluded placeholder lrefs available: 10783267
248901,"Kruseman, Cornelis",1825,painting,10783267,only excluded placeholder lrefs available: 10783267
248902,"Kruseman, Cornelis",1825,painting,10783267,only excluded placeholder lrefs available: 10783267
248929,"Kruseman, Cornelis",1829,drawing (visual work),10783267,only excluded placeholder lrefs available: 10783267
248956,"Kruseman, Cornelis",1818,painting,10783267,only excluded placeholder lrefs available: 10783267
248958,"Kruseman, Cornelis",1818,painting,10783267,only excluded placeholder lrefs available: 10783267
248960,"Kruseman, Cornelis",1818,painting,10783267,only excluded placeholder lrefs available: 10783267
248966,"Kruseman, Cornelis",1818,painting,10783267,only excluded placeholder lrefs available: 10783267
248968,"Kruseman, Cornelis",1820,painting,10783267,only excluded placeholder lrefs available: 10783267
248973,"Kruseman, Cornelis",1818,painting,10783267,only excluded placeholder lrefs available: 10783267
248974,"Kruseman, Cornelis",1818,painting,10783267,only excluded placeholder lrefs available: 10783267
248975,"Kruseman, Cornelis",1818,painting,10783267,only excluded placeholder lrefs available: 10783267
248976,"Kruseman, Cornelis",1821,painting,10783267,only excluded placeholder lrefs available: 10783267
248979,"Kruseman, Cornelis",1825,painting,10783267,only excluded placeholder lrefs available: 10783267
249002,"Kruseman, Cornelis",1826,drawing (visual work),10783267,only excluded placeholder lrefs available: 10783267
249007,"Kruseman, Cornelis",1826,painting,10783267,only excluded placeholder lrefs available: 10783267
249009,"Kruseman, Cornelis",1826,painting,10783267,only excluded placeholder lrefs available: 10783267
249013,"Kruseman, Cornelis",1827,painting,10783267,only excluded placeholder lrefs available: 10783267
249016,"Kruseman, Cornelis",1828,painting,10783267,only excluded placeholder lrefs available: 10783267
249018,"Israels, Isaac",1878,painting,10783267,only excluded placeholder lrefs available: 10783267
249023,"Kruseman, Cornelis",1828,painting,10783267,only excluded placeholder lrefs available: 10783267
249032,"Kruseman, Cornelis",1830,painting,10783267,only excluded placeholder lrefs available: 10783267
249034,"Kruseman, Cornelis",1830,painting,10783267,only excluded placeholder lrefs available: 10783267
249048,"Kruseman, Cornelis",1832,painting,10783267,only excluded placeholder lrefs available: 10783267
249049,"Kruseman, Cornelis",1832,painting,10783267,only excluded placeholder lrefs available: 10783267
249050,"Kruseman, Cornelis",1832,painting,10783267,only excluded placeholder lrefs available: 10783267
249051,"Kruseman, Cornelis",1832,painting,10783267,only excluded placeholder lrefs available: 10783267
249076,"Kruseman, Cornelis",1838,painting,10783267,only excluded placeholder lrefs available: 10783267
249084,"Kruseman, Cornelis",1848,painting,10783267,only excluded placeholder lrefs available: 10783267
249098,"Kruseman, Cornelis",1840,painting,10783267,only excluded placeholder lrefs available: 10783267
249633,"French, William",1830,reproductive print,10783267,only excluded placeholder lrefs available: 10783267
249635,"Vos, Cornelis de",1634,painting,10783267,only excluded placeholder lrefs available: 10783267
249698,"Meyssens, Cornelis",1662,reproductive print,10783267,only excluded placeholder lrefs available: 10783267
249700,"Rubens, Peter Paul",1634,painting,10783267,only excluded placeholder lrefs available: 10783267
249741,"Rubens, Peter Paul",1634,oil sketch,10783267,only excluded placeholder lrefs available: 10783267
249749,"Rubens, Peter Paul",1634,oil sketch,10783267,only excluded placeholder lrefs available: 10783267
249751,"Rubens, Peter Paul",1634,oil sketch,10783267,only excluded placeholder lrefs available: 10783267
249754,"Rubens, Peter Paul",1634,oil sketch,10783267,only excluded placeholder lrefs available: 10783267
250021,"Thulden, Theodoor van",1635,reproductive print,10783267,only excluded placeholder lrefs available: 10783267
251416,"Lelie, Adriaan de",1812,painting,10783267,only excluded placeholder lrefs available: 10783267
251421,"Lelie, Adriaan de",1812,painting,10783267,only excluded placeholder lrefs available: 10783267
251892,"Sauvage, Piat-Joseph",1795,painting,10783267,only excluded placeholder lrefs available: 10783267
251949,"Kruseman, Cornelis",1817,painting,10783267,only excluded placeholder lrefs available: 10783267
251952,"Kruseman, Cornelis",1818,painting,10783267,only excluded placeholder lrefs available: 10783267
252684,"Kruseman, Cornelis",1830,painting,10783267,only excluded placeholder lrefs available: 10783267
253329,"Kruseman, Cornelis",1814,drawing (visual work),10783267,only excluded placeholder lrefs available: 10783267
253340,"Kruseman, Cornelis",1814,painting,10783267,only excluded placeholder lrefs available: 10783267
253410,Anoniem,1509,painting,10783267,only excluded placeholder lrefs available: 10783267
253619,"Dufresne, Charles (1876-1938)",1891,painting,10783267,only excluded placeholder lrefs available: 10783267
253804,Anoniem,1622,painting,10783267,only excluded placeholder lrefs available: 10783267
253805,Anoniem,1622,painting,10783267,only excluded placeholder lrefs available: 10783267
253808,Anoniem,1622,painting,10783267,only excluded placeholder lrefs available: 10783267
254062,"Kruseman, Cornelis",1826,painting,10783267,only excluded placeholder lrefs available: 10783267
254646,"Mieris, Willem van",1697,painting,10783267,only excluded placeholder lrefs available: 10783267
254813,Anoniem,1630,painting,10783267,only excluded placeholder lrefs available: 10783267
254819,Anoniem,1630,painting,10783267,only excluded placeholder lrefs available: 10783267
254874,"Pascin, Jules",1900,painting,10783267,only excluded placeholder lrefs available: 10783267
254908,"D' Erceville, Wenceslas",1903,painting,10783267,only excluded placeholder lrefs available: 10783267
255110,"Wilkin, Charles",1765,drawing (visual work),10783267,only excluded placeholder lrefs available: 10783267
255116,"Stone, Henry",1630,painting,10783267,only excluded placeholder lrefs available: 10783267
255170,"Rubens, Peter Paul",1627,painting,10783267,only excluded placeholder lrefs available: 10783267
255171,Anoniem,1629,painting,10783267,only excluded placeholder lrefs available: 10783267
255175,"Opstal, Caspar van (I)",1632,painting,10783267,only excluded placeholder lrefs available: 10783267
255177,"Rubens, Peter Paul",1592,painting,10783267,only excluded placeholder lrefs available: 10783267
255180,"Rubens, Peter Paul",1607,painting,10783267,only excluded placeholder lrefs available: 10783267
255183,"Rubens, Peter Paul",1606,painting,10783267,only excluded placeholder lrefs available: 10783267
255891,Anoniem,1800,painting,10783267,only excluded placeholder lrefs available: 10783267
255912,"Weissenborn, Else",1915-01,photograph,10783267,only excluded placeholder lrefs available: 10783267
255916,Anoniem,1915,drawing (visual work),10783267,only excluded placeholder lrefs available: 10783267
256749,Anoniem,1575,unknown,10783267,only excluded placeholder lrefs available: 10783267
257012,Anoniem,1575,unknown,10783267,only excluded placeholder lrefs available: 10783267
257024,Anoniem,1600,painting,10783267,only excluded placeholder lrefs available: 10783267
257414,"Rubens, Peter Paul",1628,painting,10783267,only excluded placeholder lrefs available: 10783267
257418,Anoniem,1628,painting,10783267,only excluded placeholder lrefs available: 10783267
257419,"Mogalli, Cosimo",1710,reproductive print,10783267,only excluded placeholder lrefs available: 10783267
257452,Anoniem,1628,painting,10783267,only excluded placeholder lrefs available: 10783267
257460,Anoniem,1628,painting,10783267,only excluded placeholder lrefs available: 10783267
257467,Anoniem,1628,painting,10783267,only excluded placeholder lrefs available: 10783267
257486,Anoniem,1629,painting,10783267,only excluded placeholder lrefs available: 10783267
257493,Anoniem,1628,painting,10783267,only excluded placeholder lrefs available: 10783267
257494,Anoniem,1628,painting,10783267,only excluded placeholder lrefs available: 10783267
257498,Anoniem,1620,painting,10783267,only excluded placeholder lrefs available: 10783267
257505,Anoniem,1606,drawing (visual work),10783267,only excluded placeholder lrefs available: 10783267
257729,Anoniem,1625,painting,10783267,only excluded placeholder lrefs available: 10783267
257731,Anoniem,1700,portrait miniature,10783267,only excluded placeholder lrefs available: 10783267
257757,Anoniem,1625,painting,10783267,only excluded placeholder lrefs available: 10783267
257781,"Dyck, Anthony van",1650,series,,no image downloaded
257783,"Teylingen, Jan van",1640,series,,no image downloaded
257785,Anoniem,1650,series,,no image downloaded
257788,Anoniem,1650,painting,10783267,only excluded placeholder lrefs available: 10783267
257929,"Castiglione, Giuseppe (1688-1766)",1743,series,,no image downloaded
258511,"Rubens, Peter Paul",1598,painting,10783267,only excluded placeholder lrefs available: 10783267
258515,Anoniem,1598,painting,10783267,only excluded placeholder lrefs available: 10783267
258554,Anoniem,1598,painting,10783267,only excluded placeholder lrefs available: 10783267
258555,Anoniem,1598,drawing (visual work),10783267,only excluded placeholder lrefs available: 10783267
258558,"Hellich, Josef Vojtech",1825,reproductive print,10783267,only excluded placeholder lrefs available: 10783267
258596,Anoniem,1615,painting,10783267,only excluded placeholder lrefs available: 10783267
258653,Anoniem,1615,painting,10783267,only excluded placeholder lrefs available: 10783267
258655,Anoniem,1615,painting,10783267,only excluded placeholder lrefs available: 10783267
258656,Anoniem,1615,painting,10783267,only excluded placeholder lrefs available: 10783267
258657,"Baen, Jan de",1659,painting,10783267,only excluded placeholder lrefs available: 10783267
258661,Anoniem,1615,painting,10783267,only excluded placeholder lrefs available: 10783267
258695,Anoniem,1620,painting,10783267,only excluded placeholder lrefs available: 10783267
258698,Anoniem,1620,painting,10783267,only excluded placeholder lrefs available: 10783267
258810,Anoniem,1626,painting,10783267,only excluded placeholder lrefs available: 10783267
258811,Anoniem,1626,painting,10783267,only excluded placeholder lrefs available: 10783267
258812,Anoniem,1625,painting,10783267,only excluded placeholder lrefs available: 10783267
258813,Anoniem,1625,painting,10783267,only excluded placeholder lrefs available: 10783267
258820,"Watteau, Jean Antoine",1700,drawing (visual work),10783267,only excluded placeholder lrefs available: 10783267
258880,Anoniem,1613,painting,10783267,only excluded placeholder lrefs available: 10783267
258906,Anoniem,1625,drawing (visual work),10783267,only excluded placeholder lrefs available: 10783267
258928,Anoniem,1611,painting,10783267,only excluded placeholder lrefs available: 10783267
258929,Anoniem,1611,painting,10783267,only excluded placeholder lrefs available: 10783267
258995,"Rubens, Peter Paul",1628,painting,10783267,only excluded placeholder lrefs available: 10783267
259024,Anoniem,1630,painting,10783267,only excluded placeholder lrefs available: 10783267
259033,Anoniem,1630,painting,10783267,only excluded placeholder lrefs available: 10783267
259035,Anoniem,1630,reproductive print,10783267,only excluded placeholder lrefs available: 10783267
259042,Anoniem,1640,painting,10783267,only excluded placeholder lrefs available: 10783267
259046,Anoniem,1640,painting,10783267,only excluded placeholder lrefs available: 10783267
259069,Anoniem,1631,painting,10783267,only excluded placeholder lrefs available: 10783267
259071,Anoniem,1631,drawing (visual work),10783267,only excluded placeholder lrefs available: 10783267
259163,"Stolker, Jan",1739,series,,no image downloaded
259404,"Werff, Pieter van der",1696,series,,no image downloaded
259474,Anoniem,1612,painting,10783267,only excluded placeholder lrefs available: 10783267
259486,"Van IJsendijck, Antoon",1821,painting,10783267,only excluded placeholder lrefs available: 10783267
259508,"Overlaet, Antoon",1768,drawing (visual work),10783267,only excluded placeholder lrefs available: 10783267
259512,Anoniem,1700,portrait miniature,10783267,only excluded placeholder lrefs available: 10783267
259514,"Meulemeester, Mathieu François Joseph de",1771,drawing (visual work),10783267,only excluded placeholder lrefs available: 10783267
259516,"Turner, Joseph Mallord William",1786,drawing (visual work),10783267,only excluded placeholder lrefs available: 10783267
259586,Anoniem,1615,painting,10783267,only excluded placeholder lrefs available: 10783267
259596,Anoniem,1627,painting,10783267,only excluded placeholder lrefs available: 10783267
259695,Anoniem,1625,painting,10783267,only excluded placeholder lrefs available: 10783267
259696,Anoniem,1625,painting,10783267,only excluded placeholder lrefs available: 10783267
259740,"Rubens, Peter Paul",1624,painting,10783267,only excluded placeholder lrefs available: 10783267
259748,Anoniem,1624,painting,10783267,only excluded placeholder lrefs available: 10783267
259755,Anoniem,1624,reproductive print,10783267,only excluded placeholder lrefs available: 10783267
259756,Anoniem,1624,reproductive print,10783267,only excluded placeholder lrefs available: 10783267
259764,Anoniem,1800,painting,10783267,only excluded placeholder lrefs available: 10783267
259765,"Overlaet, Antoon",1762,drawing (visual work),10783267,only excluded placeholder lrefs available: 10783267
259773,Anoniem,1611,painting,10783267,only excluded placeholder lrefs available: 10783267
259775,Anoniem,1611,painting,10783267,only excluded placeholder lrefs available: 10783267
259776,Anoniem,1611,painting,10783267,only excluded placeholder lrefs available: 10783267
259779,Anoniem,1611,painting,10783267,only excluded placeholder lrefs available: 10783267
259781,Anoniem,1611,painting,10783267,only excluded placeholder lrefs available: 10783267
259790,Anoniem,1800,painting,10783267,only excluded placeholder lrefs available: 10783267
259800,"Normand, Charles Pierre Joseph",1780,reproductive print,10783267,only excluded placeholder lrefs available: 10783267
259893,"Dyck, Anthony van",1632,painting,10783267,only excluded placeholder lrefs available: 10783267
259906,Anoniem,1615,painting,10783267,only excluded placeholder lrefs available: 10783267
259935,Anoniem,1615,painting,10783267,only excluded placeholder lrefs available: 10783267
259936,Anoniem,1615,painting,10783267,only excluded placeholder lrefs available: 10783267
259937,Anoniem,1615,painting,10783267,only excluded placeholder lrefs available: 10783267
259953,"Quellinus, Erasmus (II)",1627,painting,10783267,only excluded placeholder lrefs available: 10783267
259955,"Rubens, Peter Paul",1615,painting,10783267,only excluded placeholder lrefs available: 10783267
259965,Anoniem,1615,painting,10783267,only excluded placeholder lrefs available: 10783267
259966,Anoniem,1700,painting,10783267,only excluded placeholder lrefs available: 10783267
259973,Anoniem,1615,painting,10783267,only excluded placeholder lrefs available: 10783267
259974,Anoniem,1615,painting,10783267,only excluded placeholder lrefs available: 10783267
259977,"Bergh, Nicolas van den",1725,drawing (visual work),10783267,only excluded placeholder lrefs available: 10783267
259982,"Rubens, Peter Paul",1626,painting,10783267,only excluded placeholder lrefs available: 10783267
259983,Anoniem,1626,painting,10783267,only excluded placeholder lrefs available: 10783267
259985,Anoniem,1626,painting,10783267,only excluded placeholder lrefs available: 10783267
259987,Anoniem,1626,painting,10783267,only excluded placeholder lrefs available: 10783267
259992,Anoniem,1726,reproductive print,10783267,only excluded placeholder lrefs available: 10783267
260004,Anoniem,1628,drawing (visual work),10783267,only excluded placeholder lrefs available: 10783267
260005,Anoniem,1628,drawing (visual work),10783267,only excluded placeholder lrefs available: 10783267
260007,Anoniem,1615,painting,10783267,only excluded placeholder lrefs available: 10783267
260009,Anoniem,1615,painting,10783267,only excluded placeholder lrefs available: 10783267
260010,Anoniem,1615,painting,10783267,only excluded placeholder lrefs available: 10783267
260011,"Teniers, David (II)",1626,painting,10783267,only excluded placeholder lrefs available: 10783267
260015,"Rubens, Peter Paul",1626,painting,10783267,only excluded placeholder lrefs available: 10783267
260016,Anoniem,1628,painting,10783267,only excluded placeholder lrefs available: 10783267
260017,Anoniem,1628,painting,10783267,only excluded placeholder lrefs available: 10783267
260051,Anoniem,1600,painting,10783267,only excluded placeholder lrefs available: 10783267
260065,"Dolendo, Zacharias",1576,series,10783267,only excluded placeholder lrefs available: 10783267
260075,Anoniem,1613,painting,10783267,only excluded placeholder lrefs available: 10783267
260076,"Gregori, Carlo",1702,reproductive print,10783267,only excluded placeholder lrefs available: 10783267
260112,Anoniem,1623,painting,10783267,only excluded placeholder lrefs available: 10783267
260113,Anoniem,1623,painting,10783267,only excluded placeholder lrefs available: 10783267
260114,Anoniem,1623,painting,10783267,only excluded placeholder lrefs available: 10783267
260115,Anoniem,1623,painting,10783267,only excluded placeholder lrefs available: 10783267
260126,Anoniem,1628,painting,10783267,only excluded placeholder lrefs available: 10783267
260127,Anoniem,1638,painting,10783267,only excluded placeholder lrefs available: 10783267
260178,"Donker, Charles",1958,print,10783267,only excluded placeholder lrefs available: 10783267
260206,"Vos, Peter (1935)",1953,drawing (visual work),10783267,only excluded placeholder lrefs available: 10783267
260223,"Vos, Peter (1935)",1958-02-02,drawing (visual work),10783267,only excluded placeholder lrefs available: 10783267
260266,"Vos, Peter (1935)",1954,drawing (visual work),10783267,only excluded placeholder lrefs available: 10783267
260283,"Vos, Peter (1935)",1954,drawing (visual work),10783267,only excluded placeholder lrefs available: 10783267
260334,"Vos, Peter (1935)",1954,drawing (visual work),10783267,only excluded placeholder lrefs available: 10783267
260520,"Vos, Peter (1935)",1954,drawing (visual work),10783267,only excluded placeholder lrefs available: 10783267
260549,Anoniem,1628,painting,10783267,only excluded placeholder lrefs available: 10783267
260553,"Prenner, Anton Joseph von",1730,reproductive print,10783267,only excluded placeholder lrefs available: 10783267
260592,"Rubens, Peter Paul",1638,drawing (visual work),10783267,only excluded placeholder lrefs available: 10783267
260612,Anoniem,1609,painting,10783267,only excluded placeholder lrefs available: 10783267
260616,"Weiss, Bartholomäus Ignaz",1760,reproductive print,10783267,only excluded placeholder lrefs available: 10783267
260618,"Devéria, Achille",1815,reproductive print,10783267,only excluded placeholder lrefs available: 10783267
260630,Anoniem,1630,painting,10783267,only excluded placeholder lrefs available: 10783267
260633,"Rubens, Peter Paul",1630,drawing (visual work),10783267,only excluded placeholder lrefs available: 10783267
260651,Anoniem,1638,drawing (visual work),10783267,only excluded placeholder lrefs available: 10783267
260694,Anoniem,1626,painting,10783267,only excluded placeholder lrefs available: 10783267
260695,Anoniem,1626,painting,10783267,only excluded placeholder lrefs available: 10783267
260696,Anoniem,1626,painting,10783267,only excluded placeholder lrefs available: 10783267
260697,"Keyser, Nicolaes de",1695,drawing (visual work),10783267,only excluded placeholder lrefs available: 10783267
260698,"Müller, G.",1800,reproductive print,10783267,only excluded placeholder lrefs available: 10783267
260701,Anoniem,1700,reproductive print,10783267,only excluded placeholder lrefs available: 10783267
260710,Anoniem,1621,painting,10783267,only excluded placeholder lrefs available: 10783267
260711,Anoniem,1621,painting,10783267,only excluded placeholder lrefs available: 10783267
260721,"Rubens, Peter Paul",1600,painting,10783267,only excluded placeholder lrefs available: 10783267
260754,Anoniem,1628,painting,10783267,only excluded placeholder lrefs available: 10783267
260755,Anoniem,1628,painting,10783267,only excluded placeholder lrefs available: 10783267
260762,"Rubens, Peter Paul",1625,painting,10783267,only excluded placeholder lrefs available: 10783267
260772,"Rubens, Peter Paul",1617,painting,10783267,only excluded placeholder lrefs available: 10783267
260777,Anoniem,1616,drawing (visual work),10783267,only excluded placeholder lrefs available: 10783267
260782,"Rubens, Peter Paul",1617,painting,10783267,only excluded placeholder lrefs available: 10783267
260784,"Rubens, Peter Paul",1612,painting,10783267,only excluded placeholder lrefs available: 10783267
260897,Anoniem,1632,painting,10783267,only excluded placeholder lrefs available: 10783267
260898,Anoniem,1632,painting,10783267,only excluded placeholder lrefs available: 10783267
260900,"Schön, Arthur",1902,reproductive print,10783267,only excluded placeholder lrefs available: 10783267
260903,Anoniem,1610,painting,10783267,only excluded placeholder lrefs available: 10783267
261036,"Rubens, Peter Paul",1610,painting,10783267,only excluded placeholder lrefs available: 10783267
261070,"Rubens, Peter Paul",1592,painting,10783267,only excluded placeholder lrefs available: 10783267
261124,"Lepelaer, Arent",1688,series,,no image downloaded
261125,diverse kunstenaars,1555,series,,no image downloaded
261570,"Demoussy, Augustin Luc",1848,drawing (visual work),10783267,only excluded placeholder lrefs available: 10783267
262144,Anoniem,1609,painting,10783267,only excluded placeholder lrefs available: 10783267
262145,Anoniem,1640,drawing (visual work),10783267,only excluded placeholder lrefs available: 10783267
262184,Anoniem,1800,painting,10783267,only excluded placeholder lrefs available: 10783267
262185,Anoniem,1620,painting,10783267,only excluded placeholder lrefs available: 10783267
262186,Anoniem,1700,painting,10783267,only excluded placeholder lrefs available: 10783267
262188,Anoniem,1800,plaquette (sculpture),10783267,only excluded placeholder lrefs available: 10783267
262313,"Rubens, Peter Paul",1592,painting,10783267,only excluded placeholder lrefs available: 10783267
262374,"Siebert, Heinrich (I)",1858,drawing (visual work),10783267,only excluded placeholder lrefs available: 10783267
262566,Anoniem,1626,painting,10783267,only excluded placeholder lrefs available: 10783267
263167,"Rubens, Peter Paul",1614,drawing (visual work),10783267,only excluded placeholder lrefs available: 10783267
264741,"Doort, Jacob van",1609,painting,10783267,only excluded placeholder lrefs available: 10783267
264879,"Perronneau, Jean-Baptiste",1761,drawing (visual work),10783267,only excluded placeholder lrefs available: 10783267
265366,Monogrammist W.N.,1781-02-13,portrait miniature,10783267,only excluded placeholder lrefs available: 10783267
265650,Anoniem,1795,painting,10783267,only excluded placeholder lrefs available: 10783267
265749,"Delafontaine, Pierre Maximilien",1613,painting,10783267,only excluded placeholder lrefs available: 10783267
265750,"Vivant-Denon, Dominique",1764,painting,10783267,only excluded placeholder lrefs available: 10783267
265751,Anoniem,1613,painting,10783267,only excluded placeholder lrefs available: 10783267
265753,"Rodin, Auguste",1850,painting,10783267,only excluded placeholder lrefs available: 10783267
265771,"Kruseman, Cornelis",1831,oil sketch,10783267,only excluded placeholder lrefs available: 10783267
265775,"Kruseman, Cornelis",1831,oil sketch,10783267,only excluded placeholder lrefs available: 10783267
265777,"Kruseman, Cornelis",1831,oil sketch,10783267,only excluded placeholder lrefs available: 10783267
265780,"Kruseman, Cornelis",1831,oil sketch,10783267,only excluded placeholder lrefs available: 10783267
265783,"Kruseman, Cornelis",1831,oil sketch,10783267,only excluded placeholder lrefs available: 10783267
265785,"Kruseman, Cornelis",1831,oil sketch,10783267,only excluded placeholder lrefs available: 10783267
265786,"Kruseman, Cornelis",1831,oil sketch,10783267,only excluded placeholder lrefs available: 10783267
265787,"Kruseman, Cornelis",1831,oil sketch,10783267,only excluded placeholder lrefs available: 10783267
265791,"Kruseman, Cornelis",1831,oil sketch,10783267,only excluded placeholder lrefs available: 10783267
265793,"Kruseman, Cornelis",1831,oil sketch,10783267,only excluded placeholder lrefs available: 10783267
265953,"Kruseman, Cornelis",1824,oil sketch,10783267,only excluded placeholder lrefs available: 10783267
265977,"Kruseman, Cornelis",1825,oil sketch,10783267,only excluded placeholder lrefs available: 10783267
266160,"Kruseman, Cornelis",1830,oil sketch,10783267,only excluded placeholder lrefs available: 10783267
266696,"Kruseman, Cornelis",1826,oil sketch,10783267,only excluded placeholder lrefs available: 10783267
266703,"Kruseman, Cornelis",1825,oil sketch,10783267,only excluded placeholder lrefs available: 10783267
266931,"Kruseman, Cornelis",1831,oil sketch,10783267,only excluded placeholder lrefs available: 10783267
267233,"Kruseman, Cornelis",1815,drawing (visual work),10783267,only excluded placeholder lrefs available: 10783267
267234,"Kruseman, Cornelis",1815,drawing (visual work),10783267,only excluded placeholder lrefs available: 10783267
267236,"Kruseman, Cornelis",1815,drawing (visual work),10783267,only excluded placeholder lrefs available: 10783267
267238,"Kruseman, Cornelis",1815,drawing (visual work),10783267,only excluded placeholder lrefs available: 10783267
267280,"Kruseman, Cornelis",1818,drawing (visual work),10783267,only excluded placeholder lrefs available: 10783267
267519,"Honthorst, Gerard van",1647,painting,10783267,only excluded placeholder lrefs available: 10783267
267523,"Kruseman, Cornelis",1826,oil sketch,10783267,only excluded placeholder lrefs available: 10783267
267966,"Kruseman, Cornelis",1830,painting,,no image downloaded
267969,"Kruseman, Cornelis",1818,painting,10783267,only excluded placeholder lrefs available: 10783267
267971,"Kruseman, Cornelis",1818,painting,10783267,only excluded placeholder lrefs available: 10783267
267972,"Kruseman, Cornelis",1818,painting,10783267,only excluded placeholder lrefs available: 10783267
267973,"Kruseman, Cornelis",1818,painting,10783267,only excluded placeholder lrefs available: 10783267
267974,"Kruseman, Cornelis",1818,painting,10783267,only excluded placeholder lrefs available: 10783267
268324,"Kruseman, Cornelis",1815,painting,10783267,only excluded placeholder lrefs available: 10783267
268354,"Kruseman, Cornelis",1815,oil sketch,10783267,only excluded placeholder lrefs available: 10783267
268355,"Kruseman, Cornelis",1815,oil sketch,10783267,only excluded placeholder lrefs available: 10783267
268579,"Kruseman, Cornelis",1815,drawing (visual work),10783267,only excluded placeholder lrefs available: 10783267
269060,"Kruseman, Cornelis",1819,painting,10783267,only excluded placeholder lrefs available: 10783267
273067,"Rubens, Peter Paul",1633,reproductive print,10783267,only excluded placeholder lrefs available: 10783267
273099,"Rubens, Peter Paul",1638,drawing (visual work),10783267,only excluded placeholder lrefs available: 10783267
273101,"Flipart, Jean Jacques",1734,reproductive print,10783267,only excluded placeholder lrefs available: 10783267
273102,"Cathelin, Louis Jacques",1762,reproductive print,10783267,only excluded placeholder lrefs available: 10783267
273103,"Colnaghi, Martin (ca. 1792-1851)",1700,reproductive print,10783267,only excluded placeholder lrefs available: 10783267
273105,"Rubens, Peter Paul",1592,drawing (visual work),10783267,only excluded placeholder lrefs available: 10783267
273177,"Rubens, Peter Paul",1592,drawing (visual work),10783267,only excluded placeholder lrefs available: 10783267
273693,"Kruseman, Cornelis",1843,drawing (visual work),10783267,only excluded placeholder lrefs available: 10783267
273712,"Bles, David",1842,painting,10783267,only excluded placeholder lrefs available: 10783267
273745,Anoniem,1844,drawing (visual work),10783267,only excluded placeholder lrefs available: 10783267
274445,Anoniem,1815,portrait miniature,10783267,only excluded placeholder lrefs available: 10783267
276452,Anoniem,1550,painting,10783267,only excluded placeholder lrefs available: 10783267
276518,Anoniem,1575,painting,10783267,only excluded placeholder lrefs available: 10783267
276548,Anoniem,1607,painting,10783267,only excluded placeholder lrefs available: 10783267
276555,"Wonder, Pieter Christoffel",1800,painting,10783267,only excluded placeholder lrefs available: 10783267
276556,"Wonder, Pieter Christoffel",1800,painting,10783267,only excluded placeholder lrefs available: 10783267
276558,"Hansma, Douwe",1877,painting,10783267,only excluded placeholder lrefs available: 10783267
276560,"Bosch Reitz, Gijs",1860,painting,10783267,only excluded placeholder lrefs available: 10783267
276789,"Hari, Johannes (I)",1812,portrait miniature,10783267,only excluded placeholder lrefs available: 10783267
276795,"Hagbolt, Jacob",1800,portrait miniature,10783267,only excluded placeholder lrefs available: 10783267
276798,"Hagbolt, Jacob",1795,portrait miniature,10783267,only excluded placeholder lrefs available: 10783267
276802,Anoniem,1775,portrait miniature,10783267,only excluded placeholder lrefs available: 10783267
276804,Anoniem,1775,portrait miniature,10783267,only excluded placeholder lrefs available: 10783267
276814,"Hamburger, Coenraad",1825,portrait miniature,10783267,only excluded placeholder lrefs available: 10783267
277112,Anoniem,1945,painting,10783267,only excluded placeholder lrefs available: 10783267
277273,"Mondriaan, Piet",1913,painting,10783267,only excluded placeholder lrefs available: 10783267
279633,Anoniem,1590,painting,10783267,only excluded placeholder lrefs available: 10783267
279655,"Mondriaan, Piet",1896,painting,10783267,only excluded placeholder lrefs available: 10783267
280766,Anoniem,1775,portrait miniature,10783267,only excluded placeholder lrefs available: 10783267
281884,"Kunst, Berend",1858,drawing (visual work),10783267,only excluded placeholder lrefs available: 10783267
282681,"Le Blon, Jakob Christof",1706,portrait miniature,10783267,only excluded placeholder lrefs available: 10783267
282682,"Le Blon, Jakob Christof",1706,portrait miniature,10783267,only excluded placeholder lrefs available: 10783267
283025,"Meuret, François",1829,portrait miniature,10783267,only excluded placeholder lrefs available: 10783267
283085,"Le Blon, Jakob Christof",1706,portrait miniature,10783267,only excluded placeholder lrefs available: 10783267
283086,"Le Blon, Jakob Christof",1706,portrait miniature,10783267,only excluded placeholder lrefs available: 10783267
283301,"Marinkel, Joseph",1764,portrait miniature,10783267,only excluded placeholder lrefs available: 10783267
285940,"Dieussart, François",1649,bust (sculpture),10783267,only excluded placeholder lrefs available: 10783267
285941,"Dieussart, François",1649,bust (sculpture),10783267,only excluded placeholder lrefs available: 10783267
286468,"Cranach, Lucas (I)",1532,painting,10783267,only excluded placeholder lrefs available: 10783267
286736,"Kossuth, Egon Josef",1936,painting,10783267,only excluded placeholder lrefs available: 10783267
287264,"Cranach, Lucas (I)",1536,painting,10783267,only excluded placeholder lrefs available: 10783267
287318,"Mierevelt, Michiel van",1800,painting,10783267,only excluded placeholder lrefs available: 10783267
288060,"Humbert de Superville, David Pièrre Giottino",1813,drawing (visual work),10803127,no image downloaded
288657,"Huchtenburg, Jan van",1710,painting,,no image downloaded
292490,Anoniem,1700,series,,no image downloaded
293499,Anoniem,1800,painting,10783267,only excluded placeholder lrefs available: 10783267
293507,"Blocq van Scheltinga, Albertine Marie Isabelle Jeanne de",1950,sculpture,10783267,only excluded placeholder lrefs available: 10783267
293513,"Blocq van Scheltinga, Albertine Marie Isabelle Jeanne de",1950,sculpture,10783267,only excluded placeholder lrefs available: 10783267
293517,Anoniem,1950,photograph,10783267,only excluded placeholder lrefs available: 10783267
293601,Anoniem,1594,painting,10783267,only excluded placeholder lrefs available: 10783267
293602,Anoniem,1649,painting,10783267,only excluded placeholder lrefs available: 10783267
293610,"Kruseman, Cornelis",1844,drawing (visual work),10783267,only excluded placeholder lrefs available: 10783267
293732,Anoniem,1600,painting,10783267,only excluded placeholder lrefs available: 10783267
294992,"Pencz, Georg",1531,painting,10783267,only excluded placeholder lrefs available: 10783267
295275,"Honthorst, Gerard van",1600,painting,10783267,only excluded placeholder lrefs available: 10783267
296915,"Schuiten, H.PH.J.",1862,carte-de-visite,10783267,only excluded placeholder lrefs available: 10783267
297134,"Pierson, Christoffel",1674,series,,no image downloaded
297245,diverse kunstenaars,1555,series,,no image downloaded
297646,Anoniem,1580,stained glass (visual work),10783267,only excluded placeholder lrefs available: 10783267
297652,Anoniem,1580,stained glass (visual work),10783267,only excluded placeholder lrefs available: 10783267
297723,diverse kunstenaars,1530,series,,no image downloaded
298576,"Tanjé, Pieter",1734,series,,no image downloaded
300308,"Ketel, Cornelis",1579,series,,no image downloaded
300396,"Hollar, Wenzel",1644,print,,no image downloaded
300498,"Balmakers, Piet",1850,painting,10783267,only excluded placeholder lrefs available: 10783267
300824,"Luttichuys, Simon",1661,series,,no image downloaded
301206,"Coques, Gonzales",1655,series,,no image downloaded
301286,"Vaillant, Wallerant",1660,series,,no image downloaded
301859,Anoniem,1645,painting,10783267,only excluded placeholder lrefs available: 10783267
301889,"Dijk, Philip van",1725,painting,10783267,only excluded placeholder lrefs available: 10783267
303283,"Smith, John Raphael",1772,reproductive print,20,no image downloaded
303402,"Mongin, Augustin",1881,reproductive print,24,no image downloaded
303422,"Soest, Gerard",1670,painting,26,no image downloaded
303445,"Hendriks, Wybrand",1807,painting,10783267,only excluded placeholder lrefs available: 10783267
303542,"Cuyp, Jacob Gerritsz.",1632,painting,48,no image downloaded
303543,"Cuyp, Jacob Gerritsz.",1632,painting,49,no image downloaded
303559,"Vaillant, Wallerant",1671,painting,51|50,no image downloaded
303561,"Gorter, Paul",1987,painting,52,no image downloaded
303580,"Paulijn, Horatius",1668,painting,10783267,only excluded placeholder lrefs available: 10783267
303694,"Hendriks, Wybrand",1819,painting,10783267,only excluded placeholder lrefs available: 10783267
304859,"Laroon, Marcellus (I)",1688,series,,no image downloaded
304879,"Luttichuys, Simon",1660,series,,no image downloaded
304884,"Baudringien, David",1625,painting,10783267,only excluded placeholder lrefs available: 10783267
305105,"Gogh, Vincent van",1880-09,drawing (visual work),10783267,only excluded placeholder lrefs available: 10783267
305380,"Wet, Jacob de (II)",1684,series,,no image downloaded
305474,"Kruseman, Cornelis",1831,oil sketch,10783267,only excluded placeholder lrefs available: 10783267
305487,"Kruseman, Cornelis",1831,oil sketch,10783267,only excluded placeholder lrefs available: 10783267
305488,"Kruseman, Cornelis",1831,oil sketch,10783267,only excluded placeholder lrefs available: 10783267
305489,"Kruseman, Cornelis",1831,oil sketch,10783267,only excluded placeholder lrefs available: 10783267
305491,"Kruseman, Cornelis",1831,oil sketch,10783267,only excluded placeholder lrefs available: 10783267
305492,"Kruseman, Cornelis",1831,oil sketch,10783267,only excluded placeholder lrefs available: 10783267
305493,"Kruseman, Cornelis",1831,oil sketch,10783267,only excluded placeholder lrefs available: 10783267
305494,"Kruseman, Cornelis",1831,oil sketch,10783267,only excluded placeholder lrefs available: 10783267
305495,"Kruseman, Cornelis",1831,oil sketch,10783267,only excluded placeholder lrefs available: 10783267
305497,"Kruseman, Cornelis",1831,oil sketch,10783267,only excluded placeholder lrefs available: 10783267
305498,"Kruseman, Cornelis",1831,oil sketch,10783267,only excluded placeholder lrefs available: 10783267
305660,"Bisschop, Christoffel",1903,watercolor (painting),10783267,only excluded placeholder lrefs available: 10783267
305740,"Browne, Samuel",1691,painting,10783267,only excluded placeholder lrefs available: 10783267
305743,"Browne, Samuel",1691,painting,10783267,only excluded placeholder lrefs available: 10783267
305867,"Bisschop, Christoffel",1876,painting,10783267,only excluded placeholder lrefs available: 10783267
305978,"Hendriks, Wybrand",1789,drawing (visual work),10783267,only excluded placeholder lrefs available: 10783267
307174,Anoniem,1919,photograph,10783267,only excluded placeholder lrefs available: 10783267
307981,"Hals, Frans (I)",1640,painting,10783267,only excluded placeholder lrefs available: 10783267
307984,"Hals, Frans (I)",1648,painting,10783267,only excluded placeholder lrefs available: 10783267
308134,"Schalcken, Godefridus",1695,series,10783267,only excluded placeholder lrefs available: 10783267
308136,"Schalcken, Godefridus",1695,painting,10783267,only excluded placeholder lrefs available: 10783267
308137,"Schalcken, Godefridus",1695,painting,10783267,only excluded placeholder lrefs available: 10783267
308494,"Sluiter, Willy",1917,drawing (visual work),10783267,only excluded placeholder lrefs available: 10783267
308513,"Hals, Frans (I)",1634,painting,10783267,only excluded placeholder lrefs available: 10783267
308643,Girolamo da Carpi,1500,painting,10783267,only excluded placeholder lrefs available: 10783267
309091,"Rubens, Peter Paul",1630,painting,10783267,only excluded placeholder lrefs available: 10783267
309219,"Rubens, Peter Paul",1598,painting,10783267,only excluded placeholder lrefs available: 10783267
309260,Anoniem,1620,painting,10783267,only excluded placeholder lrefs available: 10783267
309261,Anoniem,1620,painting,10783267,only excluded placeholder lrefs available: 10783267
309266,"Cranendoncq, Alexander",1610,engraving (print),10783267,only excluded placeholder lrefs available: 10783267
309313,Anoniem,1524,drawing (visual work),10783267,only excluded placeholder lrefs available: 10783267
309362,"Henner, Jean-Jacques",1884,painting,10876825,no image downloaded
309527,Anoniem,1600,painting,10783267,only excluded placeholder lrefs available: 10783267
309774,"Rubens, Peter Paul",1628,painting,10783267,only excluded placeholder lrefs available: 10783267
309790,Giulio Romano,1514,painting,10783267,only excluded placeholder lrefs available: 10783267
309793,"Teniers, David (II)",1626,drawing (visual work),10783267,only excluded placeholder lrefs available: 10783267
309795,Anoniem,1603,painting,10783267,only excluded placeholder lrefs available: 10783267
309796,Anoniem,1600,painting,10783267,only excluded placeholder lrefs available: 10783267
309802,"Rubens, Peter Paul",1600,painting,10783267,only excluded placeholder lrefs available: 10783267
309803,"Rubens, Peter Paul",1628,painting,10783267,only excluded placeholder lrefs available: 10783267
309807,"Rubens, Peter Paul",1600,painting,10783267,only excluded placeholder lrefs available: 10783267
309808,"Rubens, Peter Paul",1592,painting,10783267,only excluded placeholder lrefs available: 10783267
309809,"Teniers, David (II)",1626,drawing (visual work),10783267,only excluded placeholder lrefs available: 10783267
309810,Anoniem,1600,painting,10783267,only excluded placeholder lrefs available: 10783267
309817,"Barret, Ranelagh",1737,painting,10783267,only excluded placeholder lrefs available: 10783267
309822,"Rubens, Peter Paul",1600,painting,10783267,only excluded placeholder lrefs available: 10783267
309823,Anoniem,1600,painting,10783267,only excluded placeholder lrefs available: 10783267
309827,"Rubens, Peter Paul",1629,painting,10783267,only excluded placeholder lrefs available: 10783267
309828,Anoniem,1630,painting,10783267,only excluded placeholder lrefs available: 10783267
309829,"Quellinus, Erasmus (II)",1673,painting,10783267,only excluded placeholder lrefs available: 10783267
309830,"Rubens, Peter Paul",1630,painting,10783267,only excluded placeholder lrefs available: 10783267
309831,"Etty, William",1802,painting,10783267,only excluded placeholder lrefs available: 10783267
309855,"Rubens, Peter Paul",1628,painting,10783267,only excluded placeholder lrefs available: 10783267
309862,"Rubens, Peter Paul",1628,painting,10783267,only excluded placeholder lrefs available: 10783267
309864,"Rubens, Peter Paul",1629,painting,10783267,only excluded placeholder lrefs available: 10783267
309869,"Rubens, Peter Paul",1628,painting,10783267,only excluded placeholder lrefs available: 10783267
309870,"Rubens, Peter Paul",1592,painting,10783267,only excluded placeholder lrefs available: 10783267
309873,"Rubens, Peter Paul",1592,drawing (visual work),10783267,only excluded placeholder lrefs available: 10783267
309875,"Rubens, Peter Paul",1603,painting,10783267,only excluded placeholder lrefs available: 10783267
309907,"Rubens, Peter Paul",1592,painting,10783267,only excluded placeholder lrefs available: 10783267
309908,"Rubens, Peter Paul",1628,painting,10783267,only excluded placeholder lrefs available: 10783267
309909,"Rubens, Peter Paul",1592,painting,10783267,only excluded placeholder lrefs available: 10783267
309910,"Rubens, Peter Paul",1592,painting,10783267,only excluded placeholder lrefs available: 10783267
309930,"Jegher, Christoffel",1630,print,10783267,only excluded placeholder lrefs available: 10783267
309932,"Jegher, Christoffel",1630,print,10783267,only excluded placeholder lrefs available: 10783267
309996,"Rubens, Peter Paul",1610,painting,10783267,only excluded placeholder lrefs available: 10783267
310001,"Largillière, Nicolas de",1662,painting,10783267,only excluded placeholder lrefs available: 10783267
310048,Anoniem,1592,painting,10783267,only excluded placeholder lrefs available: 10783267
310063,Anoniem,1548,painting,10783267,only excluded placeholder lrefs available: 10783267
310065,Tiziano,1545,painting,10783267,only excluded placeholder lrefs available: 10783267
310066,Anoniem,1500,painting,10783267,only excluded placeholder lrefs available: 10783267
310068,Anoniem,1560,drawing (visual work),10783267,only excluded placeholder lrefs available: 10783267
310143,Anoniem,1500,drawing (visual work),10783267,only excluded placeholder lrefs available: 10783267
310144,"Boltraffio, Giovanni-Antonio",1500,drawing (visual work),10783267,only excluded placeholder lrefs available: 10783267
310235,"Kruseman, Cornelis",1847,print,10783267,only excluded placeholder lrefs available: 10783267
310545,Anoniem,1500,drawing (visual work),10783267,only excluded placeholder lrefs available: 10783267
310553,"Rubens, Peter Paul",1605,painting,10783267,only excluded placeholder lrefs available: 10783267
310655,"Zeelander, Abraham Lion",1848,reproductive print,10783267,only excluded placeholder lrefs available: 10783267
310818,"Kräill, Georg Günther",1624,painting,10899591,no image downloaded
311259,"Kruseman, Jan Adam",1843,painting,10783267,only excluded placeholder lrefs available: 10783267
311261,"Kruseman, Jan Adam",1844,painting,10783267,only excluded placeholder lrefs available: 10783267
311420,Anoniem,1480,drawing (visual work),10900238,no image downloaded
311478,"Huyssen, Margareta",1686,painting,10783267,only excluded placeholder lrefs available: 10783267
311648,"Huyssen, Margareta",1688,painting,10783267,only excluded placeholder lrefs available: 10783267
311650,"Huyssen, Margareta",1706,painting,10783267,only excluded placeholder lrefs available: 10783267
311653,"Huyssen, Margareta",1706,painting,10783267,only excluded placeholder lrefs available: 10783267
311760,"Straet, Jan van der",1550,painting,10901303,no image downloaded
311767,Anoniem,1616,reproductive print,10783267,only excluded placeholder lrefs available: 10783267
311777,Anoniem,1616,painting,10783267,only excluded placeholder lrefs available: 10783267
311778,"Berghe, Nicolaes van den",1616,reproductive print,10783267,only excluded placeholder lrefs available: 10783267
311869,"Rubens, Peter Paul",1601,drawing (visual work),10783267,only excluded placeholder lrefs available: 10783267
311871,"Rubens, Peter Paul",1613,painting,10783267,only excluded placeholder lrefs available: 10783267
311956,"Vos, Maerten de (I)",1600,painting,10783267,only excluded placeholder lrefs available: 10783267
311958,Anoniem,1600,painting,10783267,only excluded placeholder lrefs available: 10783267
311960,Anoniem,1600,painting,10783267,only excluded placeholder lrefs available: 10783267
311961,Anoniem,1650,painting,10783267,only excluded placeholder lrefs available: 10783267
311965,"Vos, Maerten de (I)",1600,painting,10783267,only excluded placeholder lrefs available: 10783267
311966,Anoniem,1600,painting,10783267,only excluded placeholder lrefs available: 10783267
311968,Anoniem,1600,painting,10783267,only excluded placeholder lrefs available: 10783267
311971,Anoniem,1600,painting,10783267,only excluded placeholder lrefs available: 10783267
311972,Anoniem,1650,painting,10783267,only excluded placeholder lrefs available: 10783267
311973,Anoniem,1600,painting,10783267,only excluded placeholder lrefs available: 10783267
311976,"Rubens, Peter Paul",1598,painting,10783267,only excluded placeholder lrefs available: 10783267
311977,"Vos, Maerten de (I)",1600,painting,10783267,only excluded placeholder lrefs available: 10783267
311978,Anoniem,1600,painting,10783267,only excluded placeholder lrefs available: 10783267
311979,Anoniem,1600,painting,10783267,only excluded placeholder lrefs available: 10783267
311980,Anoniem,1600,painting,10783267,only excluded placeholder lrefs available: 10783267
311981,Anoniem,1650,painting,10783267,only excluded placeholder lrefs available: 10783267
311982,Anoniem,1600,painting,10783267,only excluded placeholder lrefs available: 10783267
311984,"Vos, Maerten de (I)",1600,painting,10783267,only excluded placeholder lrefs available: 10783267
311985,Anoniem,1600,painting,10783267,only excluded placeholder lrefs available: 10783267
311986,Anoniem,1600,painting,10783267,only excluded placeholder lrefs available: 10783267
311987,"Rubens, Peter Paul",1598,painting,10783267,only excluded placeholder lrefs available: 10783267
311988,"Vos, Maerten de (I)",1600,painting,10783267,only excluded placeholder lrefs available: 10783267
311989,Anoniem,1600,painting,10783267,only excluded placeholder lrefs available: 10783267
311990,Anoniem,1600,painting,10783267,only excluded placeholder lrefs available: 10783267
311991,Anoniem,1650,painting,10783267,only excluded placeholder lrefs available: 10783267
311992,Anoniem,1598,painting,10783267,only excluded placeholder lrefs available: 10783267
311994,"Vos, Maerten de (I)",1600,painting,10783267,only excluded placeholder lrefs available: 10783267
311995,Anoniem,1600,painting,10783267,only excluded placeholder lrefs available: 10783267
311996,Anoniem,1600,painting,10783267,only excluded placeholder lrefs available: 10783267
311998,Anoniem,1600,painting,10783267,only excluded placeholder lrefs available: 10783267
311999,Anoniem,1600,painting,10783267,only excluded placeholder lrefs available: 10783267
312000,Anoniem,1600,painting,10783267,only excluded placeholder lrefs available: 10783267
312001,Anoniem,1650,painting,10783267,only excluded placeholder lrefs available: 10783267
312003,Anoniem,1600,painting,10783267,only excluded placeholder lrefs available: 10783267
312004,"Vos, Maerten de (I)",1600,painting,10783267,only excluded placeholder lrefs available: 10783267
312005,Anoniem,1600,painting,10783267,only excluded placeholder lrefs available: 10783267
312006,Anoniem,1600,painting,10783267,only excluded placeholder lrefs available: 10783267
312007,Anoniem,1600,painting,10783267,only excluded placeholder lrefs available: 10783267
312008,Anoniem,1650,painting,10783267,only excluded placeholder lrefs available: 10783267
312011,"Vos, Maerten de (I)",1600,painting,10783267,only excluded placeholder lrefs available: 10783267
312013,Anoniem,1600,painting,10783267,only excluded placeholder lrefs available: 10783267
312014,Anoniem,1600,painting,10783267,only excluded placeholder lrefs available: 10783267
312015,Anoniem,1600,painting,10783267,only excluded placeholder lrefs available: 10783267
312016,Anoniem,1650,painting,10783267,only excluded placeholder lrefs available: 10783267
312017,Anoniem,1600,painting,10783267,only excluded placeholder lrefs available: 10783267
312019,"Vos, Maerten de (I)",1600,painting,10783267,only excluded placeholder lrefs available: 10783267
312020,Anoniem,1600,painting,10783267,only excluded placeholder lrefs available: 10783267
312021,Anoniem,1600,painting,10783267,only excluded placeholder lrefs available: 10783267
312022,Anoniem,1600,painting,10783267,only excluded placeholder lrefs available: 10783267
312023,Anoniem,1600,painting,10783267,only excluded placeholder lrefs available: 10783267
312024,Anoniem,1650,painting,10783267,only excluded placeholder lrefs available: 10783267
312025,Anoniem,1600,painting,10783267,only excluded placeholder lrefs available: 10783267
312026,Anoniem,1600,painting,10783267,only excluded placeholder lrefs available: 10783267
312027,"Rubens, Peter Paul",1598,painting,10783267,only excluded placeholder lrefs available: 10783267
312028,"Vos, Maerten de (I)",1600,painting,10783267,only excluded placeholder lrefs available: 10783267
312029,Anoniem,1600,painting,10783267,only excluded placeholder lrefs available: 10783267
312030,Anoniem,1650,painting,10783267,only excluded placeholder lrefs available: 10783267
312031,Anoniem,1600,painting,10783267,only excluded placeholder lrefs available: 10783267
312032,"Rubens, Peter Paul",1598,painting,10783267,only excluded placeholder lrefs available: 10783267
312033,"Vos, Maerten de (I)",1600,painting,10783267,only excluded placeholder lrefs available: 10783267
312034,Anoniem,1600,painting,10783267,only excluded placeholder lrefs available: 10783267
312035,Anoniem,1600,painting,10783267,only excluded placeholder lrefs available: 10783267
312036,Anoniem,1650,painting,10783267,only excluded placeholder lrefs available: 10783267
312041,"Rubens, Peter Paul",1598,painting,10783267,only excluded placeholder lrefs available: 10783267
312042,"Vos, Maerten de (I)",1600,painting,10783267,only excluded placeholder lrefs available: 10783267
312043,Anoniem,1600,painting,10783267,only excluded placeholder lrefs available: 10783267
312045,Anoniem,1600,painting,10783267,only excluded placeholder lrefs available: 10783267
312046,Anoniem,1600,painting,10783267,only excluded placeholder lrefs available: 10783267
312048,"Vos, Maerten de (I)",1600,painting,10783267,only excluded placeholder lrefs available: 10783267
312049,Anoniem,1600,painting,10783267,only excluded placeholder lrefs available: 10783267
312051,Anoniem,1650,painting,10783267,only excluded placeholder lrefs available: 10783267
312056,"Vos, Maerten de (I)",1600,painting,10783267,only excluded placeholder lrefs available: 10783267
312057,Anoniem,1600,painting,10783267,only excluded placeholder lrefs available: 10783267
312058,Anoniem,1650,painting,10783267,only excluded placeholder lrefs available: 10783267
312060,"Rubens, Peter Paul",1598,painting,10783267,only excluded placeholder lrefs available: 10783267
312061,"Vos, Maerten de (I)",1600,painting,10783267,only excluded placeholder lrefs available: 10783267
312062,Anoniem,1600,painting,10783267,only excluded placeholder lrefs available: 10783267
312063,Anoniem,1650,painting,10783267,only excluded placeholder lrefs available: 10783267
312065,"Rubens, Peter Paul",1598,painting,10783267,only excluded placeholder lrefs available: 10783267
312068,"Vos, Maerten de (I)",1600,painting,10783267,only excluded placeholder lrefs available: 10783267
312069,Anoniem,1600,painting,10783267,only excluded placeholder lrefs available: 10783267
312071,"Vos, Maerten de (I)",1600,painting,10783267,only excluded placeholder lrefs available: 10783267
312072,Anoniem,1600,painting,10783267,only excluded placeholder lrefs available: 10783267
312073,Anoniem,1650,painting,10783267,only excluded placeholder lrefs available: 10783267
312076,"Vos, Maerten de (I)",1600,painting,10783267,only excluded placeholder lrefs available: 10783267
312077,Anoniem,1600,painting,10783267,only excluded placeholder lrefs available: 10783267
312078,Anoniem,1600,painting,10783267,only excluded placeholder lrefs available: 10783267
312079,Anoniem,1600,painting,10783267,only excluded placeholder lrefs available: 10783267
312080,Anoniem,1600,painting,10783267,only excluded placeholder lrefs available: 10783267
312081,Anoniem,1650,painting,10783267,only excluded placeholder lrefs available: 10783267
312083,Anoniem,1600,painting,10783267,only excluded placeholder lrefs available: 10783267
312188,"Rubens, Peter Paul",1618,painting,10783267,only excluded placeholder lrefs available: 10783267
312189,"Rubens, Peter Paul",1618,painting,10783267,only excluded placeholder lrefs available: 10783267
312191,"Rubens, Peter Paul",1618,painting,10783267,only excluded placeholder lrefs available: 10783267
312193,"Rubens, Peter Paul",1618,painting,10783267,only excluded placeholder lrefs available: 10783267
312194,"Rubens, Peter Paul",1620,painting,10783267,only excluded placeholder lrefs available: 10783267
312197,"Rubens, Peter Paul",1618,painting,10783267,only excluded placeholder lrefs available: 10783267
312233,"Rubens, Peter Paul",1618,painting,10783267,only excluded placeholder lrefs available: 10783267
312352,"Rubens, Peter Paul",1618,painting,10783267,only excluded placeholder lrefs available: 10783267
312354,"Rubens, Peter Paul",1618,painting,10783267,only excluded placeholder lrefs available: 10783267
312361,Anoniem,1619,painting,10783267,only excluded placeholder lrefs available: 10783267
312367,Anoniem,1617,painting,10783267,only excluded placeholder lrefs available: 10783267
312368,"Panneels, Willem",1617,drawing (visual work),10783267,only excluded placeholder lrefs available: 10783267
312465,"Rubens, Peter Paul",1616,painting,10783267,only excluded placeholder lrefs available: 10783267
312476,Anoniem,1625,painting,10783267,only excluded placeholder lrefs available: 10783267
312481,Anoniem,1625,painting,10783267,only excluded placeholder lrefs available: 10783267
312482,Anoniem,1625,painting,10783267,only excluded placeholder lrefs available: 10783267
312483,Anoniem,1625,painting,10783267,only excluded placeholder lrefs available: 10783267
312484,Anoniem,1625,painting,10783267,only excluded placeholder lrefs available: 10783267
312485,Anoniem,1625,painting,10783267,only excluded placeholder lrefs available: 10783267
312486,Anoniem,1625,painting,10783267,only excluded placeholder lrefs available: 10783267
312487,Anoniem,1625,drawing (visual work),10783267,only excluded placeholder lrefs available: 10783267
312493,"Rubens, Peter Paul",1592,painting,10783267,only excluded placeholder lrefs available: 10783267
312502,Anoniem,1618,painting,10783267,only excluded placeholder lrefs available: 10783267
312503,Anoniem,1618,painting,10783267,only excluded placeholder lrefs available: 10783267
312504,"Soutman, Pieter",1618,drawing (visual work),10783267,only excluded placeholder lrefs available: 10783267
312536,Anoniem,1618,painting,10783267,only excluded placeholder lrefs available: 10783267
312596,"Rubens, Peter Paul",1630,painting,10783267,only excluded placeholder lrefs available: 10783267
312607,Anoniem,1626,painting,10783267,only excluded placeholder lrefs available: 10783267
312612,"Pontius, Paulus (I)",1625,drawing (visual work),10783267,only excluded placeholder lrefs available: 10783267
312613,"Rubens, Peter Paul",1590,drawing (visual work),10783267,only excluded placeholder lrefs available: 10783267
312617,"Rubens, Peter Paul",1590,painting,10783267,only excluded placeholder lrefs available: 10783267
312620,"Rubens, Peter Paul",1590,painting,10783267,only excluded placeholder lrefs available: 10783267
312627,"Rubens, Peter Paul",1590,drawing (visual work),10783267,only excluded placeholder lrefs available: 10783267
312641,"Rubens, Peter Paul",1620,painting,10783267,only excluded placeholder lrefs available: 10783267
312648,Anoniem,1600,painting,10783267,only excluded placeholder lrefs available: 10783267
312649,Anoniem,1600,painting,10783267,only excluded placeholder lrefs available: 10783267
312654,"Crayer, Gaspar de (1584)",1625,painting,10783267,only excluded placeholder lrefs available: 10783267
312656,Anoniem,1625,drawing (visual work),10783267,only excluded placeholder lrefs available: 10783267
312657,"Rubens, Peter Paul",1625,painting,10783267,only excluded placeholder lrefs available: 10783267
312659,"Prenner, Anton Joseph von",1730,drawing (visual work),10783267,only excluded placeholder lrefs available: 10783267
312663,Anoniem,1618,painting,10783267,only excluded placeholder lrefs available: 10783267
312694,Anoniem,1616,painting,10783267,only excluded placeholder lrefs available: 10783267
312698,Anoniem,1545,painting,10783267,only excluded placeholder lrefs available: 10783267
312699,"Dyck, Anthony van",1614,drawing (visual work),10783267,only excluded placeholder lrefs available: 10783267
312701,Anoniem,1520,painting,10783267,only excluded placeholder lrefs available: 10783267
312702,Anoniem,1520,painting,10783267,only excluded placeholder lrefs available: 10783267
312711,Anoniem,1600,painting,10783267,only excluded placeholder lrefs available: 10783267
312727,"Kruseman, Cornelis",1830,painting,10783267,only excluded placeholder lrefs available: 10783267
312841,Anoniem,1618,painting,10783267,only excluded placeholder lrefs available: 10783267
312861,"Vaillant, Wallerant",1649,drawing (visual work),10783267,only excluded placeholder lrefs available: 10783267
313022,"Vaillant, Wallerant",1650,drawing (visual work),10783267,only excluded placeholder lrefs available: 10783267
313134,"Vaillant, Wallerant",1652,drawing (visual work),10783267,only excluded placeholder lrefs available: 10783267
313704,Anoniem,1625,painting,10783267,only excluded placeholder lrefs available: 10783267
313835,"Kruseman, Cornelis",1812,drawing (visual work),10783267,only excluded placeholder lrefs available: 10783267
313846,"Vaillant, Wallerant",1648,drawing (visual work),10783267,only excluded placeholder lrefs available: 10783267
318041,"Dawe, George",1828,painting,10783267,only excluded placeholder lrefs available: 10783267
339206,Anoniem,1375,illumination,10783267,only excluded placeholder lrefs available: 10783267
339231,Anoniem,1423,miniature (painting),10783267,only excluded placeholder lrefs available: 10783267
342306,"Alma Tadema, Lourens",1860-08-01,painting,10783267,only excluded placeholder lrefs available: 10783267
342878,"Rubens, Peter Paul",1612,painting,10783267,only excluded placeholder lrefs available: 10783267
342888,"Rubens, Peter Paul",1610,painting,10783267,only excluded placeholder lrefs available: 10783267
342893,"Rubens, Peter Paul",1610,painting,10783267,only excluded placeholder lrefs available: 10783267
342897,"Rubens, Peter Paul",1610,painting,10783267,only excluded placeholder lrefs available: 10783267
342940,"Valkenburg, Dirk",1712,painting,10783267,only excluded placeholder lrefs available: 10783267
342946,"Rubens, Peter Paul",1612,painting,10783267,only excluded placeholder lrefs available: 10783267
342951,Anoniem,1600,painting,10783267,only excluded placeholder lrefs available: 10783267
342954,"Rubens, Peter Paul",1610,painting,10783267,only excluded placeholder lrefs available: 10783267
342955,"Dahl, Johan Christian",1612,oil sketch,10783267,only excluded placeholder lrefs available: 10783267
342960,"Rubens, Peter Paul",1620,painting,10783267,only excluded placeholder lrefs available: 10783267
342965,"Rubens, Peter Paul",1620,drawing (visual work),10783267,only excluded placeholder lrefs available: 10783267
342997,"Does, Simon van der",1680,painting,10783267,only excluded placeholder lrefs available: 10783267
343006,"Valkenburg, Dirk",1719,painting,10783267,only excluded placeholder lrefs available: 10783267
343010,"Valkenburg, Dirk",1719,painting,10783267,only excluded placeholder lrefs available: 10783267
343011,"Valkenburg, Dirk",1700,painting,10783267,only excluded placeholder lrefs available: 10783267
343091,"Valkenburg, Dirk",1690,painting,10783267,only excluded placeholder lrefs available: 10783267
343202,"Vaillant, Wallerant",1648,drawing (visual work),10783267,only excluded placeholder lrefs available: 10783267
343213,"Valkenburg, Dirk",1716,painting,10783267,only excluded placeholder lrefs available: 10783267
343214,"Valkenburg, Dirk",1714,painting,10783267,only excluded placeholder lrefs available: 10783267
343215,"Valkenburg, Dirk",1716,painting,10783267,only excluded placeholder lrefs available: 10783267
343216,"Valkenburg, Dirk",1714,painting,10783267,only excluded placeholder lrefs available: 10783267
343217,"Valkenburg, Dirk",1710,painting,10783267,only excluded placeholder lrefs available: 10783267
343235,"Rubens, Peter Paul",1612,portrait miniature,10783267,only excluded placeholder lrefs available: 10783267
343236,"Rubens, Peter Paul",1612,portrait miniature,10783267,only excluded placeholder lrefs available: 10783267
343238,"Rubens, Peter Paul",1620,painting,10783267,only excluded placeholder lrefs available: 10783267
343249,"Rubens, Peter Paul",1600,painting,10783267,only excluded placeholder lrefs available: 10783267
343258,"Green, Valentine",1774,reproductive print,10783267,only excluded placeholder lrefs available: 10783267
343262,"Rubens, Peter Paul",1630,reproductive print,10783267,only excluded placeholder lrefs available: 10783267
343266,"Rubens, Peter Paul",1610,drawing (visual work),10783267,only excluded placeholder lrefs available: 10783267
343283,"Rubens, Peter Paul",1610,painting,10783267,only excluded placeholder lrefs available: 10783267
343286,"Rubens, Peter Paul",1610,painting,10783267,only excluded placeholder lrefs available: 10783267
343287,"Powle, George",1770,reproductive print,10783267,only excluded placeholder lrefs available: 10783267
343288,"Powle, George",1764,reproductive print,10783267,only excluded placeholder lrefs available: 10783267
343289,"Powle, George",1764,reproductive print,10783267,only excluded placeholder lrefs available: 10783267
343291,"Powle, George",1764,reproductive print,10783267,only excluded placeholder lrefs available: 10783267
343293,"Powle, George",1764,reproductive print,10783267,only excluded placeholder lrefs available: 10783267
343294,"Valkenburg, Dirk",1720,painting,10783267,only excluded placeholder lrefs available: 10783267
343295,"Valkenburg, Dirk",1720,painting,10783267,only excluded placeholder lrefs available: 10783267
343297,"Condé, Jean",1793,reproductive print,10783267,only excluded placeholder lrefs available: 10783267
343298,"Page, Robert",1815,reproductive print,10783267,only excluded placeholder lrefs available: 10783267
343299,"Valkenburg, Dirk",1680,painting,10783267,only excluded placeholder lrefs available: 10783267
343301,"Valkenburg, Dirk",1680,painting,10783267,only excluded placeholder lrefs available: 10783267
343306,"Rubens, Peter Paul",1615,painting,10783267,only excluded placeholder lrefs available: 10783267
343307,"Valkenburg, Dirk",1680,painting,10783267,only excluded placeholder lrefs available: 10783267
343308,"Rubens, Peter Paul",1615,painting,10783267,only excluded placeholder lrefs available: 10783267
343309,"Valkenburg, Dirk",1700,painting,10783267,only excluded placeholder lrefs available: 10783267
343310,"Valkenburg, Dirk",1680,painting,10783267,only excluded placeholder lrefs available: 10783267
343313,"Valkenburg, Dirk",1700,painting,10783267,only excluded placeholder lrefs available: 10783267
343318,"Valkenburg, Dirk",1680,painting,10783267,only excluded placeholder lrefs available: 10783267
343319,"Valkenburg, Dirk",1680,painting,10783267,only excluded placeholder lrefs available: 10783267
343321,"Valkenburg, Dirk",1700,painting,10783267,only excluded placeholder lrefs available: 10783267
343323,"Valkenburg, Dirk",1700,painting,10783267,only excluded placeholder lrefs available: 10783267
343328,"Valkenburg, Dirk",1680,painting,10783267,only excluded placeholder lrefs available: 10783267
343329,"Valkenburg, Dirk",1680,painting,10783267,only excluded placeholder lrefs available: 10783267
343375,"Rubens, Peter Paul",1616,painting,10783267,only excluded placeholder lrefs available: 10783267
343376,"Rubens, Peter Paul",1619,painting,10783267,only excluded placeholder lrefs available: 10783267
343378,"Rubens, Peter Paul",1620,painting,10783267,only excluded placeholder lrefs available: 10783267
343379,"Rubens, Peter Paul",1620,painting,10783267,only excluded placeholder lrefs available: 10783267
343380,"Geddes, Andrew",1822,reproductive print,10783267,only excluded placeholder lrefs available: 10783267
343383,"Watteau, Jean Antoine",1699,drawing (visual work),10783267,only excluded placeholder lrefs available: 10783267
343385,Anoniem,1800,painting,10783267,only excluded placeholder lrefs available: 10783267
343386,"Rubens, Peter Paul",1620,painting,10783267,only excluded placeholder lrefs available: 10783267
343391,Anoniem,1592,painting,10783267,only excluded placeholder lrefs available: 10783267
343395,Anoniem,1620,painting,10783267,only excluded placeholder lrefs available: 10783267
343403,"Rubens, Peter Paul",1620,painting,10783267,only excluded placeholder lrefs available: 10783267
343404,"Rubens, Peter Paul",1620,painting,10783267,only excluded placeholder lrefs available: 10783267
343406,"Delacroix, Eugène",1813,painting,10783267,only excluded placeholder lrefs available: 10783267
343409,"Rubens, Peter Paul",1620,painting,10783267,only excluded placeholder lrefs available: 10783267
343413,"Rubens, Peter Paul",1620,painting,10783267,only excluded placeholder lrefs available: 10783267
343414,"Rubens, Peter Paul",1620,painting,10783267,only excluded placeholder lrefs available: 10783267
343415,"Rubens, Peter Paul",1620,painting,10783267,only excluded placeholder lrefs available: 10783267
343416,"Rubens, Peter Paul",1800,painting,10783267,only excluded placeholder lrefs available: 10783267
343418,"Rubens, Peter Paul",1620,painting,10783267,only excluded placeholder lrefs available: 10783267
343419,"Rubens, Peter Paul",1620,painting,10783267,only excluded placeholder lrefs available: 10783267
343422,"Rubens, Peter Paul",1626,painting,10783267,only excluded placeholder lrefs available: 10783267
343425,"Rubens, Peter Paul",1626,painting,10783267,only excluded placeholder lrefs available: 10783267
343428,"Rubens, Peter Paul",1600,painting,10783267,only excluded placeholder lrefs available: 10783267
343429,"Rubens, Peter Paul",1626,painting,10783267,only excluded placeholder lrefs available: 10783267
343430,"Rubens, Peter Paul",1626,painting,10783267,only excluded placeholder lrefs available: 10783267
343432,"Rubens, Peter Paul",1800,painting,10783267,only excluded placeholder lrefs available: 10783267
343435,"Rubens, Peter Paul",1600,reproductive print,10783267,only excluded placeholder lrefs available: 10783267
343440,"Rubens, Peter Paul",1630,painting,10783267,only excluded placeholder lrefs available: 10783267
343457,"Rubens, Peter Paul",1632,painting,10783267,only excluded placeholder lrefs available: 10783267
343458,"MacArdell, James",1742,reproductive print,10783267,only excluded placeholder lrefs available: 10783267
343459,"Chambars, Thomas",1719,reproductive print,10783267,only excluded placeholder lrefs available: 10783267
343460,"Sailliar, Louis",1783,reproductive print,10783267,only excluded placeholder lrefs available: 10783267
343461,"Rubens, Peter Paul",1632,reproductive print,10783267,only excluded placeholder lrefs available: 10783267
343465,"Rubens, Peter Paul",1625,painting,10783267,only excluded placeholder lrefs available: 10783267
343468,"Rubens, Peter Paul",1600,painting,10783267,only excluded placeholder lrefs available: 10783267
343474,"Rubens, Peter Paul",1625,painting,10783267,only excluded placeholder lrefs available: 10783267
343476,"Rubens, Peter Paul",1625,painting,10783267,only excluded placeholder lrefs available: 10783267
343477,"Rubens, Peter Paul",1625,painting,10783267,only excluded placeholder lrefs available: 10783267
343478,"Rubens, Peter Paul",1625,drawing (visual work),10783267,only excluded placeholder lrefs available: 10783267
343479,"Rubens, Peter Paul",1625,drawing (visual work),10783267,only excluded placeholder lrefs available: 10783267
343480,"Rubens, Peter Paul",1625,drawing (visual work),10783267,only excluded placeholder lrefs available: 10783267
343487,"Rubens, Peter Paul",1609,painting,10783267,only excluded placeholder lrefs available: 10783267
343494,"Rubens, Peter Paul",1630,painting,10783267,only excluded placeholder lrefs available: 10783267
343495,"Rubens, Peter Paul",1630,painting,10783267,only excluded placeholder lrefs available: 10783267
343499,"Rubens, Peter Paul",1617,drawing (visual work),10783267,only excluded placeholder lrefs available: 10783267
343500,"Rubens, Peter Paul",1619,drawing (visual work),10783267,only excluded placeholder lrefs available: 10783267
343507,"Rubens, Peter Paul",1700,drawing (visual work),10783267,only excluded placeholder lrefs available: 10783267
343510,"Rubens, Peter Paul",1617,drawing (visual work),10783267,only excluded placeholder lrefs available: 10783267
343514,"Rubens, Peter Paul",1617,drawing (visual work),10783267,only excluded placeholder lrefs available: 10783267
343522,"Valkenburg, Dirk",1696,painting,10783267,only excluded placeholder lrefs available: 10783267
343529,"Rubens, Peter Paul",1617,drawing (visual work),10783267,only excluded placeholder lrefs available: 10783267
343532,"Rubens, Peter Paul",1900,painting,10783267,only excluded placeholder lrefs available: 10783267
343536,"Rubens, Peter Paul",1616,painting,10783267,only excluded placeholder lrefs available: 10783267
343550,Anoniem,1600,painting,10783267,only excluded placeholder lrefs available: 10783267
343556,"Rubens, Peter Paul",1620,drawing (visual work),10783267,only excluded placeholder lrefs available: 10783267
343561,"Rubens, Peter Paul",1620,drawing (visual work),10783267,only excluded placeholder lrefs available: 10783267
343563,"Watteau, Jean Antoine",1689,drawing (visual work),10783267,only excluded placeholder lrefs available: 10783267
343566,"Rubens, Peter Paul",1634,drawing (visual work),10783267,only excluded placeholder lrefs available: 10783267
343839,"Rubens, Peter Paul",1620,drawing (visual work),10783267,only excluded placeholder lrefs available: 10783267
345436,"Roskam, J.",1820,drawing (visual work),10783267,only excluded placeholder lrefs available: 10783267
345498,"Rubens, Peter Paul",1629,painting,10783267,only excluded placeholder lrefs available: 10783267
345741,"Tetar van Elven, Jan Baptist",1831,drawing (visual work),,no image downloaded
345742,"Tetar van Elven, Jan Baptist",1831,drawing (visual work),,no image downloaded
345743,"Valois, Alexander Cesar August",1849,drawing (visual work),,no image downloaded
345744,Anoniem,1870,drawing (visual work),,no image downloaded
345745,"Rijnenburg, Nicolaas",1778,drawing (visual work),,no image downloaded
345746,"Goteling Vinnis, Jan Jacob",1870,drawing (visual work),,no image downloaded
345747,"Mesdag-van Houten, Sientje",1875,drawing (visual work),,no image downloaded
345748,"Mesdag-van Houten, Sientje",1875,drawing (visual work),,no image downloaded
345749,Anoniem,1860,drawing (visual work),,no image downloaded
345751,"Storm van 's Gravesande, Louis",1897,drawing (visual work),,no image downloaded
345752,"Storm van 's Gravesande, Louis",1897,drawing (visual work),,no image downloaded
345763,"Schroyesteyn, M.D.",1804,drawing (visual work),,no image downloaded
345766,"Dobben, Martinus van",1699,drawing (visual work),,no image downloaded
345778,Anoniem,1600,drawing (visual work),,no image downloaded
345781,Anoniem,1700,drawing (visual work),,no image downloaded
345844,"Roskam, J.",1839,drawing (visual work),,no image downloaded
345845,"Roskam, J.",1839,drawing (visual work),,no image downloaded
345887,Anoniem,1800,portrait miniature,,no image downloaded
345888,Anoniem,1800,portrait miniature,,no image downloaded
345889,"Grebner, Willem",1814,portrait miniature,,no image downloaded
345890,Anoniem,1800,silhouette,,no image downloaded
345892,Anoniem,1800,portrait miniature,,no image downloaded
345968,Anoniem,1800,portrait miniature,,no image downloaded
345969,Anoniem,1800,portrait miniature,,no image downloaded
345971,Anoniem,1860,carte-de-visite,,no image downloaded
345973,Anoniem,1880,portrait miniature,,no image downloaded
345982,Anoniem,1890,photograph,,no image downloaded
345983,Anoniem,1860,photograph,,no image downloaded
346051,Anoniem,1881,photograph,,no image downloaded
346052,"Theunisse, Carsten Willem",1895,photograph,,no image downloaded
346053,"Mögle, Carl Emil",1895,photograph,,no image downloaded
346054,Anoniem,1895,photograph,,no image downloaded
346057,"Grammann, Wilhelm J.",1871,cabinet photograph,,no image downloaded
346058,"Baer, Johannes (jr.)",1888,cabinet photograph,,no image downloaded
346059,"Louw, Henri de",1895,cabinet photograph,,no image downloaded
346064,Anoniem,1890,drawing (visual work),,no image downloaded
346065,"Bruin, F. de",1875,drawing (visual work),,no image downloaded
346075,Anoniem,1885,photograph,,no image downloaded
346123,"Altmann, Sybrand",1880,painting,10783267,only excluded placeholder lrefs available: 10783267
346157,Anoniem,1861,photograph,,no image downloaded
346158,Anoniem,1895,photograph,,no image downloaded
346159,Anoniem,1895,photograph,,no image downloaded
346169,Anoniem,1860,photograph,,no image downloaded
346186,"Kamerlingh Onnes, Menso",1897,painting,,no image downloaded
346264,"Dyck, Anthony van",1630,print,11190723,no image downloaded
346333,"Dyck, Anthony van",1630,print,10783267,only excluded placeholder lrefs available: 10783267
